"Kind","Direction","Stream_Id","Source_Agent_Id","Destination_Agent_Id","Correlation_Id","Start_Timestamp","End_Timestamp"
"MEMORY_COPY","MEMORY_COPY_HOST_TO_DEVICE",1,"Agent 0","Agent 1",76,25448540407931,25448540413811
"MEMORY_COPY","MEMORY_COPY_HOST_TO_DEVICE",1,"Agent 0","Agent 1",79,25448541423420,25448542976274
"MEMORY_COPY","MEMORY_COPY_HOST_TO_DEVICE",1,"Agent 0","Agent 1",79,25448542981754,25448544490928
"MEMORY_COPY","MEMORY_COPY_HOST_TO_DEVICE",1,"Agent 0","Agent 1",79,25448544495568,25448545894981
"MEMORY_COPY","MEMORY_COPY_HOST_TO_DEVICE",1,"Agent 0","Agent 1",79,25448545899581,25448547323234
"MEMORY_COPY","MEMORY_COPY_HOST_TO_DEVICE",1,"Agent 0","Agent 1",79,25448547327035,25448548746048
"MEMORY_COPY","MEMORY_COPY_HOST_TO_DEVICE",1,"Agent 0","Agent 1",79,25448548749768,25448550326742
"MEMORY_COPY","MEMORY_COPY_HOST_TO_DEVICE",1,"Agent 0","Agent 1",79,25448550331142,25448552003558
"MEMORY_COPY","MEMORY_COPY_HOST_TO_DEVICE",1,"Agent 0","Agent 1",79,25448552008838,25448553758174
"MEMORY_COPY","MEMORY_COPY_HOST_TO_DEVICE",1,"Agent 0","Agent 1",79,25448553764254,25448555675672
"MEMORY_COPY","MEMORY_COPY_HOST_TO_DEVICE",1,"Agent 0","Agent 1",79,25448555680072,25448557272167
"MEMORY_COPY","MEMORY_COPY_HOST_TO_DEVICE",1,"Agent 0","Agent 1",79,25448557276567,25448558835701
"MEMORY_COPY","MEMORY_COPY_HOST_TO_DEVICE",1,"Agent 0","Agent 1",79,25448558840141,25448560178874
"MEMORY_COPY","MEMORY_COPY_HOST_TO_DEVICE",1,"Agent 0","Agent 1",79,25448560183274,25448561510846
"MEMORY_COPY","MEMORY_COPY_HOST_TO_DEVICE",1,"Agent 0","Agent 1",79,25448561514406,25448562811938
"MEMORY_COPY","MEMORY_COPY_HOST_TO_DEVICE",1,"Agent 0","Agent 1",79,25448562815498,25448564127430
"MEMORY_COPY","MEMORY_COPY_HOST_TO_DEVICE",1,"Agent 0","Agent 1",79,25448564130950,25448565440602
"MEMORY_COPY","MEMORY_COPY_HOST_TO_DEVICE",1,"Agent 0","Agent 1",79,25448565444122,25448565857806
"MEMORY_COPY","MEMORY_COPY_HOST_TO_DEVICE",1,"Agent 0","Agent 1",82,25448565909117,25448565914797
"MEMORY_COPY","MEMORY_COPY_HOST_TO_DEVICE",1,"Agent 0","Agent 1",85,25448565931927,25448565937367
"MEMORY_COPY","MEMORY_COPY_HOST_TO_DEVICE",1,"Agent 0","Agent 1",88,25448566562873,25448567457321
"MEMORY_COPY","MEMORY_COPY_HOST_TO_DEVICE",1,"Agent 0","Agent 1",91,25448567801924,25448568338769
"MEMORY_COPY","MEMORY_COPY_HOST_TO_DEVICE",1,"Agent 0","Agent 1",94,25448568376820,25448568390220
"MEMORY_COPY","MEMORY_COPY_HOST_TO_DEVICE",1,"Agent 0","Agent 1",103,25448568495161,25448568502761
"MEMORY_COPY","MEMORY_COPY_HOST_TO_DEVICE",1,"Agent 0","Agent 1",106,25448568525081,25448568532561
"MEMORY_COPY","MEMORY_COPY_HOST_TO_DEVICE",1,"Agent 0","Agent 1",112,25448569076736,25448569726062
"MEMORY_COPY","MEMORY_COPY_HOST_TO_DEVICE",1,"Agent 0","Agent 1",115,25448570576970,25448571970303
"MEMORY_COPY","MEMORY_COPY_HOST_TO_DEVICE",1,"Agent 0","Agent 1",115,25448571974703,25448572010423
"MEMORY_COPY","MEMORY_COPY_HOST_TO_DEVICE",1,"Agent 0","Agent 1",118,25448572941612,25448574244224
"MEMORY_COPY","MEMORY_COPY_HOST_TO_DEVICE",1,"Agent 0","Agent 1",118,25448574248504,25448574286264
"MEMORY_COPY","MEMORY_COPY_HOST_TO_DEVICE",1,"Agent 0","Agent 1",121,25448575212163,25448576564696
"MEMORY_COPY","MEMORY_COPY_HOST_TO_DEVICE",1,"Agent 0","Agent 1",121,25448576568856,25448576605216
"MEMORY_COPY","MEMORY_COPY_HOST_TO_DEVICE",1,"Agent 0","Agent 1",124,25448576627406,25448576632686
"MEMORY_COPY","MEMORY_COPY_HOST_TO_DEVICE",1,"Agent 0","Agent 1",127,25448576649626,25448576654906
"MEMORY_COPY","MEMORY_COPY_HOST_TO_DEVICE",1,"Agent 0","Agent 1",130,25448577269802,25448578177011
"MEMORY_COPY","MEMORY_COPY_HOST_TO_DEVICE",1,"Agent 0","Agent 1",133,25448578488313,25448579051599
"MEMORY_COPY","MEMORY_COPY_HOST_TO_DEVICE",1,"Agent 0","Agent 1",136,25448579091989,25448579106229
"MEMORY_COPY","MEMORY_COPY_HOST_TO_DEVICE",1,"Agent 0","Agent 1",145,25448579193650,25448579200730
"MEMORY_COPY","MEMORY_COPY_HOST_TO_DEVICE",1,"Agent 0","Agent 1",148,25448579222060,25448579228980
"MEMORY_COPY","MEMORY_COPY_HOST_TO_DEVICE",1,"Agent 0","Agent 1",154,25448579790925,25448580324130
"MEMORY_COPY","MEMORY_COPY_HOST_TO_DEVICE",1,"Agent 0","Agent 1",157,25448581275999,25448582690812
"MEMORY_COPY","MEMORY_COPY_HOST_TO_DEVICE",1,"Agent 0","Agent 1",157,25448582698532,25448582735293
"MEMORY_COPY","MEMORY_COPY_HOST_TO_DEVICE",1,"Agent 0","Agent 1",160,25448583667621,25448585194996
"MEMORY_COPY","MEMORY_COPY_HOST_TO_DEVICE",1,"Agent 0","Agent 1",160,25448585202636,25448585240716
"MEMORY_COPY","MEMORY_COPY_HOST_TO_DEVICE",1,"Agent 0","Agent 1",163,25448586187255,25448587705709
"MEMORY_COPY","MEMORY_COPY_HOST_TO_DEVICE",1,"Agent 0","Agent 1",163,25448587709909,25448587746189
"MEMORY_COPY","MEMORY_COPY_HOST_TO_DEVICE",1,"Agent 0","Agent 1",166,25448587774549,25448587779910
"MEMORY_COPY","MEMORY_COPY_HOST_TO_DEVICE",1,"Agent 0","Agent 1",169,25448587795030,25448587800470
"MEMORY_COPY","MEMORY_COPY_HOST_TO_DEVICE",1,"Agent 0","Agent 1",172,25448588323625,25448589130352
"MEMORY_COPY","MEMORY_COPY_HOST_TO_DEVICE",1,"Agent 0","Agent 1",175,25448589440475,25448589958280
"MEMORY_COPY","MEMORY_COPY_HOST_TO_DEVICE",1,"Agent 0","Agent 1",178,25448589994800,25448590009720
"MEMORY_COPY","MEMORY_COPY_HOST_TO_DEVICE",1,"Agent 0","Agent 1",187,25448590096371,25448590103691
"MEMORY_COPY","MEMORY_COPY_HOST_TO_DEVICE",1,"Agent 0","Agent 1",190,25448590123631,25448590130671
"MEMORY_COPY","MEMORY_COPY_HOST_TO_DEVICE",1,"Agent 0","Agent 1",196,25448590688387,25448591226912
"MEMORY_COPY","MEMORY_COPY_HOST_TO_DEVICE",1,"Agent 0","Agent 1",199,25448592185540,25448593652154
"MEMORY_COPY","MEMORY_COPY_HOST_TO_DEVICE",1,"Agent 0","Agent 1",199,25448593656474,25448593692834
"MEMORY_COPY","MEMORY_COPY_HOST_TO_DEVICE",1,"Agent 0","Agent 1",202,25448594644133,25448595974346
"MEMORY_COPY","MEMORY_COPY_HOST_TO_DEVICE",1,"Agent 0","Agent 1",202,25448595978666,25448596015986
"MEMORY_COPY","MEMORY_COPY_HOST_TO_DEVICE",1,"Agent 0","Agent 1",205,25448596954895,25448598343067
"MEMORY_COPY","MEMORY_COPY_HOST_TO_DEVICE",1,"Agent 0","Agent 1",205,25448598346788,25448598384948
"MEMORY_COPY","MEMORY_COPY_HOST_TO_DEVICE",1,"Agent 0","Agent 1",208,25448598410738,25448598416178
"MEMORY_COPY","MEMORY_COPY_HOST_TO_DEVICE",1,"Agent 0","Agent 1",211,25448598436088,25448598441368
"MEMORY_COPY","MEMORY_COPY_HOST_TO_DEVICE",1,"Agent 0","Agent 1",214,25448599237206,25448600464137
"MEMORY_COPY","MEMORY_COPY_HOST_TO_DEVICE",1,"Agent 0","Agent 1",217,25448600553678,25448600663159
"MEMORY_COPY","MEMORY_COPY_HOST_TO_DEVICE",1,"Agent 0","Agent 1",220,25448600758900,25448600897021
"MEMORY_COPY","MEMORY_COPY_HOST_TO_DEVICE",1,"Agent 0","Agent 1",223,25448601414366,25448601970731
"MEMORY_COPY","MEMORY_COPY_HOST_TO_DEVICE",1,"Agent 0","Agent 1",232,25448602991719,25448604483972
"MEMORY_COPY","MEMORY_COPY_HOST_TO_DEVICE",1,"Agent 0","Agent 1",232,25448604493332,25448604530252
"MEMORY_COPY","MEMORY_COPY_HOST_TO_DEVICE",1,"Agent 0","Agent 1",235,25448605372070,25448606843963
"MEMORY_COPY","MEMORY_COPY_HOST_TO_DEVICE",1,"Agent 0","Agent 1",235,25448606848323,25448606884484
"MEMORY_COPY","MEMORY_COPY_HOST_TO_DEVICE",1,"Agent 0","Agent 1",238,25448607827812,25448609156025
"MEMORY_COPY","MEMORY_COPY_HOST_TO_DEVICE",1,"Agent 0","Agent 1",238,25448609160545,25448609197625
"MEMORY_COPY","MEMORY_COPY_HOST_TO_DEVICE",1,"Agent 0","Agent 1",241,25448609219885,25448609225405
"MEMORY_COPY","MEMORY_COPY_HOST_TO_DEVICE",1,"Agent 0","Agent 1",244,25448609241496,25448609246856
"MEMORY_COPY","MEMORY_COPY_HOST_TO_DEVICE",1,"Agent 0","Agent 1",247,25448609843291,25448610625058
"MEMORY_COPY","MEMORY_COPY_HOST_TO_DEVICE",1,"Agent 0","Agent 1",250,25448610935561,25448611483166
"MEMORY_COPY","MEMORY_COPY_HOST_TO_DEVICE",1,"Agent 0","Agent 1",253,25448611521727,25448611535167
"MEMORY_COPY","MEMORY_COPY_HOST_TO_DEVICE",1,"Agent 0","Agent 1",262,25448611625558,25448611632958
"MEMORY_COPY","MEMORY_COPY_HOST_TO_DEVICE",1,"Agent 0","Agent 1",265,25448611652978,25448611660178
"MEMORY_COPY","MEMORY_COPY_HOST_TO_DEVICE",1,"Agent 0","Agent 1",271,25448612219363,25448612791928
"MEMORY_COPY","MEMORY_COPY_HOST_TO_DEVICE",1,"Agent 0","Agent 1",274,25448613774058,25448615217871
"MEMORY_COPY","MEMORY_COPY_HOST_TO_DEVICE",1,"Agent 0","Agent 1",274,25448615222271,25448615259231
"MEMORY_COPY","MEMORY_COPY_HOST_TO_DEVICE",1,"Agent 0","Agent 1",277,25448616172560,25448617524652
"MEMORY_COPY","MEMORY_COPY_HOST_TO_DEVICE",1,"Agent 0","Agent 1",277,25448617529052,25448617565253
"MEMORY_COPY","MEMORY_COPY_HOST_TO_DEVICE",1,"Agent 0","Agent 1",280,25448618515262,25448620100036
"MEMORY_COPY","MEMORY_COPY_HOST_TO_DEVICE",1,"Agent 0","Agent 1",280,25448620104276,25448620144557
"MEMORY_COPY","MEMORY_COPY_HOST_TO_DEVICE",1,"Agent 0","Agent 1",283,25448620174437,25448620180397
"MEMORY_COPY","MEMORY_COPY_HOST_TO_DEVICE",1,"Agent 0","Agent 1",286,25448620197477,25448620203077
"MEMORY_COPY","MEMORY_COPY_HOST_TO_DEVICE",1,"Agent 0","Agent 1",289,25448620735552,25448621532519
"MEMORY_COPY","MEMORY_COPY_HOST_TO_DEVICE",1,"Agent 0","Agent 1",292,25448621840352,25448622312157
"MEMORY_COPY","MEMORY_COPY_HOST_TO_DEVICE",1,"Agent 0","Agent 1",295,25448622351097,25448622365497
"MEMORY_COPY","MEMORY_COPY_HOST_TO_DEVICE",1,"Agent 0","Agent 1",304,25448622459878,25448622467398
"MEMORY_COPY","MEMORY_COPY_HOST_TO_DEVICE",1,"Agent 0","Agent 1",307,25448622487358,25448622494798
"MEMORY_COPY","MEMORY_COPY_HOST_TO_DEVICE",1,"Agent 0","Agent 1",313,25448623058854,25448623582939
"MEMORY_COPY","MEMORY_COPY_HOST_TO_DEVICE",1,"Agent 0","Agent 1",316,25448624537107,25448625821839
"MEMORY_COPY","MEMORY_COPY_HOST_TO_DEVICE",1,"Agent 0","Agent 1",316,25448625826199,25448625860560
"MEMORY_COPY","MEMORY_COPY_HOST_TO_DEVICE",1,"Agent 0","Agent 1",319,25448626775818,25448628127711
"MEMORY_COPY","MEMORY_COPY_HOST_TO_DEVICE",1,"Agent 0","Agent 1",319,25448628131991,25448628164471
"MEMORY_COPY","MEMORY_COPY_HOST_TO_DEVICE",1,"Agent 0","Agent 1",322,25448629100280,25448630604734
"MEMORY_COPY","MEMORY_COPY_HOST_TO_DEVICE",1,"Agent 0","Agent 1",322,25448630608454,25448630643894
"MEMORY_COPY","MEMORY_COPY_HOST_TO_DEVICE",1,"Agent 0","Agent 1",325,25448630669144,25448630674784
"MEMORY_COPY","MEMORY_COPY_HOST_TO_DEVICE",1,"Agent 0","Agent 1",328,25448630694584,25448630700184
"MEMORY_COPY","MEMORY_COPY_HOST_TO_DEVICE",1,"Agent 0","Agent 1",331,25448631347450,25448632226819
"MEMORY_COPY","MEMORY_COPY_HOST_TO_DEVICE",1,"Agent 0","Agent 1",334,25448632560072,25448633103597
"MEMORY_COPY","MEMORY_COPY_HOST_TO_DEVICE",1,"Agent 0","Agent 1",337,25448633140897,25448633154577
"MEMORY_COPY","MEMORY_COPY_HOST_TO_DEVICE",1,"Agent 0","Agent 1",346,25448633238658,25448633246138
"MEMORY_COPY","MEMORY_COPY_HOST_TO_DEVICE",1,"Agent 0","Agent 1",349,25448633266228,25448633273628
"MEMORY_COPY","MEMORY_COPY_HOST_TO_DEVICE",1,"Agent 0","Agent 1",355,25448634546240,25448635118725
"MEMORY_COPY","MEMORY_COPY_HOST_TO_DEVICE",1,"Agent 0","Agent 1",358,25448636149395,25448637771450
"MEMORY_COPY","MEMORY_COPY_HOST_TO_DEVICE",1,"Agent 0","Agent 1",358,25448637775770,25448637814210
"MEMORY_COPY","MEMORY_COPY_HOST_TO_DEVICE",1,"Agent 0","Agent 1",361,25448638700319,25448640190452
"MEMORY_COPY","MEMORY_COPY_HOST_TO_DEVICE",1,"Agent 0","Agent 1",361,25448640195212,25448640234693
"MEMORY_COPY","MEMORY_COPY_HOST_TO_DEVICE",1,"Agent 0","Agent 1",364,25448641185242,25448642618535
"MEMORY_COPY","MEMORY_COPY_HOST_TO_DEVICE",1,"Agent 0","Agent 1",364,25448642622855,25448642664735
"MEMORY_COPY","MEMORY_COPY_HOST_TO_DEVICE",1,"Agent 0","Agent 1",367,25448642689256,25448642695056
"MEMORY_COPY","MEMORY_COPY_HOST_TO_DEVICE",1,"Agent 0","Agent 1",370,25448642712676,25448642718316
"MEMORY_COPY","MEMORY_COPY_HOST_TO_DEVICE",1,"Agent 0","Agent 1",373,25448643518603,25448644620334
"MEMORY_COPY","MEMORY_COPY_HOST_TO_DEVICE",1,"Agent 0","Agent 1",376,25448644726155,25448644823435
"MEMORY_COPY","MEMORY_COPY_HOST_TO_DEVICE",1,"Agent 0","Agent 1",379,25448644933896,25448645066738
"MEMORY_COPY","MEMORY_COPY_HOST_TO_DEVICE",1,"Agent 0","Agent 1",382,25448645598173,25448646187698
"MEMORY_COPY","MEMORY_COPY_HOST_TO_DEVICE",1,"Agent 0","Agent 1",391,25448647273588,25448648793442
"MEMORY_COPY","MEMORY_COPY_HOST_TO_DEVICE",1,"Agent 0","Agent 1",391,25448648798002,25448648833323
"MEMORY_COPY","MEMORY_COPY_HOST_TO_DEVICE",1,"Agent 0","Agent 1",394,25448649853372,25448651207985
"MEMORY_COPY","MEMORY_COPY_HOST_TO_DEVICE",1,"Agent 0","Agent 1",394,25448651212465,25448651243745
"MEMORY_COPY","MEMORY_COPY_HOST_TO_DEVICE",1,"Agent 0","Agent 1",397,25448652210624,25448653675837
"MEMORY_COPY","MEMORY_COPY_HOST_TO_DEVICE",1,"Agent 0","Agent 1",397,25448653680278,25448653718638
"MEMORY_COPY","MEMORY_COPY_HOST_TO_DEVICE",1,"Agent 0","Agent 1",400,25448653748478,25448653754038
"MEMORY_COPY","MEMORY_COPY_HOST_TO_DEVICE",1,"Agent 0","Agent 1",403,25448653772078,25448653777878
"MEMORY_COPY","MEMORY_COPY_HOST_TO_DEVICE",1,"Agent 0","Agent 1",406,25448654353984,25448655156951
"MEMORY_COPY","MEMORY_COPY_HOST_TO_DEVICE",1,"Agent 0","Agent 1",409,25448655469634,25448655990959
"MEMORY_COPY","MEMORY_COPY_HOST_TO_DEVICE",1,"Agent 0","Agent 1",412,25448656100930,25448656114730
"MEMORY_COPY","MEMORY_COPY_HOST_TO_DEVICE",1,"Agent 0","Agent 1",421,25448656203781,25448656211221
"MEMORY_COPY","MEMORY_COPY_HOST_TO_DEVICE",1,"Agent 0","Agent 1",424,25448656231511,25448656238871
"MEMORY_COPY","MEMORY_COPY_HOST_TO_DEVICE",1,"Agent 0","Agent 1",430,25448656799726,25448657341371
"MEMORY_COPY","MEMORY_COPY_HOST_TO_DEVICE",1,"Agent 0","Agent 1",433,25448658297850,25448659825104
"MEMORY_COPY","MEMORY_COPY_HOST_TO_DEVICE",1,"Agent 0","Agent 1",433,25448659829545,25448659866665
"MEMORY_COPY","MEMORY_COPY_HOST_TO_DEVICE",1,"Agent 0","Agent 1",436,25448660794313,25448662145006
"MEMORY_COPY","MEMORY_COPY_HOST_TO_DEVICE",1,"Agent 0","Agent 1",436,25448662150206,25448662188326
"MEMORY_COPY","MEMORY_COPY_HOST_TO_DEVICE",1,"Agent 0","Agent 1",439,25448663129405,25448664526458
"MEMORY_COPY","MEMORY_COPY_HOST_TO_DEVICE",1,"Agent 0","Agent 1",439,25448664530938,25448664567258
"MEMORY_COPY","MEMORY_COPY_HOST_TO_DEVICE",1,"Agent 0","Agent 1",442,25448664588469,25448664594189
"MEMORY_COPY","MEMORY_COPY_HOST_TO_DEVICE",1,"Agent 0","Agent 1",445,25448664614159,25448664619839
"MEMORY_COPY","MEMORY_COPY_HOST_TO_DEVICE",1,"Agent 0","Agent 1",448,25448665235535,25448666182623
"MEMORY_COPY","MEMORY_COPY_HOST_TO_DEVICE",1,"Agent 0","Agent 1",451,25448666493616,25448666968101
"MEMORY_COPY","MEMORY_COPY_HOST_TO_DEVICE",1,"Agent 0","Agent 1",454,25448667008559,25448667022239
"MEMORY_COPY","MEMORY_COPY_HOST_TO_DEVICE",1,"Agent 0","Agent 1",463,25448667112439,25448667119799
"MEMORY_COPY","MEMORY_COPY_HOST_TO_DEVICE",1,"Agent 0","Agent 1",466,25448667141000,25448667148400
"MEMORY_COPY","MEMORY_COPY_HOST_TO_DEVICE",1,"Agent 0","Agent 1",472,25448667716185,25448668368671
"MEMORY_COPY","MEMORY_COPY_HOST_TO_DEVICE",1,"Agent 0","Agent 1",475,25448669285839,25448670830294
"MEMORY_COPY","MEMORY_COPY_HOST_TO_DEVICE",1,"Agent 0","Agent 1",475,25448670834694,25448670874334
"MEMORY_COPY","MEMORY_COPY_HOST_TO_DEVICE",1,"Agent 0","Agent 1",478,25448671706642,25448673149135
"MEMORY_COPY","MEMORY_COPY_HOST_TO_DEVICE",1,"Agent 0","Agent 1",478,25448673153615,25448673189976
"MEMORY_COPY","MEMORY_COPY_HOST_TO_DEVICE",1,"Agent 0","Agent 1",481,25448674084754,25448675577768
"MEMORY_COPY","MEMORY_COPY_HOST_TO_DEVICE",1,"Agent 0","Agent 1",481,25448675581328,25448675619368
"MEMORY_COPY","MEMORY_COPY_HOST_TO_DEVICE",1,"Agent 0","Agent 1",484,25448675641378,25448675647059
"MEMORY_COPY","MEMORY_COPY_HOST_TO_DEVICE",1,"Agent 0","Agent 1",487,25448675664219,25448675669899
"MEMORY_COPY","MEMORY_COPY_HOST_TO_DEVICE",1,"Agent 0","Agent 1",490,25448676261694,25448677054382
"MEMORY_COPY","MEMORY_COPY_HOST_TO_DEVICE",1,"Agent 0","Agent 1",493,25448677367404,25448677848449
"MEMORY_COPY","MEMORY_COPY_HOST_TO_DEVICE",1,"Agent 0","Agent 1",496,25448677883129,25448677896769
"MEMORY_COPY","MEMORY_COPY_HOST_TO_DEVICE",1,"Agent 0","Agent 1",505,25448677977870,25448677985270
"MEMORY_COPY","MEMORY_COPY_HOST_TO_DEVICE",1,"Agent 0","Agent 1",508,25448678009730,25448678017171
"MEMORY_COPY","MEMORY_COPY_HOST_TO_DEVICE",1,"Agent 0","Agent 1",514,25448679183551,25448679691396
"MEMORY_COPY","MEMORY_COPY_HOST_TO_DEVICE",1,"Agent 0","Agent 1",517,25448682084808,25448683464301
"MEMORY_COPY","MEMORY_COPY_HOST_TO_DEVICE",1,"Agent 0","Agent 1",517,25448683468701,25448683505061
"MEMORY_COPY","MEMORY_COPY_HOST_TO_DEVICE",1,"Agent 0","Agent 1",520,25448684422380,25448685749072
"MEMORY_COPY","MEMORY_COPY_HOST_TO_DEVICE",1,"Agent 0","Agent 1",520,25448685752672,25448685789273
"MEMORY_COPY","MEMORY_COPY_HOST_TO_DEVICE",1,"Agent 0","Agent 1",523,25448688608509,25448689880961
"MEMORY_COPY","MEMORY_COPY_HOST_TO_DEVICE",1,"Agent 0","Agent 1",523,25448689884481,25448689922881
"MEMORY_COPY","MEMORY_COPY_HOST_TO_DEVICE",1,"Agent 0","Agent 1",526,25448689945101,25448689950861
"MEMORY_COPY","MEMORY_COPY_HOST_TO_DEVICE",1,"Agent 0","Agent 1",529,25448689967691,25448689973331
"MEMORY_COPY","MEMORY_COPY_HOST_TO_DEVICE",1,"Agent 0","Agent 1",532,25448692316693,25448693313022
"MEMORY_COPY","MEMORY_COPY_HOST_TO_DEVICE",1,"Agent 0","Agent 1",535,25448693541915,25448693629075
"MEMORY_COPY","MEMORY_COPY_HOST_TO_DEVICE",1,"Agent 0","Agent 1",538,25448693733076,25448693836957
"MEMORY_COPY","MEMORY_COPY_HOST_TO_DEVICE",1,"Agent 0","Agent 1",541,25448695099959,25448695636484
"MEMORY_COPY","MEMORY_COPY_HOST_TO_DEVICE",1,"Agent 0","Agent 1",550,25448697733604,25448699158937
"MEMORY_COPY","MEMORY_COPY_HOST_TO_DEVICE",1,"Agent 0","Agent 1",550,25448699162537,25448699199537
"MEMORY_COPY","MEMORY_COPY_HOST_TO_DEVICE",1,"Agent 0","Agent 1",553,25448701094975,25448702379347
"MEMORY_COPY","MEMORY_COPY_HOST_TO_DEVICE",1,"Agent 0","Agent 1",553,25448702382907,25448702415707
"MEMORY_COPY","MEMORY_COPY_HOST_TO_DEVICE",1,"Agent 0","Agent 1",556,25448704710158,25448706034531
"MEMORY_COPY","MEMORY_COPY_HOST_TO_DEVICE",1,"Agent 0","Agent 1",556,25448706038131,25448706071891
"MEMORY_COPY","MEMORY_COPY_HOST_TO_DEVICE",1,"Agent 0","Agent 1",559,25448706094421,25448706100101
"MEMORY_COPY","MEMORY_COPY_HOST_TO_DEVICE",1,"Agent 0","Agent 1",562,25448706119141,25448706124781
"MEMORY_COPY","MEMORY_COPY_HOST_TO_DEVICE",1,"Agent 0","Agent 1",565,25448707269452,25448708043059
"MEMORY_COPY","MEMORY_COPY_HOST_TO_DEVICE",1,"Agent 0","Agent 1",568,25448709079929,25448709557773
"MEMORY_COPY","MEMORY_COPY_HOST_TO_DEVICE",1,"Agent 0","Agent 1",571,25448709593174,25448709606894
"MEMORY_COPY","MEMORY_COPY_HOST_TO_DEVICE",1,"Agent 0","Agent 1",580,25448709693135,25448709700575
"MEMORY_COPY","MEMORY_COPY_HOST_TO_DEVICE",1,"Agent 0","Agent 1",583,25448709719875,25448709727235
"MEMORY_COPY","MEMORY_COPY_HOST_TO_DEVICE",1,"Agent 0","Agent 1",589,25448711028397,25448711517561
"MEMORY_COPY","MEMORY_COPY_HOST_TO_DEVICE",1,"Agent 0","Agent 1",592,25448713626681,25448715102455
"MEMORY_COPY","MEMORY_COPY_HOST_TO_DEVICE",1,"Agent 0","Agent 1",592,25448715106895,25448715143975
"MEMORY_COPY","MEMORY_COPY_HOST_TO_DEVICE",1,"Agent 0","Agent 1",595,25448717162140,25448718550553
"MEMORY_COPY","MEMORY_COPY_HOST_TO_DEVICE",1,"Agent 0","Agent 1",595,25448718554877,25448718591397
"MEMORY_COPY","MEMORY_COPY_HOST_TO_DEVICE",1,"Agent 0","Agent 1",598,25448721560475,25448722804286
"MEMORY_COPY","MEMORY_COPY_HOST_TO_DEVICE",1,"Agent 0","Agent 1",598,25448722807616,25448722844497
"MEMORY_COPY","MEMORY_COPY_HOST_TO_DEVICE",1,"Agent 0","Agent 1",601,25448722866057,25448722871177
"MEMORY_COPY","MEMORY_COPY_HOST_TO_DEVICE",1,"Agent 0","Agent 1",604,25448722887677,25448722893117
"MEMORY_COPY","MEMORY_COPY_HOST_TO_DEVICE",1,"Agent 0","Agent 1",607,25448724388091,25448725147938
"MEMORY_COPY","MEMORY_COPY_HOST_TO_DEVICE",1,"Agent 0","Agent 1",610,25448726316849,25448726766493
"MEMORY_COPY","MEMORY_COPY_HOST_TO_DEVICE",1,"Agent 0","Agent 1",613,25448726804863,25448726818103
"MEMORY_COPY","MEMORY_COPY_HOST_TO_DEVICE",1,"Agent 0","Agent 1",622,25448726906104,25448726913144
"MEMORY_COPY","MEMORY_COPY_HOST_TO_DEVICE",1,"Agent 0","Agent 1",625,25448726931635,25448726938675
"MEMORY_COPY","MEMORY_COPY_HOST_TO_DEVICE",1,"Agent 0","Agent 1",631,25448727876723,25448728378368
"MEMORY_COPY","MEMORY_COPY_HOST_TO_DEVICE",1,"Agent 0","Agent 1",634,25448730379442,25448731694214
"MEMORY_COPY","MEMORY_COPY_HOST_TO_DEVICE",1,"Agent 0","Agent 1",634,25448731701654,25448731734934
"MEMORY_COPY","MEMORY_COPY_HOST_TO_DEVICE",1,"Agent 0","Agent 1",637,25448733922764,25448735281417
"MEMORY_COPY","MEMORY_COPY_HOST_TO_DEVICE",1,"Agent 0","Agent 1",637,25448735284857,25448735317177
"MEMORY_COPY","MEMORY_COPY_HOST_TO_DEVICE",1,"Agent 0","Agent 1",640,25448737285665,25448738649398
"MEMORY_COPY","MEMORY_COPY_HOST_TO_DEVICE",1,"Agent 0","Agent 1",640,25448738653478,25448738695598
"MEMORY_COPY","MEMORY_COPY_HOST_TO_DEVICE",1,"Agent 0","Agent 1",643,25448738716478,25448738721879
"MEMORY_COPY","MEMORY_COPY_HOST_TO_DEVICE",1,"Agent 0","Agent 1",646,25448738738829,25448738744189
"MEMORY_COPY","MEMORY_COPY_HOST_TO_DEVICE",1,"Agent 0","Agent 1",649,25448740110341,25448740923709
"MEMORY_COPY","MEMORY_COPY_HOST_TO_DEVICE",1,"Agent 0","Agent 1",652,25448741721966,25448742194611
"MEMORY_COPY","MEMORY_COPY_HOST_TO_DEVICE",1,"Agent 0","Agent 1",655,25448742234821,25448742248061
"MEMORY_COPY","MEMORY_COPY_HOST_TO_DEVICE",1,"Agent 0","Agent 1",664,25448742330452,25448742337452
"MEMORY_COPY","MEMORY_COPY_HOST_TO_DEVICE",1,"Agent 0","Agent 1",667,25448742359562,25448742366602
"MEMORY_COPY","MEMORY_COPY_HOST_TO_DEVICE",1,"Agent 0","Agent 1",673,25448743650944,25448744167309
"MEMORY_COPY","MEMORY_COPY_HOST_TO_DEVICE",1,"Agent 0","Agent 1",676,25448745928825,25448747342158
"MEMORY_COPY","MEMORY_COPY_HOST_TO_DEVICE",1,"Agent 0","Agent 1",676,25448747346518,25448747378679
"MEMORY_COPY","MEMORY_COPY_HOST_TO_DEVICE",1,"Agent 0","Agent 1",679,25448749342257,25448750698909
"MEMORY_COPY","MEMORY_COPY_HOST_TO_DEVICE",1,"Agent 0","Agent 1",679,25448750703029,25448750736990
"MEMORY_COPY","MEMORY_COPY_HOST_TO_DEVICE",1,"Agent 0","Agent 1",682,25448753441725,25448754836218
"MEMORY_COPY","MEMORY_COPY_HOST_TO_DEVICE",1,"Agent 0","Agent 1",682,25448754840618,25448754874578
"MEMORY_COPY","MEMORY_COPY_HOST_TO_DEVICE",1,"Agent 0","Agent 1",685,25448754895458,25448754900938
"MEMORY_COPY","MEMORY_COPY_HOST_TO_DEVICE",1,"Agent 0","Agent 1",688,25448754917338,25448754922739
"MEMORY_COPY","MEMORY_COPY_HOST_TO_DEVICE",1,"Agent 0","Agent 1",691,25448757169899,25448758254829
"MEMORY_COPY","MEMORY_COPY_HOST_TO_DEVICE",1,"Agent 0","Agent 1",694,25448758499732,25448758589012
"MEMORY_COPY","MEMORY_COPY_HOST_TO_DEVICE",1,"Agent 0","Agent 1",697,25448758770664,25448758887305
"MEMORY_COPY","MEMORY_COPY_HOST_TO_DEVICE",1,"Agent 0","Agent 1",700,25448760062376,25448760576461
"MEMORY_COPY","MEMORY_COPY_HOST_TO_DEVICE",1,"Agent 0","Agent 1",709,25448763795691,25448765048622
"MEMORY_COPY","MEMORY_COPY_HOST_TO_DEVICE",1,"Agent 0","Agent 1",709,25448765052942,25448765087503
"MEMORY_COPY","MEMORY_COPY_HOST_TO_DEVICE",1,"Agent 0","Agent 1",712,25448767666527,25448769039459
"MEMORY_COPY","MEMORY_COPY_HOST_TO_DEVICE",1,"Agent 0","Agent 1",712,25448769043699,25448769075460
"MEMORY_COPY","MEMORY_COPY_HOST_TO_DEVICE",1,"Agent 0","Agent 1",715,25448771558473,25448773002686
"MEMORY_COPY","MEMORY_COPY_HOST_TO_DEVICE",1,"Agent 0","Agent 1",715,25448773009606,25448773044046
"MEMORY_COPY","MEMORY_COPY_HOST_TO_DEVICE",1,"Agent 0","Agent 1",718,25448773070797,25448773076357
"MEMORY_COPY","MEMORY_COPY_HOST_TO_DEVICE",1,"Agent 0","Agent 1",721,25448773093747,25448773099107
"MEMORY_COPY","MEMORY_COPY_HOST_TO_DEVICE",1,"Agent 0","Agent 1",724,25448774396279,25448775172086
"MEMORY_COPY","MEMORY_COPY_HOST_TO_DEVICE",1,"Agent 0","Agent 1",727,25448775960553,25448776449918
"MEMORY_COPY","MEMORY_COPY_HOST_TO_DEVICE",1,"Agent 0","Agent 1",730,25448776486318,25448776499798
"MEMORY_COPY","MEMORY_COPY_HOST_TO_DEVICE",1,"Agent 0","Agent 1",739,25448776582789,25448776590269
"MEMORY_COPY","MEMORY_COPY_HOST_TO_DEVICE",1,"Agent 0","Agent 1",742,25448776610839,25448776618079
"MEMORY_COPY","MEMORY_COPY_HOST_TO_DEVICE",1,"Agent 0","Agent 1",748,25448777806530,25448778394136
"MEMORY_COPY","MEMORY_COPY_HOST_TO_DEVICE",1,"Agent 0","Agent 1",751,25448780401304,25448781807237
"MEMORY_COPY","MEMORY_COPY_HOST_TO_DEVICE",1,"Agent 0","Agent 1",751,25448781811477,25448781850598
"MEMORY_COPY","MEMORY_COPY_HOST_TO_DEVICE",1,"Agent 0","Agent 1",754,25448783750085,25448785095018
"MEMORY_COPY","MEMORY_COPY_HOST_TO_DEVICE",1,"Agent 0","Agent 1",754,25448785099258,25448785137018
"MEMORY_COPY","MEMORY_COPY_HOST_TO_DEVICE",1,"Agent 0","Agent 1",757,25448787049036,25448788494249
"MEMORY_COPY","MEMORY_COPY_HOST_TO_DEVICE",1,"Agent 0","Agent 1",757,25448788498569,25448788532610
"MEMORY_COPY","MEMORY_COPY_HOST_TO_DEVICE",1,"Agent 0","Agent 1",760,25448788560500,25448788566100
"MEMORY_COPY","MEMORY_COPY_HOST_TO_DEVICE",1,"Agent 0","Agent 1",763,25448788583680,25448788589280
"MEMORY_COPY","MEMORY_COPY_HOST_TO_DEVICE",1,"Agent 0","Agent 1",766,25448790427007,25448791194374
"MEMORY_COPY","MEMORY_COPY_HOST_TO_DEVICE",1,"Agent 0","Agent 1",769,25448792146713,25448792638638
"MEMORY_COPY","MEMORY_COPY_HOST_TO_DEVICE",1,"Agent 0","Agent 1",772,25448792674238,25448792687478
"MEMORY_COPY","MEMORY_COPY_HOST_TO_DEVICE",1,"Agent 0","Agent 1",781,25448792774879,25448792782319
"MEMORY_COPY","MEMORY_COPY_HOST_TO_DEVICE",1,"Agent 0","Agent 1",784,25448792802559,25448792809959
"MEMORY_COPY","MEMORY_COPY_HOST_TO_DEVICE",1,"Agent 0","Agent 1",790,25448794120057,25448794686102
"MEMORY_COPY","MEMORY_COPY_HOST_TO_DEVICE",1,"Agent 0","Agent 1",793,25448796693230,25448798238684
"MEMORY_COPY","MEMORY_COPY_HOST_TO_DEVICE",1,"Agent 0","Agent 1",793,25448798246084,25448798280965
"MEMORY_COPY","MEMORY_COPY_HOST_TO_DEVICE",1,"Agent 0","Agent 1",796,25448801240642,25448802610015
"MEMORY_COPY","MEMORY_COPY_HOST_TO_DEVICE",1,"Agent 0","Agent 1",796,25448802614215,25448802646495
"MEMORY_COPY","MEMORY_COPY_HOST_TO_DEVICE",1,"Agent 0","Agent 1",799,25448804750595,25448806051287
"MEMORY_COPY","MEMORY_COPY_HOST_TO_DEVICE",1,"Agent 0","Agent 1",799,25448806055527,25448806090207
"MEMORY_COPY","MEMORY_COPY_HOST_TO_DEVICE",1,"Agent 0","Agent 1",802,25448806113897,25448806119257
"MEMORY_COPY","MEMORY_COPY_HOST_TO_DEVICE",1,"Agent 0","Agent 1",805,25448806134768,25448806140008
"MEMORY_COPY","MEMORY_COPY_HOST_TO_DEVICE",1,"Agent 0","Agent 1",808,25448807662872,25448808512880
"MEMORY_COPY","MEMORY_COPY_HOST_TO_DEVICE",1,"Agent 0","Agent 1",811,25448809613330,25448810070534
"MEMORY_COPY","MEMORY_COPY_HOST_TO_DEVICE",1,"Agent 0","Agent 1",814,25448810110454,25448810123775
"MEMORY_COPY","MEMORY_COPY_HOST_TO_DEVICE",1,"Agent 0","Agent 1",823,25448810205625,25448810212665
"MEMORY_COPY","MEMORY_COPY_HOST_TO_DEVICE",1,"Agent 0","Agent 1",826,25448810232266,25448810239226
"MEMORY_COPY","MEMORY_COPY_HOST_TO_DEVICE",1,"Agent 0","Agent 1",832,25448811546528,25448812115893
"MEMORY_COPY","MEMORY_COPY_HOST_TO_DEVICE",1,"Agent 0","Agent 1",835,25448814362784,25448815678076
"MEMORY_COPY","MEMORY_COPY_HOST_TO_DEVICE",1,"Agent 0","Agent 1",835,25448815682276,25448815716156
"MEMORY_COPY","MEMORY_COPY_HOST_TO_DEVICE",1,"Agent 0","Agent 1",838,25448817837446,25448819207859
"MEMORY_COPY","MEMORY_COPY_HOST_TO_DEVICE",1,"Agent 0","Agent 1",838,25448819212019,25448819248059
"MEMORY_COPY","MEMORY_COPY_HOST_TO_DEVICE",1,"Agent 0","Agent 1",841,25448821919814,25448823252106
"MEMORY_COPY","MEMORY_COPY_HOST_TO_DEVICE",1,"Agent 0","Agent 1",841,25448823256466,25448823290187
"MEMORY_COPY","MEMORY_COPY_HOST_TO_DEVICE",1,"Agent 0","Agent 1",844,25448823311917,25448823317317
"MEMORY_COPY","MEMORY_COPY_HOST_TO_DEVICE",1,"Agent 0","Agent 1",847,25448823332837,25448823338117
"MEMORY_COPY","MEMORY_COPY_HOST_TO_DEVICE",1,"Agent 0","Agent 1",850,25448825075613,25448826070982
"MEMORY_COPY","MEMORY_COPY_HOST_TO_DEVICE",1,"Agent 0","Agent 1",853,25448826301254,25448826392695
"MEMORY_COPY","MEMORY_COPY_HOST_TO_DEVICE",1,"Agent 0","Agent 1",856,25448826575127,25448826680648
"MEMORY_COPY","MEMORY_COPY_HOST_TO_DEVICE",1,"Agent 0","Agent 1",859,25448827583836,25448828126081
"MEMORY_COPY","MEMORY_COPY_HOST_TO_DEVICE",1,"Agent 0","Agent 1",868,25448830422633,25448831699884
"MEMORY_COPY","MEMORY_COPY_HOST_TO_DEVICE",1,"Agent 0","Agent 1",868,25448831704004,25448831739525
"MEMORY_COPY","MEMORY_COPY_HOST_TO_DEVICE",1,"Agent 0","Agent 1",871,25448833728893,25448835039985
"MEMORY_COPY","MEMORY_COPY_HOST_TO_DEVICE",1,"Agent 0","Agent 1",871,25448835044145,25448835077266
"MEMORY_COPY","MEMORY_COPY_HOST_TO_DEVICE",1,"Agent 0","Agent 1",874,25448837852361,25448839150813
"MEMORY_COPY","MEMORY_COPY_HOST_TO_DEVICE",1,"Agent 0","Agent 1",874,25448839155134,25448839188494
"MEMORY_COPY","MEMORY_COPY_HOST_TO_DEVICE",1,"Agent 0","Agent 1",877,25448839212614,25448839218094
"MEMORY_COPY","MEMORY_COPY_HOST_TO_DEVICE",1,"Agent 0","Agent 1",880,25448839233864,25448839239184
"MEMORY_COPY","MEMORY_COPY_HOST_TO_DEVICE",1,"Agent 0","Agent 1",883,25448841062091,25448841840778
"MEMORY_COPY","MEMORY_COPY_HOST_TO_DEVICE",1,"Agent 0","Agent 1",886,25448842978719,25448843461043
"MEMORY_COPY","MEMORY_COPY_HOST_TO_DEVICE",1,"Agent 0","Agent 1",889,25448843496564,25448843509844
"MEMORY_COPY","MEMORY_COPY_HOST_TO_DEVICE",1,"Agent 0","Agent 1",898,25448843598875,25448843605955
"MEMORY_COPY","MEMORY_COPY_HOST_TO_DEVICE",1,"Agent 0","Agent 1",901,25448843626415,25448843633575
"MEMORY_COPY","MEMORY_COPY_HOST_TO_DEVICE",1,"Agent 0","Agent 1",907,25448844950147,25448845484432
"MEMORY_COPY","MEMORY_COPY_HOST_TO_DEVICE",1,"Agent 0","Agent 1",910,25448848473450,25448849906943
"MEMORY_COPY","MEMORY_COPY_HOST_TO_DEVICE",1,"Agent 0","Agent 1",910,25448849911983,25448849944263
"MEMORY_COPY","MEMORY_COPY_HOST_TO_DEVICE",1,"Agent 0","Agent 1",913,25448853019702,25448854435355
"MEMORY_COPY","MEMORY_COPY_HOST_TO_DEVICE",1,"Agent 0","Agent 1",913,25448854443915,25448854474435
"MEMORY_COPY","MEMORY_COPY_HOST_TO_DEVICE",1,"Agent 0","Agent 1",916,25448857329145,25448858835958
"MEMORY_COPY","MEMORY_COPY_HOST_TO_DEVICE",1,"Agent 0","Agent 1",916,25448858843678,25448858878278
"MEMORY_COPY","MEMORY_COPY_HOST_TO_DEVICE",1,"Agent 0","Agent 1",919,25448858902188,25448858907748
"MEMORY_COPY","MEMORY_COPY_HOST_TO_DEVICE",1,"Agent 0","Agent 1",922,25448858925128,25448858930568
"MEMORY_COPY","MEMORY_COPY_HOST_TO_DEVICE",1,"Agent 0","Agent 1",925,25448860202790,25448861067318
"MEMORY_COPY","MEMORY_COPY_HOST_TO_DEVICE",1,"Agent 0","Agent 1",928,25448862223269,25448862695873
"MEMORY_COPY","MEMORY_COPY_HOST_TO_DEVICE",1,"Agent 0","Agent 1",931,25448862732014,25448862745454
"MEMORY_COPY","MEMORY_COPY_HOST_TO_DEVICE",1,"Agent 0","Agent 1",940,25448862832024,25448862839385
"MEMORY_COPY","MEMORY_COPY_HOST_TO_DEVICE",1,"Agent 0","Agent 1",943,25448862859075,25448862866355
"MEMORY_COPY","MEMORY_COPY_HOST_TO_DEVICE",1,"Agent 0","Agent 1",949,25448863942715,25448864529440
"MEMORY_COPY","MEMORY_COPY_HOST_TO_DEVICE",1,"Agent 0","Agent 1",952,25448866930852,25448868363746
"MEMORY_COPY","MEMORY_COPY_HOST_TO_DEVICE",1,"Agent 0","Agent 1",952,25448868368146,25448868402066
"MEMORY_COPY","MEMORY_COPY_HOST_TO_DEVICE",1,"Agent 0","Agent 1",955,25448870368794,25448871772687
"MEMORY_COPY","MEMORY_COPY_HOST_TO_DEVICE",1,"Agent 0","Agent 1",955,25448871777087,25448871810008
"MEMORY_COPY","MEMORY_COPY_HOST_TO_DEVICE",1,"Agent 0","Agent 1",958,25448874794485,25448876200378
"MEMORY_COPY","MEMORY_COPY_HOST_TO_DEVICE",1,"Agent 0","Agent 1",958,25448876204778,25448876241939
"MEMORY_COPY","MEMORY_COPY_HOST_TO_DEVICE",1,"Agent 0","Agent 1",961,25448876266429,25448876272149
"MEMORY_COPY","MEMORY_COPY_HOST_TO_DEVICE",1,"Agent 0","Agent 1",964,25448876288919,25448876294519
"MEMORY_COPY","MEMORY_COPY_HOST_TO_DEVICE",1,"Agent 0","Agent 1",967,25448877543511,25448878450599
"MEMORY_COPY","MEMORY_COPY_HOST_TO_DEVICE",1,"Agent 0","Agent 1",970,25448879336507,25448879960913
"MEMORY_COPY","MEMORY_COPY_HOST_TO_DEVICE",1,"Agent 0","Agent 1",973,25448880010284,25448880024964
"MEMORY_COPY","MEMORY_COPY_HOST_TO_DEVICE",1,"Agent 0","Agent 1",982,25448880114625,25448880122185
"MEMORY_COPY","MEMORY_COPY_HOST_TO_DEVICE",1,"Agent 0","Agent 1",985,25448880143915,25448880151715
"MEMORY_COPY","MEMORY_COPY_HOST_TO_DEVICE",1,"Agent 0","Agent 1",991,25448881095424,25448881632549
"MEMORY_COPY","MEMORY_COPY_HOST_TO_DEVICE",1,"Agent 0","Agent 1",994,25448883679428,25448885078761
"MEMORY_COPY","MEMORY_COPY_HOST_TO_DEVICE",1,"Agent 0","Agent 1",994,25448885083161,25448885119921
"MEMORY_COPY","MEMORY_COPY_HOST_TO_DEVICE",1,"Agent 0","Agent 1",997,25448887018549,25448888532083
"MEMORY_COPY","MEMORY_COPY_HOST_TO_DEVICE",1,"Agent 0","Agent 1",997,25448888536523,25448888572723
"MEMORY_COPY","MEMORY_COPY_HOST_TO_DEVICE",1,"Agent 0","Agent 1",1000,25448890570911,25448892047125
"MEMORY_COPY","MEMORY_COPY_HOST_TO_DEVICE",1,"Agent 0","Agent 1",1000,25448892053125,25448892092966
"MEMORY_COPY","MEMORY_COPY_HOST_TO_DEVICE",1,"Agent 0","Agent 1",1003,25448892114086,25448892121126
"MEMORY_COPY","MEMORY_COPY_HOST_TO_DEVICE",1,"Agent 0","Agent 1",1006,25448892137046,25448892142606
"MEMORY_COPY","MEMORY_COPY_HOST_TO_DEVICE",1,"Agent 0","Agent 1",1009,25448893987223,25448895197354
"MEMORY_COPY","MEMORY_COPY_HOST_TO_DEVICE",1,"Agent 0","Agent 1",1012,25448895368376,25448895469057
"MEMORY_COPY","MEMORY_COPY_HOST_TO_DEVICE",1,"Agent 0","Agent 1",1015,25448895664949,25448895780470
"MEMORY_COPY","MEMORY_COPY_HOST_TO_DEVICE",1,"Agent 0","Agent 1",1018,25448896646038,25448897227843
"MEMORY_COPY","MEMORY_COPY_HOST_TO_DEVICE",1,"Agent 0","Agent 1",1027,25448899527094,25448900961308
"MEMORY_COPY","MEMORY_COPY_HOST_TO_DEVICE",1,"Agent 0","Agent 1",1027,25448900965788,25448901003068
"MEMORY_COPY","MEMORY_COPY_HOST_TO_DEVICE",1,"Agent 0","Agent 1",1030,25448902885086,25448904344699
"MEMORY_COPY","MEMORY_COPY_HOST_TO_DEVICE",1,"Agent 0","Agent 1",1030,25448904349019,25448904386339
"MEMORY_COPY","MEMORY_COPY_HOST_TO_DEVICE",1,"Agent 0","Agent 1",1033,25448906774202,25448908237095
"MEMORY_COPY","MEMORY_COPY_HOST_TO_DEVICE",1,"Agent 0","Agent 1",1033,25448908242095,25448908279176
"MEMORY_COPY","MEMORY_COPY_HOST_TO_DEVICE",1,"Agent 0","Agent 1",1036,25448908304606,25448908309886
"MEMORY_COPY","MEMORY_COPY_HOST_TO_DEVICE",1,"Agent 0","Agent 1",1039,25448908325896,25448908331176
"MEMORY_COPY","MEMORY_COPY_HOST_TO_DEVICE",1,"Agent 0","Agent 1",1042,25448909766349,25448910730518
"MEMORY_COPY","MEMORY_COPY_HOST_TO_DEVICE",1,"Agent 0","Agent 1",1045,25448911788568,25448912279093
"MEMORY_COPY","MEMORY_COPY_HOST_TO_DEVICE",1,"Agent 0","Agent 1",1048,25448912322693,25448912336013
"MEMORY_COPY","MEMORY_COPY_HOST_TO_DEVICE",1,"Agent 0","Agent 1",1057,25448912566035,25448912573035
"MEMORY_COPY","MEMORY_COPY_HOST_TO_DEVICE",1,"Agent 0","Agent 1",1060,25448912592525,25448912599606
"MEMORY_COPY","MEMORY_COPY_HOST_TO_DEVICE",1,"Agent 0","Agent 1",1066,25448913911708,25448914613114
"MEMORY_COPY","MEMORY_COPY_HOST_TO_DEVICE",1,"Agent 0","Agent 1",1069,25448916627183,25448917980795
"MEMORY_COPY","MEMORY_COPY_HOST_TO_DEVICE",1,"Agent 0","Agent 1",1069,25448917984915,25448918024436
"MEMORY_COPY","MEMORY_COPY_HOST_TO_DEVICE",1,"Agent 0","Agent 1",1072,25448920079915,25448921559808
"MEMORY_COPY","MEMORY_COPY_HOST_TO_DEVICE",1,"Agent 0","Agent 1",1072,25448921568088,25448921607288
"MEMORY_COPY","MEMORY_COPY_HOST_TO_DEVICE",1,"Agent 0","Agent 1",1075,25448923881249,25448925339863
"MEMORY_COPY","MEMORY_COPY_HOST_TO_DEVICE",1,"Agent 0","Agent 1",1075,25448925343943,25448925381103
"MEMORY_COPY","MEMORY_COPY_HOST_TO_DEVICE",1,"Agent 0","Agent 1",1078,25448925402423,25448925407743
"MEMORY_COPY","MEMORY_COPY_HOST_TO_DEVICE",1,"Agent 0","Agent 1",1081,25448925422853,25448925428173
"MEMORY_COPY","MEMORY_COPY_HOST_TO_DEVICE",1,"Agent 0","Agent 1",1084,25448927164239,25448927952887
"MEMORY_COPY","MEMORY_COPY_HOST_TO_DEVICE",1,"Agent 0","Agent 1",1087,25448929090777,25448929550262
"MEMORY_COPY","MEMORY_COPY_HOST_TO_DEVICE",1,"Agent 0","Agent 1",1090,25448929584862,25448929598142
"MEMORY_COPY","MEMORY_COPY_HOST_TO_DEVICE",1,"Agent 0","Agent 1",1099,25448929679493,25448929686613
"MEMORY_COPY","MEMORY_COPY_HOST_TO_DEVICE",1,"Agent 0","Agent 1",1102,25448929706533,25448929713613
"MEMORY_COPY","MEMORY_COPY_HOST_TO_DEVICE",1,"Agent 0","Agent 1",1108,25448930635052,25448931145296
"MEMORY_COPY","MEMORY_COPY_HOST_TO_DEVICE",1,"Agent 0","Agent 1",1111,25448933527418,25448934896791
"MEMORY_COPY","MEMORY_COPY_HOST_TO_DEVICE",1,"Agent 0","Agent 1",1111,25448934900911,25448934936671
"MEMORY_COPY","MEMORY_COPY_HOST_TO_DEVICE",1,"Agent 0","Agent 1",1114,25448937872729,25448939166141
"MEMORY_COPY","MEMORY_COPY_HOST_TO_DEVICE",1,"Agent 0","Agent 1",1114,25448939170381,25448939204261
"MEMORY_COPY","MEMORY_COPY_HOST_TO_DEVICE",1,"Agent 0","Agent 1",1117,25448941408681,25448942750574
"MEMORY_COPY","MEMORY_COPY_HOST_TO_DEVICE",1,"Agent 0","Agent 1",1117,25448942754774,25448942787174
"MEMORY_COPY","MEMORY_COPY_HOST_TO_DEVICE",1,"Agent 0","Agent 1",1120,25448942808604,25448942814124
"MEMORY_COPY","MEMORY_COPY_HOST_TO_DEVICE",1,"Agent 0","Agent 1",1123,25448942832095,25448942837535
"MEMORY_COPY","MEMORY_COPY_HOST_TO_DEVICE",1,"Agent 0","Agent 1",1126,25448944091626,25448944823433
"MEMORY_COPY","MEMORY_COPY_HOST_TO_DEVICE",1,"Agent 0","Agent 1",1129,25448945611060,25448946076785
"MEMORY_COPY","MEMORY_COPY_HOST_TO_DEVICE",1,"Agent 0","Agent 1",1132,25448946140815,25448946154335
"MEMORY_COPY","MEMORY_COPY_HOST_TO_DEVICE",1,"Agent 0","Agent 1",1141,25448946241156,25448946248316
"MEMORY_COPY","MEMORY_COPY_HOST_TO_DEVICE",1,"Agent 0","Agent 1",1144,25448946267916,25448946275077
"MEMORY_COPY","MEMORY_COPY_HOST_TO_DEVICE",1,"Agent 0","Agent 1",1150,25448947643289,25448948177534
"MEMORY_COPY","MEMORY_COPY_HOST_TO_DEVICE",1,"Agent 0","Agent 1",1153,25448950217243,25448951565576
"MEMORY_COPY","MEMORY_COPY_HOST_TO_DEVICE",1,"Agent 0","Agent 1",1153,25448951569976,25448951607456
"MEMORY_COPY","MEMORY_COPY_HOST_TO_DEVICE",1,"Agent 0","Agent 1",1156,25448953818276,25448955140369
"MEMORY_COPY","MEMORY_COPY_HOST_TO_DEVICE",1,"Agent 0","Agent 1",1156,25448955143729,25448955180609
"MEMORY_COPY","MEMORY_COPY_HOST_TO_DEVICE",1,"Agent 0","Agent 1",1159,25448957590361,25448958847413
"MEMORY_COPY","MEMORY_COPY_HOST_TO_DEVICE",1,"Agent 0","Agent 1",1159,25448958851813,25448958888133
"MEMORY_COPY","MEMORY_COPY_HOST_TO_DEVICE",1,"Agent 0","Agent 1",1162,25448958909304,25448958914904
"MEMORY_COPY","MEMORY_COPY_HOST_TO_DEVICE",1,"Agent 0","Agent 1",1165,25448958935734,25448958941254
"MEMORY_COPY","MEMORY_COPY_HOST_TO_DEVICE",1,"Agent 0","Agent 1",1168,25448961401737,25448962514147
"MEMORY_COPY","MEMORY_COPY_HOST_TO_DEVICE",1,"Agent 0","Agent 1",1171,25448962742639,25448962835960
"MEMORY_COPY","MEMORY_COPY_HOST_TO_DEVICE",1,"Agent 0","Agent 1",1174,25448963102333,25448963208374
"MEMORY_COPY","MEMORY_COPY_HOST_TO_DEVICE",1,"Agent 0","Agent 1",1177,25448964381304,25448964902309
"MEMORY_COPY","MEMORY_COPY_HOST_TO_DEVICE",1,"Agent 0","Agent 1",1186,25448967960578,25448969408871
"MEMORY_COPY","MEMORY_COPY_HOST_TO_DEVICE",1,"Agent 0","Agent 1",1186,25448969412191,25448969456431
"MEMORY_COPY","MEMORY_COPY_HOST_TO_DEVICE",1,"Agent 0","Agent 1",1189,25448972615351,25448973990723
"MEMORY_COPY","MEMORY_COPY_HOST_TO_DEVICE",1,"Agent 0","Agent 1",1189,25448973997364,25448974033764
"MEMORY_COPY","MEMORY_COPY_HOST_TO_DEVICE",1,"Agent 0","Agent 1",1192,25448977057272,25448978405204
"MEMORY_COPY","MEMORY_COPY_HOST_TO_DEVICE",1,"Agent 0","Agent 1",1192,25448978409364,25448978441805
"MEMORY_COPY","MEMORY_COPY_HOST_TO_DEVICE",1,"Agent 0","Agent 1",1195,25448978469825,25448978475105
"MEMORY_COPY","MEMORY_COPY_HOST_TO_DEVICE",1,"Agent 0","Agent 1",1198,25448978491715,25448978497075
"MEMORY_COPY","MEMORY_COPY_HOST_TO_DEVICE",1,"Agent 0","Agent 1",1201,25448980433093,25448981298461
"MEMORY_COPY","MEMORY_COPY_HOST_TO_DEVICE",1,"Agent 0","Agent 1",1204,25448982427882,25448982911726
"MEMORY_COPY","MEMORY_COPY_HOST_TO_DEVICE",1,"Agent 0","Agent 1",1207,25448982946896,25448982960257
"MEMORY_COPY","MEMORY_COPY_HOST_TO_DEVICE",1,"Agent 0","Agent 1",1216,25448983052077,25448983059318
"MEMORY_COPY","MEMORY_COPY_HOST_TO_DEVICE",1,"Agent 0","Agent 1",1219,25448983077818,25448983084778
"MEMORY_COPY","MEMORY_COPY_HOST_TO_DEVICE",1,"Agent 0","Agent 1",1225,25448983998964,25448984553329
"MEMORY_COPY","MEMORY_COPY_HOST_TO_DEVICE",1,"Agent 0","Agent 1",1228,25448987363835,25448988688287
"MEMORY_COPY","MEMORY_COPY_HOST_TO_DEVICE",1,"Agent 0","Agent 1",1228,25448988692407,25448988725007
"MEMORY_COPY","MEMORY_COPY_HOST_TO_DEVICE",1,"Agent 0","Agent 1",1231,25448990974798,25448992286130
"MEMORY_COPY","MEMORY_COPY_HOST_TO_DEVICE",1,"Agent 0","Agent 1",1231,25448992290210,25448992323690
"MEMORY_COPY","MEMORY_COPY_HOST_TO_DEVICE",1,"Agent 0","Agent 1",1234,25448994368889,25448995746142
"MEMORY_COPY","MEMORY_COPY_HOST_TO_DEVICE",1,"Agent 0","Agent 1",1234,25448995750342,25448995780462
"MEMORY_COPY","MEMORY_COPY_HOST_TO_DEVICE",1,"Agent 0","Agent 1",1237,25448995812813,25448995818093
"MEMORY_COPY","MEMORY_COPY_HOST_TO_DEVICE",1,"Agent 0","Agent 1",1240,25448995834523,25448995839963
"MEMORY_COPY","MEMORY_COPY_HOST_TO_DEVICE",1,"Agent 0","Agent 1",1243,25448997082295,25448997929302
"MEMORY_COPY","MEMORY_COPY_HOST_TO_DEVICE",1,"Agent 0","Agent 1",1246,25448998721450,25448999235854
"MEMORY_COPY","MEMORY_COPY_HOST_TO_DEVICE",1,"Agent 0","Agent 1",1249,25448999273625,25448999287105
"MEMORY_COPY","MEMORY_COPY_HOST_TO_DEVICE",1,"Agent 0","Agent 1",1258,25448999369656,25448999376656
"MEMORY_COPY","MEMORY_COPY_HOST_TO_DEVICE",1,"Agent 0","Agent 1",1261,25448999395606,25448999403166
"MEMORY_COPY","MEMORY_COPY_HOST_TO_DEVICE",1,"Agent 0","Agent 1",1267,25449000041462,25449000585427
"MEMORY_COPY","MEMORY_COPY_HOST_TO_DEVICE",1,"Agent 0","Agent 1",1270,25449002928679,25449004355412
"MEMORY_COPY","MEMORY_COPY_HOST_TO_DEVICE",1,"Agent 0","Agent 1",1270,25449004359612,25449004392612
"MEMORY_COPY","MEMORY_COPY_HOST_TO_DEVICE",1,"Agent 0","Agent 1",1273,25449006559622,25449007938595
"MEMORY_COPY","MEMORY_COPY_HOST_TO_DEVICE",1,"Agent 0","Agent 1",1273,25449007942755,25449007976275
"MEMORY_COPY","MEMORY_COPY_HOST_TO_DEVICE",1,"Agent 0","Agent 1",1276,25449009320408,25449010684981
"MEMORY_COPY","MEMORY_COPY_HOST_TO_DEVICE",1,"Agent 0","Agent 1",1276,25449010688381,25449010721341
"MEMORY_COPY","MEMORY_COPY_HOST_TO_DEVICE",1,"Agent 0","Agent 1",1279,25449010742411,25449010747691
"MEMORY_COPY","MEMORY_COPY_HOST_TO_DEVICE",1,"Agent 0","Agent 1",1282,25449010764411,25449010769851
"MEMORY_COPY","MEMORY_COPY_HOST_TO_DEVICE",1,"Agent 0","Agent 1",1285,25449012072633,25449012834960
"MEMORY_COPY","MEMORY_COPY_HOST_TO_DEVICE",1,"Agent 0","Agent 1",1288,25449013369205,25449013817250
"MEMORY_COPY","MEMORY_COPY_HOST_TO_DEVICE",1,"Agent 0","Agent 1",1291,25449013851950,25449013865430
"MEMORY_COPY","MEMORY_COPY_HOST_TO_DEVICE",1,"Agent 0","Agent 1",1300,25449013952881,25449013960001
"MEMORY_COPY","MEMORY_COPY_HOST_TO_DEVICE",1,"Agent 0","Agent 1",1303,25449013980311,25449013987351
"MEMORY_COPY","MEMORY_COPY_HOST_TO_DEVICE",1,"Agent 0","Agent 1",1309,25449014991110,25449015502555
"MEMORY_COPY","MEMORY_COPY_HOST_TO_DEVICE",1,"Agent 0","Agent 1",1312,25449017782286,25449019094538
"MEMORY_COPY","MEMORY_COPY_HOST_TO_DEVICE",1,"Agent 0","Agent 1",1312,25449019098778,25449019131859
"MEMORY_COPY","MEMORY_COPY_HOST_TO_DEVICE",1,"Agent 0","Agent 1",1315,25449021357289,25449022680222
"MEMORY_COPY","MEMORY_COPY_HOST_TO_DEVICE",1,"Agent 0","Agent 1",1315,25449022684582,25449022718782
"MEMORY_COPY","MEMORY_COPY_HOST_TO_DEVICE",1,"Agent 0","Agent 1",1318,25449025002483,25449026341056
"MEMORY_COPY","MEMORY_COPY_HOST_TO_DEVICE",1,"Agent 0","Agent 1",1318,25449026345216,25449026377056
"MEMORY_COPY","MEMORY_COPY_HOST_TO_DEVICE",1,"Agent 0","Agent 1",1321,25449026398206,25449026403686
"MEMORY_COPY","MEMORY_COPY_HOST_TO_DEVICE",1,"Agent 0","Agent 1",1324,25449026419896,25449026425256
"MEMORY_COPY","MEMORY_COPY_HOST_TO_DEVICE",1,"Agent 0","Agent 1",1327,25449028098852,25449029124541
"MEMORY_COPY","MEMORY_COPY_HOST_TO_DEVICE",1,"Agent 0","Agent 1",1330,25449029307963,25449029396764
"MEMORY_COPY","MEMORY_COPY_HOST_TO_DEVICE",1,"Agent 0","Agent 1",1333,25449029603566,25449029709487
"MEMORY_COPY","MEMORY_COPY_HOST_TO_DEVICE",1,"Agent 0","Agent 1",1336,25449030468684,25449030989729
"MEMORY_COPY","MEMORY_COPY_HOST_TO_DEVICE",1,"Agent 0","Agent 1",1345,25449033352511,25449034643442
"MEMORY_COPY","MEMORY_COPY_HOST_TO_DEVICE",1,"Agent 0","Agent 1",1345,25449034647803,25449034682523
"MEMORY_COPY","MEMORY_COPY_HOST_TO_DEVICE",1,"Agent 0","Agent 1",1348,25449036722742,25449038254516
"MEMORY_COPY","MEMORY_COPY_HOST_TO_DEVICE",1,"Agent 0","Agent 1",1348,25449038258756,25449038293116
"MEMORY_COPY","MEMORY_COPY_HOST_TO_DEVICE",1,"Agent 0","Agent 1",1351,25449040606648,25449042042181
"MEMORY_COPY","MEMORY_COPY_HOST_TO_DEVICE",1,"Agent 0","Agent 1",1351,25449042046421,25449042079901
"MEMORY_COPY","MEMORY_COPY_HOST_TO_DEVICE",1,"Agent 0","Agent 1",1354,25449042101712,25449042106992
"MEMORY_COPY","MEMORY_COPY_HOST_TO_DEVICE",1,"Agent 0","Agent 1",1357,25449042124302,25449042129782
"MEMORY_COPY","MEMORY_COPY_HOST_TO_DEVICE",1,"Agent 0","Agent 1",1360,25449043614466,25449044508594
"MEMORY_COPY","MEMORY_COPY_HOST_TO_DEVICE",1,"Agent 0","Agent 1",1363,25449045426082,25449045899767
"MEMORY_COPY","MEMORY_COPY_HOST_TO_DEVICE",1,"Agent 0","Agent 1",1366,25449045937357,25449045950517
"MEMORY_COPY","MEMORY_COPY_HOST_TO_DEVICE",1,"Agent 0","Agent 1",1375,25449046044578,25449046051578
"MEMORY_COPY","MEMORY_COPY_HOST_TO_DEVICE",1,"Agent 0","Agent 1",1378,25449046070228,25449046077188
"MEMORY_COPY","MEMORY_COPY_HOST_TO_DEVICE",1,"Agent 0","Agent 1",1384,25449046714641,25449047217245
"MEMORY_COPY","MEMORY_COPY_HOST_TO_DEVICE",1,"Agent 0","Agent 1",1387,25449049316984,25449050618636
"MEMORY_COPY","MEMORY_COPY_HOST_TO_DEVICE",1,"Agent 0","Agent 1",1387,25449050622716,25449050657036
"MEMORY_COPY","MEMORY_COPY_HOST_TO_DEVICE",1,"Agent 0","Agent 1",1390,25449052908227,25449054367041
"MEMORY_COPY","MEMORY_COPY_HOST_TO_DEVICE",1,"Agent 0","Agent 1",1390,25449054371241,25449054402401
"MEMORY_COPY","MEMORY_COPY_HOST_TO_DEVICE",1,"Agent 0","Agent 1",1393,25449055973586,25449057397359
"MEMORY_COPY","MEMORY_COPY_HOST_TO_DEVICE",1,"Agent 0","Agent 1",1393,25449057401639,25449057435919
"MEMORY_COPY","MEMORY_COPY_HOST_TO_DEVICE",1,"Agent 0","Agent 1",1396,25449057461269,25449057466549
"MEMORY_COPY","MEMORY_COPY_HOST_TO_DEVICE",1,"Agent 0","Agent 1",1399,25449057482200,25449057487560
"MEMORY_COPY","MEMORY_COPY_HOST_TO_DEVICE",1,"Agent 0","Agent 1",1402,25449058763121,25449059672930
"MEMORY_COPY","MEMORY_COPY_HOST_TO_DEVICE",1,"Agent 0","Agent 1",1405,25449060545268,25449061090273
"MEMORY_COPY","MEMORY_COPY_HOST_TO_DEVICE",1,"Agent 0","Agent 1",1408,25449061131723,25449061145003
"MEMORY_COPY","MEMORY_COPY_HOST_TO_DEVICE",1,"Agent 0","Agent 1",1417,25449061231634,25449061238714
"MEMORY_COPY","MEMORY_COPY_HOST_TO_DEVICE",1,"Agent 0","Agent 1",1420,25449061262405,25449061270005
"MEMORY_COPY","MEMORY_COPY_HOST_TO_DEVICE",1,"Agent 0","Agent 1",1426,25449062274954,25449062792959
"MEMORY_COPY","MEMORY_COPY_HOST_TO_DEVICE",1,"Agent 0","Agent 1",1429,25449065081280,25449066475493
"MEMORY_COPY","MEMORY_COPY_HOST_TO_DEVICE",1,"Agent 0","Agent 1",1429,25449066479813,25449066513133
"MEMORY_COPY","MEMORY_COPY_HOST_TO_DEVICE",1,"Agent 0","Agent 1",1432,25449068711873,25449070243568
"MEMORY_COPY","MEMORY_COPY_HOST_TO_DEVICE",1,"Agent 0","Agent 1",1432,25449070247768,25449070278208
"MEMORY_COPY","MEMORY_COPY_HOST_TO_DEVICE",1,"Agent 0","Agent 1",1435,25449072150195,25449073616849
"MEMORY_COPY","MEMORY_COPY_HOST_TO_DEVICE",1,"Agent 0","Agent 1",1435,25449073621089,25449073652489
"MEMORY_COPY","MEMORY_COPY_HOST_TO_DEVICE",1,"Agent 0","Agent 1",1438,25449073678519,25449073684040
"MEMORY_COPY","MEMORY_COPY_HOST_TO_DEVICE",1,"Agent 0","Agent 1",1441,25449073700840,25449073706200
"MEMORY_COPY","MEMORY_COPY_HOST_TO_DEVICE",1,"Agent 0","Agent 1",1444,25449074821490,25449075782459
"MEMORY_COPY","MEMORY_COPY_HOST_TO_DEVICE",1,"Agent 0","Agent 1",1447,25449076549836,25449077069481
"MEMORY_COPY","MEMORY_COPY_HOST_TO_DEVICE",1,"Agent 0","Agent 1",1450,25449077105611,25449077118971
"MEMORY_COPY","MEMORY_COPY_HOST_TO_DEVICE",1,"Agent 0","Agent 1",1459,25449077202462,25449077209622
"MEMORY_COPY","MEMORY_COPY_HOST_TO_DEVICE",1,"Agent 0","Agent 1",1462,25449077231802,25449077238882
"MEMORY_COPY","MEMORY_COPY_HOST_TO_DEVICE",1,"Agent 0","Agent 1",1468,25449077797418,25449078385303
"MEMORY_COPY","MEMORY_COPY_HOST_TO_DEVICE",1,"Agent 0","Agent 1",1471,25449079808836,25449081347571
"MEMORY_COPY","MEMORY_COPY_HOST_TO_DEVICE",1,"Agent 0","Agent 1",1471,25449081351891,25449081381691
"MEMORY_COPY","MEMORY_COPY_HOST_TO_DEVICE",1,"Agent 0","Agent 1",1474,25449083662042,25449085132616
"MEMORY_COPY","MEMORY_COPY_HOST_TO_DEVICE",1,"Agent 0","Agent 1",1474,25449085136856,25449085170536
"MEMORY_COPY","MEMORY_COPY_HOST_TO_DEVICE",1,"Agent 0","Agent 1",1477,25449086434658,25449087943752
"MEMORY_COPY","MEMORY_COPY_HOST_TO_DEVICE",1,"Agent 0","Agent 1",1477,25449087947152,25449087980512
"MEMORY_COPY","MEMORY_COPY_HOST_TO_DEVICE",1,"Agent 0","Agent 1",1480,25449088001802,25449088007282
"MEMORY_COPY","MEMORY_COPY_HOST_TO_DEVICE",1,"Agent 0","Agent 1",1483,25449088023912,25449088029392
"MEMORY_COPY","MEMORY_COPY_HOST_TO_DEVICE",1,"Agent 0","Agent 1",1486,25449089185073,25449090305803
"MEMORY_COPY","MEMORY_COPY_HOST_TO_DEVICE",1,"Agent 0","Agent 1",1489,25449090390534,25449090494535
"MEMORY_COPY","MEMORY_COPY_HOST_TO_DEVICE",1,"Agent 0","Agent 1",1492,25449090658527,25449090785248
"MEMORY_COPY","MEMORY_COPY_HOST_TO_DEVICE",1,"Agent 0","Agent 1",1495,25449091314933,25449091920458
"MEMORY_COPY","MEMORY_COPY_HOST_TO_DEVICE",1,"Agent 0","Agent 1",1504,25449093661675,25449095197169
"MEMORY_COPY","MEMORY_COPY_HOST_TO_DEVICE",1,"Agent 0","Agent 1",1504,25449095200649,25449095235569
"MEMORY_COPY","MEMORY_COPY_HOST_TO_DEVICE",1,"Agent 0","Agent 1",1507,25449096910265,25449098496199
"MEMORY_COPY","MEMORY_COPY_HOST_TO_DEVICE",1,"Agent 0","Agent 1",1507,25449098499679,25449098532080
"MEMORY_COPY","MEMORY_COPY_HOST_TO_DEVICE",1,"Agent 0","Agent 1",1510,25449099488008,25449101057463
"MEMORY_COPY","MEMORY_COPY_HOST_TO_DEVICE",1,"Agent 0","Agent 1",1510,25449101061783,25449101094863
"MEMORY_COPY","MEMORY_COPY_HOST_TO_DEVICE",1,"Agent 0","Agent 1",1513,25449101119894,25449101125494
"MEMORY_COPY","MEMORY_COPY_HOST_TO_DEVICE",1,"Agent 0","Agent 1",1516,25449101142734,25449101148214
"MEMORY_COPY","MEMORY_COPY_HOST_TO_DEVICE",1,"Agent 0","Agent 1",1519,25449101734589,25449102722838
"MEMORY_COPY","MEMORY_COPY_HOST_TO_DEVICE",1,"Agent 0","Agent 1",1522,25449103075222,25449103673907
"MEMORY_COPY","MEMORY_COPY_HOST_TO_DEVICE",1,"Agent 0","Agent 1",1525,25449103714278,25449103727838
"MEMORY_COPY","MEMORY_COPY_HOST_TO_DEVICE",1,"Agent 0","Agent 1",1534,25449103811199,25449103819039
"MEMORY_COPY","MEMORY_COPY_HOST_TO_DEVICE",1,"Agent 0","Agent 1",1537,25449103841959,25449103849319
"MEMORY_COPY","MEMORY_COPY_HOST_TO_DEVICE",1,"Agent 0","Agent 1",1543,25449104212302,25449104797828
"MEMORY_COPY","MEMORY_COPY_HOST_TO_DEVICE",1,"Agent 0","Agent 1",1546,25449106336482,25449107923897
"MEMORY_COPY","MEMORY_COPY_HOST_TO_DEVICE",1,"Agent 0","Agent 1",1546,25449107930857,25449107963497
"MEMORY_COPY","MEMORY_COPY_HOST_TO_DEVICE",1,"Agent 0","Agent 1",1549,25449109486701,25449110974514
"MEMORY_COPY","MEMORY_COPY_HOST_TO_DEVICE",1,"Agent 0","Agent 1",1549,25449110982434,25449111018074
"MEMORY_COPY","MEMORY_COPY_HOST_TO_DEVICE",1,"Agent 0","Agent 1",1552,25449112401377,25449114004592
"MEMORY_COPY","MEMORY_COPY_HOST_TO_DEVICE",1,"Agent 0","Agent 1",1552,25449114009872,25449114042152
"MEMORY_COPY","MEMORY_COPY_HOST_TO_DEVICE",1,"Agent 0","Agent 1",1555,25449114063512,25449114069192
"MEMORY_COPY","MEMORY_COPY_HOST_TO_DEVICE",1,"Agent 0","Agent 1",1558,25449114086072,25449114091672
"MEMORY_COPY","MEMORY_COPY_HOST_TO_DEVICE",1,"Agent 0","Agent 1",1561,25449114824499,25449115753868
"MEMORY_COPY","MEMORY_COPY_HOST_TO_DEVICE",1,"Agent 0","Agent 1",1564,25449116048330,25449116577015
"MEMORY_COPY","MEMORY_COPY_HOST_TO_DEVICE",1,"Agent 0","Agent 1",1567,25449116612396,25449116625836
"MEMORY_COPY","MEMORY_COPY_HOST_TO_DEVICE",1,"Agent 0","Agent 1",1576,25449116708617,25449116716017
"MEMORY_COPY","MEMORY_COPY_HOST_TO_DEVICE",1,"Agent 0","Agent 1",1579,25449116739217,25449116746697
"MEMORY_COPY","MEMORY_COPY_HOST_TO_DEVICE",1,"Agent 0","Agent 1",1585,25449117569125,25449118250571
"MEMORY_COPY","MEMORY_COPY_HOST_TO_DEVICE",1,"Agent 0","Agent 1",1588,25449119755745,25449121626762
"MEMORY_COPY","MEMORY_COPY_HOST_TO_DEVICE",1,"Agent 0","Agent 1",1588,25449121631082,25449121666563
"MEMORY_COPY","MEMORY_COPY_HOST_TO_DEVICE",1,"Agent 0","Agent 1",1591,25449122701172,25449124345267
"MEMORY_COPY","MEMORY_COPY_HOST_TO_DEVICE",1,"Agent 0","Agent 1",1591,25449124349667,25449124379548
"MEMORY_COPY","MEMORY_COPY_HOST_TO_DEVICE",1,"Agent 0","Agent 1",1594,25449126094934,25449127664028
"MEMORY_COPY","MEMORY_COPY_HOST_TO_DEVICE",1,"Agent 0","Agent 1",1594,25449127668508,25449127701468
"MEMORY_COPY","MEMORY_COPY_HOST_TO_DEVICE",1,"Agent 0","Agent 1",1597,25449127724669,25449127730469
"MEMORY_COPY","MEMORY_COPY_HOST_TO_DEVICE",1,"Agent 0","Agent 1",1600,25449127748829,25449127754429
"MEMORY_COPY","MEMORY_COPY_HOST_TO_DEVICE",1,"Agent 0","Agent 1",1603,25449128834209,25449129756297
"MEMORY_COPY","MEMORY_COPY_HOST_TO_DEVICE",1,"Agent 0","Agent 1",1606,25449130451504,25449130975189
"MEMORY_COPY","MEMORY_COPY_HOST_TO_DEVICE",1,"Agent 0","Agent 1",1609,25449131019219,25449131032939
"MEMORY_COPY","MEMORY_COPY_HOST_TO_DEVICE",1,"Agent 0","Agent 1",1618,25449131143350,25449131150710
"MEMORY_COPY","MEMORY_COPY_HOST_TO_DEVICE",1,"Agent 0","Agent 1",1621,25449131171651,25449131179051
"MEMORY_COPY","MEMORY_COPY_HOST_TO_DEVICE",1,"Agent 0","Agent 1",1627,25449131946368,25449132567614
"MEMORY_COPY","MEMORY_COPY_HOST_TO_DEVICE",1,"Agent 0","Agent 1",1630,25449134018537,25449135608352
"MEMORY_COPY","MEMORY_COPY_HOST_TO_DEVICE",1,"Agent 0","Agent 1",1630,25449135612712,25449135645552
"MEMORY_COPY","MEMORY_COPY_HOST_TO_DEVICE",1,"Agent 0","Agent 1",1633,25449136996285,25449138645460
"MEMORY_COPY","MEMORY_COPY_HOST_TO_DEVICE",1,"Agent 0","Agent 1",1633,25449138649540,25449138682580
"MEMORY_COPY","MEMORY_COPY_HOST_TO_DEVICE",1,"Agent 0","Agent 1",1636,25449140437826,25449142075362
"MEMORY_COPY","MEMORY_COPY_HOST_TO_DEVICE",1,"Agent 0","Agent 1",1636,25449142079482,25449142114962
"MEMORY_COPY","MEMORY_COPY_HOST_TO_DEVICE",1,"Agent 0","Agent 1",1639,25449142147532,25449142152852
"MEMORY_COPY","MEMORY_COPY_HOST_TO_DEVICE",1,"Agent 0","Agent 1",1642,25449142169822,25449142175263
"MEMORY_COPY","MEMORY_COPY_HOST_TO_DEVICE",1,"Agent 0","Agent 1",1645,25449143298273,25449144547765
"MEMORY_COPY","MEMORY_COPY_HOST_TO_DEVICE",1,"Agent 0","Agent 1",1648,25449144688506,25449144789387
"MEMORY_COPY","MEMORY_COPY_HOST_TO_DEVICE",1,"Agent 0","Agent 1",1651,25449144958058,25449145088300
"MEMORY_COPY","MEMORY_COPY_HOST_TO_DEVICE",1,"Agent 0","Agent 1",1654,25449145709095,25449146302301
"MEMORY_COPY","MEMORY_COPY_HOST_TO_DEVICE",1,"Agent 0","Agent 1",1663,25449147808755,25449149326609
"MEMORY_COPY","MEMORY_COPY_HOST_TO_DEVICE",1,"Agent 0","Agent 1",1663,25449149330769,25449149385209
"MEMORY_COPY","MEMORY_COPY_HOST_TO_DEVICE",1,"Agent 0","Agent 1",1666,25449150937484,25449152627339
"MEMORY_COPY","MEMORY_COPY_HOST_TO_DEVICE",1,"Agent 0","Agent 1",1666,25449152633979,25449152668100
"MEMORY_COPY","MEMORY_COPY_HOST_TO_DEVICE",1,"Agent 0","Agent 1",1669,25449154210894,25449155756108
"MEMORY_COPY","MEMORY_COPY_HOST_TO_DEVICE",1,"Agent 0","Agent 1",1669,25449155760228,25449155794709
"MEMORY_COPY","MEMORY_COPY_HOST_TO_DEVICE",1,"Agent 0","Agent 1",1672,25449155821309,25449155826709
"MEMORY_COPY","MEMORY_COPY_HOST_TO_DEVICE",1,"Agent 0","Agent 1",1675,25449155843519,25449155848759
"MEMORY_COPY","MEMORY_COPY_HOST_TO_DEVICE",1,"Agent 0","Agent 1",1678,25449156910779,25449157844028
"MEMORY_COPY","MEMORY_COPY_HOST_TO_DEVICE",1,"Agent 0","Agent 1",1681,25449158532134,25449159140020
"MEMORY_COPY","MEMORY_COPY_HOST_TO_DEVICE",1,"Agent 0","Agent 1",1684,25449159176030,25449159189270
"MEMORY_COPY","MEMORY_COPY_HOST_TO_DEVICE",1,"Agent 0","Agent 1",1693,25449159274801,25449159281841
"MEMORY_COPY","MEMORY_COPY_HOST_TO_DEVICE",1,"Agent 0","Agent 1",1696,25449159300381,25449159307421
"MEMORY_COPY","MEMORY_COPY_HOST_TO_DEVICE",1,"Agent 0","Agent 1",1702,25449159877247,25449160467292
"MEMORY_COPY","MEMORY_COPY_HOST_TO_DEVICE",1,"Agent 0","Agent 1",1705,25449161263949,25449162788763
"MEMORY_COPY","MEMORY_COPY_HOST_TO_DEVICE",1,"Agent 0","Agent 1",1705,25449162793004,25449162826844
"MEMORY_COPY","MEMORY_COPY_HOST_TO_DEVICE",1,"Agent 0","Agent 1",1708,25449164079695,25449165573549
"MEMORY_COPY","MEMORY_COPY_HOST_TO_DEVICE",1,"Agent 0","Agent 1",1708,25449165577869,25449165611950
"MEMORY_COPY","MEMORY_COPY_HOST_TO_DEVICE",1,"Agent 0","Agent 1",1711,25449166581389,25449168114603
"MEMORY_COPY","MEMORY_COPY_HOST_TO_DEVICE",1,"Agent 0","Agent 1",1711,25449168118763,25449168152483
"MEMORY_COPY","MEMORY_COPY_HOST_TO_DEVICE",1,"Agent 0","Agent 1",1714,25449168177233,25449168182593
"MEMORY_COPY","MEMORY_COPY_HOST_TO_DEVICE",1,"Agent 0","Agent 1",1717,25449168198744,25449168204104
"MEMORY_COPY","MEMORY_COPY_HOST_TO_DEVICE",1,"Agent 0","Agent 1",1720,25449169105572,25449170071301
"MEMORY_COPY","MEMORY_COPY_HOST_TO_DEVICE",1,"Agent 0","Agent 1",1723,25449170543835,25449171112201
"MEMORY_COPY","MEMORY_COPY_HOST_TO_DEVICE",1,"Agent 0","Agent 1",1726,25449171218212,25449171231932
"MEMORY_COPY","MEMORY_COPY_HOST_TO_DEVICE",1,"Agent 0","Agent 1",1735,25449171315422,25449171322783
"MEMORY_COPY","MEMORY_COPY_HOST_TO_DEVICE",1,"Agent 0","Agent 1",1738,25449171343533,25449171350693
"MEMORY_COPY","MEMORY_COPY_HOST_TO_DEVICE",1,"Agent 0","Agent 1",1744,25449171736186,25449172445073
"MEMORY_COPY","MEMORY_COPY_HOST_TO_DEVICE",1,"Agent 0","Agent 1",1747,25449173705024,25449175275838
"MEMORY_COPY","MEMORY_COPY_HOST_TO_DEVICE",1,"Agent 0","Agent 1",1747,25449175283478,25449175316238
"MEMORY_COPY","MEMORY_COPY_HOST_TO_DEVICE",1,"Agent 0","Agent 1",1750,25449176894892,25449178382186
"MEMORY_COPY","MEMORY_COPY_HOST_TO_DEVICE",1,"Agent 0","Agent 1",1750,25449178386666,25449178421667
"MEMORY_COPY","MEMORY_COPY_HOST_TO_DEVICE",1,"Agent 0","Agent 1",1753,25449179620638,25449181235213
"MEMORY_COPY","MEMORY_COPY_HOST_TO_DEVICE",1,"Agent 0","Agent 1",1753,25449181239413,25449181272973
"MEMORY_COPY","MEMORY_COPY_HOST_TO_DEVICE",1,"Agent 0","Agent 1",1756,25449181296753,25449181302273
"MEMORY_COPY","MEMORY_COPY_HOST_TO_DEVICE",1,"Agent 0","Agent 1",1759,25449181318213,25449181323654
"MEMORY_COPY","MEMORY_COPY_HOST_TO_DEVICE",1,"Agent 0","Agent 1",1762,25449182142371,25449183076980
"MEMORY_COPY","MEMORY_COPY_HOST_TO_DEVICE",1,"Agent 0","Agent 1",1765,25449183684805,25449184237531
"MEMORY_COPY","MEMORY_COPY_HOST_TO_DEVICE",1,"Agent 0","Agent 1",1768,25449184271081,25449184284641
"MEMORY_COPY","MEMORY_COPY_HOST_TO_DEVICE",1,"Agent 0","Agent 1",1777,25449184371482,25449184378722
"MEMORY_COPY","MEMORY_COPY_HOST_TO_DEVICE",1,"Agent 0","Agent 1",1780,25449184397972,25449184405132
"MEMORY_COPY","MEMORY_COPY_HOST_TO_DEVICE",1,"Agent 0","Agent 1",1786,25449184963587,25449185571273
"MEMORY_COPY","MEMORY_COPY_HOST_TO_DEVICE",1,"Agent 0","Agent 1",1789,25449186856565,25449188532100
"MEMORY_COPY","MEMORY_COPY_HOST_TO_DEVICE",1,"Agent 0","Agent 1",1789,25449188536300,25449188565181
"MEMORY_COPY","MEMORY_COPY_HOST_TO_DEVICE",1,"Agent 0","Agent 1",1792,25449189796982,25449191510358
"MEMORY_COPY","MEMORY_COPY_HOST_TO_DEVICE",1,"Agent 0","Agent 1",1792,25449191514598,25449191547198
"MEMORY_COPY","MEMORY_COPY_HOST_TO_DEVICE",1,"Agent 0","Agent 1",1795,25449192494927,25449194155902
"MEMORY_COPY","MEMORY_COPY_HOST_TO_DEVICE",1,"Agent 0","Agent 1",1795,25449194160102,25449194193943
"MEMORY_COPY","MEMORY_COPY_HOST_TO_DEVICE",1,"Agent 0","Agent 1",1798,25449194215573,25449194220933
"MEMORY_COPY","MEMORY_COPY_HOST_TO_DEVICE",1,"Agent 0","Agent 1",1801,25449194236443,25449194241883
"MEMORY_COPY","MEMORY_COPY_HOST_TO_DEVICE",1,"Agent 0","Agent 1",1804,25449195092051,25449196362343
"MEMORY_COPY","MEMORY_COPY_HOST_TO_DEVICE",1,"Agent 0","Agent 1",1807,25449196480974,25449196564575
"MEMORY_COPY","MEMORY_COPY_HOST_TO_DEVICE",1,"Agent 0","Agent 1",1810,25449196648025,25449196792987
"MEMORY_COPY","MEMORY_COPY_HOST_TO_DEVICE",1,"Agent 0","Agent 1",1813,25449197321292,25449197960458
"MEMORY_COPY","MEMORY_COPY_HOST_TO_DEVICE",1,"Agent 0","Agent 1",1822,25449199038558,25449200675213
"MEMORY_COPY","MEMORY_COPY_HOST_TO_DEVICE",1,"Agent 0","Agent 1",1822,25449200679453,25449200713853
"MEMORY_COPY","MEMORY_COPY_HOST_TO_DEVICE",1,"Agent 0","Agent 1",1825,25449201407920,25449203055335
"MEMORY_COPY","MEMORY_COPY_HOST_TO_DEVICE",1,"Agent 0","Agent 1",1825,25449203059495,25449203090815
"MEMORY_COPY","MEMORY_COPY_HOST_TO_DEVICE",1,"Agent 0","Agent 1",1828,25449204290666,25449205830441
"MEMORY_COPY","MEMORY_COPY_HOST_TO_DEVICE",1,"Agent 0","Agent 1",1828,25449205834601,25449205868761
"MEMORY_COPY","MEMORY_COPY_HOST_TO_DEVICE",1,"Agent 0","Agent 1",1831,25449205892521,25449205897801
"MEMORY_COPY","MEMORY_COPY_HOST_TO_DEVICE",1,"Agent 0","Agent 1",1834,25449205914481,25449205919801
"MEMORY_COPY","MEMORY_COPY_HOST_TO_DEVICE",1,"Agent 0","Agent 1",1837,25449206616038,25449207604487
"MEMORY_COPY","MEMORY_COPY_HOST_TO_DEVICE",1,"Agent 0","Agent 1",1840,25449208116802,25449208720807
"MEMORY_COPY","MEMORY_COPY_HOST_TO_DEVICE",1,"Agent 0","Agent 1",1843,25449208770478,25449208783958
"MEMORY_COPY","MEMORY_COPY_HOST_TO_DEVICE",1,"Agent 0","Agent 1",1852,25449208866659,25449208873659
"MEMORY_COPY","MEMORY_COPY_HOST_TO_DEVICE",1,"Agent 0","Agent 1",1855,25449208895449,25449208902529
"MEMORY_COPY","MEMORY_COPY_HOST_TO_DEVICE",1,"Agent 0","Agent 1",1861,25449209219212,25449209909578
"MEMORY_COPY","MEMORY_COPY_HOST_TO_DEVICE",1,"Agent 0","Agent 1",1864,25449210887387,25449212660644
"MEMORY_COPY","MEMORY_COPY_HOST_TO_DEVICE",1,"Agent 0","Agent 1",1864,25449212664884,25449212696564
"MEMORY_COPY","MEMORY_COPY_HOST_TO_DEVICE",1,"Agent 0","Agent 1",1867,25449213694743,25449215342799
"MEMORY_COPY","MEMORY_COPY_HOST_TO_DEVICE",1,"Agent 0","Agent 1",1867,25449215346999,25449215380199
"MEMORY_COPY","MEMORY_COPY_HOST_TO_DEVICE",1,"Agent 0","Agent 1",1870,25449216308758,25449217930573
"MEMORY_COPY","MEMORY_COPY_HOST_TO_DEVICE",1,"Agent 0","Agent 1",1870,25449217934733,25449217970453
"MEMORY_COPY","MEMORY_COPY_HOST_TO_DEVICE",1,"Agent 0","Agent 1",1873,25449217991913,25449217997153
"MEMORY_COPY","MEMORY_COPY_HOST_TO_DEVICE",1,"Agent 0","Agent 1",1876,25449218017434,25449218022674
"MEMORY_COPY","MEMORY_COPY_HOST_TO_DEVICE",1,"Agent 0","Agent 1",1879,25449218593779,25449219614468
"MEMORY_COPY","MEMORY_COPY_HOST_TO_DEVICE",1,"Agent 0","Agent 1",1882,25449219854991,25449220466956
"MEMORY_COPY","MEMORY_COPY_HOST_TO_DEVICE",1,"Agent 0","Agent 1",1885,25449220512357,25449220526077
"MEMORY_COPY","MEMORY_COPY_HOST_TO_DEVICE",1,"Agent 0","Agent 1",1894,25449220614938,25449220621978
"MEMORY_COPY","MEMORY_COPY_HOST_TO_DEVICE",1,"Agent 0","Agent 1",1897,25449220643868,25449220651028
"MEMORY_COPY","MEMORY_COPY_HOST_TO_DEVICE",1,"Agent 0","Agent 1",1903,25449221046782,25449221671707
"MEMORY_COPY","MEMORY_COPY_HOST_TO_DEVICE",1,"Agent 0","Agent 1",1906,25449222547745,25449224118480
"MEMORY_COPY","MEMORY_COPY_HOST_TO_DEVICE",1,"Agent 0","Agent 1",1906,25449224122720,25449224156280
"MEMORY_COPY","MEMORY_COPY_HOST_TO_DEVICE",1,"Agent 0","Agent 1",1909,25449225048769,25449226683664
"MEMORY_COPY","MEMORY_COPY_HOST_TO_DEVICE",1,"Agent 0","Agent 1",1909,25449226687824,25449226719984
"MEMORY_COPY","MEMORY_COPY_HOST_TO_DEVICE",1,"Agent 0","Agent 1",1912,25449227631453,25449229365309
"MEMORY_COPY","MEMORY_COPY_HOST_TO_DEVICE",1,"Agent 0","Agent 1",1912,25449229369429,25449229402829
"MEMORY_COPY","MEMORY_COPY_HOST_TO_DEVICE",1,"Agent 0","Agent 1",1915,25449229432509,25449229437869
"MEMORY_COPY","MEMORY_COPY_HOST_TO_DEVICE",1,"Agent 0","Agent 1",1918,25449230138136,25449230143656
"MEMORY_COPY","MEMORY_COPY_HOST_TO_DEVICE",1,"Agent 0","Agent 1",1921,25449230672631,25449231752161
"MEMORY_COPY","MEMORY_COPY_HOST_TO_DEVICE",1,"Agent 0","Agent 1",1924,25449232047944,25449232657749
"MEMORY_COPY","MEMORY_COPY_HOST_TO_DEVICE",1,"Agent 0","Agent 1",1927,25449232694810,25449232708170
"MEMORY_COPY","MEMORY_COPY_HOST_TO_DEVICE",1,"Agent 0","Agent 1",1936,25449232790970,25449232797970
"MEMORY_COPY","MEMORY_COPY_HOST_TO_DEVICE",1,"Agent 0","Agent 1",1939,25449232818741,25449232826901
"MEMORY_COPY","MEMORY_COPY_HOST_TO_DEVICE",1,"Agent 0","Agent 1",1945,25449233115463,25449233780950
"MEMORY_COPY","MEMORY_COPY_HOST_TO_DEVICE",1,"Agent 0","Agent 1",1948,25449234573137,25449236339193
"MEMORY_COPY","MEMORY_COPY_HOST_TO_DEVICE",1,"Agent 0","Agent 1",1948,25449236343433,25449236376674
"MEMORY_COPY","MEMORY_COPY_HOST_TO_DEVICE",1,"Agent 0","Agent 1",1951,25449237052981,25449238784997
"MEMORY_COPY","MEMORY_COPY_HOST_TO_DEVICE",1,"Agent 0","Agent 1",1951,25449238792597,25449238826557
"MEMORY_COPY","MEMORY_COPY_HOST_TO_DEVICE",1,"Agent 0","Agent 1",1954,25449239494423,25449241224199
"MEMORY_COPY","MEMORY_COPY_HOST_TO_DEVICE",1,"Agent 0","Agent 1",1954,25449241227519,25449241261599
"MEMORY_COPY","MEMORY_COPY_HOST_TO_DEVICE",1,"Agent 0","Agent 1",1957,25449241282790,25449241288270
"MEMORY_COPY","MEMORY_COPY_HOST_TO_DEVICE",1,"Agent 0","Agent 1",1960,25449241306530,25449241311890
"MEMORY_COPY","MEMORY_COPY_HOST_TO_DEVICE",1,"Agent 0","Agent 1",1963,25449241864475,25449243191527
"MEMORY_COPY","MEMORY_COPY_HOST_TO_DEVICE",1,"Agent 0","Agent 1",1966,25449243255598,25449243379519
"MEMORY_COPY","MEMORY_COPY_HOST_TO_DEVICE",1,"Agent 0","Agent 1",1969,25449243446770,25449243603531
"MEMORY_COPY","MEMORY_COPY_HOST_TO_DEVICE",1,"Agent 0","Agent 1",1972,25449243861503,25449244542270
"MEMORY_COPY","MEMORY_COPY_HOST_TO_DEVICE",1,"Agent 0","Agent 1",1981,25449245454308,25449247323246
"MEMORY_COPY","MEMORY_COPY_HOST_TO_DEVICE",1,"Agent 0","Agent 1",1981,25449247327566,25449247361326
"MEMORY_COPY","MEMORY_COPY_HOST_TO_DEVICE",1,"Agent 0","Agent 1",1984,25449247957411,25449249645787
"MEMORY_COPY","MEMORY_COPY_HOST_TO_DEVICE",1,"Agent 0","Agent 1",1984,25449249650147,25449249684267
"MEMORY_COPY","MEMORY_COPY_HOST_TO_DEVICE",1,"Agent 0","Agent 1",1987,25449250614946,25449252636285
"MEMORY_COPY","MEMORY_COPY_HOST_TO_DEVICE",1,"Agent 0","Agent 1",1987,25449252640645,25449252673925
"MEMORY_COPY","MEMORY_COPY_HOST_TO_DEVICE",1,"Agent 0","Agent 1",1990,25449252706975,25449252712455
"MEMORY_COPY","MEMORY_COPY_HOST_TO_DEVICE",1,"Agent 0","Agent 1",1993,25449252730606,25449252736006
"MEMORY_COPY","MEMORY_COPY_HOST_TO_DEVICE",1,"Agent 0","Agent 1",1996,25449253480143,25449254708114
"MEMORY_COPY","MEMORY_COPY_HOST_TO_DEVICE",1,"Agent 0","Agent 1",1999,25449255027167,25449255683733
"MEMORY_COPY","MEMORY_COPY_HOST_TO_DEVICE",1,"Agent 0","Agent 1",2002,25449255724723,25449255738084
"MEMORY_COPY","MEMORY_COPY_HOST_TO_DEVICE",1,"Agent 0","Agent 1",2011,25449255822334,25449255829534
"MEMORY_COPY","MEMORY_COPY_HOST_TO_DEVICE",1,"Agent 0","Agent 1",2014,25449255849355,25449255856555
"MEMORY_COPY","MEMORY_COPY_HOST_TO_DEVICE",1,"Agent 0","Agent 1",2020,25449256693202,25449257413889
"MEMORY_COPY","MEMORY_COPY_HOST_TO_DEVICE",1,"Agent 0","Agent 1",2023,25449259802221,25449261716239
"MEMORY_COPY","MEMORY_COPY_HOST_TO_DEVICE",1,"Agent 0","Agent 1",2023,25449261719679,25449261753599
"MEMORY_COPY","MEMORY_COPY_HOST_TO_DEVICE",1,"Agent 0","Agent 1",2026,25449263729658,25449265733196
"MEMORY_COPY","MEMORY_COPY_HOST_TO_DEVICE",1,"Agent 0","Agent 1",2026,25449265737436,25449265768676
"MEMORY_COPY","MEMORY_COPY_HOST_TO_DEVICE",1,"Agent 0","Agent 1",2029,25449268494512,25449270457770
"MEMORY_COPY","MEMORY_COPY_HOST_TO_DEVICE",1,"Agent 0","Agent 1",2029,25449270462130,25449270495330
"MEMORY_COPY","MEMORY_COPY_HOST_TO_DEVICE",1,"Agent 0","Agent 1",2032,25449270524291,25449270529851
"MEMORY_COPY","MEMORY_COPY_HOST_TO_DEVICE",1,"Agent 0","Agent 1",2035,25449270549111,25449270554631
"MEMORY_COPY","MEMORY_COPY_HOST_TO_DEVICE",1,"Agent 0","Agent 1",2038,25449271976104,25449273106794
"MEMORY_COPY","MEMORY_COPY_HOST_TO_DEVICE",1,"Agent 0","Agent 1",2041,25449273816411,25449274460137
"MEMORY_COPY","MEMORY_COPY_HOST_TO_DEVICE",1,"Agent 0","Agent 1",2044,25449274505267,25449274518588
"MEMORY_COPY","MEMORY_COPY_HOST_TO_DEVICE",1,"Agent 0","Agent 1",2053,25449274621118,25449274628319
"MEMORY_COPY","MEMORY_COPY_HOST_TO_DEVICE",1,"Agent 0","Agent 1",2056,25449274648279,25449274655559
"MEMORY_COPY","MEMORY_COPY_HOST_TO_DEVICE",1,"Agent 0","Agent 1",2062,25449275201054,25449275907780
"MEMORY_COPY","MEMORY_COPY_HOST_TO_DEVICE",1,"Agent 0","Agent 1",2065,25449276770248,25449278629426
"MEMORY_COPY","MEMORY_COPY_HOST_TO_DEVICE",1,"Agent 0","Agent 1",2065,25449278633666,25449278669066
"MEMORY_COPY","MEMORY_COPY_HOST_TO_DEVICE",1,"Agent 0","Agent 1",2068,25449280571304,25449282431361
"MEMORY_COPY","MEMORY_COPY_HOST_TO_DEVICE",1,"Agent 0","Agent 1",2068,25449282435481,25449282468681
"MEMORY_COPY","MEMORY_COPY_HOST_TO_DEVICE",1,"Agent 0","Agent 1",2071,25449283693363,25449285442059
"MEMORY_COPY","MEMORY_COPY_HOST_TO_DEVICE",1,"Agent 0","Agent 1",2071,25449285446219,25449285480299
"MEMORY_COPY","MEMORY_COPY_HOST_TO_DEVICE",1,"Agent 0","Agent 1",2074,25449285503949,25449285509269
"MEMORY_COPY","MEMORY_COPY_HOST_TO_DEVICE",1,"Agent 0","Agent 1",2077,25449285527600,25449285532880
"MEMORY_COPY","MEMORY_COPY_HOST_TO_DEVICE",1,"Agent 0","Agent 1",2080,25449286495728,25449287615059
"MEMORY_COPY","MEMORY_COPY_HOST_TO_DEVICE",1,"Agent 0","Agent 1",2083,25449288292375,25449289000262
"MEMORY_COPY","MEMORY_COPY_HOST_TO_DEVICE",1,"Agent 0","Agent 1",2086,25449289045592,25449289058912
"MEMORY_COPY","MEMORY_COPY_HOST_TO_DEVICE",1,"Agent 0","Agent 1",2095,25449289145653,25449289152973
"MEMORY_COPY","MEMORY_COPY_HOST_TO_DEVICE",1,"Agent 0","Agent 1",2098,25449289174973,25449289182093
"MEMORY_COPY","MEMORY_COPY_HOST_TO_DEVICE",1,"Agent 0","Agent 1",2104,25449289878850,25449290627017
"MEMORY_COPY","MEMORY_COPY_HOST_TO_DEVICE",1,"Agent 0","Agent 1",2107,25449291883468,25449293872687
"MEMORY_COPY","MEMORY_COPY_HOST_TO_DEVICE",1,"Agent 0","Agent 1",2107,25449293876847,25449293911447
"MEMORY_COPY","MEMORY_COPY_HOST_TO_DEVICE",1,"Agent 0","Agent 1",2110,25449295207799,25449297071976
"MEMORY_COPY","MEMORY_COPY_HOST_TO_DEVICE",1,"Agent 0","Agent 1",2110,25449297076096,25449297108457
"MEMORY_COPY","MEMORY_COPY_HOST_TO_DEVICE",1,"Agent 0","Agent 1",2113,25449298176897,25449300024074
"MEMORY_COPY","MEMORY_COPY_HOST_TO_DEVICE",1,"Agent 0","Agent 1",2113,25449300028354,25449300060754
"MEMORY_COPY","MEMORY_COPY_HOST_TO_DEVICE",1,"Agent 0","Agent 1",2116,25449300087424,25449300092784
"MEMORY_COPY","MEMORY_COPY_HOST_TO_DEVICE",1,"Agent 0","Agent 1",2119,25449300109795,25449300115075
"MEMORY_COPY","MEMORY_COPY_HOST_TO_DEVICE",1,"Agent 0","Agent 1",2122,25449300906738,25449302434032
"MEMORY_COPY","MEMORY_COPY_HOST_TO_DEVICE",1,"Agent 0","Agent 1",2125,25449302531112,25449302659874
"MEMORY_COPY","MEMORY_COPY_HOST_TO_DEVICE",1,"Agent 0","Agent 1",2128,25449302763985,25449302950546
"MEMORY_COPY","MEMORY_COPY_HOST_TO_DEVICE",1,"Agent 0","Agent 1",2131,25449303328290,25449304128697
"MEMORY_COPY","MEMORY_COPY_HOST_TO_DEVICE",1,"Agent 0","Agent 1",2140,25449305123136,25449306996754
"MEMORY_COPY","MEMORY_COPY_HOST_TO_DEVICE",1,"Agent 0","Agent 1",2140,25449307001034,25449307034674
"MEMORY_COPY","MEMORY_COPY_HOST_TO_DEVICE",1,"Agent 0","Agent 1",2143,25449308141954,25449310078772
"MEMORY_COPY","MEMORY_COPY_HOST_TO_DEVICE",1,"Agent 0","Agent 1",2143,25449310083052,25449310115373
"MEMORY_COPY","MEMORY_COPY_HOST_TO_DEVICE",1,"Agent 0","Agent 1",2146,25449311053801,25449312915339
"MEMORY_COPY","MEMORY_COPY_HOST_TO_DEVICE",1,"Agent 0","Agent 1",2146,25449312919579,25449312952099
"MEMORY_COPY","MEMORY_COPY_HOST_TO_DEVICE",1,"Agent 0","Agent 1",2149,25449312976759,25449312982159
"MEMORY_COPY","MEMORY_COPY_HOST_TO_DEVICE",1,"Agent 0","Agent 1",2152,25449313000409,25449313005769
"MEMORY_COPY","MEMORY_COPY_HOST_TO_DEVICE",1,"Agent 0","Agent 1",2155,25449313534724,25449314598094
"MEMORY_COPY","MEMORY_COPY_HOST_TO_DEVICE",1,"Agent 0","Agent 1",2158,25449314868157,25449315515203
"MEMORY_COPY","MEMORY_COPY_HOST_TO_DEVICE",1,"Agent 0","Agent 1",2161,25449315561533,25449315574773
"MEMORY_COPY","MEMORY_COPY_HOST_TO_DEVICE",1,"Agent 0","Agent 1",2170,25449315660134,25449315667214
"MEMORY_COPY","MEMORY_COPY_HOST_TO_DEVICE",1,"Agent 0","Agent 1",2173,25449315691614,25449315698654
"MEMORY_COPY","MEMORY_COPY_HOST_TO_DEVICE",1,"Agent 0","Agent 1",2179,25449316075708,25449316809635
"MEMORY_COPY","MEMORY_COPY_HOST_TO_DEVICE",1,"Agent 0","Agent 1",2182,25449317593392,25449319442089
"MEMORY_COPY","MEMORY_COPY_HOST_TO_DEVICE",1,"Agent 0","Agent 1",2182,25449319446369,25449319480089
"MEMORY_COPY","MEMORY_COPY_HOST_TO_DEVICE",1,"Agent 0","Agent 1",2185,25449320058925,25449322008303
"MEMORY_COPY","MEMORY_COPY_HOST_TO_DEVICE",1,"Agent 0","Agent 1",2185,25449322014903,25449322046183
"MEMORY_COPY","MEMORY_COPY_HOST_TO_DEVICE",1,"Agent 0","Agent 1",2188,25449322782400,25449324868019
"MEMORY_COPY","MEMORY_COPY_HOST_TO_DEVICE",1,"Agent 0","Agent 1",2188,25449324874779,25449324907100
"MEMORY_COPY","MEMORY_COPY_HOST_TO_DEVICE",1,"Agent 0","Agent 1",2191,25449324931340,25449324936740
"MEMORY_COPY","MEMORY_COPY_HOST_TO_DEVICE",1,"Agent 0","Agent 1",2194,25449324955840,25449324961240
"MEMORY_COPY","MEMORY_COPY_HOST_TO_DEVICE",1,"Agent 0","Agent 1",2197,25449325490275,25449326603885
"MEMORY_COPY","MEMORY_COPY_HOST_TO_DEVICE",1,"Agent 0","Agent 1",2200,25449326895428,25449327619875
"MEMORY_COPY","MEMORY_COPY_HOST_TO_DEVICE",1,"Agent 0","Agent 1",2203,25449327663905,25449327677345
"MEMORY_COPY","MEMORY_COPY_HOST_TO_DEVICE",1,"Agent 0","Agent 1",2212,25449327770366,25449327778326
"MEMORY_COPY","MEMORY_COPY_HOST_TO_DEVICE",1,"Agent 0","Agent 1",2215,25449327801466,25449327808667
"MEMORY_COPY","MEMORY_COPY_HOST_TO_DEVICE",1,"Agent 0","Agent 1",2221,25449328192900,25449329056668
"MEMORY_COPY","MEMORY_COPY_HOST_TO_DEVICE",1,"Agent 0","Agent 1",2224,25449329723564,25449331708023
"MEMORY_COPY","MEMORY_COPY_HOST_TO_DEVICE",1,"Agent 0","Agent 1",2224,25449331712143,25449331748223
"MEMORY_COPY","MEMORY_COPY_HOST_TO_DEVICE",1,"Agent 0","Agent 1",2227,25449332531710,25449334414888
"MEMORY_COPY","MEMORY_COPY_HOST_TO_DEVICE",1,"Agent 0","Agent 1",2227,25449334419168,25449334451088
"MEMORY_COPY","MEMORY_COPY_HOST_TO_DEVICE",1,"Agent 0","Agent 1",2230,25449335118704,25449337255564
"MEMORY_COPY","MEMORY_COPY_HOST_TO_DEVICE",1,"Agent 0","Agent 1",2230,25449337259684,25449337295044
"MEMORY_COPY","MEMORY_COPY_HOST_TO_DEVICE",1,"Agent 0","Agent 1",2233,25449337333765,25449337339045
"MEMORY_COPY","MEMORY_COPY_HOST_TO_DEVICE",1,"Agent 0","Agent 1",2236,25449337358245,25449337364125
"MEMORY_COPY","MEMORY_COPY_HOST_TO_DEVICE",1,"Agent 0","Agent 1",2239,25449337728858,25449338856669
"MEMORY_COPY","MEMORY_COPY_HOST_TO_DEVICE",1,"Agent 0","Agent 1",2242,25449339057441,25449339721047
"MEMORY_COPY","MEMORY_COPY_HOST_TO_DEVICE",1,"Agent 0","Agent 1",2245,25449339766197,25449339779477
"MEMORY_COPY","MEMORY_COPY_HOST_TO_DEVICE",1,"Agent 0","Agent 1",2254,25449339864468,25449339871468
"MEMORY_COPY","MEMORY_COPY_HOST_TO_DEVICE",1,"Agent 0","Agent 1",2257,25449339891028,25449339897909
"MEMORY_COPY","MEMORY_COPY_HOST_TO_DEVICE",1,"Agent 0","Agent 1",2263,25449340201931,25449340915458
"MEMORY_COPY","MEMORY_COPY_HOST_TO_DEVICE",1,"Agent 0","Agent 1",2266,25449341562034,25449343552012
"MEMORY_COPY","MEMORY_COPY_HOST_TO_DEVICE",1,"Agent 0","Agent 1",2266,25449343556292,25449343596253
"MEMORY_COPY","MEMORY_COPY_HOST_TO_DEVICE",1,"Agent 0","Agent 1",2269,25449344172358,25449346188777
"MEMORY_COPY","MEMORY_COPY_HOST_TO_DEVICE",1,"Agent 0","Agent 1",2269,25449346192897,25449346227857
"MEMORY_COPY","MEMORY_COPY_HOST_TO_DEVICE",1,"Agent 0","Agent 1",2272,25449346869893,25449348812311
"MEMORY_COPY","MEMORY_COPY_HOST_TO_DEVICE",1,"Agent 0","Agent 1",2272,25449348816591,25449348846271
"MEMORY_COPY","MEMORY_COPY_HOST_TO_DEVICE",1,"Agent 0","Agent 1",2275,25449348873102,25449348878462
"MEMORY_COPY","MEMORY_COPY_HOST_TO_DEVICE",1,"Agent 0","Agent 1",2278,25449348896312,25449348901552
"MEMORY_COPY","MEMORY_COPY_HOST_TO_DEVICE",1,"Agent 0","Agent 1",2281,25449349445257,25449350893390
"MEMORY_COPY","MEMORY_COPY_HOST_TO_DEVICE",1,"Agent 0","Agent 1",2284,25449350956201,25449351078962
"MEMORY_COPY","MEMORY_COPY_HOST_TO_DEVICE",1,"Agent 0","Agent 1",2287,25449351146033,25449351296234
"MEMORY_COPY","MEMORY_COPY_HOST_TO_DEVICE",1,"Agent 0","Agent 1",2290,25449351510706,25449352233673
"MEMORY_COPY","MEMORY_COPY_HOST_TO_DEVICE",1,"Agent 0","Agent 1",2299,25449352945749,25449355325651
"MEMORY_COPY","MEMORY_COPY_HOST_TO_DEVICE",1,"Agent 0","Agent 1",2299,25449355337252,25449355369332
"MEMORY_COPY","MEMORY_COPY_HOST_TO_DEVICE",1,"Agent 0","Agent 1",2302,25449356064288,25449357983746
"MEMORY_COPY","MEMORY_COPY_HOST_TO_DEVICE",1,"Agent 0","Agent 1",2302,25449357987986,25449358021786
"MEMORY_COPY","MEMORY_COPY_HOST_TO_DEVICE",1,"Agent 0","Agent 1",2305,25449358752433,25449361195656
"MEMORY_COPY","MEMORY_COPY_HOST_TO_DEVICE",1,"Agent 0","Agent 1",2305,25449361200016,25449361236456
"MEMORY_COPY","MEMORY_COPY_HOST_TO_DEVICE",1,"Agent 0","Agent 1",2308,25449361262306,25449361267746
"MEMORY_COPY","MEMORY_COPY_HOST_TO_DEVICE",1,"Agent 0","Agent 1",2311,25449361288037,25449361293397
"MEMORY_COPY","MEMORY_COPY_HOST_TO_DEVICE",1,"Agent 0","Agent 1",2314,25449361744071,25449363080203
"MEMORY_COPY","MEMORY_COPY_HOST_TO_DEVICE",1,"Agent 0","Agent 1",2317,25449363379816,25449364166663
"MEMORY_COPY","MEMORY_COPY_HOST_TO_DEVICE",1,"Agent 0","Agent 1",2320,25449364216924,25449364230244
"MEMORY_COPY","MEMORY_COPY_HOST_TO_DEVICE",1,"Agent 0","Agent 1",2329,25449364335465,25449364342785
"MEMORY_COPY","MEMORY_COPY_HOST_TO_DEVICE",1,"Agent 0","Agent 1",2332,25449364365335,25449364372895
"MEMORY_COPY","MEMORY_COPY_HOST_TO_DEVICE",1,"Agent 0","Agent 1",2338,25449364745220,25449365608348
"MEMORY_COPY","MEMORY_COPY_HOST_TO_DEVICE",1,"Agent 0","Agent 1",2341,25449366307774,25449368480234
"MEMORY_COPY","MEMORY_COPY_HOST_TO_DEVICE",1,"Agent 0","Agent 1",2341,25449368484474,25449368521674
"MEMORY_COPY","MEMORY_COPY_HOST_TO_DEVICE",1,"Agent 0","Agent 1",2344,25449369210291,25449371880836
"MEMORY_COPY","MEMORY_COPY_HOST_TO_DEVICE",1,"Agent 0","Agent 1",2344,25449371886716,25449371923436
"MEMORY_COPY","MEMORY_COPY_HOST_TO_DEVICE",1,"Agent 0","Agent 1",2347,25449372697033,25449375046815
"MEMORY_COPY","MEMORY_COPY_HOST_TO_DEVICE",1,"Agent 0","Agent 1",2347,25449375052695,25449375091175
"MEMORY_COPY","MEMORY_COPY_HOST_TO_DEVICE",1,"Agent 0","Agent 1",2350,25449375137426,25449375142706
"MEMORY_COPY","MEMORY_COPY_HOST_TO_DEVICE",1,"Agent 0","Agent 1",2353,25449375164466,25449375169706
"MEMORY_COPY","MEMORY_COPY_HOST_TO_DEVICE",1,"Agent 0","Agent 1",2356,25449375588330,25449376939863
"MEMORY_COPY","MEMORY_COPY_HOST_TO_DEVICE",1,"Agent 0","Agent 1",2359,25449377246035,25449378014242
"MEMORY_COPY","MEMORY_COPY_HOST_TO_DEVICE",1,"Agent 0","Agent 1",2362,25449378066253,25449378079653
"MEMORY_COPY","MEMORY_COPY_HOST_TO_DEVICE",1,"Agent 0","Agent 1",2371,25449378178424,25449378185424
"MEMORY_COPY","MEMORY_COPY_HOST_TO_DEVICE",1,"Agent 0","Agent 1",2374,25449378207574,25449378215094
"MEMORY_COPY","MEMORY_COPY_HOST_TO_DEVICE",1,"Agent 0","Agent 1",2380,25449378760049,25449379600257
"MEMORY_COPY","MEMORY_COPY_HOST_TO_DEVICE",1,"Agent 0","Agent 1",2383,25449381056751,25449382674886
"MEMORY_COPY","MEMORY_COPY_HOST_TO_DEVICE",1,"Agent 0","Agent 1",2383,25449382679126,25449382712526
"MEMORY_COPY","MEMORY_COPY_HOST_TO_DEVICE",1,"Agent 0","Agent 1",2386,25449383417093,25449385267630
"MEMORY_COPY","MEMORY_COPY_HOST_TO_DEVICE",1,"Agent 0","Agent 1",2386,25449385271950,25449385306910
"MEMORY_COPY","MEMORY_COPY_HOST_TO_DEVICE",1,"Agent 0","Agent 1",2389,25449387223328,25449389958793
"MEMORY_COPY","MEMORY_COPY_HOST_TO_DEVICE",1,"Agent 0","Agent 1",2389,25449389970513,25449390025314
"MEMORY_COPY","MEMORY_COPY_HOST_TO_DEVICE",1,"Agent 0","Agent 1",2392,25449390090734,25449390096214
"MEMORY_COPY","MEMORY_COPY_HOST_TO_DEVICE",1,"Agent 0","Agent 1",2395,25449390117545,25449390123105
"MEMORY_COPY","MEMORY_COPY_HOST_TO_DEVICE",1,"Agent 0","Agent 1",2398,25449391099564,25449392316655
"MEMORY_COPY","MEMORY_COPY_HOST_TO_DEVICE",1,"Agent 0","Agent 1",2401,25449392897350,25449393612877
"MEMORY_COPY","MEMORY_COPY_HOST_TO_DEVICE",1,"Agent 0","Agent 1",2404,25449393667378,25449393682138
"MEMORY_COPY","MEMORY_COPY_HOST_TO_DEVICE",1,"Agent 0","Agent 1",2413,25449393791359,25449393798639
"MEMORY_COPY","MEMORY_COPY_HOST_TO_DEVICE",1,"Agent 0","Agent 1",2416,25449393819539,25449393826579
"MEMORY_COPY","MEMORY_COPY_HOST_TO_DEVICE",1,"Agent 0","Agent 1",2422,25449394532316,25449395276002
"MEMORY_COPY","MEMORY_COPY_HOST_TO_DEVICE",1,"Agent 0","Agent 1",2425,25449396748946,25449398317401
"MEMORY_COPY","MEMORY_COPY_HOST_TO_DEVICE",1,"Agent 0","Agent 1",2425,25449398325641,25449398359521
"MEMORY_COPY","MEMORY_COPY_HOST_TO_DEVICE",1,"Agent 0","Agent 1",2428,25449399894215,25449401342029
"MEMORY_COPY","MEMORY_COPY_HOST_TO_DEVICE",1,"Agent 0","Agent 1",2428,25449401346229,25449401379149
"MEMORY_COPY","MEMORY_COPY_HOST_TO_DEVICE",1,"Agent 0","Agent 1",2431,25449402867733,25449404740630
"MEMORY_COPY","MEMORY_COPY_HOST_TO_DEVICE",1,"Agent 0","Agent 1",2431,25449404746470,25449404780031
"MEMORY_COPY","MEMORY_COPY_HOST_TO_DEVICE",1,"Agent 0","Agent 1",2434,25449404820491,25449404826011
"MEMORY_COPY","MEMORY_COPY_HOST_TO_DEVICE",1,"Agent 0","Agent 1",2437,25449404847411,25449404854251
"MEMORY_COPY","MEMORY_COPY_HOST_TO_DEVICE",1,"Agent 0","Agent 1",2440,25449406280754,25449407571086
"MEMORY_COPY","MEMORY_COPY_HOST_TO_DEVICE",1,"Agent 0","Agent 1",2443,25449407718308,25449407934790
"MEMORY_COPY","MEMORY_COPY_HOST_TO_DEVICE",1,"Agent 0","Agent 1",2446,25449408102331,25449408284893
"MEMORY_COPY","MEMORY_COPY_HOST_TO_DEVICE",1,"Agent 0","Agent 1",2449,25449408976999,25449409628406
"MEMORY_COPY","MEMORY_COPY_HOST_TO_DEVICE",1,"Agent 0","Agent 1",2458,25449411395412,25449413118908
"MEMORY_COPY","MEMORY_COPY_HOST_TO_DEVICE",1,"Agent 0","Agent 1",2458,25449413123188,25449413153988
"MEMORY_COPY","MEMORY_COPY_HOST_TO_DEVICE",1,"Agent 0","Agent 1",2461,25449414302999,25449415920174
"MEMORY_COPY","MEMORY_COPY_HOST_TO_DEVICE",1,"Agent 0","Agent 1",2461,25449415924494,25449415956214
"MEMORY_COPY","MEMORY_COPY_HOST_TO_DEVICE",1,"Agent 0","Agent 1",2464,25449417660670,25449419527047
"MEMORY_COPY","MEMORY_COPY_HOST_TO_DEVICE",1,"Agent 0","Agent 1",2464,25449419530407,25449419573688
"MEMORY_COPY","MEMORY_COPY_HOST_TO_DEVICE",1,"Agent 0","Agent 1",2467,25449419596488,25449419602048
"MEMORY_COPY","MEMORY_COPY_HOST_TO_DEVICE",1,"Agent 0","Agent 1",2470,25449419619338,25449419624778
"MEMORY_COPY","MEMORY_COPY_HOST_TO_DEVICE",1,"Agent 0","Agent 1",2473,25449420706018,25449421638707
"MEMORY_COPY","MEMORY_COPY_HOST_TO_DEVICE",1,"Agent 0","Agent 1",2476,25449422462664,25449423016230
"MEMORY_COPY","MEMORY_COPY_HOST_TO_DEVICE",1,"Agent 0","Agent 1",2479,25449423067110,25449423081190
"MEMORY_COPY","MEMORY_COPY_HOST_TO_DEVICE",1,"Agent 0","Agent 1",2488,25449423171931,25449423179131
"MEMORY_COPY","MEMORY_COPY_HOST_TO_DEVICE",1,"Agent 0","Agent 1",2491,25449423201271,25449423209031
"MEMORY_COPY","MEMORY_COPY_HOST_TO_DEVICE",1,"Agent 0","Agent 1",2497,25449423781117,25449424350482
"MEMORY_COPY","MEMORY_COPY_HOST_TO_DEVICE",1,"Agent 0","Agent 1",2500,25449425766845,25449427436661
"MEMORY_COPY","MEMORY_COPY_HOST_TO_DEVICE",1,"Agent 0","Agent 1",2500,25449427440981,25449427473301
"MEMORY_COPY","MEMORY_COPY_HOST_TO_DEVICE",1,"Agent 0","Agent 1",2503,25449429174258,25449430701392
"MEMORY_COPY","MEMORY_COPY_HOST_TO_DEVICE",1,"Agent 0","Agent 1",2503,25449430709992,25449430741272
"MEMORY_COPY","MEMORY_COPY_HOST_TO_DEVICE",1,"Agent 0","Agent 1",2506,25449431840342,25449433336196
"MEMORY_COPY","MEMORY_COPY_HOST_TO_DEVICE",1,"Agent 0","Agent 1",2506,25449433340436,25449433371916
"MEMORY_COPY","MEMORY_COPY_HOST_TO_DEVICE",1,"Agent 0","Agent 1",2509,25449433393536,25449433399096
"MEMORY_COPY","MEMORY_COPY_HOST_TO_DEVICE",1,"Agent 0","Agent 1",2512,25449433415447,25449433421007
"MEMORY_COPY","MEMORY_COPY_HOST_TO_DEVICE",1,"Agent 0","Agent 1",2515,25449434242144,25449435203953
"MEMORY_COPY","MEMORY_COPY_HOST_TO_DEVICE",1,"Agent 0","Agent 1",2518,25449435734668,25449436342074
"MEMORY_COPY","MEMORY_COPY_HOST_TO_DEVICE",1,"Agent 0","Agent 1",2521,25449436387214,25449436400734
"MEMORY_COPY","MEMORY_COPY_HOST_TO_DEVICE",1,"Agent 0","Agent 1",2530,25449436484625,25449436492065
"MEMORY_COPY","MEMORY_COPY_HOST_TO_DEVICE",1,"Agent 0","Agent 1",2533,25449436513845,25449436521165
"MEMORY_COPY","MEMORY_COPY_HOST_TO_DEVICE",1,"Agent 0","Agent 1",2539,25449436968520,25449437526285
"MEMORY_COPY","MEMORY_COPY_HOST_TO_DEVICE",1,"Agent 0","Agent 1",2542,25449438480854,25449439967147
"MEMORY_COPY","MEMORY_COPY_HOST_TO_DEVICE",1,"Agent 0","Agent 1",2542,25449439973027,25449440006908
"MEMORY_COPY","MEMORY_COPY_HOST_TO_DEVICE",1,"Agent 0","Agent 1",2545,25449441092108,25449442898805
"MEMORY_COPY","MEMORY_COPY_HOST_TO_DEVICE",1,"Agent 0","Agent 1",2545,25449442903285,25449442936205
"MEMORY_COPY","MEMORY_COPY_HOST_TO_DEVICE",1,"Agent 0","Agent 1",2548,25449444103666,25449445304157
"MEMORY_COPY","MEMORY_COPY_HOST_TO_DEVICE",1,"Agent 0","Agent 1",2548,25449445308437,25449445343117
"MEMORY_COPY","MEMORY_COPY_HOST_TO_DEVICE",1,"Agent 0","Agent 1",2551,25449445368947,25449445374667
"MEMORY_COPY","MEMORY_COPY_HOST_TO_DEVICE",1,"Agent 0","Agent 1",2554,25449445391128,25449445396688
"MEMORY_COPY","MEMORY_COPY_HOST_TO_DEVICE",1,"Agent 0","Agent 1",2557,25449446112804,25449447102493
"MEMORY_COPY","MEMORY_COPY_HOST_TO_DEVICE",1,"Agent 0","Agent 1",2560,25449447457587,25449448017432
"MEMORY_COPY","MEMORY_COPY_HOST_TO_DEVICE",1,"Agent 0","Agent 1",2563,25449448064652,25449448078493
"MEMORY_COPY","MEMORY_COPY_HOST_TO_DEVICE",1,"Agent 0","Agent 1",2572,25449448165403,25449448172963
"MEMORY_COPY","MEMORY_COPY_HOST_TO_DEVICE",1,"Agent 0","Agent 1",2575,25449448195164,25449448202524
"MEMORY_COPY","MEMORY_COPY_HOST_TO_DEVICE",1,"Agent 0","Agent 1",2581,25449448764429,25449449267034
"MEMORY_COPY","MEMORY_COPY_HOST_TO_DEVICE",1,"Agent 0","Agent 1",2584,25449450209952,25449451854568
"MEMORY_COPY","MEMORY_COPY_HOST_TO_DEVICE",1,"Agent 0","Agent 1",2584,25449451858808,25449451893448
"MEMORY_COPY","MEMORY_COPY_HOST_TO_DEVICE",1,"Agent 0","Agent 1",2587,25449453154210,25449454947186
"MEMORY_COPY","MEMORY_COPY_HOST_TO_DEVICE",1,"Agent 0","Agent 1",2587,25449454951506,25449454983387
"MEMORY_COPY","MEMORY_COPY_HOST_TO_DEVICE",1,"Agent 0","Agent 1",2590,25449456116507,25449457589801
"MEMORY_COPY","MEMORY_COPY_HOST_TO_DEVICE",1,"Agent 0","Agent 1",2590,25449457594241,25449457626041
"MEMORY_COPY","MEMORY_COPY_HOST_TO_DEVICE",1,"Agent 0","Agent 1",2593,25449457660511,25449457666271
"MEMORY_COPY","MEMORY_COPY_HOST_TO_DEVICE",1,"Agent 0","Agent 1",2596,25449457684522,25449457690122
"MEMORY_COPY","MEMORY_COPY_HOST_TO_DEVICE",1,"Agent 0","Agent 1",2599,25449458584230,25449460051083
"MEMORY_COPY","MEMORY_COPY_HOST_TO_DEVICE",1,"Agent 0","Agent 1",2602,25449460160085,25449460243885
"MEMORY_COPY","MEMORY_COPY_HOST_TO_DEVICE",1,"Agent 0","Agent 1",2605,25449460356386,25449460529828
"MEMORY_COPY","MEMORY_COPY_HOST_TO_DEVICE",1,"Agent 0","Agent 1",2608,25449461062483,25449461677769
"MEMORY_COPY","MEMORY_COPY_HOST_TO_DEVICE",1,"Agent 0","Agent 1",2617,25449462790379,25449464706277
"MEMORY_COPY","MEMORY_COPY_HOST_TO_DEVICE",1,"Agent 0","Agent 1",2617,25449464710637,25449464769157
"MEMORY_COPY","MEMORY_COPY_HOST_TO_DEVICE",1,"Agent 0","Agent 1",2620,25449466026599,25449467785855
"MEMORY_COPY","MEMORY_COPY_HOST_TO_DEVICE",1,"Agent 0","Agent 1",2620,25449467792735,25449467829296
"MEMORY_COPY","MEMORY_COPY_HOST_TO_DEVICE",1,"Agent 0","Agent 1",2623,25449469088197,25449470857654
"MEMORY_COPY","MEMORY_COPY_HOST_TO_DEVICE",1,"Agent 0","Agent 1",2623,25449470862094,25449470900174
"MEMORY_COPY","MEMORY_COPY_HOST_TO_DEVICE",1,"Agent 0","Agent 1",2654,25449851836116,25449851843476
"MEMORY_COPY","MEMORY_COPY_HOST_TO_DEVICE",1,"Agent 0","Agent 1",2669,25449851961357,25449851975158
"MEMORY_COPY","MEMORY_COPY_DEVICE_TO_HOST",4,"Agent 1","Agent 0",9640,25449989858682,25449989913203
"MEMORY_COPY","MEMORY_COPY_HOST_TO_DEVICE",1,"Agent 0","Agent 1",9657,25449993197953,25449993204553
"MEMORY_COPY","MEMORY_COPY_HOST_TO_DEVICE",1,"Agent 0","Agent 1",9672,25449993289674,25449993306514
"MEMORY_COPY","MEMORY_COPY_DEVICE_TO_HOST",4,"Agent 1","Agent 0",16639,25450080207200,25450080261840
"MEMORY_COPY","MEMORY_COPY_HOST_TO_DEVICE",1,"Agent 0","Agent 1",16650,25452311194120,25452311203400
"MEMORY_COPY","MEMORY_COPY_HOST_TO_DEVICE",1,"Agent 0","Agent 1",16665,25452311339711,25452311360311
"MEMORY_COPY","MEMORY_COPY_DEVICE_TO_HOST",4,"Agent 1","Agent 0",23713,25452397930843,25452397981124
"MEMORY_COPY","MEMORY_COPY_HOST_TO_DEVICE",1,"Agent 0","Agent 1",23724,25452401993871,25452401999151
"MEMORY_COPY","MEMORY_COPY_HOST_TO_DEVICE",1,"Agent 0","Agent 1",23739,25452402100672,25452402116632
"MEMORY_COPY","MEMORY_COPY_DEVICE_TO_HOST",4,"Agent 1","Agent 0",29309,25452452758040,25452452805120
"MEMORY_COPY","MEMORY_COPY_HOST_TO_DEVICE",1,"Agent 0","Agent 1",29320,25452453829550,25452453835110
"MEMORY_COPY","MEMORY_COPY_HOST_TO_DEVICE",1,"Agent 0","Agent 1",29335,25452453931561,25452453947361
"MEMORY_COPY","MEMORY_COPY_DEVICE_TO_HOST",4,"Agent 1","Agent 0",34913,25452523289789,25452523334070
"MEMORY_COPY","MEMORY_COPY_HOST_TO_DEVICE",1,"Agent 0","Agent 1",34924,25452523914592,25452523920232
"MEMORY_COPY","MEMORY_COPY_HOST_TO_DEVICE",1,"Agent 0","Agent 1",34939,25452524020326,25452524038966
"MEMORY_COPY","MEMORY_COPY_DEVICE_TO_HOST",4,"Agent 1","Agent 0",34963,25452572635797,25452572695477
"MEMORY_COPY","MEMORY_COPY_HOST_TO_DEVICE",1,"Agent 0","Agent 1",34974,25452573409314,25452573414754
"MEMORY_COPY","MEMORY_COPY_HOST_TO_DEVICE",1,"Agent 0","Agent 1",34989,25452573514355,25452573533195
"MEMORY_COPY","MEMORY_COPY_DEVICE_TO_HOST",4,"Agent 1","Agent 0",35013,25452622250847,25452622298528
"MEMORY_COPY","MEMORY_COPY_HOST_TO_DEVICE",1,"Agent 0","Agent 1",35024,25452622971824,25452622976904
"MEMORY_COPY","MEMORY_COPY_HOST_TO_DEVICE",1,"Agent 0","Agent 1",35039,25452623077705,25452623096105
"MEMORY_COPY","MEMORY_COPY_DEVICE_TO_HOST",4,"Agent 1","Agent 0",35063,25452671615165,25452671658286
"MEMORY_COPY","MEMORY_COPY_HOST_TO_DEVICE",1,"Agent 0","Agent 1",35074,25452672361082,25452672366122
"MEMORY_COPY","MEMORY_COPY_HOST_TO_DEVICE",1,"Agent 0","Agent 1",35089,25452672453023,25452672471583
"MEMORY_COPY","MEMORY_COPY_DEVICE_TO_HOST",4,"Agent 1","Agent 0",35113,25452721068499,25452721114940
"MEMORY_COPY","MEMORY_COPY_HOST_TO_DEVICE",1,"Agent 0","Agent 1",35124,25452721769906,25452721774986
"MEMORY_COPY","MEMORY_COPY_HOST_TO_DEVICE",1,"Agent 0","Agent 1",35139,25452721862367,25452721880967
"MEMORY_COPY","MEMORY_COPY_DEVICE_TO_HOST",4,"Agent 1","Agent 0",35163,25452770387890,25452770436610
"MEMORY_COPY","MEMORY_COPY_HOST_TO_DEVICE",1,"Agent 0","Agent 1",35174,25452771110597,25452771116237
"MEMORY_COPY","MEMORY_COPY_HOST_TO_DEVICE",1,"Agent 0","Agent 1",35189,25452771223068,25452771241628
"MEMORY_COPY","MEMORY_COPY_DEVICE_TO_HOST",4,"Agent 1","Agent 0",35213,25452819692878,25452819752198
"MEMORY_COPY","MEMORY_COPY_HOST_TO_DEVICE",1,"Agent 0","Agent 1",35224,25452820504895,25452820509895
"MEMORY_COPY","MEMORY_COPY_HOST_TO_DEVICE",1,"Agent 0","Agent 1",35239,25452820618876,25452820637477
"MEMORY_COPY","MEMORY_COPY_DEVICE_TO_HOST",4,"Agent 1","Agent 0",35263,25452869270867,25452869318627
"MEMORY_COPY","MEMORY_COPY_HOST_TO_DEVICE",1,"Agent 0","Agent 1",35274,25452870043684,25452870049004
"MEMORY_COPY","MEMORY_COPY_HOST_TO_DEVICE",1,"Agent 0","Agent 1",35289,25452870141195,25452870159995
"MEMORY_COPY","MEMORY_COPY_DEVICE_TO_HOST",4,"Agent 1","Agent 0",35313,25452918902082,25452918950722
"MEMORY_COPY","MEMORY_COPY_HOST_TO_DEVICE",1,"Agent 0","Agent 1",35324,25452919691849,25452919698489
"MEMORY_COPY","MEMORY_COPY_HOST_TO_DEVICE",1,"Agent 0","Agent 1",35339,25452919835071,25452919858031
"MEMORY_COPY","MEMORY_COPY_DEVICE_TO_HOST",4,"Agent 1","Agent 0",35363,25452968636691,25452968694492
"MEMORY_COPY","MEMORY_COPY_HOST_TO_DEVICE",1,"Agent 0","Agent 1",35374,25452969440169,25452969446889
"MEMORY_COPY","MEMORY_COPY_HOST_TO_DEVICE",1,"Agent 0","Agent 1",35389,25452969558250,25452969578690
"MEMORY_COPY","MEMORY_COPY_DEVICE_TO_HOST",4,"Agent 1","Agent 0",35413,25453018153281,25453018201961
"MEMORY_COPY","MEMORY_COPY_HOST_TO_DEVICE",1,"Agent 0","Agent 1",35424,25453018868678,25453018873998
"MEMORY_COPY","MEMORY_COPY_HOST_TO_DEVICE",1,"Agent 0","Agent 1",35439,25453018964238,25453018982639
"MEMORY_COPY","MEMORY_COPY_DEVICE_TO_HOST",4,"Agent 1","Agent 0",35463,25453067644894,25453067692695
"MEMORY_COPY","MEMORY_COPY_HOST_TO_DEVICE",1,"Agent 0","Agent 1",35474,25453068321011,25453068326451
"MEMORY_COPY","MEMORY_COPY_HOST_TO_DEVICE",1,"Agent 0","Agent 1",35489,25453068418302,25453068438742
"MEMORY_COPY","MEMORY_COPY_DEVICE_TO_HOST",4,"Agent 1","Agent 0",35513,25453117059632,25453117110912
"MEMORY_COPY","MEMORY_COPY_HOST_TO_DEVICE",1,"Agent 0","Agent 1",35524,25453117732558,25453117738238
"MEMORY_COPY","MEMORY_COPY_HOST_TO_DEVICE",1,"Agent 0","Agent 1",35539,25453117837119,25453117856119
"MEMORY_COPY","MEMORY_COPY_DEVICE_TO_HOST",4,"Agent 1","Agent 0",35563,25453166365007,25453166408888
"MEMORY_COPY","MEMORY_COPY_DEVICE_TO_HOST",1,"Agent 1","Agent 0",35669,25453247128934,25453247137774
"MEMORY_COPY","MEMORY_COPY_DEVICE_TO_HOST",1,"Agent 1","Agent 0",35672,25453247220025,25453247227985
"MEMORY_COPY","MEMORY_COPY_DEVICE_TO_HOST",1,"Agent 1","Agent 0",35675,25453247255435,25453247263355
"MEMORY_COPY","MEMORY_COPY_DEVICE_TO_HOST",1,"Agent 1","Agent 0",35678,25453247306556,25453247316876
"MEMORY_COPY","MEMORY_COPY_DEVICE_TO_HOST",1,"Agent 1","Agent 0",35681,25453247343456,25453247351416
"MEMORY_COPY","MEMORY_COPY_DEVICE_TO_HOST",1,"Agent 1","Agent 0",35684,25453247377177,25453247385417
"MEMORY_COPY","MEMORY_COPY_DEVICE_TO_HOST",1,"Agent 1","Agent 0",35687,25453247414537,25453247422897
"MEMORY_COPY","MEMORY_COPY_DEVICE_TO_HOST",1,"Agent 1","Agent 0",35690,25453247448477,25453247456397
"MEMORY_COPY","MEMORY_COPY_DEVICE_TO_HOST",1,"Agent 1","Agent 0",35693,25453247482307,25453247490388
"MEMORY_COPY","MEMORY_COPY_DEVICE_TO_HOST",1,"Agent 1","Agent 0",35696,25453247518528,25453247528168
"MEMORY_COPY","MEMORY_COPY_DEVICE_TO_HOST",1,"Agent 1","Agent 0",35699,25453247553078,25453247561118
"MEMORY_COPY","MEMORY_COPY_DEVICE_TO_HOST",1,"Agent 1","Agent 0",35702,25453247729810,25453247737730
"MEMORY_COPY","MEMORY_COPY_DEVICE_TO_HOST",1,"Agent 1","Agent 0",35705,25453247767370,25453247775330
"MEMORY_COPY","MEMORY_COPY_DEVICE_TO_HOST",1,"Agent 1","Agent 0",35708,25453247802120,25453247810161
"MEMORY_COPY","MEMORY_COPY_DEVICE_TO_HOST",1,"Agent 1","Agent 0",35711,25453247835041,25453247842961
"MEMORY_COPY","MEMORY_COPY_DEVICE_TO_HOST",1,"Agent 1","Agent 0",35714,25453247871021,25453247878941
"MEMORY_COPY","MEMORY_COPY_DEVICE_TO_HOST",1,"Agent 1","Agent 0",35717,25453247905861,25453247913821
"MEMORY_COPY","MEMORY_COPY_DEVICE_TO_HOST",1,"Agent 1","Agent 0",35720,25453247939382,25453247947782
"MEMORY_COPY","MEMORY_COPY_DEVICE_TO_HOST",1,"Agent 1","Agent 0",35723,25453247978662,25453247986662
"MEMORY_COPY","MEMORY_COPY_DEVICE_TO_HOST",1,"Agent 1","Agent 0",35726,25453248018582,25453248026463
"MEMORY_COPY","MEMORY_COPY_DEVICE_TO_HOST",1,"Agent 1","Agent 0",35729,25453248053923,25453248061883
"MEMORY_COPY","MEMORY_COPY_DEVICE_TO_HOST",1,"Agent 1","Agent 0",35732,25453248091243,25453248099363
"MEMORY_COPY","MEMORY_COPY_DEVICE_TO_HOST",1,"Agent 1","Agent 0",35735,25453248128323,25453248136524
"MEMORY_COPY","MEMORY_COPY_DEVICE_TO_HOST",1,"Agent 1","Agent 0",35738,25453248165724,25453248173884
"MEMORY_COPY","MEMORY_COPY_DEVICE_TO_HOST",1,"Agent 1","Agent 0",35741,25453248202914,25453248211194
"MEMORY_COPY","MEMORY_COPY_DEVICE_TO_HOST",1,"Agent 1","Agent 0",35744,25453248238315,25453248246315
"MEMORY_COPY","MEMORY_COPY_DEVICE_TO_HOST",1,"Agent 1","Agent 0",35747,25453248276195,25453248284155
"MEMORY_COPY","MEMORY_COPY_DEVICE_TO_HOST",1,"Agent 1","Agent 0",35750,25453248313865,25453248322665
"MEMORY_COPY","MEMORY_COPY_DEVICE_TO_HOST",1,"Agent 1","Agent 0",35753,25453248354176,25453248363736
"MEMORY_COPY","MEMORY_COPY_DEVICE_TO_HOST",1,"Agent 1","Agent 0",35756,25453248394956,25453248403876
"MEMORY_COPY","MEMORY_COPY_DEVICE_TO_HOST",1,"Agent 1","Agent 0",35759,25453248440356,25453248450516
"MEMORY_COPY","MEMORY_COPY_DEVICE_TO_HOST",1,"Agent 1","Agent 0",35762,25453248487397,25453248496437
"MEMORY_COPY","MEMORY_COPY_DEVICE_TO_HOST",1,"Agent 1","Agent 0",35765,25453248525837,25453248533957
"MEMORY_COPY","MEMORY_COPY_DEVICE_TO_HOST",1,"Agent 1","Agent 0",35768,25453248571168,25453248583488
"MEMORY_COPY","MEMORY_COPY_DEVICE_TO_HOST",1,"Agent 1","Agent 0",35771,25453248616928,25453248625328
"MEMORY_COPY","MEMORY_COPY_DEVICE_TO_HOST",1,"Agent 1","Agent 0",35774,25453248650698,25453248658538
"MEMORY_COPY","MEMORY_COPY_DEVICE_TO_HOST",1,"Agent 1","Agent 0",35777,25453248690739,25453248698699
"MEMORY_COPY","MEMORY_COPY_DEVICE_TO_HOST",1,"Agent 1","Agent 0",35780,25453248727189,25453248735349
"MEMORY_COPY","MEMORY_COPY_DEVICE_TO_HOST",1,"Agent 1","Agent 0",35783,25453248765519,25453248773519
"MEMORY_COPY","MEMORY_COPY_DEVICE_TO_HOST",1,"Agent 1","Agent 0",35786,25453248801070,25453248809030
"MEMORY_COPY","MEMORY_COPY_DEVICE_TO_HOST",1,"Agent 1","Agent 0",35789,25453248837870,25453248845870
"MEMORY_COPY","MEMORY_COPY_DEVICE_TO_HOST",1,"Agent 1","Agent 0",35792,25453248872090,25453248880210
"MEMORY_COPY","MEMORY_COPY_DEVICE_TO_HOST",1,"Agent 1","Agent 0",35795,25453248911771,25453248919691
"MEMORY_COPY","MEMORY_COPY_DEVICE_TO_HOST",1,"Agent 1","Agent 0",35798,25453248947241,25453248955321
"MEMORY_COPY","MEMORY_COPY_DEVICE_TO_HOST",1,"Agent 1","Agent 0",35801,25453248983121,25453248993762
"MEMORY_COPY","MEMORY_COPY_DEVICE_TO_HOST",1,"Agent 1","Agent 0",35804,25453249033012,25453249040932
"MEMORY_COPY","MEMORY_COPY_DEVICE_TO_HOST",1,"Agent 1","Agent 0",35807,25453249078422,25453249086422
"MEMORY_COPY","MEMORY_COPY_DEVICE_TO_HOST",1,"Agent 1","Agent 0",35810,25453249119943,25453249129743
"MEMORY_COPY","MEMORY_COPY_DEVICE_TO_HOST",1,"Agent 1","Agent 0",35813,25453249268724,25453249435926
"MEMORY_COPY","MEMORY_COPY_DEVICE_TO_HOST",1,"Agent 1","Agent 0",35816,25453249523066,25453249704268
"MEMORY_COPY","MEMORY_COPY_DEVICE_TO_HOST",1,"Agent 1","Agent 0",35819,25453249840689,25453250052971
"MEMORY_COPY","MEMORY_COPY_DEVICE_TO_HOST",1,"Agent 1","Agent 0",35822,25453250236233,25453250426475
"MEMORY_COPY","MEMORY_COPY_DEVICE_TO_HOST",1,"Agent 1","Agent 0",35825,25453250608367,25453250800848
"MEMORY_COPY","MEMORY_COPY_DEVICE_TO_HOST",1,"Agent 1","Agent 0",35828,25453250980670,25453251217672
"MEMORY_COPY","MEMORY_COPY_DEVICE_TO_HOST",1,"Agent 1","Agent 0",35831,25453251415664,25453251553625
"MEMORY_COPY","MEMORY_COPY_DEVICE_TO_HOST",1,"Agent 1","Agent 0",35834,25453251736407,25453251944649
"MEMORY_COPY","MEMORY_COPY_DEVICE_TO_HOST",1,"Agent 1","Agent 0",35837,25453252128241,25453252259962
"MEMORY_COPY","MEMORY_COPY_DEVICE_TO_HOST",1,"Agent 1","Agent 0",35840,25453252441164,25453252664526
"MEMORY_COPY","MEMORY_COPY_DEVICE_TO_HOST",1,"Agent 1","Agent 0",35843,25453252851717,25453253057719
"MEMORY_COPY","MEMORY_COPY_DEVICE_TO_HOST",1,"Agent 1","Agent 0",35846,25453253239041,25453253440603
"MEMORY_COPY","MEMORY_COPY_DEVICE_TO_HOST",1,"Agent 1","Agent 0",35849,25453253616734,25453253807496
"MEMORY_COPY","MEMORY_COPY_DEVICE_TO_HOST",1,"Agent 1","Agent 0",35852,25453253966468,25453254145389
"MEMORY_COPY","MEMORY_COPY_DEVICE_TO_HOST",1,"Agent 1","Agent 0",35855,25453254306631,25453254437512
"MEMORY_COPY","MEMORY_COPY_DEVICE_TO_HOST",1,"Agent 1","Agent 0",35858,25453254575333,25453254715575
"MEMORY_COPY","MEMORY_COPY_DEVICE_TO_HOST",1,"Agent 1","Agent 0",35861,25453254847076,25453254990557
"MEMORY_COPY","MEMORY_COPY_DEVICE_TO_HOST",1,"Agent 1","Agent 0",35864,25453255126568,25453255284170
"MEMORY_COPY","MEMORY_COPY_DEVICE_TO_HOST",1,"Agent 1","Agent 0",35867,25453255425231,25453255581033
"MEMORY_COPY","MEMORY_COPY_DEVICE_TO_HOST",1,"Agent 1","Agent 0",35870,25453255711104,25453255849745
"MEMORY_COPY","MEMORY_COPY_DEVICE_TO_HOST",1,"Agent 1","Agent 0",35873,25453255977216,25453256115698
"MEMORY_COPY","MEMORY_COPY_DEVICE_TO_HOST",1,"Agent 1","Agent 0",35876,25453256245859,25453256377260
"MEMORY_COPY","MEMORY_COPY_DEVICE_TO_HOST",1,"Agent 1","Agent 0",35879,25453256485051,25453256624012
"MEMORY_COPY","MEMORY_COPY_DEVICE_TO_HOST",1,"Agent 1","Agent 0",35882,25453256726253,25453256870015
"MEMORY_COPY","MEMORY_COPY_DEVICE_TO_HOST",1,"Agent 1","Agent 0",35885,25453256979386,25453257120707
"MEMORY_COPY","MEMORY_COPY_DEVICE_TO_HOST",1,"Agent 1","Agent 0",35888,25453257234618,25453257395380
"MEMORY_COPY","MEMORY_COPY_DEVICE_TO_HOST",1,"Agent 1","Agent 0",35891,25453257509231,25453257656232
"MEMORY_COPY","MEMORY_COPY_DEVICE_TO_HOST",1,"Agent 1","Agent 0",35894,25453257744683,25453257916204
"MEMORY_COPY","MEMORY_COPY_DEVICE_TO_HOST",1,"Agent 1","Agent 0",35897,25453257993185,25453258145667
"MEMORY_COPY","MEMORY_COPY_DEVICE_TO_HOST",1,"Agent 1","Agent 0",35900,25453258222707,25453258392629
"MEMORY_COPY","MEMORY_COPY_DEVICE_TO_HOST",1,"Agent 1","Agent 0",35903,25453258554970,25453258724892
"MEMORY_COPY","MEMORY_COPY_DEVICE_TO_HOST",1,"Agent 1","Agent 0",35906,25453258848253,25453259025495
"MEMORY_COPY","MEMORY_COPY_DEVICE_TO_HOST",1,"Agent 1","Agent 0",35909,25453259126386,25453259338508
"MEMORY_COPY","MEMORY_COPY_DEVICE_TO_HOST",1,"Agent 1","Agent 0",35912,25453259423058,25453259590380
"MEMORY_COPY","MEMORY_COPY_DEVICE_TO_HOST",1,"Agent 1","Agent 0",35915,25453259656781,25453259825182
"MEMORY_COPY","MEMORY_COPY_DEVICE_TO_HOST",1,"Agent 1","Agent 0",35918,25453259887713,25453260057034
"MEMORY_COPY","MEMORY_COPY_DEVICE_TO_HOST",1,"Agent 1","Agent 0",35921,25453260117195,25453260288236
"MEMORY_COPY","MEMORY_COPY_DEVICE_TO_HOST",1,"Agent 1","Agent 0",35924,25453260345157,25453260514038
"MEMORY_COPY","MEMORY_COPY_DEVICE_TO_HOST",1,"Agent 1","Agent 0",35927,25453260570179,25453260738941
"MEMORY_COPY","MEMORY_COPY_DEVICE_TO_HOST",1,"Agent 1","Agent 0",35930,25453260805611,25453260982733
"MEMORY_COPY","MEMORY_COPY_DEVICE_TO_HOST",1,"Agent 1","Agent 0",35933,25453261071674,25453261253115
"MEMORY_COPY","MEMORY_COPY_DEVICE_TO_HOST",1,"Agent 1","Agent 0",35936,25453261406807,25453261580008
"MEMORY_COPY","MEMORY_COPY_DEVICE_TO_HOST",1,"Agent 1","Agent 0",35939,25453261744520,25453261962522
"MEMORY_COPY","MEMORY_COPY_DEVICE_TO_HOST",1,"Agent 1","Agent 0",35942,25453262161714,25453262362476
"MEMORY_COPY","MEMORY_COPY_DEVICE_TO_HOST",1,"Agent 1","Agent 0",35945,25453262505897,25453262677019
"MEMORY_COPY","MEMORY_COPY_DEVICE_TO_HOST",1,"Agent 1","Agent 0",35948,25453262829300,25453262998742
"MEMORY_COPY","MEMORY_COPY_DEVICE_TO_HOST",1,"Agent 1","Agent 0",35951,25453263158803,25453263328165
"MEMORY_COPY","MEMORY_COPY_DEVICE_TO_HOST",1,"Agent 1","Agent 0",35954,25453263483586,25453263656188
"MEMORY_COPY","MEMORY_COPY_HOST_TO_DEVICE",1,"Agent 0","Agent 1",35959,25453266649655,25453267222581
"MEMORY_COPY","MEMORY_COPY_HOST_TO_DEVICE",1,"Agent 0","Agent 1",35974,25453267319602,25453267336322
"MEMORY_COPY","MEMORY_COPY_HOST_TO_DEVICE",1,"Agent 0","Agent 1",35990,25453267448373,25453267480053
"MEMORY_COPY","MEMORY_COPY_DEVICE_TO_HOST",1,"Agent 1","Agent 0",43885,25454121431197,25454121440437
"MEMORY_COPY","MEMORY_COPY_DEVICE_TO_HOST",1,"Agent 1","Agent 0",43888,25454121545138,25454121555298
"MEMORY_COPY","MEMORY_COPY_DEVICE_TO_HOST",1,"Agent 1","Agent 0",43891,25454121601409,25454121609809
"MEMORY_COPY","MEMORY_COPY_DEVICE_TO_HOST",1,"Agent 1","Agent 0",43894,25454121648309,25454121656509
"MEMORY_COPY","MEMORY_COPY_DEVICE_TO_HOST",1,"Agent 1","Agent 0",43897,25454121688869,25454121696790
"MEMORY_COPY","MEMORY_COPY_DEVICE_TO_HOST",1,"Agent 1","Agent 0",43900,25454121729230,25454121737510
"MEMORY_COPY","MEMORY_COPY_DEVICE_TO_HOST",1,"Agent 1","Agent 0",43903,25454121813721,25454121824401
"MEMORY_COPY","MEMORY_COPY_DEVICE_TO_HOST",1,"Agent 1","Agent 0",43906,25454121862971,25454121870771
"MEMORY_COPY","MEMORY_COPY_DEVICE_TO_HOST",1,"Agent 1","Agent 0",43909,25454121906171,25454121915172
"MEMORY_COPY","MEMORY_COPY_DEVICE_TO_HOST",1,"Agent 1","Agent 0",43912,25454121951652,25454121961532
"MEMORY_COPY","MEMORY_COPY_DEVICE_TO_HOST",1,"Agent 1","Agent 0",43915,25454121997352,25454122005672
"MEMORY_COPY","MEMORY_COPY_DEVICE_TO_HOST",1,"Agent 1","Agent 0",43918,25454122053123,25454122064043
"MEMORY_COPY","MEMORY_COPY_DEVICE_TO_HOST",1,"Agent 1","Agent 0",43921,25454122103593,25454122114433
"MEMORY_COPY","MEMORY_COPY_DEVICE_TO_HOST",1,"Agent 1","Agent 0",43924,25454122153904,25454122163584
"MEMORY_COPY","MEMORY_COPY_DEVICE_TO_HOST",1,"Agent 1","Agent 0",43927,25454122205464,25454122214784
"MEMORY_COPY","MEMORY_COPY_DEVICE_TO_HOST",1,"Agent 1","Agent 0",43930,25454122251875,25454122262355
"MEMORY_COPY","MEMORY_COPY_DEVICE_TO_HOST",1,"Agent 1","Agent 0",43933,25454122316405,25454122325845
"MEMORY_COPY","MEMORY_COPY_DEVICE_TO_HOST",1,"Agent 1","Agent 0",43936,25454122375206,25454122385686
"MEMORY_COPY","MEMORY_COPY_DEVICE_TO_HOST",1,"Agent 1","Agent 0",43939,25454122424306,25454122432586
"MEMORY_COPY","MEMORY_COPY_DEVICE_TO_HOST",1,"Agent 1","Agent 0",43942,25454122464747,25454122472587
"MEMORY_COPY","MEMORY_COPY_DEVICE_TO_HOST",1,"Agent 1","Agent 0",43945,25454122516057,25454122525777
"MEMORY_COPY","MEMORY_COPY_DEVICE_TO_HOST",1,"Agent 1","Agent 0",43948,25454122566958,25454122575238
"MEMORY_COPY","MEMORY_COPY_DEVICE_TO_HOST",1,"Agent 1","Agent 0",43951,25454122608948,25454122617068
"MEMORY_COPY","MEMORY_COPY_DEVICE_TO_HOST",1,"Agent 1","Agent 0",43954,25454122649018,25454122656778
"MEMORY_COPY","MEMORY_COPY_DEVICE_TO_HOST",1,"Agent 1","Agent 0",43957,25454122685489,25454122693409
"MEMORY_COPY","MEMORY_COPY_DEVICE_TO_HOST",1,"Agent 1","Agent 0",43960,25454122724569,25454122733889
"MEMORY_COPY","MEMORY_COPY_DEVICE_TO_HOST",1,"Agent 1","Agent 0",43963,25454122769940,25454122778300
"MEMORY_COPY","MEMORY_COPY_DEVICE_TO_HOST",1,"Agent 1","Agent 0",43966,25454122808940,25454122818580
"MEMORY_COPY","MEMORY_COPY_DEVICE_TO_HOST",1,"Agent 1","Agent 0",43969,25454122852510,25454122861350
"MEMORY_COPY","MEMORY_COPY_DEVICE_TO_HOST",1,"Agent 1","Agent 0",43972,25454122894391,25454122902391
"MEMORY_COPY","MEMORY_COPY_DEVICE_TO_HOST",1,"Agent 1","Agent 0",43975,25454122933171,25454122940971
"MEMORY_COPY","MEMORY_COPY_DEVICE_TO_HOST",1,"Agent 1","Agent 0",43978,25454122970181,25454122978381
"MEMORY_COPY","MEMORY_COPY_DEVICE_TO_HOST",1,"Agent 1","Agent 0",43981,25454123061262,25454123071782
"MEMORY_COPY","MEMORY_COPY_DEVICE_TO_HOST",1,"Agent 1","Agent 0",43984,25454123108013,25454123118093
"MEMORY_COPY","MEMORY_COPY_DEVICE_TO_HOST",1,"Agent 1","Agent 0",43987,25454123152103,25454123160143
"MEMORY_COPY","MEMORY_COPY_DEVICE_TO_HOST",1,"Agent 1","Agent 0",43990,25454123194183,25454123202304
"MEMORY_COPY","MEMORY_COPY_DEVICE_TO_HOST",1,"Agent 1","Agent 0",43993,25454123232424,25454123240544
"MEMORY_COPY","MEMORY_COPY_DEVICE_TO_HOST",1,"Agent 1","Agent 0",43996,25454123271694,25454123279614
"MEMORY_COPY","MEMORY_COPY_DEVICE_TO_HOST",1,"Agent 1","Agent 0",43999,25454123311825,25454123319945
"MEMORY_COPY","MEMORY_COPY_DEVICE_TO_HOST",1,"Agent 1","Agent 0",44002,25454123346935,25454123354815
"MEMORY_COPY","MEMORY_COPY_DEVICE_TO_HOST",1,"Agent 1","Agent 0",44005,25454123381585,25454123389825
"MEMORY_COPY","MEMORY_COPY_DEVICE_TO_HOST",1,"Agent 1","Agent 0",44008,25454123421606,25454123431326
"MEMORY_COPY","MEMORY_COPY_DEVICE_TO_HOST",1,"Agent 1","Agent 0",44011,25454123458226,25454123466146
"MEMORY_COPY","MEMORY_COPY_DEVICE_TO_HOST",1,"Agent 1","Agent 0",44014,25454123494126,25454123502726
"MEMORY_COPY","MEMORY_COPY_DEVICE_TO_HOST",1,"Agent 1","Agent 0",44017,25454123534877,25454123543557
"MEMORY_COPY","MEMORY_COPY_DEVICE_TO_HOST",1,"Agent 1","Agent 0",44020,25454123574477,25454123582397
"MEMORY_COPY","MEMORY_COPY_DEVICE_TO_HOST",1,"Agent 1","Agent 0",44023,25454123613817,25454123623457
"MEMORY_COPY","MEMORY_COPY_DEVICE_TO_HOST",1,"Agent 1","Agent 0",44026,25454123657028,25454123665468
"MEMORY_COPY","MEMORY_COPY_DEVICE_TO_HOST",1,"Agent 1","Agent 0",44029,25454123795359,25454123955321
"MEMORY_COPY","MEMORY_COPY_DEVICE_TO_HOST",1,"Agent 1","Agent 0",44032,25454124076842,25454124315764
"MEMORY_COPY","MEMORY_COPY_DEVICE_TO_HOST",1,"Agent 1","Agent 0",44035,25454124411535,25454124594856
"MEMORY_COPY","MEMORY_COPY_DEVICE_TO_HOST",1,"Agent 1","Agent 0",44038,25454124713588,25454124928510
"MEMORY_COPY","MEMORY_COPY_DEVICE_TO_HOST",1,"Agent 1","Agent 0",44041,25454125050451,25454125245733
"MEMORY_COPY","MEMORY_COPY_DEVICE_TO_HOST",1,"Agent 1","Agent 0",44044,25454125332893,25454125486975
"MEMORY_COPY","MEMORY_COPY_DEVICE_TO_HOST",1,"Agent 1","Agent 0",44047,25454125570486,25454125722927
"MEMORY_COPY","MEMORY_COPY_DEVICE_TO_HOST",1,"Agent 1","Agent 0",44050,25454125835488,25454126000850
"MEMORY_COPY","MEMORY_COPY_DEVICE_TO_HOST",1,"Agent 1","Agent 0",44053,25454126091900,25454126274342
"MEMORY_COPY","MEMORY_COPY_DEVICE_TO_HOST",1,"Agent 1","Agent 0",44056,25454126357443,25454126560645
"MEMORY_COPY","MEMORY_COPY_DEVICE_TO_HOST",1,"Agent 1","Agent 0",44059,25454126657156,25454126827237
"MEMORY_COPY","MEMORY_COPY_DEVICE_TO_HOST",1,"Agent 1","Agent 0",44062,25454126919348,25454127071789
"MEMORY_COPY","MEMORY_COPY_DEVICE_TO_HOST",1,"Agent 1","Agent 0",44065,25454127157100,25454127309902
"MEMORY_COPY","MEMORY_COPY_DEVICE_TO_HOST",1,"Agent 1","Agent 0",44068,25454127430923,25454127572164
"MEMORY_COPY","MEMORY_COPY_DEVICE_TO_HOST",1,"Agent 1","Agent 0",44071,25454127697305,25454127859187
"MEMORY_COPY","MEMORY_COPY_DEVICE_TO_HOST",1,"Agent 1","Agent 0",44074,25454127942208,25454128138169
"MEMORY_COPY","MEMORY_COPY_DEVICE_TO_HOST",1,"Agent 1","Agent 0",44077,25454128332181,25454128509423
"MEMORY_COPY","MEMORY_COPY_DEVICE_TO_HOST",1,"Agent 1","Agent 0",44080,25454128632644,25454128816086
"MEMORY_COPY","MEMORY_COPY_DEVICE_TO_HOST",1,"Agent 1","Agent 0",44083,25454128944267,25454129123429
"MEMORY_COPY","MEMORY_COPY_DEVICE_TO_HOST",1,"Agent 1","Agent 0",44086,25454129280820,25454129462542
"MEMORY_COPY","MEMORY_COPY_DEVICE_TO_HOST",1,"Agent 1","Agent 0",44089,25454129603593,25454129796955
"MEMORY_COPY","MEMORY_COPY_DEVICE_TO_HOST",1,"Agent 1","Agent 0",44092,25454129920336,25454130120338
"MEMORY_COPY","MEMORY_COPY_DEVICE_TO_HOST",1,"Agent 1","Agent 0",44095,25454130213199,25454130338920
"MEMORY_COPY","MEMORY_COPY_DEVICE_TO_HOST",1,"Agent 1","Agent 0",44098,25454130424001,25454130551602
"MEMORY_COPY","MEMORY_COPY_DEVICE_TO_HOST",1,"Agent 1","Agent 0",44101,25454130713773,25454130847935
"MEMORY_COPY","MEMORY_COPY_DEVICE_TO_HOST",1,"Agent 1","Agent 0",44104,25454131035516,25454131191438
"MEMORY_COPY","MEMORY_COPY_DEVICE_TO_HOST",1,"Agent 1","Agent 0",44107,25454131346379,25454131488781
"MEMORY_COPY","MEMORY_COPY_DEVICE_TO_HOST",1,"Agent 1","Agent 0",44110,25454131671732,25454131805133
"MEMORY_COPY","MEMORY_COPY_DEVICE_TO_HOST",1,"Agent 1","Agent 0",44113,25454131956745,25454132099386
"MEMORY_COPY","MEMORY_COPY_DEVICE_TO_HOST",1,"Agent 1","Agent 0",44116,25454132259788,25454132395349
"MEMORY_COPY","MEMORY_COPY_DEVICE_TO_HOST",1,"Agent 1","Agent 0",44119,25454132577961,25454132741962
"MEMORY_COPY","MEMORY_COPY_DEVICE_TO_HOST",1,"Agent 1","Agent 0",44122,25454132933094,25454133117176
"MEMORY_COPY","MEMORY_COPY_DEVICE_TO_HOST",1,"Agent 1","Agent 0",44125,25454133290507,25454133452229
"MEMORY_COPY","MEMORY_COPY_DEVICE_TO_HOST",1,"Agent 1","Agent 0",44128,25454133613760,25454133753882
"MEMORY_COPY","MEMORY_COPY_DEVICE_TO_HOST",1,"Agent 1","Agent 0",44131,25454133903683,25454134055684
"MEMORY_COPY","MEMORY_COPY_DEVICE_TO_HOST",1,"Agent 1","Agent 0",44134,25454134240146,25454134378227
"MEMORY_COPY","MEMORY_COPY_DEVICE_TO_HOST",1,"Agent 1","Agent 0",44137,25454134580319,25454134709600
"MEMORY_COPY","MEMORY_COPY_DEVICE_TO_HOST",1,"Agent 1","Agent 0",44140,25454134863072,25454135024273
"MEMORY_COPY","MEMORY_COPY_DEVICE_TO_HOST",1,"Agent 1","Agent 0",44143,25454135161715,25454135317956
"MEMORY_COPY","MEMORY_COPY_DEVICE_TO_HOST",1,"Agent 1","Agent 0",44146,25454135416597,25454135599559
"MEMORY_COPY","MEMORY_COPY_DEVICE_TO_HOST",1,"Agent 1","Agent 0",44149,25454135682060,25454135839021
"MEMORY_COPY","MEMORY_COPY_DEVICE_TO_HOST",1,"Agent 1","Agent 0",44152,25454135956662,25454136174584
"MEMORY_COPY","MEMORY_COPY_DEVICE_TO_HOST",1,"Agent 1","Agent 0",44155,25454136287895,25454136509297
"MEMORY_COPY","MEMORY_COPY_DEVICE_TO_HOST",1,"Agent 1","Agent 0",44158,25454136660129,25454136897851
"MEMORY_COPY","MEMORY_COPY_DEVICE_TO_HOST",1,"Agent 1","Agent 0",44161,25454137066512,25454137304075
"MEMORY_COPY","MEMORY_COPY_DEVICE_TO_HOST",1,"Agent 1","Agent 0",44164,25454137464086,25454137666368
"MEMORY_COPY","MEMORY_COPY_DEVICE_TO_HOST",1,"Agent 1","Agent 0",44167,25454137803369,25454138033291
"MEMORY_COPY","MEMORY_COPY_DEVICE_TO_HOST",1,"Agent 1","Agent 0",44170,25454138190873,25454138377835
"MEMORY_COPY","MEMORY_COPY_HOST_TO_DEVICE",1,"Agent 0","Agent 1",44175,25454142654174,25454143318541
"MEMORY_COPY","MEMORY_COPY_HOST_TO_DEVICE",1,"Agent 0","Agent 1",44190,25454143418211,25454143434612
"MEMORY_COPY","MEMORY_COPY_HOST_TO_DEVICE",1,"Agent 0","Agent 1",44206,25454143532413,25454143596093
"MEMORY_COPY","MEMORY_COPY_DEVICE_TO_HOST",1,"Agent 1","Agent 0",51750,25455046915502,25455046923942
"MEMORY_COPY","MEMORY_COPY_DEVICE_TO_HOST",1,"Agent 1","Agent 0",51753,25455046974572,25455046986372
"MEMORY_COPY","MEMORY_COPY_DEVICE_TO_HOST",1,"Agent 1","Agent 0",51756,25455047028903,25455047038303
"MEMORY_COPY","MEMORY_COPY_DEVICE_TO_HOST",1,"Agent 1","Agent 0",51759,25455047070013,25455047078373
"MEMORY_COPY","MEMORY_COPY_DEVICE_TO_HOST",1,"Agent 1","Agent 0",51762,25455047109343,25455047117504
"MEMORY_COPY","MEMORY_COPY_DEVICE_TO_HOST",1,"Agent 1","Agent 0",51765,25455047150024,25455047158584
"MEMORY_COPY","MEMORY_COPY_DEVICE_TO_HOST",1,"Agent 1","Agent 0",51768,25455047186254,25455047194574
"MEMORY_COPY","MEMORY_COPY_DEVICE_TO_HOST",1,"Agent 1","Agent 0",51771,25455047221945,25455047230105
"MEMORY_COPY","MEMORY_COPY_DEVICE_TO_HOST",1,"Agent 1","Agent 0",51774,25455047259805,25455047268165
"MEMORY_COPY","MEMORY_COPY_DEVICE_TO_HOST",1,"Agent 1","Agent 0",51777,25455047294775,25455047303295
"MEMORY_COPY","MEMORY_COPY_DEVICE_TO_HOST",1,"Agent 1","Agent 0",51780,25455047334056,25455047342376
"MEMORY_COPY","MEMORY_COPY_DEVICE_TO_HOST",1,"Agent 1","Agent 0",51783,25455047375006,25455047384206
"MEMORY_COPY","MEMORY_COPY_DEVICE_TO_HOST",1,"Agent 1","Agent 0",51786,25455047471877,25455047479917
"MEMORY_COPY","MEMORY_COPY_DEVICE_TO_HOST",1,"Agent 1","Agent 0",51789,25455047506407,25455047514647
"MEMORY_COPY","MEMORY_COPY_DEVICE_TO_HOST",1,"Agent 1","Agent 0",51792,25455047542908,25455047550828
"MEMORY_COPY","MEMORY_COPY_DEVICE_TO_HOST",1,"Agent 1","Agent 0",51795,25455047577358,25455047585558
"MEMORY_COPY","MEMORY_COPY_DEVICE_TO_HOST",1,"Agent 1","Agent 0",51798,25455047616338,25455047624338
"MEMORY_COPY","MEMORY_COPY_DEVICE_TO_HOST",1,"Agent 1","Agent 0",51801,25455047657619,25455047668779
"MEMORY_COPY","MEMORY_COPY_DEVICE_TO_HOST",1,"Agent 1","Agent 0",51804,25455047773150,25455047781110
"MEMORY_COPY","MEMORY_COPY_DEVICE_TO_HOST",1,"Agent 1","Agent 0",51807,25455047812830,25455047820750
"MEMORY_COPY","MEMORY_COPY_DEVICE_TO_HOST",1,"Agent 1","Agent 0",51810,25455047849900,25455047857820
"MEMORY_COPY","MEMORY_COPY_DEVICE_TO_HOST",1,"Agent 1","Agent 0",51813,25455047885021,25455047893181
"MEMORY_COPY","MEMORY_COPY_DEVICE_TO_HOST",1,"Agent 1","Agent 0",51816,25455047922041,25455047930521
"MEMORY_COPY","MEMORY_COPY_DEVICE_TO_HOST",1,"Agent 1","Agent 0",51819,25455047962671,25455047970551
"MEMORY_COPY","MEMORY_COPY_DEVICE_TO_HOST",1,"Agent 1","Agent 0",51822,25455047998322,25455048008482
"MEMORY_COPY","MEMORY_COPY_DEVICE_TO_HOST",1,"Agent 1","Agent 0",51825,25455048047452,25455048055372
"MEMORY_COPY","MEMORY_COPY_DEVICE_TO_HOST",1,"Agent 1","Agent 0",51828,25455048087353,25455048095353
"MEMORY_COPY","MEMORY_COPY_DEVICE_TO_HOST",1,"Agent 1","Agent 0",51831,25455048122263,25455048130503
"MEMORY_COPY","MEMORY_COPY_DEVICE_TO_HOST",1,"Agent 1","Agent 0",51834,25455048162833,25455048172193
"MEMORY_COPY","MEMORY_COPY_DEVICE_TO_HOST",1,"Agent 1","Agent 0",51837,25455048207544,25455048216024
"MEMORY_COPY","MEMORY_COPY_DEVICE_TO_HOST",1,"Agent 1","Agent 0",51840,25455048248624,25455048256864
"MEMORY_COPY","MEMORY_COPY_DEVICE_TO_HOST",1,"Agent 1","Agent 0",51843,25455048287734,25455048296935
"MEMORY_COPY","MEMORY_COPY_DEVICE_TO_HOST",1,"Agent 1","Agent 0",51846,25455048331305,25455048339225
"MEMORY_COPY","MEMORY_COPY_DEVICE_TO_HOST",1,"Agent 1","Agent 0",51849,25455048367905,25455048375945
"MEMORY_COPY","MEMORY_COPY_DEVICE_TO_HOST",1,"Agent 1","Agent 0",51852,25455048406556,25455048414516
"MEMORY_COPY","MEMORY_COPY_DEVICE_TO_HOST",1,"Agent 1","Agent 0",51855,25455048443716,25455048451796
"MEMORY_COPY","MEMORY_COPY_DEVICE_TO_HOST",1,"Agent 1","Agent 0",51858,25455048478816,25455048486936
"MEMORY_COPY","MEMORY_COPY_DEVICE_TO_HOST",1,"Agent 1","Agent 0",51861,25455048513087,25455048521167
"MEMORY_COPY","MEMORY_COPY_DEVICE_TO_HOST",1,"Agent 1","Agent 0",51864,25455048550487,25455048558447
"MEMORY_COPY","MEMORY_COPY_DEVICE_TO_HOST",1,"Agent 1","Agent 0",51867,25455048586047,25455048594247
"MEMORY_COPY","MEMORY_COPY_DEVICE_TO_HOST",1,"Agent 1","Agent 0",51870,25455048623518,25455048631478
"MEMORY_COPY","MEMORY_COPY_DEVICE_TO_HOST",1,"Agent 1","Agent 0",51873,25455048717658,25455048725979
"MEMORY_COPY","MEMORY_COPY_DEVICE_TO_HOST",1,"Agent 1","Agent 0",51876,25455048753909,25455048761989
"MEMORY_COPY","MEMORY_COPY_DEVICE_TO_HOST",1,"Agent 1","Agent 0",51879,25455048789969,25455048798609
"MEMORY_COPY","MEMORY_COPY_DEVICE_TO_HOST",1,"Agent 1","Agent 0",51882,25455048829299,25455048837820
"MEMORY_COPY","MEMORY_COPY_DEVICE_TO_HOST",1,"Agent 1","Agent 0",51885,25455048868560,25455048876720
"MEMORY_COPY","MEMORY_COPY_DEVICE_TO_HOST",1,"Agent 1","Agent 0",51888,25455048902650,25455048910610
"MEMORY_COPY","MEMORY_COPY_DEVICE_TO_HOST",1,"Agent 1","Agent 0",51891,25455048944651,25455048952531
"MEMORY_COPY","MEMORY_COPY_DEVICE_TO_HOST",1,"Agent 1","Agent 0",51894,25455049118652,25455049315614
"MEMORY_COPY","MEMORY_COPY_DEVICE_TO_HOST",1,"Agent 1","Agent 0",51897,25455049415265,25455049622707
"MEMORY_COPY","MEMORY_COPY_DEVICE_TO_HOST",1,"Agent 1","Agent 0",51900,25455049712198,25455049867119
"MEMORY_COPY","MEMORY_COPY_DEVICE_TO_HOST",1,"Agent 1","Agent 0",51903,25455049971870,25455050133712
"MEMORY_COPY","MEMORY_COPY_DEVICE_TO_HOST",1,"Agent 1","Agent 0",51906,25455050224462,25455050382664
"MEMORY_COPY","MEMORY_COPY_DEVICE_TO_HOST",1,"Agent 1","Agent 0",51909,25455050472115,25455050618116
"MEMORY_COPY","MEMORY_COPY_DEVICE_TO_HOST",1,"Agent 1","Agent 0",51912,25455050704587,25455050848068
"MEMORY_COPY","MEMORY_COPY_DEVICE_TO_HOST",1,"Agent 1","Agent 0",51915,25455050935579,25455051097061
"MEMORY_COPY","MEMORY_COPY_DEVICE_TO_HOST",1,"Agent 1","Agent 0",51918,25455051190331,25455051394813
"MEMORY_COPY","MEMORY_COPY_DEVICE_TO_HOST",1,"Agent 1","Agent 0",51921,25455051489964,25455051633166
"MEMORY_COPY","MEMORY_COPY_DEVICE_TO_HOST",1,"Agent 1","Agent 0",51924,25455051720506,25455051871228
"MEMORY_COPY","MEMORY_COPY_DEVICE_TO_HOST",1,"Agent 1","Agent 0",51927,25455051958169,25455052118890
"MEMORY_COPY","MEMORY_COPY_DEVICE_TO_HOST",1,"Agent 1","Agent 0",51930,25455052205871,25455052385953
"MEMORY_COPY","MEMORY_COPY_DEVICE_TO_HOST",1,"Agent 1","Agent 0",51933,25455052480453,25455052660975
"MEMORY_COPY","MEMORY_COPY_DEVICE_TO_HOST",1,"Agent 1","Agent 0",51936,25455052746666,25455052920668
"MEMORY_COPY","MEMORY_COPY_DEVICE_TO_HOST",1,"Agent 1","Agent 0",51939,25455053010108,25455053192350
"MEMORY_COPY","MEMORY_COPY_DEVICE_TO_HOST",1,"Agent 1","Agent 0",51942,25455053279371,25455053474133
"MEMORY_COPY","MEMORY_COPY_DEVICE_TO_HOST",1,"Agent 1","Agent 0",51945,25455053558453,25455053726135
"MEMORY_COPY","MEMORY_COPY_DEVICE_TO_HOST",1,"Agent 1","Agent 0",51948,25455053827186,25455054051708
"MEMORY_COPY","MEMORY_COPY_DEVICE_TO_HOST",1,"Agent 1","Agent 0",51951,25455054152699,25455054334541
"MEMORY_COPY","MEMORY_COPY_DEVICE_TO_HOST",1,"Agent 1","Agent 0",51954,25455054425802,25455054582043
"MEMORY_COPY","MEMORY_COPY_DEVICE_TO_HOST",1,"Agent 1","Agent 0",51957,25455054667434,25455054808995
"MEMORY_COPY","MEMORY_COPY_DEVICE_TO_HOST",1,"Agent 1","Agent 0",51960,25455054894706,25455055033707
"MEMORY_COPY","MEMORY_COPY_DEVICE_TO_HOST",1,"Agent 1","Agent 0",51963,25455055126298,25455055259139
"MEMORY_COPY","MEMORY_COPY_DEVICE_TO_HOST",1,"Agent 1","Agent 0",51966,25455055343990,25455055481271
"MEMORY_COPY","MEMORY_COPY_DEVICE_TO_HOST",1,"Agent 1","Agent 0",51969,25455055568012,25455055699413
"MEMORY_COPY","MEMORY_COPY_DEVICE_TO_HOST",1,"Agent 1","Agent 0",51972,25455055791074,25455055923075
"MEMORY_COPY","MEMORY_COPY_DEVICE_TO_HOST",1,"Agent 1","Agent 0",51975,25455056018906,25455056166788
"MEMORY_COPY","MEMORY_COPY_DEVICE_TO_HOST",1,"Agent 1","Agent 0",51978,25455056264639,25455056474561
"MEMORY_COPY","MEMORY_COPY_DEVICE_TO_HOST",1,"Agent 1","Agent 0",51981,25455056566851,25455056747213
"MEMORY_COPY","MEMORY_COPY_DEVICE_TO_HOST",1,"Agent 1","Agent 0",51984,25455056836144,25455057040106
"MEMORY_COPY","MEMORY_COPY_DEVICE_TO_HOST",1,"Agent 1","Agent 0",51987,25455057220748,25455057409749
"MEMORY_COPY","MEMORY_COPY_DEVICE_TO_HOST",1,"Agent 1","Agent 0",51990,25455057620501,25455057780703
"MEMORY_COPY","MEMORY_COPY_DEVICE_TO_HOST",1,"Agent 1","Agent 0",51993,25455058081436,25455058259517
"MEMORY_COPY","MEMORY_COPY_DEVICE_TO_HOST",1,"Agent 1","Agent 0",51996,25455058514020,25455058651101
"MEMORY_COPY","MEMORY_COPY_DEVICE_TO_HOST",1,"Agent 1","Agent 0",51999,25455058811712,25455058978834
"MEMORY_COPY","MEMORY_COPY_DEVICE_TO_HOST",1,"Agent 1","Agent 0",52002,25455059098585,25455059264507
"MEMORY_COPY","MEMORY_COPY_DEVICE_TO_HOST",1,"Agent 1","Agent 0",52005,25455059373848,25455059532009
"MEMORY_COPY","MEMORY_COPY_DEVICE_TO_HOST",1,"Agent 1","Agent 0",52008,25455059636360,25455059845402
"MEMORY_COPY","MEMORY_COPY_DEVICE_TO_HOST",1,"Agent 1","Agent 0",52011,25455059932793,25455060132915
"MEMORY_COPY","MEMORY_COPY_DEVICE_TO_HOST",1,"Agent 1","Agent 0",52014,25455060234596,25455060409837
"MEMORY_COPY","MEMORY_COPY_DEVICE_TO_HOST",1,"Agent 1","Agent 0",52017,25455060497348,25455060719110
"MEMORY_COPY","MEMORY_COPY_DEVICE_TO_HOST",1,"Agent 1","Agent 0",52020,25455060798731,25455060947532
"MEMORY_COPY","MEMORY_COPY_DEVICE_TO_HOST",1,"Agent 1","Agent 0",52023,25455061027333,25455061187174
"MEMORY_COPY","MEMORY_COPY_DEVICE_TO_HOST",1,"Agent 1","Agent 0",52026,25455061244745,25455061430707
"MEMORY_COPY","MEMORY_COPY_DEVICE_TO_HOST",1,"Agent 1","Agent 0",52029,25455061496877,25455061691919
"MEMORY_COPY","MEMORY_COPY_DEVICE_TO_HOST",1,"Agent 1","Agent 0",52032,25455061772020,25455061941941
"MEMORY_COPY","MEMORY_COPY_DEVICE_TO_HOST",1,"Agent 1","Agent 0",52035,25455062025732,25455062301935
"MEMORY_COPY","MEMORY_COPY_HOST_TO_DEVICE",1,"Agent 0","Agent 1",52040,25455064316684,25455064325764
"MEMORY_COPY","MEMORY_COPY_HOST_TO_DEVICE",1,"Agent 0","Agent 1",52055,25455064422005,25455064440925
"MEMORY_COPY","MEMORY_COPY_DEVICE_TO_HOST",4,"Agent 1","Agent 0",58809,25455129451488,25455129503648
"MEMORY_COPY","MEMORY_COPY_HOST_TO_DEVICE",1,"Agent 0","Agent 1",58820,25455133040271,25455133045791
"MEMORY_COPY","MEMORY_COPY_HOST_TO_DEVICE",1,"Agent 0","Agent 1",58835,25455133143432,25455133160832
"MEMORY_COPY","MEMORY_COPY_DEVICE_TO_HOST",4,"Agent 1","Agent 0",64437,25455190758532,25455190802572
"MEMORY_COPY","MEMORY_COPY_HOST_TO_DEVICE",1,"Agent 0","Agent 1",64448,25455191661000,25455191666160
"MEMORY_COPY","MEMORY_COPY_HOST_TO_DEVICE",1,"Agent 0","Agent 1",64463,25455191761911,25455191777831
"MEMORY_COPY","MEMORY_COPY_DEVICE_TO_HOST",4,"Agent 1","Agent 0",70073,25455272764321,25455272826802
"MEMORY_COPY","MEMORY_COPY_HOST_TO_DEVICE",1,"Agent 0","Agent 1",70084,25455273448087,25455273453807
"MEMORY_COPY","MEMORY_COPY_HOST_TO_DEVICE",1,"Agent 0","Agent 1",70099,25455273555798,25455273574359
"MEMORY_COPY","MEMORY_COPY_DEVICE_TO_HOST",4,"Agent 1","Agent 0",70123,25455322597843,25455322648963
"MEMORY_COPY","MEMORY_COPY_HOST_TO_DEVICE",1,"Agent 0","Agent 1",70134,25455323358540,25455323363740
"MEMORY_COPY","MEMORY_COPY_HOST_TO_DEVICE",1,"Agent 0","Agent 1",70149,25455323464741,25455323483741
"MEMORY_COPY","MEMORY_COPY_DEVICE_TO_HOST",4,"Agent 1","Agent 0",70173,25455372579782,25455372639143
"MEMORY_COPY","MEMORY_COPY_HOST_TO_DEVICE",1,"Agent 0","Agent 1",70184,25455373305779,25455373311179
"MEMORY_COPY","MEMORY_COPY_HOST_TO_DEVICE",1,"Agent 0","Agent 1",70199,25455373410560,25455373429040
"MEMORY_COPY","MEMORY_COPY_DEVICE_TO_HOST",4,"Agent 1","Agent 0",70223,25455422458846,25455422504607
"MEMORY_COPY","MEMORY_COPY_HOST_TO_DEVICE",1,"Agent 0","Agent 1",70234,25455423223304,25455423228464
"MEMORY_COPY","MEMORY_COPY_HOST_TO_DEVICE",1,"Agent 0","Agent 1",70249,25455423323264,25455423341825
"MEMORY_COPY","MEMORY_COPY_DEVICE_TO_HOST",4,"Agent 1","Agent 0",70273,25455472280428,25455472338468
"MEMORY_COPY","MEMORY_COPY_HOST_TO_DEVICE",1,"Agent 0","Agent 1",70284,25455473003374,25455473008894
"MEMORY_COPY","MEMORY_COPY_HOST_TO_DEVICE",1,"Agent 0","Agent 1",70299,25455473105135,25455473123455
"MEMORY_COPY","MEMORY_COPY_DEVICE_TO_HOST",4,"Agent 1","Agent 0",70323,25455521877949,25455521930829
"MEMORY_COPY","MEMORY_COPY_HOST_TO_DEVICE",1,"Agent 0","Agent 1",70334,25455522636616,25455522642256
"MEMORY_COPY","MEMORY_COPY_HOST_TO_DEVICE",1,"Agent 0","Agent 1",70349,25455522737987,25455522758347
"MEMORY_COPY","MEMORY_COPY_DEVICE_TO_HOST",4,"Agent 1","Agent 0",70373,25455571699110,25455571757511
"MEMORY_COPY","MEMORY_COPY_HOST_TO_DEVICE",1,"Agent 0","Agent 1",70384,25455572505598,25455572512238
"MEMORY_COPY","MEMORY_COPY_HOST_TO_DEVICE",1,"Agent 0","Agent 1",70399,25455572613499,25455572633659
"MEMORY_COPY","MEMORY_COPY_DEVICE_TO_HOST",4,"Agent 1","Agent 0",70423,25455621528083,25455621575243
"MEMORY_COPY","MEMORY_COPY_HOST_TO_DEVICE",1,"Agent 0","Agent 1",70434,25455622286810,25455622291890
"MEMORY_COPY","MEMORY_COPY_HOST_TO_DEVICE",1,"Agent 0","Agent 1",70449,25455622384821,25455622403661
"MEMORY_COPY","MEMORY_COPY_DEVICE_TO_HOST",4,"Agent 1","Agent 0",70473,25455671374987,25455671424947
"MEMORY_COPY","MEMORY_COPY_HOST_TO_DEVICE",1,"Agent 0","Agent 1",70484,25455672414936,25455672420416
"MEMORY_COPY","MEMORY_COPY_HOST_TO_DEVICE",1,"Agent 0","Agent 1",70499,25455672519017,25455672537457
"MEMORY_COPY","MEMORY_COPY_DEVICE_TO_HOST",4,"Agent 1","Agent 0",70523,25455721654679,25455721702479
"MEMORY_COPY","MEMORY_COPY_HOST_TO_DEVICE",1,"Agent 0","Agent 1",70534,25455722448466,25455722454026
"MEMORY_COPY","MEMORY_COPY_HOST_TO_DEVICE",1,"Agent 0","Agent 1",70549,25455722545477,25455722563917
"MEMORY_COPY","MEMORY_COPY_DEVICE_TO_HOST",4,"Agent 1","Agent 0",70573,25455771697117,25455771739877
"MEMORY_COPY","MEMORY_COPY_HOST_TO_DEVICE",1,"Agent 0","Agent 1",70584,25455772404634,25455772409994
"MEMORY_COPY","MEMORY_COPY_HOST_TO_DEVICE",1,"Agent 0","Agent 1",70599,25455772503785,25455772522345
"MEMORY_COPY","MEMORY_COPY_DEVICE_TO_HOST",4,"Agent 1","Agent 0",70623,25455821662329,25455821710770
"MEMORY_COPY","MEMORY_COPY_HOST_TO_DEVICE",1,"Agent 0","Agent 1",70634,25455822453257,25455822459017
"MEMORY_COPY","MEMORY_COPY_HOST_TO_DEVICE",1,"Agent 0","Agent 1",70649,25455822557648,25455822576008
"MEMORY_COPY","MEMORY_COPY_DEVICE_TO_HOST",4,"Agent 1","Agent 0",70673,25455871690815,25455871745936
"MEMORY_COPY","MEMORY_COPY_HOST_TO_DEVICE",1,"Agent 0","Agent 1",70684,25455872540923,25455872546443
"MEMORY_COPY","MEMORY_COPY_HOST_TO_DEVICE",1,"Agent 0","Agent 1",70699,25455872654194,25455872672754
"MEMORY_COPY","MEMORY_COPY_DEVICE_TO_HOST",4,"Agent 1","Agent 0",70723,25455921887048,25455921960449
"MEMORY_COPY","MEMORY_COPY_HOST_TO_DEVICE",1,"Agent 0","Agent 1",70734,25455922635775,25455922641135
"MEMORY_COPY","MEMORY_COPY_HOST_TO_DEVICE",1,"Agent 0","Agent 1",70749,25455922735976,25455922754656
"MEMORY_COPY","MEMORY_COPY_DEVICE_TO_HOST",4,"Agent 1","Agent 0",70773,25455971963866,25455972023666
"MEMORY_COPY","MEMORY_COPY_HOST_TO_DEVICE",1,"Agent 0","Agent 1",70784,25455972741763,25455972747123
"MEMORY_COPY","MEMORY_COPY_HOST_TO_DEVICE",1,"Agent 0","Agent 1",70799,25455972842524,25455972860964
"MEMORY_COPY","MEMORY_COPY_DEVICE_TO_HOST",4,"Agent 1","Agent 0",70823,25456021855329,25456021900609
"MEMORY_COPY","MEMORY_COPY_HOST_TO_DEVICE",1,"Agent 0","Agent 1",70834,25456022676156,25456022681596
"MEMORY_COPY","MEMORY_COPY_HOST_TO_DEVICE",1,"Agent 0","Agent 1",70849,25456022782507,25456022801147
"MEMORY_COPY","MEMORY_COPY_DEVICE_TO_HOST",4,"Agent 1","Agent 0",70873,25456071930111,25456071972951
"MEMORY_COPY","MEMORY_COPY_HOST_TO_DEVICE",1,"Agent 0","Agent 1",70884,25456072677138,25456072682778
"MEMORY_COPY","MEMORY_COPY_HOST_TO_DEVICE",1,"Agent 0","Agent 1",70899,25456072774849,25456072793609
"MEMORY_COPY","MEMORY_COPY_DEVICE_TO_HOST",4,"Agent 1","Agent 0",70923,25456121943847,25456121986887
"MEMORY_COPY","MEMORY_COPY_HOST_TO_DEVICE",1,"Agent 0","Agent 1",70934,25456122632263,25456122637743
"MEMORY_COPY","MEMORY_COPY_HOST_TO_DEVICE",1,"Agent 0","Agent 1",70949,25456122729194,25456122747514
"MEMORY_COPY","MEMORY_COPY_DEVICE_TO_HOST",4,"Agent 1","Agent 0",70973,25456171736146,25456171815746
"MEMORY_COPY","MEMORY_COPY_HOST_TO_DEVICE",1,"Agent 0","Agent 1",70984,25456172658074,25456172663554
"MEMORY_COPY","MEMORY_COPY_HOST_TO_DEVICE",1,"Agent 0","Agent 1",70999,25456172766135,25456172785335
"MEMORY_COPY","MEMORY_COPY_DEVICE_TO_HOST",4,"Agent 1","Agent 0",71023,25456221962758,25456222023599
"MEMORY_COPY","MEMORY_COPY_HOST_TO_DEVICE",1,"Agent 0","Agent 1",71034,25456222670155,25456222675675
"MEMORY_COPY","MEMORY_COPY_HOST_TO_DEVICE",1,"Agent 0","Agent 1",71049,25456222765095,25456222783656
"MEMORY_COPY","MEMORY_COPY_DEVICE_TO_HOST",4,"Agent 1","Agent 0",71073,25456271881939,25456271930340
"MEMORY_COPY","MEMORY_COPY_HOST_TO_DEVICE",1,"Agent 0","Agent 1",71084,25456272637366,25456272642846
"MEMORY_COPY","MEMORY_COPY_HOST_TO_DEVICE",1,"Agent 0","Agent 1",71099,25456272734377,25456272752778
"MEMORY_COPY","MEMORY_COPY_DEVICE_TO_HOST",4,"Agent 1","Agent 0",71123,25456321721314,25456321770074
"MEMORY_COPY","MEMORY_COPY_HOST_TO_DEVICE",1,"Agent 0","Agent 1",71134,25456322400010,25456322406130
"MEMORY_COPY","MEMORY_COPY_HOST_TO_DEVICE",1,"Agent 0","Agent 1",71149,25456322563912,25456322584152
"MEMORY_COPY","MEMORY_COPY_DEVICE_TO_HOST",4,"Agent 1","Agent 0",71173,25456371513820,25456371579581
"MEMORY_COPY","MEMORY_COPY_HOST_TO_DEVICE",1,"Agent 0","Agent 1",71184,25456372346228,25456372352428
"MEMORY_COPY","MEMORY_COPY_HOST_TO_DEVICE",1,"Agent 0","Agent 1",71199,25456372447589,25456372467389
"MEMORY_COPY","MEMORY_COPY_DEVICE_TO_HOST",4,"Agent 1","Agent 0",71223,25456421638091,25456421683571
"MEMORY_COPY","MEMORY_COPY_HOST_TO_DEVICE",1,"Agent 0","Agent 1",71234,25456422343764,25456422348964
"MEMORY_COPY","MEMORY_COPY_HOST_TO_DEVICE",1,"Agent 0","Agent 1",71249,25456422436232,25456422454752
"MEMORY_COPY","MEMORY_COPY_DEVICE_TO_HOST",4,"Agent 1","Agent 0",71273,25456471625288,25456471669209
"MEMORY_COPY","MEMORY_COPY_HOST_TO_DEVICE",1,"Agent 0","Agent 1",71284,25456472312825,25456472317985
"MEMORY_COPY","MEMORY_COPY_HOST_TO_DEVICE",1,"Agent 0","Agent 1",71299,25456472456366,25456472474846
"MEMORY_COPY","MEMORY_COPY_DEVICE_TO_HOST",4,"Agent 1","Agent 0",71323,25456521419411,25456521467131
"MEMORY_COPY","MEMORY_COPY_HOST_TO_DEVICE",1,"Agent 0","Agent 1",71334,25456522125747,25456522131707
"MEMORY_COPY","MEMORY_COPY_HOST_TO_DEVICE",1,"Agent 0","Agent 1",71349,25456522221228,25456522239748
"MEMORY_COPY","MEMORY_COPY_DEVICE_TO_HOST",4,"Agent 1","Agent 0",71373,25456571176645,25456571224965
"MEMORY_COPY","MEMORY_COPY_HOST_TO_DEVICE",1,"Agent 0","Agent 1",71384,25456571881547,25456571886747
"MEMORY_COPY","MEMORY_COPY_HOST_TO_DEVICE",1,"Agent 0","Agent 1",71399,25456571975182,25456571993743
"MEMORY_COPY","MEMORY_COPY_DEVICE_TO_HOST",4,"Agent 1","Agent 0",71423,25456621005587,25456621057307
"MEMORY_COPY","MEMORY_COPY_HOST_TO_DEVICE",1,"Agent 0","Agent 1",71434,25456621760314,25456621766234
"MEMORY_COPY","MEMORY_COPY_HOST_TO_DEVICE",1,"Agent 0","Agent 1",71449,25456621882405,25456621901645
"MEMORY_COPY","MEMORY_COPY_DEVICE_TO_HOST",4,"Agent 1","Agent 0",71473,25456670940001,25456670991082
"MEMORY_COPY","MEMORY_COPY_HOST_TO_DEVICE",1,"Agent 0","Agent 1",71484,25456671651098,25456671656418
"MEMORY_COPY","MEMORY_COPY_HOST_TO_DEVICE",1,"Agent 0","Agent 1",71499,25456671753769,25456671772329
"MEMORY_COPY","MEMORY_COPY_DEVICE_TO_HOST",4,"Agent 1","Agent 0",71523,25456720829793,25456720891473
"MEMORY_COPY","MEMORY_COPY_HOST_TO_DEVICE",1,"Agent 0","Agent 1",71534,25456721634720,25456721640240
"MEMORY_COPY","MEMORY_COPY_HOST_TO_DEVICE",1,"Agent 0","Agent 1",71549,25456721748801,25456721768561
"MEMORY_COPY","MEMORY_COPY_DEVICE_TO_HOST",4,"Agent 1","Agent 0",71573,25456770870139,25456770933620
"MEMORY_COPY","MEMORY_COPY_HOST_TO_DEVICE",1,"Agent 0","Agent 1",71584,25456771620016,25456771625496
"MEMORY_COPY","MEMORY_COPY_HOST_TO_DEVICE",1,"Agent 0","Agent 1",71599,25456771720467,25456771739107
"MEMORY_COPY","MEMORY_COPY_DEVICE_TO_HOST",4,"Agent 1","Agent 0",71623,25456820719329,25456820767810
"MEMORY_COPY","MEMORY_COPY_HOST_TO_DEVICE",1,"Agent 0","Agent 1",71634,25456821478616,25456821483976
"MEMORY_COPY","MEMORY_COPY_HOST_TO_DEVICE",1,"Agent 0","Agent 1",71649,25456821574007,25456821592327
"MEMORY_COPY","MEMORY_COPY_DEVICE_TO_HOST",4,"Agent 1","Agent 0",71673,25456870608144,25456870674384
"MEMORY_COPY","MEMORY_COPY_HOST_TO_DEVICE",1,"Agent 0","Agent 1",71684,25456871407091,25456871412251
"MEMORY_COPY","MEMORY_COPY_HOST_TO_DEVICE",1,"Agent 0","Agent 1",71699,25456871501582,25456871520022
"MEMORY_COPY","MEMORY_COPY_DEVICE_TO_HOST",4,"Agent 1","Agent 0",71723,25456920666581,25456920722461
"MEMORY_COPY","MEMORY_COPY_HOST_TO_DEVICE",1,"Agent 0","Agent 1",71734,25456921419578,25456921424978
"MEMORY_COPY","MEMORY_COPY_HOST_TO_DEVICE",1,"Agent 0","Agent 1",71749,25456921515808,25456921534329
"MEMORY_COPY","MEMORY_COPY_DEVICE_TO_HOST",4,"Agent 1","Agent 0",71773,25456970688897,25456970763338
"MEMORY_COPY","MEMORY_COPY_HOST_TO_DEVICE",1,"Agent 0","Agent 1",71784,25456971593286,25456971598926
"MEMORY_COPY","MEMORY_COPY_HOST_TO_DEVICE",1,"Agent 0","Agent 1",71799,25456971695737,25456971714857
"MEMORY_COPY","MEMORY_COPY_DEVICE_TO_HOST",4,"Agent 1","Agent 0",71823,25457020808033,25457020878274
"MEMORY_COPY","MEMORY_COPY_HOST_TO_DEVICE",1,"Agent 0","Agent 1",71834,25457021648261,25457021653421
"MEMORY_COPY","MEMORY_COPY_HOST_TO_DEVICE",1,"Agent 0","Agent 1",71849,25457021755272,25457021774432
"MEMORY_COPY","MEMORY_COPY_DEVICE_TO_HOST",4,"Agent 1","Agent 0",71873,25457070879874,25457070926274
"MEMORY_COPY","MEMORY_COPY_HOST_TO_DEVICE",1,"Agent 0","Agent 1",71884,25457071478089,25457071483649
"MEMORY_COPY","MEMORY_COPY_HOST_TO_DEVICE",1,"Agent 0","Agent 1",71899,25457071628441,25457071647241
"MEMORY_COPY","MEMORY_COPY_DEVICE_TO_HOST",4,"Agent 1","Agent 0",71923,25457120733600,25457120785881
"MEMORY_COPY","MEMORY_COPY_HOST_TO_DEVICE",1,"Agent 0","Agent 1",71934,25457121558378,25457121563578
"MEMORY_COPY","MEMORY_COPY_HOST_TO_DEVICE",1,"Agent 0","Agent 1",71949,25457121657409,25457121676489
"MEMORY_COPY","MEMORY_COPY_DEVICE_TO_HOST",4,"Agent 1","Agent 0",71973,25457170685167,25457170740407
"MEMORY_COPY","MEMORY_COPY_HOST_TO_DEVICE",1,"Agent 0","Agent 1",71984,25457171541445,25457171546445
"MEMORY_COPY","MEMORY_COPY_HOST_TO_DEVICE",1,"Agent 0","Agent 1",71999,25457171635376,25457171654136
"MEMORY_COPY","MEMORY_COPY_DEVICE_TO_HOST",4,"Agent 1","Agent 0",72023,25457220713053,25457220762213
"MEMORY_COPY","MEMORY_COPY_HOST_TO_DEVICE",1,"Agent 0","Agent 1",72034,25457221459720,25457221465400
"MEMORY_COPY","MEMORY_COPY_HOST_TO_DEVICE",1,"Agent 0","Agent 1",72049,25457221563061,25457221581941
"MEMORY_COPY","MEMORY_COPY_DEVICE_TO_HOST",4,"Agent 1","Agent 0",72073,25457270746165,25457270800006
"MEMORY_COPY","MEMORY_COPY_HOST_TO_DEVICE",1,"Agent 0","Agent 1",72084,25457271559833,25457271565153
"MEMORY_COPY","MEMORY_COPY_HOST_TO_DEVICE",1,"Agent 0","Agent 1",72099,25457271657934,25457271678454
"MEMORY_COPY","MEMORY_COPY_DEVICE_TO_HOST",4,"Agent 1","Agent 0",72123,25457320854637,25457320911158
"MEMORY_COPY","MEMORY_COPY_HOST_TO_DEVICE",1,"Agent 0","Agent 1",72134,25457321690345,25457321695985
"MEMORY_COPY","MEMORY_COPY_HOST_TO_DEVICE",1,"Agent 0","Agent 1",72149,25457321787960,25457321806840
"MEMORY_COPY","MEMORY_COPY_DEVICE_TO_HOST",4,"Agent 1","Agent 0",72173,25457370881872,25457370938032
"MEMORY_COPY","MEMORY_COPY_HOST_TO_DEVICE",1,"Agent 0","Agent 1",72184,25457371593268,25457371598508
"MEMORY_COPY","MEMORY_COPY_HOST_TO_DEVICE",1,"Agent 0","Agent 1",72199,25457371691769,25457371710529
"MEMORY_COPY","MEMORY_COPY_DEVICE_TO_HOST",4,"Agent 1","Agent 0",72223,25457420798438,25457420857558
"MEMORY_COPY","MEMORY_COPY_HOST_TO_DEVICE",1,"Agent 0","Agent 1",72234,25457421545635,25457421551475
"MEMORY_COPY","MEMORY_COPY_HOST_TO_DEVICE",1,"Agent 0","Agent 1",72249,25457421654496,25457421674616
"MEMORY_COPY","MEMORY_COPY_DEVICE_TO_HOST",4,"Agent 1","Agent 0",72273,25457470711217,25457470768457
"MEMORY_COPY","MEMORY_COPY_HOST_TO_DEVICE",1,"Agent 0","Agent 1",72284,25457471525194,25457471530554
"MEMORY_COPY","MEMORY_COPY_HOST_TO_DEVICE",1,"Agent 0","Agent 1",72299,25457471635965,25457471654765
"MEMORY_COPY","MEMORY_COPY_DEVICE_TO_HOST",4,"Agent 1","Agent 0",72323,25457520662703,25457520724063
"MEMORY_COPY","MEMORY_COPY_HOST_TO_DEVICE",1,"Agent 0","Agent 1",72334,25457521434200,25457521439400
"MEMORY_COPY","MEMORY_COPY_HOST_TO_DEVICE",1,"Agent 0","Agent 1",72349,25457521528941,25457521547461
"MEMORY_COPY","MEMORY_COPY_DEVICE_TO_HOST",4,"Agent 1","Agent 0",72373,25457570517495,25457570576336
"MEMORY_COPY","MEMORY_COPY_HOST_TO_DEVICE",1,"Agent 0","Agent 1",72384,25457571245332,25457571250612
"MEMORY_COPY","MEMORY_COPY_HOST_TO_DEVICE",1,"Agent 0","Agent 1",72399,25457571343753,25457571362273
"MEMORY_COPY","MEMORY_COPY_DEVICE_TO_HOST",4,"Agent 1","Agent 0",72423,25457620450442,25457620513283
"MEMORY_COPY","MEMORY_COPY_HOST_TO_DEVICE",1,"Agent 0","Agent 1",72434,25457621204789,25457621210109
"MEMORY_COPY","MEMORY_COPY_HOST_TO_DEVICE",1,"Agent 0","Agent 1",72449,25457621312130,25457621330931
"MEMORY_COPY","MEMORY_COPY_DEVICE_TO_HOST",4,"Agent 1","Agent 0",72473,25457670539512,25457670584433
"MEMORY_COPY","MEMORY_COPY_HOST_TO_DEVICE",1,"Agent 0","Agent 1",72484,25457671185539,25457671190659
"MEMORY_COPY","MEMORY_COPY_HOST_TO_DEVICE",1,"Agent 0","Agent 1",72499,25457671277409,25457671296250
"MEMORY_COPY","MEMORY_COPY_DEVICE_TO_HOST",4,"Agent 1","Agent 0",72523,25457720125358,25457720168678
"MEMORY_COPY","MEMORY_COPY_HOST_TO_DEVICE",1,"Agent 0","Agent 1",72534,25457720747873,25457720753314
"MEMORY_COPY","MEMORY_COPY_HOST_TO_DEVICE",1,"Agent 0","Agent 1",72549,25457720843764,25457720863245
"MEMORY_COPY","MEMORY_COPY_DEVICE_TO_HOST",4,"Agent 1","Agent 0",72573,25457770025580,25457770081060
"MEMORY_COPY","MEMORY_COPY_HOST_TO_DEVICE",1,"Agent 0","Agent 1",72584,25457770799417,25457770804777
"MEMORY_COPY","MEMORY_COPY_HOST_TO_DEVICE",1,"Agent 0","Agent 1",72599,25457770897228,25457770915988
"MEMORY_COPY","MEMORY_COPY_DEVICE_TO_HOST",4,"Agent 1","Agent 0",72623,25457819875077,25457819926997
"MEMORY_COPY","MEMORY_COPY_HOST_TO_DEVICE",1,"Agent 0","Agent 1",72634,25457820565913,25457820570993
"MEMORY_COPY","MEMORY_COPY_HOST_TO_DEVICE",1,"Agent 0","Agent 1",72649,25457820658744,25457820677224
"MEMORY_COPY","MEMORY_COPY_DEVICE_TO_HOST",4,"Agent 1","Agent 0",72673,25457869526301,25457869584062
"MEMORY_COPY","MEMORY_COPY_HOST_TO_DEVICE",1,"Agent 0","Agent 1",72684,25457870242358,25457870247798
"MEMORY_COPY","MEMORY_COPY_HOST_TO_DEVICE",1,"Agent 0","Agent 1",72699,25457870343409,25457870362249
"MEMORY_COPY","MEMORY_COPY_DEVICE_TO_HOST",4,"Agent 1","Agent 0",72723,25457919345239,25457919395159
"MEMORY_COPY","MEMORY_COPY_HOST_TO_DEVICE",1,"Agent 0","Agent 1",72734,25457920153186,25457920158426
"MEMORY_COPY","MEMORY_COPY_HOST_TO_DEVICE",1,"Agent 0","Agent 1",72749,25457920249637,25457920268077
"MEMORY_COPY","MEMORY_COPY_DEVICE_TO_HOST",4,"Agent 1","Agent 0",72773,25457969309081,25457969373641
"MEMORY_COPY","MEMORY_COPY_HOST_TO_DEVICE",1,"Agent 0","Agent 1",72784,25457970065538,25457970070978
"MEMORY_COPY","MEMORY_COPY_HOST_TO_DEVICE",1,"Agent 0","Agent 1",72799,25457970167099,25457970185819
"MEMORY_COPY","MEMORY_COPY_DEVICE_TO_HOST",4,"Agent 1","Agent 0",72823,25458019350453,25458019396893
"MEMORY_COPY","MEMORY_COPY_HOST_TO_DEVICE",1,"Agent 0","Agent 1",72834,25458020060510,25458020065710
"MEMORY_COPY","MEMORY_COPY_HOST_TO_DEVICE",1,"Agent 0","Agent 1",72849,25458020163301,25458020187621
"MEMORY_COPY","MEMORY_COPY_DEVICE_TO_HOST",4,"Agent 1","Agent 0",72873,25458069361651,25458069405331
"MEMORY_COPY","MEMORY_COPY_HOST_TO_DEVICE",1,"Agent 0","Agent 1",72884,25458070023067,25458070028227
"MEMORY_COPY","MEMORY_COPY_HOST_TO_DEVICE",1,"Agent 0","Agent 1",72899,25458070124648,25458070143488
"MEMORY_COPY","MEMORY_COPY_DEVICE_TO_HOST",4,"Agent 1","Agent 0",72923,25458119232399,25458119316080
"MEMORY_COPY","MEMORY_COPY_HOST_TO_DEVICE",1,"Agent 0","Agent 1",72934,25458120354558,25458120360639
"MEMORY_COPY","MEMORY_COPY_HOST_TO_DEVICE",1,"Agent 0","Agent 1",72949,25458120481869,25458120503069
"MEMORY_COPY","MEMORY_COPY_DEVICE_TO_HOST",4,"Agent 1","Agent 0",72973,25458169657832,25458169708912
"MEMORY_COPY","MEMORY_COPY_HOST_TO_DEVICE",1,"Agent 0","Agent 1",72984,25458170376839,25458170381999
"MEMORY_COPY","MEMORY_COPY_HOST_TO_DEVICE",1,"Agent 0","Agent 1",72999,25458170474499,25458170494260
"MEMORY_COPY","MEMORY_COPY_DEVICE_TO_HOST",4,"Agent 1","Agent 0",73023,25458219530908,25458219589028
"MEMORY_COPY","MEMORY_COPY_HOST_TO_DEVICE",1,"Agent 0","Agent 1",73034,25458220354705,25458220360386
"MEMORY_COPY","MEMORY_COPY_HOST_TO_DEVICE",1,"Agent 0","Agent 1",73049,25458220457716,25458220476197
"MEMORY_COPY","MEMORY_COPY_DEVICE_TO_HOST",4,"Agent 1","Agent 0",73073,25458269579456,25458269626617
"MEMORY_COPY","MEMORY_COPY_HOST_TO_DEVICE",1,"Agent 0","Agent 1",73084,25458270509145,25458270514625
"MEMORY_COPY","MEMORY_COPY_HOST_TO_DEVICE",1,"Agent 0","Agent 1",73099,25458270612406,25458270631246
"MEMORY_COPY","MEMORY_COPY_DEVICE_TO_HOST",4,"Agent 1","Agent 0",73123,25458319577668,25458319620909
"MEMORY_COPY","MEMORY_COPY_HOST_TO_DEVICE",1,"Agent 0","Agent 1",73134,25458320261155,25458320266275
"MEMORY_COPY","MEMORY_COPY_HOST_TO_DEVICE",1,"Agent 0","Agent 1",73149,25458320356136,25458320374816
"MEMORY_COPY","MEMORY_COPY_DEVICE_TO_HOST",4,"Agent 1","Agent 0",73173,25458369612503,25458369670863
"MEMORY_COPY","MEMORY_COPY_HOST_TO_DEVICE",1,"Agent 0","Agent 1",73184,25458370291509,25458370297389
"MEMORY_COPY","MEMORY_COPY_HOST_TO_DEVICE",1,"Agent 0","Agent 1",73199,25458370389970,25458370408450
"MEMORY_COPY","MEMORY_COPY_DEVICE_TO_HOST",4,"Agent 1","Agent 0",73223,25458419481034,25458419554635
"MEMORY_COPY","MEMORY_COPY_HOST_TO_DEVICE",1,"Agent 0","Agent 1",73234,25458420441203,25458420446764
"MEMORY_COPY","MEMORY_COPY_HOST_TO_DEVICE",1,"Agent 0","Agent 1",73249,25458420558015,25458420576975
"MEMORY_COPY","MEMORY_COPY_DEVICE_TO_HOST",4,"Agent 1","Agent 0",73273,25458469897860,25458469959700
"MEMORY_COPY","MEMORY_COPY_HOST_TO_DEVICE",1,"Agent 0","Agent 1",73284,25458470632486,25458470638366
"MEMORY_COPY","MEMORY_COPY_HOST_TO_DEVICE",1,"Agent 0","Agent 1",73299,25458470796858,25458470815298
"MEMORY_COPY","MEMORY_COPY_DEVICE_TO_HOST",4,"Agent 1","Agent 0",73323,25458519909198,25458519963919
"MEMORY_COPY","MEMORY_COPY_HOST_TO_DEVICE",1,"Agent 0","Agent 1",73334,25458520694945,25458520700105
"MEMORY_COPY","MEMORY_COPY_HOST_TO_DEVICE",1,"Agent 0","Agent 1",73349,25458520803506,25458520822267
"MEMORY_COPY","MEMORY_COPY_DEVICE_TO_HOST",4,"Agent 1","Agent 0",73373,25458570001161,25458570067921
"MEMORY_COPY","MEMORY_COPY_HOST_TO_DEVICE",1,"Agent 0","Agent 1",73384,25458570817118,25458570822478
"MEMORY_COPY","MEMORY_COPY_HOST_TO_DEVICE",1,"Agent 0","Agent 1",73399,25458570914169,25458570932729
"MEMORY_COPY","MEMORY_COPY_DEVICE_TO_HOST",4,"Agent 1","Agent 0",73423,25458620060556,25458620126917
"MEMORY_COPY","MEMORY_COPY_HOST_TO_DEVICE",1,"Agent 0","Agent 1",73434,25458622086635,25458622091795
"MEMORY_COPY","MEMORY_COPY_HOST_TO_DEVICE",1,"Agent 0","Agent 1",73449,25458622185616,25458622204217
"MEMORY_COPY","MEMORY_COPY_DEVICE_TO_HOST",4,"Agent 1","Agent 0",79051,25458673105804,25458673145685
"MEMORY_COPY","MEMORY_COPY_HOST_TO_DEVICE",1,"Agent 0","Agent 1",79062,25458674121764,25458674127044
"MEMORY_COPY","MEMORY_COPY_HOST_TO_DEVICE",1,"Agent 0","Agent 1",79077,25458674219795,25458674235515
"MEMORY_COPY","MEMORY_COPY_DEVICE_TO_HOST",4,"Agent 1","Agent 0",84684,25458738612936,25458738659336
"MEMORY_COPY","MEMORY_COPY_HOST_TO_DEVICE",1,"Agent 0","Agent 1",84695,25458739415263,25458739420583
"MEMORY_COPY","MEMORY_COPY_HOST_TO_DEVICE",1,"Agent 0","Agent 1",84710,25458739585025,25458739603585
"MEMORY_COPY","MEMORY_COPY_DEVICE_TO_HOST",4,"Agent 1","Agent 0",84734,25458788726716,25458788781076
"MEMORY_COPY","MEMORY_COPY_HOST_TO_DEVICE",1,"Agent 0","Agent 1",84745,25458789417712,25458789422792
"MEMORY_COPY","MEMORY_COPY_HOST_TO_DEVICE",1,"Agent 0","Agent 1",84760,25458789512563,25458789530923
"MEMORY_COPY","MEMORY_COPY_DEVICE_TO_HOST",4,"Agent 1","Agent 0",84784,25458838594484,25458838655444
"MEMORY_COPY","MEMORY_COPY_HOST_TO_DEVICE",1,"Agent 0","Agent 1",84795,25458839324671,25458839330991
"MEMORY_COPY","MEMORY_COPY_HOST_TO_DEVICE",1,"Agent 0","Agent 1",84810,25458839430451,25458839449052
"MEMORY_COPY","MEMORY_COPY_DEVICE_TO_HOST",4,"Agent 1","Agent 0",84834,25458888435522,25458888480723
"MEMORY_COPY","MEMORY_COPY_HOST_TO_DEVICE",1,"Agent 0","Agent 1",84845,25458889174009,25458889179249
"MEMORY_COPY","MEMORY_COPY_HOST_TO_DEVICE",1,"Agent 0","Agent 1",84860,25458889276400,25458889296120
"MEMORY_COPY","MEMORY_COPY_DEVICE_TO_HOST",4,"Agent 1","Agent 0",84884,25458938334256,25458938381776
"MEMORY_COPY","MEMORY_COPY_HOST_TO_DEVICE",1,"Agent 0","Agent 1",84895,25458939078993,25458939084233
"MEMORY_COPY","MEMORY_COPY_HOST_TO_DEVICE",1,"Agent 0","Agent 1",84910,25458939181354,25458939199714
"MEMORY_COPY","MEMORY_COPY_DEVICE_TO_HOST",4,"Agent 1","Agent 0",84934,25458988414534,25458988462854
"MEMORY_COPY","MEMORY_COPY_HOST_TO_DEVICE",1,"Agent 0","Agent 1",84945,25458989158741,25458989163861
"MEMORY_COPY","MEMORY_COPY_HOST_TO_DEVICE",1,"Agent 0","Agent 1",84960,25458989258372,25458989277332
"MEMORY_COPY","MEMORY_COPY_DEVICE_TO_HOST",4,"Agent 1","Agent 0",84984,25459038448353,25459038493353
"MEMORY_COPY","MEMORY_COPY_HOST_TO_DEVICE",1,"Agent 0","Agent 1",84995,25459039127739,25459039133379
"MEMORY_COPY","MEMORY_COPY_HOST_TO_DEVICE",1,"Agent 0","Agent 1",85010,25459039222980,25459039241500
"MEMORY_COPY","MEMORY_COPY_DEVICE_TO_HOST",4,"Agent 1","Agent 0",85034,25459088350907,25459088397107
"MEMORY_COPY","MEMORY_COPY_HOST_TO_DEVICE",1,"Agent 0","Agent 1",85045,25459089105114,25459089110594
"MEMORY_COPY","MEMORY_COPY_HOST_TO_DEVICE",1,"Agent 0","Agent 1",85060,25459089338416,25459089356616
"MEMORY_COPY","MEMORY_COPY_DEVICE_TO_HOST",4,"Agent 1","Agent 0",85084,25459138534489,25459138588610
"MEMORY_COPY","MEMORY_COPY_HOST_TO_DEVICE",1,"Agent 0","Agent 1",85095,25459139253736,25459139259336
"MEMORY_COPY","MEMORY_COPY_HOST_TO_DEVICE",1,"Agent 0","Agent 1",85110,25459139357277,25459139376957
"MEMORY_COPY","MEMORY_COPY_DEVICE_TO_HOST",4,"Agent 1","Agent 0",85134,25459188510723,25459188597524
"MEMORY_COPY","MEMORY_COPY_HOST_TO_DEVICE",1,"Agent 0","Agent 1",85145,25459189300302,25459189305943
"MEMORY_COPY","MEMORY_COPY_HOST_TO_DEVICE",1,"Agent 0","Agent 1",85160,25459189420212,25459189438972
"MEMORY_COPY","MEMORY_COPY_DEVICE_TO_HOST",4,"Agent 1","Agent 0",85184,25459238542233,25459238602913
"MEMORY_COPY","MEMORY_COPY_HOST_TO_DEVICE",1,"Agent 0","Agent 1",85195,25459239539492,25459239544972
"MEMORY_COPY","MEMORY_COPY_HOST_TO_DEVICE",1,"Agent 0","Agent 1",85210,25459239661933,25459239680734
"MEMORY_COPY","MEMORY_COPY_DEVICE_TO_HOST",4,"Agent 1","Agent 0",85234,25459288846866,25459288891146
"MEMORY_COPY","MEMORY_COPY_HOST_TO_DEVICE",1,"Agent 0","Agent 1",85245,25459289505813,25459289511333
"MEMORY_COPY","MEMORY_COPY_HOST_TO_DEVICE",1,"Agent 0","Agent 1",85260,25459289602070,25459289620710
"MEMORY_COPY","MEMORY_COPY_DEVICE_TO_HOST",4,"Agent 1","Agent 0",85284,25459338622282,25459338673043
"MEMORY_COPY","MEMORY_COPY_HOST_TO_DEVICE",1,"Agent 0","Agent 1",85295,25459339372689,25459339378249
"MEMORY_COPY","MEMORY_COPY_HOST_TO_DEVICE",1,"Agent 0","Agent 1",85310,25459339468230,25459339486870
"MEMORY_COPY","MEMORY_COPY_DEVICE_TO_HOST",4,"Agent 1","Agent 0",85334,25459388566957,25459388616157
"MEMORY_COPY","MEMORY_COPY_HOST_TO_DEVICE",1,"Agent 0","Agent 1",85345,25459389362094,25459389367735
"MEMORY_COPY","MEMORY_COPY_HOST_TO_DEVICE",1,"Agent 0","Agent 1",85360,25459389457125,25459389475686
"MEMORY_COPY","MEMORY_COPY_DEVICE_TO_HOST",4,"Agent 1","Agent 0",85384,25459438767757,25459438812478
"MEMORY_COPY","MEMORY_COPY_HOST_TO_DEVICE",1,"Agent 0","Agent 1",85395,25459439416222,25459439421422
"MEMORY_COPY","MEMORY_COPY_HOST_TO_DEVICE",1,"Agent 0","Agent 1",85410,25459439581165,25459439599525
"MEMORY_COPY","MEMORY_COPY_DEVICE_TO_HOST",4,"Agent 1","Agent 0",85434,25459488694726,25459488739727
"MEMORY_COPY","MEMORY_COPY_HOST_TO_DEVICE",1,"Agent 0","Agent 1",85445,25459489386433,25459489391833
"MEMORY_COPY","MEMORY_COPY_HOST_TO_DEVICE",1,"Agent 0","Agent 1",85460,25459489484104,25459489502464
"MEMORY_COPY","MEMORY_COPY_DEVICE_TO_HOST",4,"Agent 1","Agent 0",85484,25459538728532,25459538776773
"MEMORY_COPY","MEMORY_COPY_HOST_TO_DEVICE",1,"Agent 0","Agent 1",85495,25459539529770,25459539535250
"MEMORY_COPY","MEMORY_COPY_HOST_TO_DEVICE",1,"Agent 0","Agent 1",85510,25459539626736,25459539645136
"MEMORY_COPY","MEMORY_COPY_DEVICE_TO_HOST",4,"Agent 1","Agent 0",85534,25459588720322,25459588774683
"MEMORY_COPY","MEMORY_COPY_HOST_TO_DEVICE",1,"Agent 0","Agent 1",85545,25459589461499,25459589467020
"MEMORY_COPY","MEMORY_COPY_HOST_TO_DEVICE",1,"Agent 0","Agent 1",85560,25459589557040,25459589575601
"MEMORY_COPY","MEMORY_COPY_DEVICE_TO_HOST",4,"Agent 1","Agent 0",85584,25459638713852,25459638758132
"MEMORY_COPY","MEMORY_COPY_HOST_TO_DEVICE",1,"Agent 0","Agent 1",85595,25459639418608,25459639423729
"MEMORY_COPY","MEMORY_COPY_HOST_TO_DEVICE",1,"Agent 0","Agent 1",85610,25459639515629,25459639533990
"MEMORY_COPY","MEMORY_COPY_DEVICE_TO_HOST",4,"Agent 1","Agent 0",85634,25459688548260,25459688594421
"MEMORY_COPY","MEMORY_COPY_HOST_TO_DEVICE",1,"Agent 0","Agent 1",85645,25459689329858,25459689335298
"MEMORY_COPY","MEMORY_COPY_HOST_TO_DEVICE",1,"Agent 0","Agent 1",85660,25459689425049,25459689443609
"MEMORY_COPY","MEMORY_COPY_DEVICE_TO_HOST",4,"Agent 1","Agent 0",85684,25459738514961,25459738558442
"MEMORY_COPY","MEMORY_COPY_HOST_TO_DEVICE",1,"Agent 0","Agent 1",85695,25459739229838,25459739235038
"MEMORY_COPY","MEMORY_COPY_HOST_TO_DEVICE",1,"Agent 0","Agent 1",85710,25459739327679,25459739346199
"MEMORY_COPY","MEMORY_COPY_DEVICE_TO_HOST",4,"Agent 1","Agent 0",85734,25459788390597,25459788442597
"MEMORY_COPY","MEMORY_COPY_HOST_TO_DEVICE",1,"Agent 0","Agent 1",85745,25459789129484,25459789134764
"MEMORY_COPY","MEMORY_COPY_HOST_TO_DEVICE",1,"Agent 0","Agent 1",85760,25459789301425,25459789319946
"MEMORY_COPY","MEMORY_COPY_DEVICE_TO_HOST",4,"Agent 1","Agent 0",85784,25459838359444,25459838403644
"MEMORY_COPY","MEMORY_COPY_HOST_TO_DEVICE",1,"Agent 0","Agent 1",85795,25459839063241,25459839068401
"MEMORY_COPY","MEMORY_COPY_HOST_TO_DEVICE",1,"Agent 0","Agent 1",85810,25459839163522,25459839182122
"MEMORY_COPY","MEMORY_COPY_DEVICE_TO_HOST",4,"Agent 1","Agent 0",85834,25459888264798,25459888321398
"MEMORY_COPY","MEMORY_COPY_HOST_TO_DEVICE",1,"Agent 0","Agent 1",85845,25459889052615,25459889057775
"MEMORY_COPY","MEMORY_COPY_HOST_TO_DEVICE",1,"Agent 0","Agent 1",85860,25459889151046,25459889169606
"MEMORY_COPY","MEMORY_COPY_DEVICE_TO_HOST",4,"Agent 1","Agent 0",85884,25459938319039,25459938367159
"MEMORY_COPY","MEMORY_COPY_HOST_TO_DEVICE",1,"Agent 0","Agent 1",85895,25459939059706,25459939065186
"MEMORY_COPY","MEMORY_COPY_HOST_TO_DEVICE",1,"Agent 0","Agent 1",85910,25459939167167,25459939186007
"MEMORY_COPY","MEMORY_COPY_DEVICE_TO_HOST",4,"Agent 1","Agent 0",85934,25459988194583,25459988238023
"MEMORY_COPY","MEMORY_COPY_HOST_TO_DEVICE",1,"Agent 0","Agent 1",85945,25459988883059,25459988888259
"MEMORY_COPY","MEMORY_COPY_HOST_TO_DEVICE",1,"Agent 0","Agent 1",85960,25459988980130,25459988998730
"MEMORY_COPY","MEMORY_COPY_DEVICE_TO_HOST",4,"Agent 1","Agent 0",85984,25460038091708,25460038138229
"MEMORY_COPY","MEMORY_COPY_HOST_TO_DEVICE",1,"Agent 0","Agent 1",85995,25460038871406,25460038876566
"MEMORY_COPY","MEMORY_COPY_HOST_TO_DEVICE",1,"Agent 0","Agent 1",86010,25460038969556,25460038987837
"MEMORY_COPY","MEMORY_COPY_DEVICE_TO_HOST",4,"Agent 1","Agent 0",86034,25460088134902,25460088178183
"MEMORY_COPY","MEMORY_COPY_HOST_TO_DEVICE",1,"Agent 0","Agent 1",86045,25460088825749,25460088830869
"MEMORY_COPY","MEMORY_COPY_HOST_TO_DEVICE",1,"Agent 0","Agent 1",86060,25460088920900,25460088939220
"MEMORY_COPY","MEMORY_COPY_DEVICE_TO_HOST",4,"Agent 1","Agent 0",86084,25460138066252,25460138110133
"MEMORY_COPY","MEMORY_COPY_HOST_TO_DEVICE",1,"Agent 0","Agent 1",86095,25460138771939,25460138777019
"MEMORY_COPY","MEMORY_COPY_HOST_TO_DEVICE",1,"Agent 0","Agent 1",86110,25460138937991,25460138956311
"MEMORY_COPY","MEMORY_COPY_DEVICE_TO_HOST",4,"Agent 1","Agent 0",86134,25460188030565,25460188077925
"MEMORY_COPY","MEMORY_COPY_HOST_TO_DEVICE",1,"Agent 0","Agent 1",86145,25460188786872,25460188792112
"MEMORY_COPY","MEMORY_COPY_HOST_TO_DEVICE",1,"Agent 0","Agent 1",86160,25460188939694,25460188958214
"MEMORY_COPY","MEMORY_COPY_DEVICE_TO_HOST",4,"Agent 1","Agent 0",86184,25460238046569,25460238090450
"MEMORY_COPY","MEMORY_COPY_HOST_TO_DEVICE",1,"Agent 0","Agent 1",86195,25460238775513,25460238780633
"MEMORY_COPY","MEMORY_COPY_HOST_TO_DEVICE",1,"Agent 0","Agent 1",86210,25460238874997,25460238894077
"MEMORY_COPY","MEMORY_COPY_DEVICE_TO_HOST",4,"Agent 1","Agent 0",86234,25460287806561,25460287861921
"MEMORY_COPY","MEMORY_COPY_HOST_TO_DEVICE",1,"Agent 0","Agent 1",86245,25460288469777,25460288475257
"MEMORY_COPY","MEMORY_COPY_HOST_TO_DEVICE",1,"Agent 0","Agent 1",86260,25460288569188,25460288587668
"MEMORY_COPY","MEMORY_COPY_DEVICE_TO_HOST",4,"Agent 1","Agent 0",86284,25460337610150,25460337667350
"MEMORY_COPY","MEMORY_COPY_HOST_TO_DEVICE",1,"Agent 0","Agent 1",86295,25460338467588,25460338473148
"MEMORY_COPY","MEMORY_COPY_HOST_TO_DEVICE",1,"Agent 0","Agent 1",86310,25460338568899,25460338587379
"MEMORY_COPY","MEMORY_COPY_DEVICE_TO_HOST",4,"Agent 1","Agent 0",86334,25460387746287,25460387799088
"MEMORY_COPY","MEMORY_COPY_HOST_TO_DEVICE",1,"Agent 0","Agent 1",86345,25460388535955,25460388541435
"MEMORY_COPY","MEMORY_COPY_HOST_TO_DEVICE",1,"Agent 0","Agent 1",86360,25460388692426,25460388711027
"MEMORY_COPY","MEMORY_COPY_DEVICE_TO_HOST",4,"Agent 1","Agent 0",86384,25460440341225,25460440391546
"MEMORY_COPY","MEMORY_COPY_HOST_TO_DEVICE",1,"Agent 0","Agent 1",86395,25460441046942,25460441052542
"MEMORY_COPY","MEMORY_COPY_HOST_TO_DEVICE",1,"Agent 0","Agent 1",86410,25460441265764,25460441284524
"MEMORY_COPY","MEMORY_COPY_DEVICE_TO_HOST",4,"Agent 1","Agent 0",86434,25460490649155,25460490698235
"MEMORY_COPY","MEMORY_COPY_HOST_TO_DEVICE",1,"Agent 0","Agent 1",86445,25460491442712,25460491448072
"MEMORY_COPY","MEMORY_COPY_HOST_TO_DEVICE",1,"Agent 0","Agent 1",86460,25460491616944,25460491635384
"MEMORY_COPY","MEMORY_COPY_DEVICE_TO_HOST",4,"Agent 1","Agent 0",86484,25460540799328,25460540849328
"MEMORY_COPY","MEMORY_COPY_HOST_TO_DEVICE",1,"Agent 0","Agent 1",86495,25460541510595,25460541515875
"MEMORY_COPY","MEMORY_COPY_HOST_TO_DEVICE",1,"Agent 0","Agent 1",86510,25460541611995,25460541630476
"MEMORY_COPY","MEMORY_COPY_DEVICE_TO_HOST",4,"Agent 1","Agent 0",86534,25460590663338,25460590710898
"MEMORY_COPY","MEMORY_COPY_HOST_TO_DEVICE",1,"Agent 0","Agent 1",86545,25460591396175,25460591401455
"MEMORY_COPY","MEMORY_COPY_HOST_TO_DEVICE",1,"Agent 0","Agent 1",86560,25460591497506,25460591516106
"MEMORY_COPY","MEMORY_COPY_DEVICE_TO_HOST",4,"Agent 1","Agent 0",86584,25460640665244,25460640720285
"MEMORY_COPY","MEMORY_COPY_HOST_TO_DEVICE",1,"Agent 0","Agent 1",86595,25460641393751,25460641399031
"MEMORY_COPY","MEMORY_COPY_HOST_TO_DEVICE",1,"Agent 0","Agent 1",86610,25460641493362,25460641512042
"MEMORY_COPY","MEMORY_COPY_DEVICE_TO_HOST",4,"Agent 1","Agent 0",86634,25460690531993,25460690583874
"MEMORY_COPY","MEMORY_COPY_HOST_TO_DEVICE",1,"Agent 0","Agent 1",86645,25460691313451,25460691318931
"MEMORY_COPY","MEMORY_COPY_HOST_TO_DEVICE",1,"Agent 0","Agent 1",86660,25460691418332,25460691436732
"MEMORY_COPY","MEMORY_COPY_DEVICE_TO_HOST",4,"Agent 1","Agent 0",86684,25460740543333,25460740589453
"MEMORY_COPY","MEMORY_COPY_HOST_TO_DEVICE",1,"Agent 0","Agent 1",86695,25460741251130,25460741256850
"MEMORY_COPY","MEMORY_COPY_HOST_TO_DEVICE",1,"Agent 0","Agent 1",86710,25460741349971,25460741368971
"MEMORY_COPY","MEMORY_COPY_DEVICE_TO_HOST",4,"Agent 1","Agent 0",86734,25460790803983,25460790849664
"MEMORY_COPY","MEMORY_COPY_HOST_TO_DEVICE",1,"Agent 0","Agent 1",86745,25460791530850,25460791536250
"MEMORY_COPY","MEMORY_COPY_HOST_TO_DEVICE",1,"Agent 0","Agent 1",86760,25460791627011,25460791645571
"MEMORY_COPY","MEMORY_COPY_DEVICE_TO_HOST",4,"Agent 1","Agent 0",86784,25460840893016,25460840939416
"MEMORY_COPY","MEMORY_COPY_HOST_TO_DEVICE",1,"Agent 0","Agent 1",86795,25460841639083,25460841644683
"MEMORY_COPY","MEMORY_COPY_HOST_TO_DEVICE",1,"Agent 0","Agent 1",86810,25460841815834,25460841834595
"MEMORY_COPY","MEMORY_COPY_DEVICE_TO_HOST",4,"Agent 1","Agent 0",86834,25460890921600,25460890965760
"MEMORY_COPY","MEMORY_COPY_HOST_TO_DEVICE",1,"Agent 0","Agent 1",86845,25460891570966,25460891576286
"MEMORY_COPY","MEMORY_COPY_HOST_TO_DEVICE",1,"Agent 0","Agent 1",86860,25460891667677,25460891686237
"MEMORY_COPY","MEMORY_COPY_DEVICE_TO_HOST",4,"Agent 1","Agent 0",86884,25460940854448,25460940897929
"MEMORY_COPY","MEMORY_COPY_HOST_TO_DEVICE",1,"Agent 0","Agent 1",86895,25460941557175,25460941562295
"MEMORY_COPY","MEMORY_COPY_HOST_TO_DEVICE",1,"Agent 0","Agent 1",86910,25460941652446,25460941671046
"MEMORY_COPY","MEMORY_COPY_DEVICE_TO_HOST",4,"Agent 1","Agent 0",86934,25460990763896,25460990826177
"MEMORY_COPY","MEMORY_COPY_HOST_TO_DEVICE",1,"Agent 0","Agent 1",86945,25460991522283,25460991527363
"MEMORY_COPY","MEMORY_COPY_HOST_TO_DEVICE",1,"Agent 0","Agent 1",86960,25460991620164,25460991638524
"MEMORY_COPY","MEMORY_COPY_DEVICE_TO_HOST",4,"Agent 1","Agent 0",86984,25461040773248,25461040817448
"MEMORY_COPY","MEMORY_COPY_HOST_TO_DEVICE",1,"Agent 0","Agent 1",86995,25461041477725,25461041482885
"MEMORY_COPY","MEMORY_COPY_HOST_TO_DEVICE",1,"Agent 0","Agent 1",87010,25461041576595,25461041594996
"MEMORY_COPY","MEMORY_COPY_DEVICE_TO_HOST",4,"Agent 1","Agent 0",87034,25461090691352,25461090736193
"MEMORY_COPY","MEMORY_COPY_HOST_TO_DEVICE",1,"Agent 0","Agent 1",87045,25461091347669,25461091352989
"MEMORY_COPY","MEMORY_COPY_HOST_TO_DEVICE",1,"Agent 0","Agent 1",87060,25461091441840,25461091460440
"MEMORY_COPY","MEMORY_COPY_DEVICE_TO_HOST",4,"Agent 1","Agent 0",87084,25461140636793,25461140690913
"MEMORY_COPY","MEMORY_COPY_HOST_TO_DEVICE",1,"Agent 0","Agent 1",87095,25461141414560,25461141419840
"MEMORY_COPY","MEMORY_COPY_HOST_TO_DEVICE",1,"Agent 0","Agent 1",87110,25461141512121,25461141530721
"MEMORY_COPY","MEMORY_COPY_DEVICE_TO_HOST",4,"Agent 1","Agent 0",87134,25461190644271,25461190697671
"MEMORY_COPY","MEMORY_COPY_HOST_TO_DEVICE",1,"Agent 0","Agent 1",87145,25461191396508,25461191401628
"MEMORY_COPY","MEMORY_COPY_HOST_TO_DEVICE",1,"Agent 0","Agent 1",87160,25461191561009,25461191579570
"MEMORY_COPY","MEMORY_COPY_DEVICE_TO_HOST",4,"Agent 1","Agent 0",87184,25461240692262,25461240745943
"MEMORY_COPY","MEMORY_COPY_HOST_TO_DEVICE",1,"Agent 0","Agent 1",87195,25461241459429,25461241464669
"MEMORY_COPY","MEMORY_COPY_HOST_TO_DEVICE",1,"Agent 0","Agent 1",87210,25461241558250,25461241576530
"MEMORY_COPY","MEMORY_COPY_DEVICE_TO_HOST",4,"Agent 1","Agent 0",87234,25461290681384,25461290736945
"MEMORY_COPY","MEMORY_COPY_HOST_TO_DEVICE",1,"Agent 0","Agent 1",87245,25461291515672,25461291520792
"MEMORY_COPY","MEMORY_COPY_HOST_TO_DEVICE",1,"Agent 0","Agent 1",87260,25461291610893,25461291629213
"MEMORY_COPY","MEMORY_COPY_DEVICE_TO_HOST",4,"Agent 1","Agent 0",87284,25461340888319,25461340942080
"MEMORY_COPY","MEMORY_COPY_HOST_TO_DEVICE",1,"Agent 0","Agent 1",87295,25461341615796,25461341620916
"MEMORY_COPY","MEMORY_COPY_HOST_TO_DEVICE",1,"Agent 0","Agent 1",87310,25461341713597,25461341732237
"MEMORY_COPY","MEMORY_COPY_DEVICE_TO_HOST",4,"Agent 1","Agent 0",87334,25461390921059,25461390964819
"MEMORY_COPY","MEMORY_COPY_HOST_TO_DEVICE",1,"Agent 0","Agent 1",87345,25461391594415,25461391600015
"MEMORY_COPY","MEMORY_COPY_HOST_TO_DEVICE",1,"Agent 0","Agent 1",87360,25461391689136,25461391707576
"MEMORY_COPY","MEMORY_COPY_DEVICE_TO_HOST",4,"Agent 1","Agent 0",87384,25461440728914,25461440774354
"MEMORY_COPY","MEMORY_COPY_HOST_TO_DEVICE",1,"Agent 0","Agent 1",87395,25461441498631,25461441504151
"MEMORY_COPY","MEMORY_COPY_HOST_TO_DEVICE",1,"Agent 0","Agent 1",87410,25461441594872,25461441613312
"MEMORY_COPY","MEMORY_COPY_DEVICE_TO_HOST",4,"Agent 1","Agent 0",87434,25461490689346,25461490761066
"MEMORY_COPY","MEMORY_COPY_HOST_TO_DEVICE",1,"Agent 0","Agent 1",87445,25461491467973,25461491473373
"MEMORY_COPY","MEMORY_COPY_HOST_TO_DEVICE",1,"Agent 0","Agent 1",87460,25461491572064,25461491590704
"MEMORY_COPY","MEMORY_COPY_DEVICE_TO_HOST",4,"Agent 1","Agent 0",87484,25461540808769,25461540853530
"MEMORY_COPY","MEMORY_COPY_HOST_TO_DEVICE",1,"Agent 0","Agent 1",87494,25461545721846,25461545733606
"MEMORY_COPY","MEMORY_COPY_HOST_TO_DEVICE",1,"Agent 0","Agent 1",87497,25461545768756,25461545779836
"MEMORY_COPY","MEMORY_COPY_HOST_TO_DEVICE",1,"Agent 0","Agent 1",87500,25461545809137,25461545820017
"MEMORY_COPY","MEMORY_COPY_HOST_TO_DEVICE",1,"Agent 0","Agent 1",87503,25461545986838,25461545997838
"MEMORY_COPY","MEMORY_COPY_HOST_TO_DEVICE",1,"Agent 0","Agent 1",87506,25461546028149,25461546038989
"MEMORY_COPY","MEMORY_COPY_HOST_TO_DEVICE",1,"Agent 0","Agent 1",87509,25461546067609,25461546078809
"MEMORY_COPY","MEMORY_COPY_HOST_TO_DEVICE",1,"Agent 0","Agent 1",87512,25461546108499,25461546119580
"MEMORY_COPY","MEMORY_COPY_HOST_TO_DEVICE",1,"Agent 0","Agent 1",87515,25461546146830,25461546157750
"MEMORY_COPY","MEMORY_COPY_HOST_TO_DEVICE",1,"Agent 0","Agent 1",87518,25461546189840,25461546201080
"MEMORY_COPY","MEMORY_COPY_HOST_TO_DEVICE",1,"Agent 0","Agent 1",87521,25461546232641,25461546244201
"MEMORY_COPY","MEMORY_COPY_HOST_TO_DEVICE",1,"Agent 0","Agent 1",87524,25461546324122,25461546335562
"MEMORY_COPY","MEMORY_COPY_HOST_TO_DEVICE",1,"Agent 0","Agent 1",87527,25461546369682,25461546380682
"MEMORY_COPY","MEMORY_COPY_HOST_TO_DEVICE",1,"Agent 0","Agent 1",87530,25461546408852,25461546420692
"MEMORY_COPY","MEMORY_COPY_HOST_TO_DEVICE",1,"Agent 0","Agent 1",87533,25461546450973,25461546462773
"MEMORY_COPY","MEMORY_COPY_HOST_TO_DEVICE",1,"Agent 0","Agent 1",87536,25461546494793,25461546505793
"MEMORY_COPY","MEMORY_COPY_HOST_TO_DEVICE",1,"Agent 0","Agent 1",87539,25461546538514,25461546549594
"MEMORY_COPY","MEMORY_COPY_HOST_TO_DEVICE",1,"Agent 0","Agent 1",87542,25461546576464,25461546587424
"MEMORY_COPY","MEMORY_COPY_HOST_TO_DEVICE",1,"Agent 0","Agent 1",87545,25461546620384,25461546631664
"MEMORY_COPY","MEMORY_COPY_HOST_TO_DEVICE",1,"Agent 0","Agent 1",87548,25461546657725,25461546668845
"MEMORY_COPY","MEMORY_COPY_HOST_TO_DEVICE",1,"Agent 0","Agent 1",87551,25461546695175,25461546706175
"MEMORY_COPY","MEMORY_COPY_HOST_TO_DEVICE",1,"Agent 0","Agent 1",87554,25461546735445,25461546746486
"MEMORY_COPY","MEMORY_COPY_HOST_TO_DEVICE",1,"Agent 0","Agent 1",87557,25461546772956,25461546784196
"MEMORY_COPY","MEMORY_COPY_HOST_TO_DEVICE",1,"Agent 0","Agent 1",87560,25461546810456,25461546821496
"MEMORY_COPY","MEMORY_COPY_HOST_TO_DEVICE",1,"Agent 0","Agent 1",87563,25461546852177,25461546863617
"MEMORY_COPY","MEMORY_COPY_HOST_TO_DEVICE",1,"Agent 0","Agent 1",87566,25461546890427,25461546901987
"MEMORY_COPY","MEMORY_COPY_HOST_TO_DEVICE",1,"Agent 0","Agent 1",87569,25461546933777,25461546945817
"MEMORY_COPY","MEMORY_COPY_HOST_TO_DEVICE",1,"Agent 0","Agent 1",87572,25461546979568,25461546990608
"MEMORY_COPY","MEMORY_COPY_HOST_TO_DEVICE",1,"Agent 0","Agent 1",87575,25461547024978,25461547035978
"MEMORY_COPY","MEMORY_COPY_HOST_TO_DEVICE",1,"Agent 0","Agent 1",87578,25461547068719,25461547079839
"MEMORY_COPY","MEMORY_COPY_HOST_TO_DEVICE",1,"Agent 0","Agent 1",87581,25461547114839,25461547126399
"MEMORY_COPY","MEMORY_COPY_HOST_TO_DEVICE",1,"Agent 0","Agent 1",87584,25461547156489,25461547169170
"MEMORY_COPY","MEMORY_COPY_HOST_TO_DEVICE",1,"Agent 0","Agent 1",87587,25461547213730,25461547227650
"MEMORY_COPY","MEMORY_COPY_HOST_TO_DEVICE",1,"Agent 0","Agent 1",87590,25461547298261,25461547314141
"MEMORY_COPY","MEMORY_COPY_HOST_TO_DEVICE",1,"Agent 0","Agent 1",87593,25461547361191,25461547381592
"MEMORY_COPY","MEMORY_COPY_HOST_TO_DEVICE",1,"Agent 0","Agent 1",87596,25461547426252,25461547441212
"MEMORY_COPY","MEMORY_COPY_HOST_TO_DEVICE",1,"Agent 0","Agent 1",87599,25461547499503,25461547516823
"MEMORY_COPY","MEMORY_COPY_HOST_TO_DEVICE",1,"Agent 0","Agent 1",87602,25461547564633,25461547586153
"MEMORY_COPY","MEMORY_COPY_HOST_TO_DEVICE",1,"Agent 0","Agent 1",87605,25461547652824,25461547678464
"MEMORY_COPY","MEMORY_COPY_HOST_TO_DEVICE",1,"Agent 0","Agent 1",87608,25461547761245,25461547777165
"MEMORY_COPY","MEMORY_COPY_HOST_TO_DEVICE",1,"Agent 0","Agent 1",87611,25461547854026,25461547868106
"MEMORY_COPY","MEMORY_COPY_HOST_TO_DEVICE",1,"Agent 0","Agent 1",87614,25461548034678,25461548046398
"MEMORY_COPY","MEMORY_COPY_HOST_TO_DEVICE",1,"Agent 0","Agent 1",87617,25461548082928,25461548094168
"MEMORY_COPY","MEMORY_COPY_HOST_TO_DEVICE",1,"Agent 0","Agent 1",87620,25461548121499,25461548132819
"MEMORY_COPY","MEMORY_COPY_HOST_TO_DEVICE",1,"Agent 0","Agent 1",87623,25461548161329,25461548173609
"MEMORY_COPY","MEMORY_COPY_HOST_TO_DEVICE",1,"Agent 0","Agent 1",87626,25461548208149,25461548220869
"MEMORY_COPY","MEMORY_COPY_HOST_TO_DEVICE",1,"Agent 0","Agent 1",87629,25461548249290,25461548260850
"MEMORY_COPY","MEMORY_COPY_HOST_TO_DEVICE",1,"Agent 0","Agent 1",87632,25461548288950,25461548301750
"MEMORY_COPY","MEMORY_COPY_HOST_TO_DEVICE",1,"Agent 0","Agent 1",87635,25461548335511,25461548347471
"MEMORY_COPY","MEMORY_COPY_HOST_TO_DEVICE",1,"Agent 0","Agent 1",87638,25461548377621,25461548543063
"MEMORY_COPY","MEMORY_COPY_HOST_TO_DEVICE",1,"Agent 0","Agent 1",87641,25461548562823,25461548705424
"MEMORY_COPY","MEMORY_COPY_HOST_TO_DEVICE",1,"Agent 0","Agent 1",87644,25461548725094,25461548860576
"MEMORY_COPY","MEMORY_COPY_HOST_TO_DEVICE",1,"Agent 0","Agent 1",87647,25461548878556,25461549015477
"MEMORY_COPY","MEMORY_COPY_HOST_TO_DEVICE",1,"Agent 0","Agent 1",87650,25461549052597,25461549198439
"MEMORY_COPY","MEMORY_COPY_HOST_TO_DEVICE",1,"Agent 0","Agent 1",87653,25461549218759,25461549366400
"MEMORY_COPY","MEMORY_COPY_HOST_TO_DEVICE",1,"Agent 0","Agent 1",87656,25461549383370,25461549525012
"MEMORY_COPY","MEMORY_COPY_HOST_TO_DEVICE",1,"Agent 0","Agent 1",87659,25461549543582,25461549674423
"MEMORY_COPY","MEMORY_COPY_HOST_TO_DEVICE",1,"Agent 0","Agent 1",87662,25461549693893,25461549835935
"MEMORY_COPY","MEMORY_COPY_HOST_TO_DEVICE",1,"Agent 0","Agent 1",87665,25461549853975,25461549992216
"MEMORY_COPY","MEMORY_COPY_HOST_TO_DEVICE",1,"Agent 0","Agent 1",87668,25461550013296,25461550159778
"MEMORY_COPY","MEMORY_COPY_HOST_TO_DEVICE",1,"Agent 0","Agent 1",87671,25461550180128,25461550328489
"MEMORY_COPY","MEMORY_COPY_HOST_TO_DEVICE",1,"Agent 0","Agent 1",87674,25461550345670,25461550490711
"MEMORY_COPY","MEMORY_COPY_HOST_TO_DEVICE",1,"Agent 0","Agent 1",87677,25461550507991,25461550640152
"MEMORY_COPY","MEMORY_COPY_HOST_TO_DEVICE",1,"Agent 0","Agent 1",87680,25461550659793,25461550793234
"MEMORY_COPY","MEMORY_COPY_HOST_TO_DEVICE",1,"Agent 0","Agent 1",87683,25461550810504,25461550957305
"MEMORY_COPY","MEMORY_COPY_HOST_TO_DEVICE",1,"Agent 0","Agent 1",87686,25461550974455,25461551129297
"MEMORY_COPY","MEMORY_COPY_HOST_TO_DEVICE",1,"Agent 0","Agent 1",87689,25461551150257,25461551301059
"MEMORY_COPY","MEMORY_COPY_HOST_TO_DEVICE",1,"Agent 0","Agent 1",87692,25461551319419,25461551480900
"MEMORY_COPY","MEMORY_COPY_HOST_TO_DEVICE",1,"Agent 0","Agent 1",87695,25461551498210,25461551629332
"MEMORY_COPY","MEMORY_COPY_HOST_TO_DEVICE",1,"Agent 0","Agent 1",87698,25461551649442,25461551776763
"MEMORY_COPY","MEMORY_COPY_HOST_TO_DEVICE",1,"Agent 0","Agent 1",87701,25461551794083,25461551921604
"MEMORY_COPY","MEMORY_COPY_HOST_TO_DEVICE",1,"Agent 0","Agent 1",87704,25461551938635,25461552068636
"MEMORY_COPY","MEMORY_COPY_HOST_TO_DEVICE",1,"Agent 0","Agent 1",87707,25461552088806,25461552222487
"MEMORY_COPY","MEMORY_COPY_HOST_TO_DEVICE",1,"Agent 0","Agent 1",87710,25461552239647,25461552366449
"MEMORY_COPY","MEMORY_COPY_HOST_TO_DEVICE",1,"Agent 0","Agent 1",87713,25461552383639,25461552504400
"MEMORY_COPY","MEMORY_COPY_HOST_TO_DEVICE",1,"Agent 0","Agent 1",87716,25461552523790,25461552654191
"MEMORY_COPY","MEMORY_COPY_HOST_TO_DEVICE",1,"Agent 0","Agent 1",87719,25461552671362,25461552838443
"MEMORY_COPY","MEMORY_COPY_HOST_TO_DEVICE",1,"Agent 0","Agent 1",87722,25461552855753,25461553016515
"MEMORY_COPY","MEMORY_COPY_HOST_TO_DEVICE",1,"Agent 0","Agent 1",87725,25461553038125,25461553186246
"MEMORY_COPY","MEMORY_COPY_HOST_TO_DEVICE",1,"Agent 0","Agent 1",87728,25461553204347,25461553348988
"MEMORY_COPY","MEMORY_COPY_HOST_TO_DEVICE",1,"Agent 0","Agent 1",87731,25461553370348,25461553531350
"MEMORY_COPY","MEMORY_COPY_HOST_TO_DEVICE",1,"Agent 0","Agent 1",87734,25461553553340,25461553721181
"MEMORY_COPY","MEMORY_COPY_HOST_TO_DEVICE",1,"Agent 0","Agent 1",87737,25461553738022,25461553907703
"MEMORY_COPY","MEMORY_COPY_HOST_TO_DEVICE",1,"Agent 0","Agent 1",87740,25461553925633,25461554071795
"MEMORY_COPY","MEMORY_COPY_HOST_TO_DEVICE",1,"Agent 0","Agent 1",87743,25461554599030,25461554745671
"MEMORY_COPY","MEMORY_COPY_HOST_TO_DEVICE",1,"Agent 0","Agent 1",87746,25461554766661,25461554912903
"MEMORY_COPY","MEMORY_COPY_HOST_TO_DEVICE",1,"Agent 0","Agent 1",87749,25461554930663,25461555084384
"MEMORY_COPY","MEMORY_COPY_HOST_TO_DEVICE",1,"Agent 0","Agent 1",87752,25461555107225,25461555270706
"MEMORY_COPY","MEMORY_COPY_HOST_TO_DEVICE",1,"Agent 0","Agent 1",87755,25461555287666,25461555443868
"MEMORY_COPY","MEMORY_COPY_HOST_TO_DEVICE",1,"Agent 0","Agent 1",87758,25461555461478,25461555598279
"MEMORY_COPY","MEMORY_COPY_HOST_TO_DEVICE",1,"Agent 0","Agent 1",87761,25461555617409,25461555771571
"MEMORY_COPY","MEMORY_COPY_HOST_TO_DEVICE",1,"Agent 0","Agent 1",87764,25461555788997,25461555929878
"MEMORY_COPY","MEMORY_COPY_HOST_TO_DEVICE",1,"Agent 0","Agent 1",87767,25461555952378,25461556109339
"MEMORY_COPY","MEMORY_COPY_HOST_TO_DEVICE",1,"Agent 0","Agent 1",87770,25461556137859,25461556320421
"MEMORY_COPY","MEMORY_COPY_HOST_TO_DEVICE",1,"Agent 0","Agent 1",87773,25461556338191,25461556511513
"MEMORY_COPY","MEMORY_COPY_HOST_TO_DEVICE",1,"Agent 0","Agent 1",87776,25461556529203,25461556708285
"MEMORY_COPY","MEMORY_COPY_HOST_TO_DEVICE",1,"Agent 0","Agent 1",87779,25461556727975,25461556905937
"MEMORY_COPY","MEMORY_COPY_DEVICE_TO_HOST",1,"Agent 1","Agent 0",87783,25461646400968,25461646411208
"MEMORY_COPY","MEMORY_COPY_DEVICE_TO_HOST",1,"Agent 1","Agent 0",87786,25461646462628,25461646470868
"MEMORY_COPY","MEMORY_COPY_DEVICE_TO_HOST",1,"Agent 1","Agent 0",87789,25461646503908,25461646512068
"MEMORY_COPY","MEMORY_COPY_DEVICE_TO_HOST",1,"Agent 1","Agent 0",87792,25461646540009,25461646548249
"MEMORY_COPY","MEMORY_COPY_DEVICE_TO_HOST",1,"Agent 1","Agent 0",87795,25461646575799,25461646584119
"MEMORY_COPY","MEMORY_COPY_DEVICE_TO_HOST",1,"Agent 1","Agent 0",87798,25461646618539,25461646626819
"MEMORY_COPY","MEMORY_COPY_DEVICE_TO_HOST",1,"Agent 1","Agent 0",87801,25461646653500,25461646661700
"MEMORY_COPY","MEMORY_COPY_DEVICE_TO_HOST",1,"Agent 1","Agent 0",87804,25461646688160,25461646696400
"MEMORY_COPY","MEMORY_COPY_DEVICE_TO_HOST",1,"Agent 1","Agent 0",87807,25461646726680,25461646734960
"MEMORY_COPY","MEMORY_COPY_DEVICE_TO_HOST",1,"Agent 1","Agent 0",87810,25461646761221,25461646769581
"MEMORY_COPY","MEMORY_COPY_DEVICE_TO_HOST",1,"Agent 1","Agent 0",87813,25461646800451,25461646808611
"MEMORY_COPY","MEMORY_COPY_DEVICE_TO_HOST",1,"Agent 1","Agent 0",87816,25461646839901,25461646848062
"MEMORY_COPY","MEMORY_COPY_DEVICE_TO_HOST",1,"Agent 1","Agent 0",87819,25461646875992,25461646884152
"MEMORY_COPY","MEMORY_COPY_DEVICE_TO_HOST",1,"Agent 1","Agent 0",87822,25461646911752,25461646920112
"MEMORY_COPY","MEMORY_COPY_DEVICE_TO_HOST",1,"Agent 1","Agent 0",87825,25461646950693,25461646958853
"MEMORY_COPY","MEMORY_COPY_DEVICE_TO_HOST",1,"Agent 1","Agent 0",87828,25461646985763,25461646993963
"MEMORY_COPY","MEMORY_COPY_DEVICE_TO_HOST",1,"Agent 1","Agent 0",87831,25461647032213,25461647040333
"MEMORY_COPY","MEMORY_COPY_DEVICE_TO_HOST",1,"Agent 1","Agent 0",87834,25461647071536,25461647080976
"MEMORY_COPY","MEMORY_COPY_DEVICE_TO_HOST",1,"Agent 1","Agent 0",87837,25461647107954,25461647116314
"MEMORY_COPY","MEMORY_COPY_DEVICE_TO_HOST",1,"Agent 1","Agent 0",87840,25461647142504,25461647150664
"MEMORY_COPY","MEMORY_COPY_DEVICE_TO_HOST",1,"Agent 1","Agent 0",87843,25461647180295,25461647188575
"MEMORY_COPY","MEMORY_COPY_DEVICE_TO_HOST",1,"Agent 1","Agent 0",87846,25461647217875,25461647226115
"MEMORY_COPY","MEMORY_COPY_DEVICE_TO_HOST",1,"Agent 1","Agent 0",87849,25461647252825,25461647261065
"MEMORY_COPY","MEMORY_COPY_DEVICE_TO_HOST",1,"Agent 1","Agent 0",87852,25461647434267,25461647442507
"MEMORY_COPY","MEMORY_COPY_DEVICE_TO_HOST",1,"Agent 1","Agent 0",87855,25461647468967,25461647477288
"MEMORY_COPY","MEMORY_COPY_DEVICE_TO_HOST",1,"Agent 1","Agent 0",87858,25461647503708,25461647512028
"MEMORY_COPY","MEMORY_COPY_DEVICE_TO_HOST",1,"Agent 1","Agent 0",87861,25461647541788,25461647550188
"MEMORY_COPY","MEMORY_COPY_DEVICE_TO_HOST",1,"Agent 1","Agent 0",87864,25461647576848,25461647585009
"MEMORY_COPY","MEMORY_COPY_DEVICE_TO_HOST",1,"Agent 1","Agent 0",87867,25461647614219,25461647622459
"MEMORY_COPY","MEMORY_COPY_DEVICE_TO_HOST",1,"Agent 1","Agent 0",87870,25461647658919,25461647667239
"MEMORY_COPY","MEMORY_COPY_DEVICE_TO_HOST",1,"Agent 1","Agent 0",87873,25461647699090,25461647707290
"MEMORY_COPY","MEMORY_COPY_DEVICE_TO_HOST",1,"Agent 1","Agent 0",87876,25461647734880,25461647743040
"MEMORY_COPY","MEMORY_COPY_DEVICE_TO_HOST",1,"Agent 1","Agent 0",87879,25461647774780,25461647782940
"MEMORY_COPY","MEMORY_COPY_DEVICE_TO_HOST",1,"Agent 1","Agent 0",87882,25461647813231,25461647821471
"MEMORY_COPY","MEMORY_COPY_DEVICE_TO_HOST",1,"Agent 1","Agent 0",87885,25461647854641,25461647862921
"MEMORY_COPY","MEMORY_COPY_DEVICE_TO_HOST",1,"Agent 1","Agent 0",87888,25461647893761,25461647901962
"MEMORY_COPY","MEMORY_COPY_DEVICE_TO_HOST",1,"Agent 1","Agent 0",87891,25461647929022,25461647937142
"MEMORY_COPY","MEMORY_COPY_DEVICE_TO_HOST",1,"Agent 1","Agent 0",87894,25461647966892,25461647975092
"MEMORY_COPY","MEMORY_COPY_DEVICE_TO_HOST",1,"Agent 1","Agent 0",87897,25461648018123,25461648026283
"MEMORY_COPY","MEMORY_COPY_DEVICE_TO_HOST",1,"Agent 1","Agent 0",87900,25461648054903,25461648063183
"MEMORY_COPY","MEMORY_COPY_DEVICE_TO_HOST",1,"Agent 1","Agent 0",87903,25461648093943,25461648102143
"MEMORY_COPY","MEMORY_COPY_DEVICE_TO_HOST",1,"Agent 1","Agent 0",87906,25461648132454,25461648141894
"MEMORY_COPY","MEMORY_COPY_DEVICE_TO_HOST",1,"Agent 1","Agent 0",87909,25461648169004,25461648177244
"MEMORY_COPY","MEMORY_COPY_DEVICE_TO_HOST",1,"Agent 1","Agent 0",87912,25461648203974,25461648212174
"MEMORY_COPY","MEMORY_COPY_DEVICE_TO_HOST",1,"Agent 1","Agent 0",87915,25461648243675,25461648252035
"MEMORY_COPY","MEMORY_COPY_DEVICE_TO_HOST",1,"Agent 1","Agent 0",87918,25461648279795,25461648288075
"MEMORY_COPY","MEMORY_COPY_DEVICE_TO_HOST",1,"Agent 1","Agent 0",87921,25461648314805,25461648323006
"MEMORY_COPY","MEMORY_COPY_DEVICE_TO_HOST",1,"Agent 1","Agent 0",87924,25461648353916,25461648362156
"MEMORY_COPY","MEMORY_COPY_DEVICE_TO_HOST",1,"Agent 1","Agent 0",87927,25461648487167,25461648605248
"MEMORY_COPY","MEMORY_COPY_DEVICE_TO_HOST",1,"Agent 1","Agent 0",87930,25461648693559,25461648816560
"MEMORY_COPY","MEMORY_COPY_DEVICE_TO_HOST",1,"Agent 1","Agent 0",87933,25461648904601,25461649040282
"MEMORY_COPY","MEMORY_COPY_DEVICE_TO_HOST",1,"Agent 1","Agent 0",87936,25461649131713,25461649255354
"MEMORY_COPY","MEMORY_COPY_DEVICE_TO_HOST",1,"Agent 1","Agent 0",87939,25461649343665,25461649478026
"MEMORY_COPY","MEMORY_COPY_DEVICE_TO_HOST",1,"Agent 1","Agent 0",87942,25461649568567,25461649690568
"MEMORY_COPY","MEMORY_COPY_DEVICE_TO_HOST",1,"Agent 1","Agent 0",87945,25461649776519,25461649896680
"MEMORY_COPY","MEMORY_COPY_DEVICE_TO_HOST",1,"Agent 1","Agent 0",87948,25461649981861,25461650137583
"MEMORY_COPY","MEMORY_COPY_DEVICE_TO_HOST",1,"Agent 1","Agent 0",87951,25461650226504,25461650345745
"MEMORY_COPY","MEMORY_COPY_DEVICE_TO_HOST",1,"Agent 1","Agent 0",87954,25461650432355,25461650553197
"MEMORY_COPY","MEMORY_COPY_DEVICE_TO_HOST",1,"Agent 1","Agent 0",87957,25461650636937,25461650762219
"MEMORY_COPY","MEMORY_COPY_DEVICE_TO_HOST",1,"Agent 1","Agent 0",87960,25461650847909,25461650970991
"MEMORY_COPY","MEMORY_COPY_DEVICE_TO_HOST",1,"Agent 1","Agent 0",87963,25461651059011,25461651190973
"MEMORY_COPY","MEMORY_COPY_DEVICE_TO_HOST",1,"Agent 1","Agent 0",87966,25461651275913,25461651406515
"MEMORY_COPY","MEMORY_COPY_DEVICE_TO_HOST",1,"Agent 1","Agent 0",87969,25461651492636,25461651619917
"MEMORY_COPY","MEMORY_COPY_DEVICE_TO_HOST",1,"Agent 1","Agent 0",87972,25461651704848,25461651842929
"MEMORY_COPY","MEMORY_COPY_DEVICE_TO_HOST",1,"Agent 1","Agent 0",87975,25461651927910,25461652069431
"MEMORY_COPY","MEMORY_COPY_DEVICE_TO_HOST",1,"Agent 1","Agent 0",87978,25461652157062,25461652277703
"MEMORY_COPY","MEMORY_COPY_DEVICE_TO_HOST",1,"Agent 1","Agent 0",87981,25461652364394,25461652488155
"MEMORY_COPY","MEMORY_COPY_DEVICE_TO_HOST",1,"Agent 1","Agent 0",87984,25461652571726,25461652709487
"MEMORY_COPY","MEMORY_COPY_DEVICE_TO_HOST",1,"Agent 1","Agent 0",87987,25461652794968,25461652930169
"MEMORY_COPY","MEMORY_COPY_DEVICE_TO_HOST",1,"Agent 1","Agent 0",87990,25461653018470,25461653201712
"MEMORY_COPY","MEMORY_COPY_DEVICE_TO_HOST",1,"Agent 1","Agent 0",87993,25461653292023,25461653472664
"MEMORY_COPY","MEMORY_COPY_DEVICE_TO_HOST",1,"Agent 1","Agent 0",87996,25461653564665,25461653730387
"MEMORY_COPY","MEMORY_COPY_DEVICE_TO_HOST",1,"Agent 1","Agent 0",87999,25461653823648,25461653985009
"MEMORY_COPY","MEMORY_COPY_DEVICE_TO_HOST",1,"Agent 1","Agent 0",88002,25461654076840,25461654249802
"MEMORY_COPY","MEMORY_COPY_DEVICE_TO_HOST",1,"Agent 1","Agent 0",88005,25461654334892,25461654499894
"MEMORY_COPY","MEMORY_COPY_DEVICE_TO_HOST",1,"Agent 1","Agent 0",88008,25461654585635,25461654744516
"MEMORY_COPY","MEMORY_COPY_DEVICE_TO_HOST",1,"Agent 1","Agent 0",88011,25461654829517,25461654992039
"MEMORY_COPY","MEMORY_COPY_DEVICE_TO_HOST",1,"Agent 1","Agent 0",88014,25461655079729,25461655211051
"MEMORY_COPY","MEMORY_COPY_DEVICE_TO_HOST",1,"Agent 1","Agent 0",88017,25461655295221,25461655422103
"MEMORY_COPY","MEMORY_COPY_DEVICE_TO_HOST",1,"Agent 1","Agent 0",88020,25461655505573,25461655666295
"MEMORY_COPY","MEMORY_COPY_DEVICE_TO_HOST",1,"Agent 1","Agent 0",88023,25461655760066,25461655901547
"MEMORY_COPY","MEMORY_COPY_DEVICE_TO_HOST",1,"Agent 1","Agent 0",88026,25461655984998,25461656120479
"MEMORY_COPY","MEMORY_COPY_DEVICE_TO_HOST",1,"Agent 1","Agent 0",88029,25461656207310,25461656380232
"MEMORY_COPY","MEMORY_COPY_DEVICE_TO_HOST",1,"Agent 1","Agent 0",88032,25461656471423,25461656629424
"MEMORY_COPY","MEMORY_COPY_DEVICE_TO_HOST",1,"Agent 1","Agent 0",88035,25461656717315,25461656880076
"MEMORY_COPY","MEMORY_COPY_DEVICE_TO_HOST",1,"Agent 1","Agent 0",88038,25461656965647,25461657109889
"MEMORY_COPY","MEMORY_COPY_DEVICE_TO_HOST",1,"Agent 1","Agent 0",88041,25461657197759,25461657342641
"MEMORY_COPY","MEMORY_COPY_DEVICE_TO_HOST",1,"Agent 1","Agent 0",88044,25461657427342,25461657575783
"MEMORY_COPY","MEMORY_COPY_DEVICE_TO_HOST",1,"Agent 1","Agent 0",88047,25461657663754,25461657802195
"MEMORY_COPY","MEMORY_COPY_DEVICE_TO_HOST",1,"Agent 1","Agent 0",88050,25461657889796,25461658065158
"MEMORY_COPY","MEMORY_COPY_DEVICE_TO_HOST",1,"Agent 1","Agent 0",88053,25461658153059,25461658332860
"MEMORY_COPY","MEMORY_COPY_DEVICE_TO_HOST",1,"Agent 1","Agent 0",88056,25461658419121,25461658584123
"MEMORY_COPY","MEMORY_COPY_DEVICE_TO_HOST",1,"Agent 1","Agent 0",88059,25461658674783,25461658859825
"MEMORY_COPY","MEMORY_COPY_DEVICE_TO_HOST",1,"Agent 1","Agent 0",88062,25461658948826,25461659124108
"MEMORY_COPY","MEMORY_COPY_DEVICE_TO_HOST",1,"Agent 1","Agent 0",88065,25461659196718,25461659329080
"MEMORY_COPY","MEMORY_COPY_DEVICE_TO_HOST",1,"Agent 1","Agent 0",88068,25461659397100,25461659523701
"MEMORY_COPY","MEMORY_COPY_HOST_TO_DEVICE",1,"Agent 0","Agent 1",88073,25461661290708,25461661300748
"MEMORY_COPY","MEMORY_COPY_HOST_TO_DEVICE",1,"Agent 0","Agent 1",88088,25461661392179,25461661409019
"MEMORY_COPY","MEMORY_COPY_DEVICE_TO_HOST",4,"Agent 1","Agent 0",94842,25461725928843,25461725980764
"MEMORY_COPY","MEMORY_COPY_HOST_TO_DEVICE",1,"Agent 0","Agent 1",94853,25461729357406,25461729362766
"MEMORY_COPY","MEMORY_COPY_HOST_TO_DEVICE",1,"Agent 0","Agent 1",94868,25461729465087,25461729483407
"MEMORY_COPY","MEMORY_COPY_DEVICE_TO_HOST",4,"Agent 1","Agent 0",100470,25461780397588,25461780444069
"MEMORY_COPY","MEMORY_COPY_HOST_TO_DEVICE",1,"Agent 0","Agent 1",100481,25461781334597,25461781340837
"MEMORY_COPY","MEMORY_COPY_HOST_TO_DEVICE",1,"Agent 0","Agent 1",100496,25461781451878,25461781475358
"MEMORY_COPY","MEMORY_COPY_DEVICE_TO_HOST",4,"Agent 1","Agent 0",106103,25461846332227,25461846380027
"MEMORY_COPY","MEMORY_COPY_HOST_TO_DEVICE",1,"Agent 0","Agent 1",106114,25461847123074,25461847128314
"MEMORY_COPY","MEMORY_COPY_HOST_TO_DEVICE",1,"Agent 0","Agent 1",106129,25461847223525,25461847241885
"MEMORY_COPY","MEMORY_COPY_DEVICE_TO_HOST",4,"Agent 1","Agent 0",106153,25461896642023,25461896694743
"MEMORY_COPY","MEMORY_COPY_HOST_TO_DEVICE",1,"Agent 0","Agent 1",106164,25461897394210,25461897400010
"MEMORY_COPY","MEMORY_COPY_HOST_TO_DEVICE",1,"Agent 0","Agent 1",106179,25461897498861,25461897517501
"MEMORY_COPY","MEMORY_COPY_DEVICE_TO_HOST",4,"Agent 1","Agent 0",106203,25461946686606,25461946733846
"MEMORY_COPY","MEMORY_COPY_HOST_TO_DEVICE",1,"Agent 0","Agent 1",106214,25461947394272,25461947399392
"MEMORY_COPY","MEMORY_COPY_HOST_TO_DEVICE",1,"Agent 0","Agent 1",106229,25461947493363,25461947511763
"MEMORY_COPY","MEMORY_COPY_DEVICE_TO_HOST",4,"Agent 1","Agent 0",106253,25461996649851,25461996704732
"MEMORY_COPY","MEMORY_COPY_HOST_TO_DEVICE",1,"Agent 0","Agent 1",106264,25461997362388,25461997367548
"MEMORY_COPY","MEMORY_COPY_HOST_TO_DEVICE",1,"Agent 0","Agent 1",106279,25461997460479,25461997478999
"MEMORY_COPY","MEMORY_COPY_DEVICE_TO_HOST",4,"Agent 1","Agent 0",106303,25462046517760,25462046572160
"MEMORY_COPY","MEMORY_COPY_HOST_TO_DEVICE",1,"Agent 0","Agent 1",106314,25462047209996,25462047215236
"MEMORY_COPY","MEMORY_COPY_HOST_TO_DEVICE",1,"Agent 0","Agent 1",106329,25462047308167,25462047327287
"MEMORY_COPY","MEMORY_COPY_DEVICE_TO_HOST",4,"Agent 1","Agent 0",106353,25462096273533,25462096325213
"MEMORY_COPY","MEMORY_COPY_HOST_TO_DEVICE",1,"Agent 0","Agent 1",106364,25462097029260,25462097034340
"MEMORY_COPY","MEMORY_COPY_HOST_TO_DEVICE",1,"Agent 0","Agent 1",106379,25462097127281,25462097145881
"MEMORY_COPY","MEMORY_COPY_DEVICE_TO_HOST",4,"Agent 1","Agent 0",106403,25462146356937,25462146408177
"MEMORY_COPY","MEMORY_COPY_HOST_TO_DEVICE",1,"Agent 0","Agent 1",106414,25462147038513,25462147043673
"MEMORY_COPY","MEMORY_COPY_HOST_TO_DEVICE",1,"Agent 0","Agent 1",106429,25462147134444,25462147153244
"MEMORY_COPY","MEMORY_COPY_DEVICE_TO_HOST",4,"Agent 1","Agent 0",106453,25462196330583,25462196375744
"MEMORY_COPY","MEMORY_COPY_HOST_TO_DEVICE",1,"Agent 0","Agent 1",106464,25462196982519,25462196987719
"MEMORY_COPY","MEMORY_COPY_HOST_TO_DEVICE",1,"Agent 0","Agent 1",106479,25462197088610,25462197106931
"MEMORY_COPY","MEMORY_COPY_DEVICE_TO_HOST",4,"Agent 1","Agent 0",106503,25462246316931,25462246364652
"MEMORY_COPY","MEMORY_COPY_HOST_TO_DEVICE",1,"Agent 0","Agent 1",106514,25462247128189,25462247133669
"MEMORY_COPY","MEMORY_COPY_HOST_TO_DEVICE",1,"Agent 0","Agent 1",106529,25462247226830,25462247245390
"MEMORY_COPY","MEMORY_COPY_DEVICE_TO_HOST",4,"Agent 1","Agent 0",106553,25462296351855,25462296401216
"MEMORY_COPY","MEMORY_COPY_HOST_TO_DEVICE",1,"Agent 0","Agent 1",106564,25462297004981,25462297010341
"MEMORY_COPY","MEMORY_COPY_HOST_TO_DEVICE",1,"Agent 0","Agent 1",106579,25462297102222,25462297120582
"MEMORY_COPY","MEMORY_COPY_DEVICE_TO_HOST",4,"Agent 1","Agent 0",106603,25462346175947,25462346220308
"MEMORY_COPY","MEMORY_COPY_HOST_TO_DEVICE",1,"Agent 0","Agent 1",106614,25462346826833,25462346831993
"MEMORY_COPY","MEMORY_COPY_HOST_TO_DEVICE",1,"Agent 0","Agent 1",106629,25462346988875,25462347008635
"MEMORY_COPY","MEMORY_COPY_DEVICE_TO_HOST",4,"Agent 1","Agent 0",106653,25462395904836,25462395949356
"MEMORY_COPY","MEMORY_COPY_HOST_TO_DEVICE",1,"Agent 0","Agent 1",106664,25462396536242,25462396541402
"MEMORY_COPY","MEMORY_COPY_HOST_TO_DEVICE",1,"Agent 0","Agent 1",106679,25462396637713,25462396656633
"MEMORY_COPY","MEMORY_COPY_DEVICE_TO_HOST",4,"Agent 1","Agent 0",106703,25462445792091,25462445842731
"MEMORY_COPY","MEMORY_COPY_HOST_TO_DEVICE",1,"Agent 0","Agent 1",106714,25462446427007,25462446432367
"MEMORY_COPY","MEMORY_COPY_HOST_TO_DEVICE",1,"Agent 0","Agent 1",106729,25462446536198,25462446554598
"MEMORY_COPY","MEMORY_COPY_DEVICE_TO_HOST",4,"Agent 1","Agent 0",106753,25462495742435,25462495786436
"MEMORY_COPY","MEMORY_COPY_HOST_TO_DEVICE",1,"Agent 0","Agent 1",106764,25462496393972,25462496399132
"MEMORY_COPY","MEMORY_COPY_HOST_TO_DEVICE",1,"Agent 0","Agent 1",106779,25462496489562,25462496507963
"MEMORY_COPY","MEMORY_COPY_DEVICE_TO_HOST",4,"Agent 1","Agent 0",106803,25462545634379,25462545685859
"MEMORY_COPY","MEMORY_COPY_HOST_TO_DEVICE",1,"Agent 0","Agent 1",106814,25462546320365,25462546326005
"MEMORY_COPY","MEMORY_COPY_HOST_TO_DEVICE",1,"Agent 0","Agent 1",106829,25462546419476,25462546437916
"MEMORY_COPY","MEMORY_COPY_DEVICE_TO_HOST",4,"Agent 1","Agent 0",106853,25462595547904,25462595595184
"MEMORY_COPY","MEMORY_COPY_HOST_TO_DEVICE",1,"Agent 0","Agent 1",106864,25462596309891,25462596315011
"MEMORY_COPY","MEMORY_COPY_HOST_TO_DEVICE",1,"Agent 0","Agent 1",106879,25462596423312,25462596441953
"MEMORY_COPY","MEMORY_COPY_DEVICE_TO_HOST",4,"Agent 1","Agent 0",106903,25462645675131,25462645731532
"MEMORY_COPY","MEMORY_COPY_HOST_TO_DEVICE",1,"Agent 0","Agent 1",106914,25462646410228,25462646415388
"MEMORY_COPY","MEMORY_COPY_HOST_TO_DEVICE",1,"Agent 0","Agent 1",106929,25462646514859,25462646533419
"MEMORY_COPY","MEMORY_COPY_DEVICE_TO_HOST",4,"Agent 1","Agent 0",106953,25462695597434,25462695655914
"MEMORY_COPY","MEMORY_COPY_HOST_TO_DEVICE",1,"Agent 0","Agent 1",106964,25462696283520,25462696288840
"MEMORY_COPY","MEMORY_COPY_HOST_TO_DEVICE",1,"Agent 0","Agent 1",106979,25462696384441,25462696403081
"MEMORY_COPY","MEMORY_COPY_DEVICE_TO_HOST",4,"Agent 1","Agent 0",107003,25462745578628,25462745624828
"MEMORY_COPY","MEMORY_COPY_HOST_TO_DEVICE",1,"Agent 0","Agent 1",107014,25462746309665,25462746315225
"MEMORY_COPY","MEMORY_COPY_HOST_TO_DEVICE",1,"Agent 0","Agent 1",107029,25462746405256,25462746423616
"MEMORY_COPY","MEMORY_COPY_DEVICE_TO_HOST",4,"Agent 1","Agent 0",107053,25462795629291,25462795672652
"MEMORY_COPY","MEMORY_COPY_HOST_TO_DEVICE",1,"Agent 0","Agent 1",107064,25462796256777,25462796261817
"MEMORY_COPY","MEMORY_COPY_HOST_TO_DEVICE",1,"Agent 0","Agent 1",107079,25462796351628,25462796370228
"MEMORY_COPY","MEMORY_COPY_DEVICE_TO_HOST",4,"Agent 1","Agent 0",107103,25462845688433,25462845731674
"MEMORY_COPY","MEMORY_COPY_HOST_TO_DEVICE",1,"Agent 0","Agent 1",107114,25462846338169,25462846343289
"MEMORY_COPY","MEMORY_COPY_HOST_TO_DEVICE",1,"Agent 0","Agent 1",107129,25462846436940,25462846455580
"MEMORY_COPY","MEMORY_COPY_DEVICE_TO_HOST",4,"Agent 1","Agent 0",107153,25462895619429,25462895679310
"MEMORY_COPY","MEMORY_COPY_HOST_TO_DEVICE",1,"Agent 0","Agent 1",107164,25462896387157,25462896392437
"MEMORY_COPY","MEMORY_COPY_HOST_TO_DEVICE",1,"Agent 0","Agent 1",107179,25462896485848,25462896504488
"MEMORY_COPY","MEMORY_COPY_DEVICE_TO_HOST",4,"Agent 1","Agent 0",107203,25462945673293,25462945717694
"MEMORY_COPY","MEMORY_COPY_HOST_TO_DEVICE",1,"Agent 0","Agent 1",107214,25462946327600,25462946332640
"MEMORY_COPY","MEMORY_COPY_HOST_TO_DEVICE",1,"Agent 0","Agent 1",107229,25462946425331,25462946443931
"MEMORY_COPY","MEMORY_COPY_DEVICE_TO_HOST",4,"Agent 1","Agent 0",107253,25462995609418,25462995658538
"MEMORY_COPY","MEMORY_COPY_HOST_TO_DEVICE",1,"Agent 0","Agent 1",107264,25462996353815,25462996359455
"MEMORY_COPY","MEMORY_COPY_HOST_TO_DEVICE",1,"Agent 0","Agent 1",107279,25462996459176,25462996479256
"MEMORY_COPY","MEMORY_COPY_DEVICE_TO_HOST",4,"Agent 1","Agent 0",107303,25463045604485,25463045657005
"MEMORY_COPY","MEMORY_COPY_HOST_TO_DEVICE",1,"Agent 0","Agent 1",107314,25463046407412,25463046412772
"MEMORY_COPY","MEMORY_COPY_HOST_TO_DEVICE",1,"Agent 0","Agent 1",107329,25463046511313,25463046529633
"MEMORY_COPY","MEMORY_COPY_DEVICE_TO_HOST",4,"Agent 1","Agent 0",107353,25463095841530,25463095905291
"MEMORY_COPY","MEMORY_COPY_HOST_TO_DEVICE",1,"Agent 0","Agent 1",107364,25463096568157,25463096573277
"MEMORY_COPY","MEMORY_COPY_HOST_TO_DEVICE",1,"Agent 0","Agent 1",107379,25463096666138,25463096684698
"MEMORY_COPY","MEMORY_COPY_DEVICE_TO_HOST",4,"Agent 1","Agent 0",107403,25463145766684,25463145810565
"MEMORY_COPY","MEMORY_COPY_HOST_TO_DEVICE",1,"Agent 0","Agent 1",107414,25463146395340,25463146400621
"MEMORY_COPY","MEMORY_COPY_HOST_TO_DEVICE",1,"Agent 0","Agent 1",107429,25463146490851,25463146509412
"MEMORY_COPY","MEMORY_COPY_DEVICE_TO_HOST",4,"Agent 1","Agent 0",107453,25463195816700,25463195864101
"MEMORY_COPY","MEMORY_COPY_HOST_TO_DEVICE",1,"Agent 0","Agent 1",107464,25463196526147,25463196531307
"MEMORY_COPY","MEMORY_COPY_HOST_TO_DEVICE",1,"Agent 0","Agent 1",107479,25463196619128,25463196637728
"MEMORY_COPY","MEMORY_COPY_DEVICE_TO_HOST",4,"Agent 1","Agent 0",107503,25463245738668,25463245787469
"MEMORY_COPY","MEMORY_COPY_HOST_TO_DEVICE",1,"Agent 0","Agent 1",107514,25463246445805,25463246451085
"MEMORY_COPY","MEMORY_COPY_HOST_TO_DEVICE",1,"Agent 0","Agent 1",107529,25463246543726,25463246562366
"MEMORY_COPY","MEMORY_COPY_DEVICE_TO_HOST",4,"Agent 1","Agent 0",107553,25463295652187,25463295703947
"MEMORY_COPY","MEMORY_COPY_HOST_TO_DEVICE",1,"Agent 0","Agent 1",107564,25463296360664,25463296365984
"MEMORY_COPY","MEMORY_COPY_HOST_TO_DEVICE",1,"Agent 0","Agent 1",107579,25463296453805,25463296472405
"MEMORY_COPY","MEMORY_COPY_DEVICE_TO_HOST",4,"Agent 1","Agent 0",107603,25463345508430,25463345563351
"MEMORY_COPY","MEMORY_COPY_HOST_TO_DEVICE",1,"Agent 0","Agent 1",107614,25463346221447,25463346226607
"MEMORY_COPY","MEMORY_COPY_HOST_TO_DEVICE",1,"Agent 0","Agent 1",107629,25463346322438,25463346340798
"MEMORY_COPY","MEMORY_COPY_DEVICE_TO_HOST",4,"Agent 1","Agent 0",107653,25463395467498,25463395517298
"MEMORY_COPY","MEMORY_COPY_HOST_TO_DEVICE",1,"Agent 0","Agent 1",107664,25463396306296,25463396311616
"MEMORY_COPY","MEMORY_COPY_HOST_TO_DEVICE",1,"Agent 0","Agent 1",107679,25463396405947,25463396424307
"MEMORY_COPY","MEMORY_COPY_DEVICE_TO_HOST",4,"Agent 1","Agent 0",107703,25463445514123,25463445560524
"MEMORY_COPY","MEMORY_COPY_HOST_TO_DEVICE",1,"Agent 0","Agent 1",107714,25463446172950,25463446178070
"MEMORY_COPY","MEMORY_COPY_HOST_TO_DEVICE",1,"Agent 0","Agent 1",107729,25463446268091,25463446286411
"MEMORY_COPY","MEMORY_COPY_DEVICE_TO_HOST",4,"Agent 1","Agent 0",107753,25463495376685,25463495419846
"MEMORY_COPY","MEMORY_COPY_HOST_TO_DEVICE",1,"Agent 0","Agent 1",107764,25463495982761,25463495987961
"MEMORY_COPY","MEMORY_COPY_HOST_TO_DEVICE",1,"Agent 0","Agent 1",107779,25463496082432,25463496100792
"MEMORY_COPY","MEMORY_COPY_DEVICE_TO_HOST",4,"Agent 1","Agent 0",107803,25463545259210,25463545305850
"MEMORY_COPY","MEMORY_COPY_HOST_TO_DEVICE",1,"Agent 0","Agent 1",107814,25463546021627,25463546026827
"MEMORY_COPY","MEMORY_COPY_HOST_TO_DEVICE",1,"Agent 0","Agent 1",107829,25463546118198,25463546136718
"MEMORY_COPY","MEMORY_COPY_DEVICE_TO_HOST",4,"Agent 1","Agent 0",107853,25463595130988,25463595180428
"MEMORY_COPY","MEMORY_COPY_HOST_TO_DEVICE",1,"Agent 0","Agent 1",107864,25463595812714,25463595817914
"MEMORY_COPY","MEMORY_COPY_HOST_TO_DEVICE",1,"Agent 0","Agent 1",107879,25463595909825,25463595928105
"MEMORY_COPY","MEMORY_COPY_DEVICE_TO_HOST",4,"Agent 1","Agent 0",107903,25463645005482,25463645050123
"MEMORY_COPY","MEMORY_COPY_HOST_TO_DEVICE",1,"Agent 0","Agent 1",107914,25463645627888,25463645633088
"MEMORY_COPY","MEMORY_COPY_HOST_TO_DEVICE",1,"Agent 0","Agent 1",107929,25463645779700,25463645798220
"MEMORY_COPY","MEMORY_COPY_DEVICE_TO_HOST",4,"Agent 1","Agent 0",107953,25463694859578,25463694926458
"MEMORY_COPY","MEMORY_COPY_HOST_TO_DEVICE",1,"Agent 0","Agent 1",107964,25463695724376,25463695729616
"MEMORY_COPY","MEMORY_COPY_HOST_TO_DEVICE",1,"Agent 0","Agent 1",107979,25463695830067,25463695848827
"MEMORY_COPY","MEMORY_COPY_DEVICE_TO_HOST",4,"Agent 1","Agent 0",108003,25463744884450,25463744932211
"MEMORY_COPY","MEMORY_COPY_HOST_TO_DEVICE",1,"Agent 0","Agent 1",108014,25463745546597,25463745551757
"MEMORY_COPY","MEMORY_COPY_HOST_TO_DEVICE",1,"Agent 0","Agent 1",108029,25463745645428,25463745663948
"MEMORY_COPY","MEMORY_COPY_DEVICE_TO_HOST",4,"Agent 1","Agent 0",108053,25463794843184,25463794888465
"MEMORY_COPY","MEMORY_COPY_HOST_TO_DEVICE",1,"Agent 0","Agent 1",108064,25463795493580,25463795498900
"MEMORY_COPY","MEMORY_COPY_HOST_TO_DEVICE",1,"Agent 0","Agent 1",108079,25463795591421,25463795609941
"MEMORY_COPY","MEMORY_COPY_DEVICE_TO_HOST",4,"Agent 1","Agent 0",108103,25463844640478,25463844686799
"MEMORY_COPY","MEMORY_COPY_HOST_TO_DEVICE",1,"Agent 0","Agent 1",108114,25463845407586,25463845412826
"MEMORY_COPY","MEMORY_COPY_HOST_TO_DEVICE",1,"Agent 0","Agent 1",108129,25463845502557,25463845521117
"MEMORY_COPY","MEMORY_COPY_DEVICE_TO_HOST",4,"Agent 1","Agent 0",108153,25463894812013,25463894861653
"MEMORY_COPY","MEMORY_COPY_HOST_TO_DEVICE",1,"Agent 0","Agent 1",108164,25463895481189,25463895486349
"MEMORY_COPY","MEMORY_COPY_HOST_TO_DEVICE",1,"Agent 0","Agent 1",108179,25463895577240,25463895595560
"MEMORY_COPY","MEMORY_COPY_DEVICE_TO_HOST",4,"Agent 1","Agent 0",108203,25463944749150,25463944793151
"MEMORY_COPY","MEMORY_COPY_HOST_TO_DEVICE",1,"Agent 0","Agent 1",108214,25463945424087,25463945429247
"MEMORY_COPY","MEMORY_COPY_HOST_TO_DEVICE",1,"Agent 0","Agent 1",108229,25463945524748,25463945543548
"MEMORY_COPY","MEMORY_COPY_DEVICE_TO_HOST",4,"Agent 1","Agent 0",108253,25463994628524,25463994675204
"MEMORY_COPY","MEMORY_COPY_HOST_TO_DEVICE",1,"Agent 0","Agent 1",108264,25463995376711,25463995381991
"MEMORY_COPY","MEMORY_COPY_HOST_TO_DEVICE",1,"Agent 0","Agent 1",108279,25463995471982,25463995490502
"MEMORY_COPY","MEMORY_COPY_DEVICE_TO_HOST",4,"Agent 1","Agent 0",108303,25464044391906,25464044446706
"MEMORY_COPY","MEMORY_COPY_HOST_TO_DEVICE",1,"Agent 0","Agent 1",108314,25464045169053,25464045174893
"MEMORY_COPY","MEMORY_COPY_HOST_TO_DEVICE",1,"Agent 0","Agent 1",108329,25464045285254,25464045304054
"MEMORY_COPY","MEMORY_COPY_DEVICE_TO_HOST",4,"Agent 1","Agent 0",108353,25464094453363,25464094507603
"MEMORY_COPY","MEMORY_COPY_HOST_TO_DEVICE",1,"Agent 0","Agent 1",108364,25464095122699,25464095128019
"MEMORY_COPY","MEMORY_COPY_HOST_TO_DEVICE",1,"Agent 0","Agent 1",108379,25464095217990,25464095236750
"MEMORY_COPY","MEMORY_COPY_DEVICE_TO_HOST",4,"Agent 1","Agent 0",108403,25464144325789,25464144369630
"MEMORY_COPY","MEMORY_COPY_HOST_TO_DEVICE",1,"Agent 0","Agent 1",108414,25464144953575,25464144958735
"MEMORY_COPY","MEMORY_COPY_HOST_TO_DEVICE",1,"Agent 0","Agent 1",108429,25464145119067,25464145137587
"MEMORY_COPY","MEMORY_COPY_DEVICE_TO_HOST",4,"Agent 1","Agent 0",108453,25464194205112,25464194256233
"MEMORY_COPY","MEMORY_COPY_HOST_TO_DEVICE",1,"Agent 0","Agent 1",108464,25464194825638,25464194830878
"MEMORY_COPY","MEMORY_COPY_HOST_TO_DEVICE",1,"Agent 0","Agent 1",108479,25464194940339,25464194959140
"MEMORY_COPY","MEMORY_COPY_DEVICE_TO_HOST",4,"Agent 1","Agent 0",108503,25464244331828,25464244377948
"MEMORY_COPY","MEMORY_COPY_HOST_TO_DEVICE",1,"Agent 0","Agent 1",108514,25464245018274,25464245023355
"MEMORY_COPY","MEMORY_COPY_HOST_TO_DEVICE",1,"Agent 0","Agent 1",108529,25464245117400,25464245136121
"MEMORY_COPY","MEMORY_COPY_DEVICE_TO_HOST",4,"Agent 1","Agent 0",108553,25464294320595,25464294379596
"MEMORY_COPY","MEMORY_COPY_HOST_TO_DEVICE",1,"Agent 0","Agent 1",108564,25464294998242,25464295003602
"MEMORY_COPY","MEMORY_COPY_HOST_TO_DEVICE",1,"Agent 0","Agent 1",108579,25464295097252,25464295115932
"MEMORY_COPY","MEMORY_COPY_DEVICE_TO_HOST",4,"Agent 1","Agent 0",108603,25464344270086,25464344316927
"MEMORY_COPY","MEMORY_COPY_HOST_TO_DEVICE",1,"Agent 0","Agent 1",108614,25464345031603,25464345036843
"MEMORY_COPY","MEMORY_COPY_HOST_TO_DEVICE",1,"Agent 0","Agent 1",108629,25464345126114,25464345144714
"MEMORY_COPY","MEMORY_COPY_DEVICE_TO_HOST",4,"Agent 1","Agent 0",108653,25464394195683,25464394265203
"MEMORY_COPY","MEMORY_COPY_HOST_TO_DEVICE",1,"Agent 0","Agent 1",108664,25464394971210,25464394976290
"MEMORY_COPY","MEMORY_COPY_HOST_TO_DEVICE",1,"Agent 0","Agent 1",108679,25464395070561,25464395089241
"MEMORY_COPY","MEMORY_COPY_DEVICE_TO_HOST",4,"Agent 1","Agent 0",108703,25464444139273,25464444203274
"MEMORY_COPY","MEMORY_COPY_HOST_TO_DEVICE",1,"Agent 0","Agent 1",108714,25464444888350,25464444893670
"MEMORY_COPY","MEMORY_COPY_HOST_TO_DEVICE",1,"Agent 0","Agent 1",108729,25464444996001,25464445015961
"MEMORY_COPY","MEMORY_COPY_DEVICE_TO_HOST",4,"Agent 1","Agent 0",108753,25464494228801,25464494276442
"MEMORY_COPY","MEMORY_COPY_HOST_TO_DEVICE",1,"Agent 0","Agent 1",108764,25464494961858,25464494967138
"MEMORY_COPY","MEMORY_COPY_HOST_TO_DEVICE",1,"Agent 0","Agent 1",108779,25464495058939,25464495077379
"MEMORY_COPY","MEMORY_COPY_DEVICE_TO_HOST",4,"Agent 1","Agent 0",108803,25464544162383,25464544205263
"MEMORY_COPY","MEMORY_COPY_HOST_TO_DEVICE",1,"Agent 0","Agent 1",108814,25464544789069,25464544794309
"MEMORY_COPY","MEMORY_COPY_HOST_TO_DEVICE",1,"Agent 0","Agent 1",108829,25464544938420,25464544956701
"MEMORY_COPY","MEMORY_COPY_DEVICE_TO_HOST",4,"Agent 1","Agent 0",108853,25464593997723,25464594047883
"MEMORY_COPY","MEMORY_COPY_HOST_TO_DEVICE",1,"Agent 0","Agent 1",108864,25464594629699,25464594634899
"MEMORY_COPY","MEMORY_COPY_HOST_TO_DEVICE",1,"Agent 0","Agent 1",108879,25464594729390,25464594747790
"MEMORY_COPY","MEMORY_COPY_DEVICE_TO_HOST",4,"Agent 1","Agent 0",108903,25464643472172,25464643537973
"MEMORY_COPY","MEMORY_COPY_HOST_TO_DEVICE",1,"Agent 0","Agent 1",108914,25464644392321,25464644397401
"MEMORY_COPY","MEMORY_COPY_HOST_TO_DEVICE",1,"Agent 0","Agent 1",108929,25464644500342,25464644520182
"MEMORY_COPY","MEMORY_COPY_DEVICE_TO_HOST",4,"Agent 1","Agent 0",108953,25464693279678,25464693327318
"MEMORY_COPY","MEMORY_COPY_HOST_TO_DEVICE",1,"Agent 0","Agent 1",108964,25464693929374,25464693934494
"MEMORY_COPY","MEMORY_COPY_HOST_TO_DEVICE",1,"Agent 0","Agent 1",108979,25464694029585,25464694047905
"MEMORY_COPY","MEMORY_COPY_DEVICE_TO_HOST",4,"Agent 1","Agent 0",109003,25464742894396,25464742945437
"MEMORY_COPY","MEMORY_COPY_HOST_TO_DEVICE",1,"Agent 0","Agent 1",109014,25464743745335,25464743750815
"MEMORY_COPY","MEMORY_COPY_HOST_TO_DEVICE",1,"Agent 0","Agent 1",109029,25464743856886,25464743879206
"MEMORY_COPY","MEMORY_COPY_DEVICE_TO_HOST",4,"Agent 1","Agent 0",109053,25464792829758,25464792875398
"MEMORY_COPY","MEMORY_COPY_HOST_TO_DEVICE",1,"Agent 0","Agent 1",109064,25464793553588,25464793558868
"MEMORY_COPY","MEMORY_COPY_HOST_TO_DEVICE",1,"Agent 0","Agent 1",109079,25464793648583,25464793667103
"MEMORY_COPY","MEMORY_COPY_DEVICE_TO_HOST",4,"Agent 1","Agent 0",109103,25464842690734,25464842734694
"MEMORY_COPY","MEMORY_COPY_HOST_TO_DEVICE",1,"Agent 0","Agent 1",109114,25464843336800,25464843342080
"MEMORY_COPY","MEMORY_COPY_HOST_TO_DEVICE",1,"Agent 0","Agent 1",109129,25464843434461,25464843453101
"MEMORY_COPY","MEMORY_COPY_DEVICE_TO_HOST",4,"Agent 1","Agent 0",109153,25464892540130,25464892583931
"MEMORY_COPY","MEMORY_COPY_HOST_TO_DEVICE",1,"Agent 0","Agent 1",109164,25464893199887,25464893205007
"MEMORY_COPY","MEMORY_COPY_HOST_TO_DEVICE",1,"Agent 0","Agent 1",109179,25464893297348,25464893315988
"MEMORY_COPY","MEMORY_COPY_DEVICE_TO_HOST",4,"Agent 1","Agent 0",109203,25464942548039,25464942618800
"MEMORY_COPY","MEMORY_COPY_HOST_TO_DEVICE",1,"Agent 0","Agent 1",109214,25464943379607,25464943384967
"MEMORY_COPY","MEMORY_COPY_HOST_TO_DEVICE",1,"Agent 0","Agent 1",109229,25464943474618,25464943493018
"MEMORY_COPY","MEMORY_COPY_DEVICE_TO_HOST",4,"Agent 1","Agent 0",109253,25464992488423,25464992531863
"MEMORY_COPY","MEMORY_COPY_HOST_TO_DEVICE",1,"Agent 0","Agent 1",109264,25464993118219,25464993123459
"MEMORY_COPY","MEMORY_COPY_HOST_TO_DEVICE",1,"Agent 0","Agent 1",109279,25464993213000,25464993231560
"MEMORY_COPY","MEMORY_COPY_DEVICE_TO_HOST",4,"Agent 1","Agent 0",109303,25465042277475,25465042321155
"MEMORY_COPY","MEMORY_COPY_HOST_TO_DEVICE",1,"Agent 0","Agent 1",109314,25465042923261,25465042928781
"MEMORY_COPY","MEMORY_COPY_HOST_TO_DEVICE",1,"Agent 0","Agent 1",109329,25465043025862,25465043048742
"MEMORY_COPY","MEMORY_COPY_DEVICE_TO_HOST",4,"Agent 1","Agent 0",109353,25465092308223,25465092352104
"MEMORY_COPY","MEMORY_COPY_HOST_TO_DEVICE",1,"Agent 0","Agent 1",109364,25465092928119,25465092933199
"MEMORY_COPY","MEMORY_COPY_HOST_TO_DEVICE",1,"Agent 0","Agent 1",109379,25465093024370,25465093042930
"MEMORY_COPY","MEMORY_COPY_DEVICE_TO_HOST",4,"Agent 1","Agent 0",109403,25465142159997,25465142205317
"MEMORY_COPY","MEMORY_COPY_HOST_TO_DEVICE",1,"Agent 0","Agent 1",109414,25465142896584,25465142901744
"MEMORY_COPY","MEMORY_COPY_HOST_TO_DEVICE",1,"Agent 0","Agent 1",109429,25465142993125,25465143011845
"MEMORY_COPY","MEMORY_COPY_DEVICE_TO_HOST",4,"Agent 1","Agent 0",109453,25465192117228,25465192160588
"MEMORY_COPY","MEMORY_COPY_HOST_TO_DEVICE",1,"Agent 0","Agent 1",109464,25465193946515,25465193951835
"MEMORY_COPY","MEMORY_COPY_HOST_TO_DEVICE",1,"Agent 0","Agent 1",109479,25465194051436,25465194069796
"MEMORY_COPY","MEMORY_COPY_DEVICE_TO_HOST",4,"Agent 1","Agent 0",115081,25465245194734,25465245255415
"MEMORY_COPY","MEMORY_COPY_HOST_TO_DEVICE",1,"Agent 0","Agent 1",115092,25465246179374,25465246186014
"MEMORY_COPY","MEMORY_COPY_HOST_TO_DEVICE",1,"Agent 0","Agent 1",115107,25465246291585,25465246310265
"MEMORY_COPY","MEMORY_COPY_DEVICE_TO_HOST",4,"Agent 1","Agent 0",120714,25465312793008,25465312852809
"MEMORY_COPY","MEMORY_COPY_HOST_TO_DEVICE",1,"Agent 0","Agent 1",120725,25465313687787,25465313692987
"MEMORY_COPY","MEMORY_COPY_HOST_TO_DEVICE",1,"Agent 0","Agent 1",120740,25465313787268,25465313805788
"MEMORY_COPY","MEMORY_COPY_DEVICE_TO_HOST",4,"Agent 1","Agent 0",120764,25465363360059,25465363416380
"MEMORY_COPY","MEMORY_COPY_HOST_TO_DEVICE",1,"Agent 0","Agent 1",120775,25465364058246,25465364063366
"MEMORY_COPY","MEMORY_COPY_HOST_TO_DEVICE",1,"Agent 0","Agent 1",120790,25465364163906,25465364182306
"MEMORY_COPY","MEMORY_COPY_DEVICE_TO_HOST",4,"Agent 1","Agent 0",120814,25465413497950,25465413548390
"MEMORY_COPY","MEMORY_COPY_HOST_TO_DEVICE",1,"Agent 0","Agent 1",120825,25465414171896,25465414177136
"MEMORY_COPY","MEMORY_COPY_HOST_TO_DEVICE",1,"Agent 0","Agent 1",120840,25465414268537,25465414287057
"MEMORY_COPY","MEMORY_COPY_DEVICE_TO_HOST",4,"Agent 1","Agent 0",120864,25465463500808,25465463551168
"MEMORY_COPY","MEMORY_COPY_HOST_TO_DEVICE",1,"Agent 0","Agent 1",120875,25465464638449,25465464644329
"MEMORY_COPY","MEMORY_COPY_HOST_TO_DEVICE",1,"Agent 0","Agent 1",120890,25465464752670,25465464771510
"MEMORY_COPY","MEMORY_COPY_DEVICE_TO_HOST",4,"Agent 1","Agent 0",120914,25465514061364,25465514106285
"MEMORY_COPY","MEMORY_COPY_HOST_TO_DEVICE",1,"Agent 0","Agent 1",120925,25465514722341,25465514727501
"MEMORY_COPY","MEMORY_COPY_HOST_TO_DEVICE",1,"Agent 0","Agent 1",120940,25465514816152,25465514834592
"MEMORY_COPY","MEMORY_COPY_DEVICE_TO_HOST",4,"Agent 1","Agent 0",120964,25465564231427,25465564280068
"MEMORY_COPY","MEMORY_COPY_HOST_TO_DEVICE",1,"Agent 0","Agent 1",120975,25465564869353,25465564874473
"MEMORY_COPY","MEMORY_COPY_HOST_TO_DEVICE",1,"Agent 0","Agent 1",120990,25465565000575,25465565019815
"MEMORY_COPY","MEMORY_COPY_DEVICE_TO_HOST",4,"Agent 1","Agent 0",121014,25465614293975,25465614342016
"MEMORY_COPY","MEMORY_COPY_HOST_TO_DEVICE",1,"Agent 0","Agent 1",121025,25465615049582,25465615054903
"MEMORY_COPY","MEMORY_COPY_HOST_TO_DEVICE",1,"Agent 0","Agent 1",121040,25465615150113,25465615168394
"MEMORY_COPY","MEMORY_COPY_DEVICE_TO_HOST",4,"Agent 1","Agent 0",121064,25465664231184,25465664275904
"MEMORY_COPY","MEMORY_COPY_HOST_TO_DEVICE",1,"Agent 0","Agent 1",121075,25465664874730,25465664879930
"MEMORY_COPY","MEMORY_COPY_HOST_TO_DEVICE",1,"Agent 0","Agent 1",121090,25465664986871,25465665005951
"MEMORY_COPY","MEMORY_COPY_DEVICE_TO_HOST",4,"Agent 1","Agent 0",121114,25465714135783,25465714183583
"MEMORY_COPY","MEMORY_COPY_HOST_TO_DEVICE",1,"Agent 0","Agent 1",121125,25465714803649,25465714808889
"MEMORY_COPY","MEMORY_COPY_HOST_TO_DEVICE",1,"Agent 0","Agent 1",121140,25465714905220,25465714923740
"MEMORY_COPY","MEMORY_COPY_DEVICE_TO_HOST",4,"Agent 1","Agent 0",121164,25465764140025,25465764190545
"MEMORY_COPY","MEMORY_COPY_HOST_TO_DEVICE",1,"Agent 0","Agent 1",121175,25465764992873,25465764998233
"MEMORY_COPY","MEMORY_COPY_HOST_TO_DEVICE",1,"Agent 0","Agent 1",121190,25465765107874,25465765126914
"MEMORY_COPY","MEMORY_COPY_DEVICE_TO_HOST",4,"Agent 1","Agent 0",121214,25465814533128,25465814577329
"MEMORY_COPY","MEMORY_COPY_HOST_TO_DEVICE",1,"Agent 0","Agent 1",121225,25465815181315,25465815186355
"MEMORY_COPY","MEMORY_COPY_HOST_TO_DEVICE",1,"Agent 0","Agent 1",121240,25465815291696,25465815310016
"MEMORY_COPY","MEMORY_COPY_DEVICE_TO_HOST",4,"Agent 1","Agent 0",121264,25465864621879,25465864668759
"MEMORY_COPY","MEMORY_COPY_HOST_TO_DEVICE",1,"Agent 0","Agent 1",121275,25465865280485,25465865285605
"MEMORY_COPY","MEMORY_COPY_HOST_TO_DEVICE",1,"Agent 0","Agent 1",121290,25465865375746,25465865394146
"MEMORY_COPY","MEMORY_COPY_DEVICE_TO_HOST",4,"Agent 1","Agent 0",121314,25465914696890,25465914753170
"MEMORY_COPY","MEMORY_COPY_HOST_TO_DEVICE",1,"Agent 0","Agent 1",121325,25465915435427,25465915440547
"MEMORY_COPY","MEMORY_COPY_HOST_TO_DEVICE",1,"Agent 0","Agent 1",121340,25465915535358,25465915554078
"MEMORY_COPY","MEMORY_COPY_DEVICE_TO_HOST",4,"Agent 1","Agent 0",121364,25465964979197,25465965025438
"MEMORY_COPY","MEMORY_COPY_HOST_TO_DEVICE",1,"Agent 0","Agent 1",121375,25465965642004,25465965647284
"MEMORY_COPY","MEMORY_COPY_HOST_TO_DEVICE",1,"Agent 0","Agent 1",121390,25465965742164,25465965760645
"MEMORY_COPY","MEMORY_COPY_DEVICE_TO_HOST",4,"Agent 1","Agent 0",121414,25466015240960,25466015284601
"MEMORY_COPY","MEMORY_COPY_HOST_TO_DEVICE",1,"Agent 0","Agent 1",121425,25466015888956,25466015894077
"MEMORY_COPY","MEMORY_COPY_HOST_TO_DEVICE",1,"Agent 0","Agent 1",121440,25466015987857,25466016006858
"MEMORY_COPY","MEMORY_COPY_DEVICE_TO_HOST",4,"Agent 1","Agent 0",121464,25466065320161,25466065370281
"MEMORY_COPY","MEMORY_COPY_HOST_TO_DEVICE",1,"Agent 0","Agent 1",121475,25466065986327,25466065991527
"MEMORY_COPY","MEMORY_COPY_HOST_TO_DEVICE",1,"Agent 0","Agent 1",121490,25466066093868,25466066112308
"MEMORY_COPY","MEMORY_COPY_DEVICE_TO_HOST",4,"Agent 1","Agent 0",121514,25466115195623,25466115248224
"MEMORY_COPY","MEMORY_COPY_HOST_TO_DEVICE",1,"Agent 0","Agent 1",121525,25466115945951,25466115951111
"MEMORY_COPY","MEMORY_COPY_HOST_TO_DEVICE",1,"Agent 0","Agent 1",121540,25466116095002,25466116113522
"MEMORY_COPY","MEMORY_COPY_DEVICE_TO_HOST",4,"Agent 1","Agent 0",121564,25466165280023,25466165323064
"MEMORY_COPY","MEMORY_COPY_HOST_TO_DEVICE",1,"Agent 0","Agent 1",121575,25466165973320,25466165978520
"MEMORY_COPY","MEMORY_COPY_HOST_TO_DEVICE",1,"Agent 0","Agent 1",121590,25466166077911,25466166096591
"MEMORY_COPY","MEMORY_COPY_DEVICE_TO_HOST",4,"Agent 1","Agent 0",121614,25466215483811,25466215532012
"MEMORY_COPY","MEMORY_COPY_HOST_TO_DEVICE",1,"Agent 0","Agent 1",121625,25466216139658,25466216144938
"MEMORY_COPY","MEMORY_COPY_HOST_TO_DEVICE",1,"Agent 0","Agent 1",121640,25466216235859,25466216254379
"MEMORY_COPY","MEMORY_COPY_DEVICE_TO_HOST",4,"Agent 1","Agent 0",121664,25466265432197,25466265489917
"MEMORY_COPY","MEMORY_COPY_HOST_TO_DEVICE",1,"Agent 0","Agent 1",121675,25466266258925,25466266264005
"MEMORY_COPY","MEMORY_COPY_HOST_TO_DEVICE",1,"Agent 0","Agent 1",121690,25466266354825,25466266373346
"MEMORY_COPY","MEMORY_COPY_DEVICE_TO_HOST",4,"Agent 1","Agent 0",121714,25466315623759,25466315675479
"MEMORY_COPY","MEMORY_COPY_HOST_TO_DEVICE",1,"Agent 0","Agent 1",121725,25466316361826,25466316367106
"MEMORY_COPY","MEMORY_COPY_HOST_TO_DEVICE",1,"Agent 0","Agent 1",121740,25466316462717,25466316481517
"MEMORY_COPY","MEMORY_COPY_DEVICE_TO_HOST",4,"Agent 1","Agent 0",121764,25466365769623,25466365813383
"MEMORY_COPY","MEMORY_COPY_HOST_TO_DEVICE",1,"Agent 0","Agent 1",121775,25466366419589,25466366424749
"MEMORY_COPY","MEMORY_COPY_HOST_TO_DEVICE",1,"Agent 0","Agent 1",121790,25466366519960,25466366538480
"MEMORY_COPY","MEMORY_COPY_DEVICE_TO_HOST",4,"Agent 1","Agent 0",121814,25466415976158,25466416038798
"MEMORY_COPY","MEMORY_COPY_HOST_TO_DEVICE",1,"Agent 0","Agent 1",121825,25466416834356,25466416839796
"MEMORY_COPY","MEMORY_COPY_HOST_TO_DEVICE",1,"Agent 0","Agent 1",121840,25466416935087,25466416953727
"MEMORY_COPY","MEMORY_COPY_DEVICE_TO_HOST",4,"Agent 1","Agent 0",121864,25466466129529,25466466180330
"MEMORY_COPY","MEMORY_COPY_HOST_TO_DEVICE",1,"Agent 0","Agent 1",121875,25466466831396,25466466836716
"MEMORY_COPY","MEMORY_COPY_HOST_TO_DEVICE",1,"Agent 0","Agent 1",121890,25466466929497,25466466948097
"MEMORY_COPY","MEMORY_COPY_DEVICE_TO_HOST",4,"Agent 1","Agent 0",121914,25466516147310,25466516190191
"MEMORY_COPY","MEMORY_COPY_HOST_TO_DEVICE",1,"Agent 0","Agent 1",121925,25466516796436,25466516801676
"MEMORY_COPY","MEMORY_COPY_HOST_TO_DEVICE",1,"Agent 0","Agent 1",121940,25466516895647,25466516914368
"MEMORY_COPY","MEMORY_COPY_DEVICE_TO_HOST",4,"Agent 1","Agent 0",121964,25466566082103,25466566128144
"MEMORY_COPY","MEMORY_COPY_HOST_TO_DEVICE",1,"Agent 0","Agent 1",121975,25466566818810,25466566824011
"MEMORY_COPY","MEMORY_COPY_HOST_TO_DEVICE",1,"Agent 0","Agent 1",121990,25466566912671,25466566931192
"MEMORY_COPY","MEMORY_COPY_DEVICE_TO_HOST",4,"Agent 1","Agent 0",122014,25466616095671,25466616138511
"MEMORY_COPY","MEMORY_COPY_HOST_TO_DEVICE",1,"Agent 0","Agent 1",122025,25466616750187,25466616755467
"MEMORY_COPY","MEMORY_COPY_HOST_TO_DEVICE",1,"Agent 0","Agent 1",122040,25466616849198,25466616867718
"MEMORY_COPY","MEMORY_COPY_DEVICE_TO_HOST",4,"Agent 1","Agent 0",122064,25466666061817,25466666107818
"MEMORY_COPY","MEMORY_COPY_HOST_TO_DEVICE",1,"Agent 0","Agent 1",122075,25466666733614,25466666738974
"MEMORY_COPY","MEMORY_COPY_HOST_TO_DEVICE",1,"Agent 0","Agent 1",122090,25466666832225,25466666850865
"MEMORY_COPY","MEMORY_COPY_DEVICE_TO_HOST",4,"Agent 1","Agent 0",122114,25466716057405,25466716103886
"MEMORY_COPY","MEMORY_COPY_HOST_TO_DEVICE",1,"Agent 0","Agent 1",122125,25466716806763,25466716811883
"MEMORY_COPY","MEMORY_COPY_HOST_TO_DEVICE",1,"Agent 0","Agent 1",122140,25466716929454,25466716947974
"MEMORY_COPY","MEMORY_COPY_DEVICE_TO_HOST",4,"Agent 1","Agent 0",122164,25466766161397,25466766208878
"MEMORY_COPY","MEMORY_COPY_HOST_TO_DEVICE",1,"Agent 0","Agent 1",122175,25466767106656,25466767111977
"MEMORY_COPY","MEMORY_COPY_HOST_TO_DEVICE",1,"Agent 0","Agent 1",122190,25466767212297,25466767231218
"MEMORY_COPY","MEMORY_COPY_DEVICE_TO_HOST",4,"Agent 1","Agent 0",122214,25466816432738,25466816481418
"MEMORY_COPY","MEMORY_COPY_HOST_TO_DEVICE",1,"Agent 0","Agent 1",122225,25466817076494,25466817081654
"MEMORY_COPY","MEMORY_COPY_HOST_TO_DEVICE",1,"Agent 0","Agent 1",122240,25466817175355,25466817193835
"MEMORY_COPY","MEMORY_COPY_DEVICE_TO_HOST",4,"Agent 1","Agent 0",122264,25466866474467,25466866533028
"MEMORY_COPY","MEMORY_COPY_HOST_TO_DEVICE",1,"Agent 0","Agent 1",122275,25466867197674,25466867203114
"MEMORY_COPY","MEMORY_COPY_HOST_TO_DEVICE",1,"Agent 0","Agent 1",122290,25466867310975,25466867329695
"MEMORY_COPY","MEMORY_COPY_DEVICE_TO_HOST",4,"Agent 1","Agent 0",122314,25466916451644,25466916498484
"MEMORY_COPY","MEMORY_COPY_HOST_TO_DEVICE",1,"Agent 0","Agent 1",122325,25466917223901,25466917229501
"MEMORY_COPY","MEMORY_COPY_HOST_TO_DEVICE",1,"Agent 0","Agent 1",122340,25466917322242,25466917340602
"MEMORY_COPY","MEMORY_COPY_DEVICE_TO_HOST",4,"Agent 1","Agent 0",122364,25466966503516,25466966546756
"MEMORY_COPY","MEMORY_COPY_HOST_TO_DEVICE",1,"Agent 0","Agent 1",122375,25466967149742,25466967154942
"MEMORY_COPY","MEMORY_COPY_HOST_TO_DEVICE",1,"Agent 0","Agent 1",122390,25466967253483,25466967271963
"MEMORY_COPY","MEMORY_COPY_DEVICE_TO_HOST",4,"Agent 1","Agent 0",122414,25467016267126,25467016323086
"MEMORY_COPY","MEMORY_COPY_HOST_TO_DEVICE",1,"Agent 0","Agent 1",122425,25467016993723,25467016999163
"MEMORY_COPY","MEMORY_COPY_HOST_TO_DEVICE",1,"Agent 0","Agent 1",122440,25467017100374,25467017118814
"MEMORY_COPY","MEMORY_COPY_DEVICE_TO_HOST",4,"Agent 1","Agent 0",122464,25467066283476,25467066332557
"MEMORY_COPY","MEMORY_COPY_HOST_TO_DEVICE",1,"Agent 0","Agent 1",122475,25467067038514,25467067044194
"MEMORY_COPY","MEMORY_COPY_HOST_TO_DEVICE",1,"Agent 0","Agent 1",122490,25467067136805,25467067156045
"MEMORY_COPY","MEMORY_COPY_DEVICE_TO_HOST",4,"Agent 1","Agent 0",122514,25467116373647,25467116416127
"MEMORY_COPY","MEMORY_COPY_HOST_TO_DEVICE",1,"Agent 0","Agent 1",122525,25467117015243,25467117020563
"MEMORY_COPY","MEMORY_COPY_HOST_TO_DEVICE",1,"Agent 0","Agent 1",122540,25467117116044,25467117134604
"MEMORY_COPY","MEMORY_COPY_DEVICE_TO_HOST",4,"Agent 1","Agent 0",122564,25467166296673,25467166340114
"MEMORY_COPY","MEMORY_COPY_HOST_TO_DEVICE",1,"Agent 0","Agent 1",122575,25467167029500,25467167034860
"MEMORY_COPY","MEMORY_COPY_HOST_TO_DEVICE",1,"Agent 0","Agent 1",122590,25467167143461,25467167162701
"MEMORY_COPY","MEMORY_COPY_DEVICE_TO_HOST",4,"Agent 1","Agent 0",122614,25467216402686,25467216450566
"MEMORY_COPY","MEMORY_COPY_HOST_TO_DEVICE",1,"Agent 0","Agent 1",122625,25467217169563,25467217175083
"MEMORY_COPY","MEMORY_COPY_HOST_TO_DEVICE",1,"Agent 0","Agent 1",122640,25467217268364,25467217286724
"MEMORY_COPY","MEMORY_COPY_DEVICE_TO_HOST",4,"Agent 1","Agent 0",122664,25467266436378,25467266480219
"MEMORY_COPY","MEMORY_COPY_HOST_TO_DEVICE",1,"Agent 0","Agent 1",122675,25467267077344,25467267082984
"MEMORY_COPY","MEMORY_COPY_HOST_TO_DEVICE",1,"Agent 0","Agent 1",122690,25467267195996,25467267214676
"MEMORY_COPY","MEMORY_COPY_DEVICE_TO_HOST",4,"Agent 1","Agent 0",122714,25467316340114,25467316387114
"MEMORY_COPY","MEMORY_COPY_HOST_TO_DEVICE",1,"Agent 0","Agent 1",122725,25467317003260,25467317008980
"MEMORY_COPY","MEMORY_COPY_HOST_TO_DEVICE",1,"Agent 0","Agent 1",122740,25467317101971,25467317120332
"MEMORY_COPY","MEMORY_COPY_DEVICE_TO_HOST",4,"Agent 1","Agent 0",122764,25467366235950,25467366284871
"MEMORY_COPY","MEMORY_COPY_HOST_TO_DEVICE",1,"Agent 0","Agent 1",122775,25467367034358,25467367039758
"MEMORY_COPY","MEMORY_COPY_HOST_TO_DEVICE",1,"Agent 0","Agent 1",122790,25467367135759,25467367154839
"MEMORY_COPY","MEMORY_COPY_DEVICE_TO_HOST",4,"Agent 1","Agent 0",122814,25467416639226,25467416692747
"MEMORY_COPY","MEMORY_COPY_HOST_TO_DEVICE",1,"Agent 0","Agent 1",122825,25467417385754,25467417391794
"MEMORY_COPY","MEMORY_COPY_HOST_TO_DEVICE",1,"Agent 0","Agent 1",122840,25467417503715,25467417523075
"MEMORY_COPY","MEMORY_COPY_DEVICE_TO_HOST",4,"Agent 1","Agent 0",122864,25467466773461,25467466816622
"MEMORY_COPY","MEMORY_COPY_HOST_TO_DEVICE",1,"Agent 0","Agent 1",122875,25467467409247,25467467414687
"MEMORY_COPY","MEMORY_COPY_HOST_TO_DEVICE",1,"Agent 0","Agent 1",122890,25467467505568,25467467523928
"MEMORY_COPY","MEMORY_COPY_DEVICE_TO_HOST",4,"Agent 1","Agent 0",122914,25467520208506,25467520279986
"MEMORY_COPY","MEMORY_COPY_HOST_TO_DEVICE",1,"Agent 0","Agent 1",122925,25467521103394,25467521109394
"MEMORY_COPY","MEMORY_COPY_HOST_TO_DEVICE",1,"Agent 0","Agent 1",122940,25467521214775,25467521233375
"MEMORY_COPY","MEMORY_COPY_DEVICE_TO_HOST",4,"Agent 1","Agent 0",122964,25467570320457,25467570372378
"MEMORY_COPY","MEMORY_COPY_HOST_TO_DEVICE",1,"Agent 0","Agent 1",122975,25467570975213,25467570980573
"MEMORY_COPY","MEMORY_COPY_HOST_TO_DEVICE",1,"Agent 0","Agent 1",122990,25467571085944,25467571104705
"MEMORY_COPY","MEMORY_COPY_DEVICE_TO_HOST",4,"Agent 1","Agent 0",123014,25467620237339,25467620292699
"MEMORY_COPY","MEMORY_COPY_HOST_TO_DEVICE",1,"Agent 0","Agent 1",123025,25467620914265,25467620919585
"MEMORY_COPY","MEMORY_COPY_HOST_TO_DEVICE",1,"Agent 0","Agent 1",123040,25467621021796,25467621040396
"MEMORY_COPY","MEMORY_COPY_DEVICE_TO_HOST",4,"Agent 1","Agent 0",123064,25467670270698,25467670331778
"MEMORY_COPY","MEMORY_COPY_HOST_TO_DEVICE",1,"Agent 0","Agent 1",123075,25467671044485,25467671049605
"MEMORY_COPY","MEMORY_COPY_HOST_TO_DEVICE",1,"Agent 0","Agent 1",123090,25467671148916,25467671167476
"MEMORY_COPY","MEMORY_COPY_DEVICE_TO_HOST",4,"Agent 1","Agent 0",123114,25467720143039,25467720190239
"MEMORY_COPY","MEMORY_COPY_HOST_TO_DEVICE",1,"Agent 0","Agent 1",123125,25467720892286,25467720897686
"MEMORY_COPY","MEMORY_COPY_HOST_TO_DEVICE",1,"Agent 0","Agent 1",123140,25467720995637,25467721015677
"MEMORY_COPY","MEMORY_COPY_DEVICE_TO_HOST",4,"Agent 1","Agent 0",123164,25467770293576,25467770354737
"MEMORY_COPY","MEMORY_COPY_HOST_TO_DEVICE",1,"Agent 0","Agent 1",123175,25467771053394,25467771058634
"MEMORY_COPY","MEMORY_COPY_HOST_TO_DEVICE",1,"Agent 0","Agent 1",123190,25467771155725,25467771174325
"MEMORY_COPY","MEMORY_COPY_DEVICE_TO_HOST",4,"Agent 1","Agent 0",123214,25467820491699,25467820542339
"MEMORY_COPY","MEMORY_COPY_HOST_TO_DEVICE",1,"Agent 0","Agent 1",123225,25467821217566,25467821222846
"MEMORY_COPY","MEMORY_COPY_HOST_TO_DEVICE",1,"Agent 0","Agent 1",123240,25467821320317,25467821338957
"MEMORY_COPY","MEMORY_COPY_DEVICE_TO_HOST",4,"Agent 1","Agent 0",123264,25467870527612,25467870593173
"MEMORY_COPY","MEMORY_COPY_HOST_TO_DEVICE",1,"Agent 0","Agent 1",123275,25467871399430,25467871404630
"MEMORY_COPY","MEMORY_COPY_HOST_TO_DEVICE",1,"Agent 0","Agent 1",123290,25467871501471,25467871520032
"MEMORY_COPY","MEMORY_COPY_DEVICE_TO_HOST",4,"Agent 1","Agent 0",123314,25467920917068,25467920990589
"MEMORY_COPY","MEMORY_COPY_HOST_TO_DEVICE",1,"Agent 0","Agent 1",123325,25467922366372,25467922372492
"MEMORY_COPY","MEMORY_COPY_HOST_TO_DEVICE",1,"Agent 0","Agent 1",123340,25467922491353,25467922508273
"MEMORY_COPY","MEMORY_COPY_DEVICE_TO_HOST",4,"Agent 1","Agent 0",123364,25467971741006,25467971796246
"MEMORY_COPY","MEMORY_COPY_HOST_TO_DEVICE",1,"Agent 0","Agent 1",123375,25467972736896,25467972742656
"MEMORY_COPY","MEMORY_COPY_HOST_TO_DEVICE",1,"Agent 0","Agent 1",123390,25467972859567,25467972876847
"MEMORY_COPY","MEMORY_COPY_DEVICE_TO_HOST",4,"Agent 1","Agent 0",123414,25468093876198,25468093922919
"MEMORY_COPY","MEMORY_COPY_HOST_TO_DEVICE",1,"Agent 0","Agent 1",123425,25468094752177,25468094758097
"MEMORY_COPY","MEMORY_COPY_HOST_TO_DEVICE",1,"Agent 0","Agent 1",123440,25468094861398,25468094880078
"MEMORY_COPY","MEMORY_COPY_DEVICE_TO_HOST",4,"Agent 1","Agent 0",123464,25468144314738,25468144363019
"MEMORY_COPY","MEMORY_COPY_HOST_TO_DEVICE",1,"Agent 0","Agent 1",123475,25468144982555,25468144987675
"MEMORY_COPY","MEMORY_COPY_HOST_TO_DEVICE",1,"Agent 0","Agent 1",123490,25468145089636,25468145108276
"MEMORY_COPY","MEMORY_COPY_DEVICE_TO_HOST",4,"Agent 1","Agent 0",123514,25468194287045,25468194330605
"MEMORY_COPY","MEMORY_COPY_HOST_TO_DEVICE",1,"Agent 0","Agent 1",123524,25468199030371,25468199055411
"MEMORY_COPY","MEMORY_COPY_HOST_TO_DEVICE",1,"Agent 0","Agent 1",123527,25468199092971,25468199104171
"MEMORY_COPY","MEMORY_COPY_HOST_TO_DEVICE",1,"Agent 0","Agent 1",123530,25468199137052,25468199148172
"MEMORY_COPY","MEMORY_COPY_HOST_TO_DEVICE",1,"Agent 0","Agent 1",123533,25468199182692,25468199193772
"MEMORY_COPY","MEMORY_COPY_HOST_TO_DEVICE",1,"Agent 0","Agent 1",123536,25468199224833,25468199236193
"MEMORY_COPY","MEMORY_COPY_HOST_TO_DEVICE",1,"Agent 0","Agent 1",123539,25468199272103,25468199283583
"MEMORY_COPY","MEMORY_COPY_HOST_TO_DEVICE",1,"Agent 0","Agent 1",123542,25468199315614,25468199326614
"MEMORY_COPY","MEMORY_COPY_HOST_TO_DEVICE",1,"Agent 0","Agent 1",123545,25468199356734,25468199367894
"MEMORY_COPY","MEMORY_COPY_HOST_TO_DEVICE",1,"Agent 0","Agent 1",123548,25468199402604,25468199413724
"MEMORY_COPY","MEMORY_COPY_HOST_TO_DEVICE",1,"Agent 0","Agent 1",123551,25468199468205,25468199479485
"MEMORY_COPY","MEMORY_COPY_HOST_TO_DEVICE",1,"Agent 0","Agent 1",123554,25468199631797,25468199642717
"MEMORY_COPY","MEMORY_COPY_HOST_TO_DEVICE",1,"Agent 0","Agent 1",123557,25468199677327,25468199688287
"MEMORY_COPY","MEMORY_COPY_HOST_TO_DEVICE",1,"Agent 0","Agent 1",123560,25468199719597,25468199730438
"MEMORY_COPY","MEMORY_COPY_HOST_TO_DEVICE",1,"Agent 0","Agent 1",123563,25468199760998,25468199772478
"MEMORY_COPY","MEMORY_COPY_HOST_TO_DEVICE",1,"Agent 0","Agent 1",123566,25468199807248,25468199818328
"MEMORY_COPY","MEMORY_COPY_HOST_TO_DEVICE",1,"Agent 0","Agent 1",123569,25468199848869,25468199859909
"MEMORY_COPY","MEMORY_COPY_HOST_TO_DEVICE",1,"Agent 0","Agent 1",123572,25468199890809,25468199901689
"MEMORY_COPY","MEMORY_COPY_HOST_TO_DEVICE",1,"Agent 0","Agent 1",123575,25468199937740,25468199949020
"MEMORY_COPY","MEMORY_COPY_HOST_TO_DEVICE",1,"Agent 0","Agent 1",123578,25468199979440,25468199990640
"MEMORY_COPY","MEMORY_COPY_HOST_TO_DEVICE",1,"Agent 0","Agent 1",123581,25468200031630,25468200042631
"MEMORY_COPY","MEMORY_COPY_HOST_TO_DEVICE",1,"Agent 0","Agent 1",123584,25468200075451,25468200086491
"MEMORY_COPY","MEMORY_COPY_HOST_TO_DEVICE",1,"Agent 0","Agent 1",123587,25468200117231,25468200128511
"MEMORY_COPY","MEMORY_COPY_HOST_TO_DEVICE",1,"Agent 0","Agent 1",123590,25468200158422,25468200169502
"MEMORY_COPY","MEMORY_COPY_HOST_TO_DEVICE",1,"Agent 0","Agent 1",123593,25468200203402,25468200214362
"MEMORY_COPY","MEMORY_COPY_HOST_TO_DEVICE",1,"Agent 0","Agent 1",123596,25468200243822,25468200254983
"MEMORY_COPY","MEMORY_COPY_HOST_TO_DEVICE",1,"Agent 0","Agent 1",123599,25468200287553,25468200298833
"MEMORY_COPY","MEMORY_COPY_HOST_TO_DEVICE",1,"Agent 0","Agent 1",123602,25468200333143,25468200344103
"MEMORY_COPY","MEMORY_COPY_HOST_TO_DEVICE",1,"Agent 0","Agent 1",123605,25468200375794,25468200386754
"MEMORY_COPY","MEMORY_COPY_HOST_TO_DEVICE",1,"Agent 0","Agent 1",123608,25468200416994,25468200427914
"MEMORY_COPY","MEMORY_COPY_HOST_TO_DEVICE",1,"Agent 0","Agent 1",123611,25468200462415,25468200473655
"MEMORY_COPY","MEMORY_COPY_HOST_TO_DEVICE",1,"Agent 0","Agent 1",123614,25468200508595,25468200519635
"MEMORY_COPY","MEMORY_COPY_HOST_TO_DEVICE",1,"Agent 0","Agent 1",123617,25468200563116,25468200574076
"MEMORY_COPY","MEMORY_COPY_HOST_TO_DEVICE",1,"Agent 0","Agent 1",123620,25468200607166,25468200618126
"MEMORY_COPY","MEMORY_COPY_HOST_TO_DEVICE",1,"Agent 0","Agent 1",123623,25468200641516,25468200652516
"MEMORY_COPY","MEMORY_COPY_HOST_TO_DEVICE",1,"Agent 0","Agent 1",123626,25468200677487,25468200688527
"MEMORY_COPY","MEMORY_COPY_HOST_TO_DEVICE",1,"Agent 0","Agent 1",123629,25468200716157,25468200727157
"MEMORY_COPY","MEMORY_COPY_HOST_TO_DEVICE",1,"Agent 0","Agent 1",123632,25468200750607,25468200761607
"MEMORY_COPY","MEMORY_COPY_HOST_TO_DEVICE",1,"Agent 0","Agent 1",123635,25468200785058,25468200796098
"MEMORY_COPY","MEMORY_COPY_HOST_TO_DEVICE",1,"Agent 0","Agent 1",123638,25468200823988,25468200834828
"MEMORY_COPY","MEMORY_COPY_HOST_TO_DEVICE",1,"Agent 0","Agent 1",123641,25468200858498,25468200869539
"MEMORY_COPY","MEMORY_COPY_HOST_TO_DEVICE",1,"Agent 0","Agent 1",123644,25468200892379,25468200903379
"MEMORY_COPY","MEMORY_COPY_HOST_TO_DEVICE",1,"Agent 0","Agent 1",123647,25468200932909,25468200943909
"MEMORY_COPY","MEMORY_COPY_HOST_TO_DEVICE",1,"Agent 0","Agent 1",123650,25468200968049,25468200979090
"MEMORY_COPY","MEMORY_COPY_HOST_TO_DEVICE",1,"Agent 0","Agent 1",123653,25468201003190,25468201015190
"MEMORY_COPY","MEMORY_COPY_HOST_TO_DEVICE",1,"Agent 0","Agent 1",123656,25468201043210,25468201054250
"MEMORY_COPY","MEMORY_COPY_HOST_TO_DEVICE",1,"Agent 0","Agent 1",123659,25468201078131,25468201089131
"MEMORY_COPY","MEMORY_COPY_HOST_TO_DEVICE",1,"Agent 0","Agent 1",123662,25468201112931,25468201123971
"MEMORY_COPY","MEMORY_COPY_HOST_TO_DEVICE",1,"Agent 0","Agent 1",123665,25468201152541,25468201163541
"MEMORY_COPY","MEMORY_COPY_HOST_TO_DEVICE",1,"Agent 0","Agent 1",123668,25468201191412,25468201311773
"MEMORY_COPY","MEMORY_COPY_HOST_TO_DEVICE",1,"Agent 0","Agent 1",123671,25468201329853,25468201451414
"MEMORY_COPY","MEMORY_COPY_HOST_TO_DEVICE",1,"Agent 0","Agent 1",123674,25468201470744,25468201593066
"MEMORY_COPY","MEMORY_COPY_HOST_TO_DEVICE",1,"Agent 0","Agent 1",123677,25468201610186,25468201732107
"MEMORY_COPY","MEMORY_COPY_HOST_TO_DEVICE",1,"Agent 0","Agent 1",123680,25468201748627,25468201869388
"MEMORY_COPY","MEMORY_COPY_HOST_TO_DEVICE",1,"Agent 0","Agent 1",123683,25468201888278,25468202010160
"MEMORY_COPY","MEMORY_COPY_HOST_TO_DEVICE",1,"Agent 0","Agent 1",123686,25468202027580,25468202146741
"MEMORY_COPY","MEMORY_COPY_HOST_TO_DEVICE",1,"Agent 0","Agent 1",123689,25468202163201,25468202285002
"MEMORY_COPY","MEMORY_COPY_HOST_TO_DEVICE",1,"Agent 0","Agent 1",123692,25468202303742,25468202421664
"MEMORY_COPY","MEMORY_COPY_HOST_TO_DEVICE",1,"Agent 0","Agent 1",123695,25468202438314,25468202596995
"MEMORY_COPY","MEMORY_COPY_HOST_TO_DEVICE",1,"Agent 0","Agent 1",123698,25468202614105,25468202796707
"MEMORY_COPY","MEMORY_COPY_HOST_TO_DEVICE",1,"Agent 0","Agent 1",123701,25468202817687,25468203009449
"MEMORY_COPY","MEMORY_COPY_HOST_TO_DEVICE",1,"Agent 0","Agent 1",123704,25468203030979,25468203233741
"MEMORY_COPY","MEMORY_COPY_HOST_TO_DEVICE",1,"Agent 0","Agent 1",123707,25468203255562,25468203529604
"MEMORY_COPY","MEMORY_COPY_HOST_TO_DEVICE",1,"Agent 0","Agent 1",123710,25468203585415,25468203862697
"MEMORY_COPY","MEMORY_COPY_HOST_TO_DEVICE",1,"Agent 0","Agent 1",123713,25468203890668,25468204173790
"MEMORY_COPY","MEMORY_COPY_HOST_TO_DEVICE",1,"Agent 0","Agent 1",123716,25468204197611,25468204485173
"MEMORY_COPY","MEMORY_COPY_HOST_TO_DEVICE",1,"Agent 0","Agent 1",123719,25468204517704,25468204747546
"MEMORY_COPY","MEMORY_COPY_HOST_TO_DEVICE",1,"Agent 0","Agent 1",123722,25468204774676,25468204949758
"MEMORY_COPY","MEMORY_COPY_HOST_TO_DEVICE",1,"Agent 0","Agent 1",123725,25468204968058,25468205154660
"MEMORY_COPY","MEMORY_COPY_HOST_TO_DEVICE",1,"Agent 0","Agent 1",123728,25468205176980,25468205387142
"MEMORY_COPY","MEMORY_COPY_HOST_TO_DEVICE",1,"Agent 0","Agent 1",123731,25468205405262,25468205620704
"MEMORY_COPY","MEMORY_COPY_HOST_TO_DEVICE",1,"Agent 0","Agent 1",123734,25468205641005,25468205830246
"MEMORY_COPY","MEMORY_COPY_HOST_TO_DEVICE",1,"Agent 0","Agent 1",123737,25468205852967,25468206012648
"MEMORY_COPY","MEMORY_COPY_HOST_TO_DEVICE",1,"Agent 0","Agent 1",123740,25468206049809,25468206215290
"MEMORY_COPY","MEMORY_COPY_HOST_TO_DEVICE",1,"Agent 0","Agent 1",123743,25468206232250,25468206388852
"MEMORY_COPY","MEMORY_COPY_HOST_TO_DEVICE",1,"Agent 0","Agent 1",123746,25468206408312,25468206562834
"MEMORY_COPY","MEMORY_COPY_HOST_TO_DEVICE",1,"Agent 0","Agent 1",123749,25468206582214,25468206732775
"MEMORY_COPY","MEMORY_COPY_HOST_TO_DEVICE",1,"Agent 0","Agent 1",123752,25468206749865,25468206881547
"MEMORY_COPY","MEMORY_COPY_HOST_TO_DEVICE",1,"Agent 0","Agent 1",123755,25468206901037,25468207044838
"MEMORY_COPY","MEMORY_COPY_HOST_TO_DEVICE",1,"Agent 0","Agent 1",123758,25468207090469,25468207228470
"MEMORY_COPY","MEMORY_COPY_HOST_TO_DEVICE",1,"Agent 0","Agent 1",123761,25468207249030,25468207389352
"MEMORY_COPY","MEMORY_COPY_HOST_TO_DEVICE",1,"Agent 0","Agent 1",123764,25468207409892,25468207543293
"MEMORY_COPY","MEMORY_COPY_HOST_TO_DEVICE",1,"Agent 0","Agent 1",123767,25468207560023,25468207696745
"MEMORY_COPY","MEMORY_COPY_HOST_TO_DEVICE",1,"Agent 0","Agent 1",123770,25468207713375,25468207853136
"MEMORY_COPY","MEMORY_COPY_HOST_TO_DEVICE",1,"Agent 0","Agent 1",123773,25468207872716,25468208016318
"MEMORY_COPY","MEMORY_COPY_HOST_TO_DEVICE",1,"Agent 0","Agent 1",123776,25468208033848,25468208169969
"MEMORY_COPY","MEMORY_COPY_HOST_TO_DEVICE",1,"Agent 0","Agent 1",123779,25468208187479,25468208329801
"MEMORY_COPY","MEMORY_COPY_HOST_TO_DEVICE",1,"Agent 0","Agent 1",123782,25468208348881,25468208485762
"MEMORY_COPY","MEMORY_COPY_HOST_TO_DEVICE",1,"Agent 0","Agent 1",123785,25468208502422,25468208646584
"MEMORY_COPY","MEMORY_COPY_HOST_TO_DEVICE",1,"Agent 0","Agent 1",123788,25468208662674,25468208791115
"MEMORY_COPY","MEMORY_COPY_HOST_TO_DEVICE",1,"Agent 0","Agent 1",123791,25468208811115,25468208952397
"MEMORY_COPY","MEMORY_COPY_HOST_TO_DEVICE",1,"Agent 0","Agent 1",123794,25468208968837,25468209105158
"MEMORY_COPY","MEMORY_COPY_HOST_TO_DEVICE",1,"Agent 0","Agent 1",123797,25468209122498,25468209269140
"MEMORY_COPY","MEMORY_COPY_HOST_TO_DEVICE",1,"Agent 0","Agent 1",123800,25468209294550,25468209439151
"MEMORY_COPY","MEMORY_COPY_HOST_TO_DEVICE",1,"Agent 0","Agent 1",123803,25468209457622,25468209619183
"MEMORY_COPY","MEMORY_COPY_HOST_TO_DEVICE",1,"Agent 0","Agent 1",123806,25468209636003,25468209789205
"MEMORY_COPY","MEMORY_COPY_HOST_TO_DEVICE",1,"Agent 0","Agent 1",123809,25468209810625,25468209959746
"MEMORY_COPY","MEMORY_COPY_DEVICE_TO_HOST",1,"Agent 1","Agent 0",123813,25468301728225,25468301737225
"MEMORY_COPY","MEMORY_COPY_DEVICE_TO_HOST",1,"Agent 1","Agent 0",123816,25468301786215,25468301794295
"MEMORY_COPY","MEMORY_COPY_DEVICE_TO_HOST",1,"Agent 1","Agent 0",123819,25468301826995,25468301835395
"MEMORY_COPY","MEMORY_COPY_DEVICE_TO_HOST",1,"Agent 1","Agent 0",123822,25468301861496,25468301869736
"MEMORY_COPY","MEMORY_COPY_DEVICE_TO_HOST",1,"Agent 1","Agent 0",123825,25468301896316,25468301904716
"MEMORY_COPY","MEMORY_COPY_DEVICE_TO_HOST",1,"Agent 1","Agent 0",123828,25468301937986,25468301946226
"MEMORY_COPY","MEMORY_COPY_DEVICE_TO_HOST",1,"Agent 1","Agent 0",123831,25468301971487,25468301979847
"MEMORY_COPY","MEMORY_COPY_DEVICE_TO_HOST",1,"Agent 1","Agent 0",123834,25468302004487,25468302012927
"MEMORY_COPY","MEMORY_COPY_DEVICE_TO_HOST",1,"Agent 1","Agent 0",123837,25468302043207,25468302051407
"MEMORY_COPY","MEMORY_COPY_DEVICE_TO_HOST",1,"Agent 1","Agent 0",123840,25468302077178,25468302085618
"MEMORY_COPY","MEMORY_COPY_DEVICE_TO_HOST",1,"Agent 1","Agent 0",123843,25468302116278,25468302124398
"MEMORY_COPY","MEMORY_COPY_DEVICE_TO_HOST",1,"Agent 1","Agent 0",123846,25468302154548,25468302162669
"MEMORY_COPY","MEMORY_COPY_DEVICE_TO_HOST",1,"Agent 1","Agent 0",123849,25468302189429,25468302197669
"MEMORY_COPY","MEMORY_COPY_DEVICE_TO_HOST",1,"Agent 1","Agent 0",123852,25468302222949,25468302231349
"MEMORY_COPY","MEMORY_COPY_DEVICE_TO_HOST",1,"Agent 1","Agent 0",123855,25468302260169,25468302268370
"MEMORY_COPY","MEMORY_COPY_DEVICE_TO_HOST",1,"Agent 1","Agent 0",123858,25468302293860,25468302302180
"MEMORY_COPY","MEMORY_COPY_DEVICE_TO_HOST",1,"Agent 1","Agent 0",123861,25468302331150,25468302339430
"MEMORY_COPY","MEMORY_COPY_DEVICE_TO_HOST",1,"Agent 1","Agent 0",123864,25468302368061,25468302377621
"MEMORY_COPY","MEMORY_COPY_DEVICE_TO_HOST",1,"Agent 1","Agent 0",123867,25468302404921,25468302413201
"MEMORY_COPY","MEMORY_COPY_DEVICE_TO_HOST",1,"Agent 1","Agent 0",123870,25468302440221,25468302448421
"MEMORY_COPY","MEMORY_COPY_DEVICE_TO_HOST",1,"Agent 1","Agent 0",123873,25468302477532,25468302485692
"MEMORY_COPY","MEMORY_COPY_DEVICE_TO_HOST",1,"Agent 1","Agent 0",123876,25468302514282,25468302522402
"MEMORY_COPY","MEMORY_COPY_DEVICE_TO_HOST",1,"Agent 1","Agent 0",123879,25468302549402,25468302557562
"MEMORY_COPY","MEMORY_COPY_DEVICE_TO_HOST",1,"Agent 1","Agent 0",123882,25468302588243,25468302596443
"MEMORY_COPY","MEMORY_COPY_DEVICE_TO_HOST",1,"Agent 1","Agent 0",123885,25468302621493,25468302629933
"MEMORY_COPY","MEMORY_COPY_DEVICE_TO_HOST",1,"Agent 1","Agent 0",123888,25468302654883,25468302663123
"MEMORY_COPY","MEMORY_COPY_DEVICE_TO_HOST",1,"Agent 1","Agent 0",123891,25468302694764,25468302703084
"MEMORY_COPY","MEMORY_COPY_DEVICE_TO_HOST",1,"Agent 1","Agent 0",123894,25468302732594,25468302740794
"MEMORY_COPY","MEMORY_COPY_DEVICE_TO_HOST",1,"Agent 1","Agent 0",123897,25468302768224,25468302776504
"MEMORY_COPY","MEMORY_COPY_DEVICE_TO_HOST",1,"Agent 1","Agent 0",123900,25468302807005,25468302815245
"MEMORY_COPY","MEMORY_COPY_DEVICE_TO_HOST",1,"Agent 1","Agent 0",123903,25468302980646,25468302989727
"MEMORY_COPY","MEMORY_COPY_DEVICE_TO_HOST",1,"Agent 1","Agent 0",123906,25468303028067,25468303037467
"MEMORY_COPY","MEMORY_COPY_DEVICE_TO_HOST",1,"Agent 1","Agent 0",123909,25468303073387,25468303081907
"MEMORY_COPY","MEMORY_COPY_DEVICE_TO_HOST",1,"Agent 1","Agent 0",123912,25468303117138,25468303128898
"MEMORY_COPY","MEMORY_COPY_DEVICE_TO_HOST",1,"Agent 1","Agent 0",123915,25468303158658,25468303167018
"MEMORY_COPY","MEMORY_COPY_DEVICE_TO_HOST",1,"Agent 1","Agent 0",123918,25468303200509,25468303208789
"MEMORY_COPY","MEMORY_COPY_DEVICE_TO_HOST",1,"Agent 1","Agent 0",123921,25468303239429,25468303247589
"MEMORY_COPY","MEMORY_COPY_DEVICE_TO_HOST",1,"Agent 1","Agent 0",123924,25468303275089,25468303283089
"MEMORY_COPY","MEMORY_COPY_DEVICE_TO_HOST",1,"Agent 1","Agent 0",123927,25468303313960,25468303322200
"MEMORY_COPY","MEMORY_COPY_DEVICE_TO_HOST",1,"Agent 1","Agent 0",123930,25468303350350,25468303358470
"MEMORY_COPY","MEMORY_COPY_DEVICE_TO_HOST",1,"Agent 1","Agent 0",123933,25468303386050,25468303394250
"MEMORY_COPY","MEMORY_COPY_DEVICE_TO_HOST",1,"Agent 1","Agent 0",123936,25468303424981,25468303434581
"MEMORY_COPY","MEMORY_COPY_DEVICE_TO_HOST",1,"Agent 1","Agent 0",123939,25468303462861,25468303471021
"MEMORY_COPY","MEMORY_COPY_DEVICE_TO_HOST",1,"Agent 1","Agent 0",123942,25468303499901,25468303508302
"MEMORY_COPY","MEMORY_COPY_DEVICE_TO_HOST",1,"Agent 1","Agent 0",123945,25468303545242,25468303553562
"MEMORY_COPY","MEMORY_COPY_DEVICE_TO_HOST",1,"Agent 1","Agent 0",123948,25468303583812,25468303591972
"MEMORY_COPY","MEMORY_COPY_DEVICE_TO_HOST",1,"Agent 1","Agent 0",123951,25468303620503,25468303628783
"MEMORY_COPY","MEMORY_COPY_DEVICE_TO_HOST",1,"Agent 1","Agent 0",123954,25468303665433,25468303673833
"MEMORY_COPY","MEMORY_COPY_DEVICE_TO_HOST",1,"Agent 1","Agent 0",123957,25468303802854,25468303967016
"MEMORY_COPY","MEMORY_COPY_DEVICE_TO_HOST",1,"Agent 1","Agent 0",123960,25468304065457,25468304224178
"MEMORY_COPY","MEMORY_COPY_DEVICE_TO_HOST",1,"Agent 1","Agent 0",123963,25468304318159,25468304443921
"MEMORY_COPY","MEMORY_COPY_DEVICE_TO_HOST",1,"Agent 1","Agent 0",123966,25468304532931,25468304660733
"MEMORY_COPY","MEMORY_COPY_DEVICE_TO_HOST",1,"Agent 1","Agent 0",123969,25468304745404,25468304871325
"MEMORY_COPY","MEMORY_COPY_DEVICE_TO_HOST",1,"Agent 1","Agent 0",123972,25468304953246,25468305106447
"MEMORY_COPY","MEMORY_COPY_DEVICE_TO_HOST",1,"Agent 1","Agent 0",123975,25468305186748,25468305349389
"MEMORY_COPY","MEMORY_COPY_DEVICE_TO_HOST",1,"Agent 1","Agent 0",123978,25468305430280,25468305552961
"MEMORY_COPY","MEMORY_COPY_DEVICE_TO_HOST",1,"Agent 1","Agent 0",123981,25468305639952,25468305764273
"MEMORY_COPY","MEMORY_COPY_DEVICE_TO_HOST",1,"Agent 1","Agent 0",123984,25468305849144,25468305977585
"MEMORY_COPY","MEMORY_COPY_DEVICE_TO_HOST",1,"Agent 1","Agent 0",123987,25468306066376,25468306197378
"MEMORY_COPY","MEMORY_COPY_DEVICE_TO_HOST",1,"Agent 1","Agent 0",123990,25468306290738,25468306424300
"MEMORY_COPY","MEMORY_COPY_DEVICE_TO_HOST",1,"Agent 1","Agent 0",123993,25468306509381,25468306635542
"MEMORY_COPY","MEMORY_COPY_DEVICE_TO_HOST",1,"Agent 1","Agent 0",123996,25468306721603,25468306908244
"MEMORY_COPY","MEMORY_COPY_DEVICE_TO_HOST",1,"Agent 1","Agent 0",123999,25468307002905,25468307210307
"MEMORY_COPY","MEMORY_COPY_DEVICE_TO_HOST",1,"Agent 1","Agent 0",124002,25468307311648,25468307439050
"MEMORY_COPY","MEMORY_COPY_DEVICE_TO_HOST",1,"Agent 1","Agent 0",124005,25468307528470,25468307653432
"MEMORY_COPY","MEMORY_COPY_DEVICE_TO_HOST",1,"Agent 1","Agent 0",124008,25468307741303,25468307865824
"MEMORY_COPY","MEMORY_COPY_DEVICE_TO_HOST",1,"Agent 1","Agent 0",124011,25468307951215,25468308082576
"MEMORY_COPY","MEMORY_COPY_DEVICE_TO_HOST",1,"Agent 1","Agent 0",124014,25468308163227,25468308301348
"MEMORY_COPY","MEMORY_COPY_DEVICE_TO_HOST",1,"Agent 1","Agent 0",124017,25468308390109,25468308521630
"MEMORY_COPY","MEMORY_COPY_DEVICE_TO_HOST",1,"Agent 1","Agent 0",124020,25468308606821,25468308725422
"MEMORY_COPY","MEMORY_COPY_DEVICE_TO_HOST",1,"Agent 1","Agent 0",124023,25468308810883,25468308935604
"MEMORY_COPY","MEMORY_COPY_DEVICE_TO_HOST",1,"Agent 1","Agent 0",124026,25468309031285,25468309226167
"MEMORY_COPY","MEMORY_COPY_DEVICE_TO_HOST",1,"Agent 1","Agent 0",124029,25468309311638,25468309502480
"MEMORY_COPY","MEMORY_COPY_DEVICE_TO_HOST",1,"Agent 1","Agent 0",124032,25468309590240,25468309748322
"MEMORY_COPY","MEMORY_COPY_DEVICE_TO_HOST",1,"Agent 1","Agent 0",124035,25468309838613,25468310030255
"MEMORY_COPY","MEMORY_COPY_DEVICE_TO_HOST",1,"Agent 1","Agent 0",124038,25468310134026,25468310404908
"MEMORY_COPY","MEMORY_COPY_DEVICE_TO_HOST",1,"Agent 1","Agent 0",124041,25468310512349,25468310802872
"MEMORY_COPY","MEMORY_COPY_DEVICE_TO_HOST",1,"Agent 1","Agent 0",124044,25468310944233,25468311195956
"MEMORY_COPY","MEMORY_COPY_DEVICE_TO_HOST",1,"Agent 1","Agent 0",124047,25468311314447,25468311560809
"MEMORY_COPY","MEMORY_COPY_DEVICE_TO_HOST",1,"Agent 1","Agent 0",124050,25468311734991,25468311973353
"MEMORY_COPY","MEMORY_COPY_DEVICE_TO_HOST",1,"Agent 1","Agent 0",124053,25468312137005,25468312360367
"MEMORY_COPY","MEMORY_COPY_DEVICE_TO_HOST",1,"Agent 1","Agent 0",124056,25468312462938,25468312683900
"MEMORY_COPY","MEMORY_COPY_DEVICE_TO_HOST",1,"Agent 1","Agent 0",124059,25468312787441,25468312988963
"MEMORY_COPY","MEMORY_COPY_DEVICE_TO_HOST",1,"Agent 1","Agent 0",124062,25468313114614,25468313304336
"MEMORY_COPY","MEMORY_COPY_DEVICE_TO_HOST",1,"Agent 1","Agent 0",124065,25468313395587,25468313581349
"MEMORY_COPY","MEMORY_COPY_DEVICE_TO_HOST",1,"Agent 1","Agent 0",124068,25468313671320,25468313858682
"MEMORY_COPY","MEMORY_COPY_DEVICE_TO_HOST",1,"Agent 1","Agent 0",124071,25468313954143,25468314153545
"MEMORY_COPY","MEMORY_COPY_DEVICE_TO_HOST",1,"Agent 1","Agent 0",124074,25468314247455,25468314428897
"MEMORY_COPY","MEMORY_COPY_DEVICE_TO_HOST",1,"Agent 1","Agent 0",124077,25468314523258,25468314696540
"MEMORY_COPY","MEMORY_COPY_DEVICE_TO_HOST",1,"Agent 1","Agent 0",124080,25468314787471,25468314941272
"MEMORY_COPY","MEMORY_COPY_DEVICE_TO_HOST",1,"Agent 1","Agent 0",124083,25468315032763,25468315184764
"MEMORY_COPY","MEMORY_COPY_DEVICE_TO_HOST",1,"Agent 1","Agent 0",124086,25468315271115,25468315450237
"MEMORY_COPY","MEMORY_COPY_DEVICE_TO_HOST",1,"Agent 1","Agent 0",124089,25468315542658,25468315783260
"MEMORY_COPY","MEMORY_COPY_DEVICE_TO_HOST",1,"Agent 1","Agent 0",124092,25468315874581,25468316075743
"MEMORY_COPY","MEMORY_COPY_DEVICE_TO_HOST",1,"Agent 1","Agent 0",124095,25468316166014,25468316366176
"MEMORY_COPY","MEMORY_COPY_DEVICE_TO_HOST",1,"Agent 1","Agent 0",124098,25468316456077,25468316649159
"MEMORY_COPY","MEMORY_COPY_HOST_TO_DEVICE",1,"Agent 0","Agent 1",124103,25468318220924,25468318229844
"MEMORY_COPY","MEMORY_COPY_HOST_TO_DEVICE",1,"Agent 0","Agent 1",124118,25468318326775,25468318345215
"MEMORY_COPY","MEMORY_COPY_DEVICE_TO_HOST",4,"Agent 1","Agent 0",130872,25468382672792,25468382713152
"MEMORY_COPY","MEMORY_COPY_HOST_TO_DEVICE",1,"Agent 0","Agent 1",130883,25468385938294,25468385943574
"MEMORY_COPY","MEMORY_COPY_HOST_TO_DEVICE",1,"Agent 0","Agent 1",130898,25468386045915,25468386064315
"MEMORY_COPY","MEMORY_COPY_DEVICE_TO_HOST",4,"Agent 1","Agent 0",136500,25468444016552,25468444073553
"MEMORY_COPY","MEMORY_COPY_HOST_TO_DEVICE",1,"Agent 0","Agent 1",136511,25468445120103,25468445125583
"MEMORY_COPY","MEMORY_COPY_HOST_TO_DEVICE",1,"Agent 0","Agent 1",136526,25468445227014,25468445241854
"MEMORY_COPY","MEMORY_COPY_DEVICE_TO_HOST",4,"Agent 1","Agent 0",142133,25468513482374,25468513528294
"MEMORY_COPY","MEMORY_COPY_HOST_TO_DEVICE",1,"Agent 0","Agent 1",142144,25468514173040,25468514178200
"MEMORY_COPY","MEMORY_COPY_HOST_TO_DEVICE",1,"Agent 0","Agent 1",142159,25468514273651,25468514291972
"MEMORY_COPY","MEMORY_COPY_DEVICE_TO_HOST",4,"Agent 1","Agent 0",142183,25468563494913,25468563540674
"MEMORY_COPY","MEMORY_COPY_HOST_TO_DEVICE",1,"Agent 0","Agent 1",142194,25468564255491,25468564261291
"MEMORY_COPY","MEMORY_COPY_HOST_TO_DEVICE",1,"Agent 0","Agent 1",142209,25468564352152,25468564370512
"MEMORY_COPY","MEMORY_COPY_DEVICE_TO_HOST",4,"Agent 1","Agent 0",142233,25468613488427,25468613540348
"MEMORY_COPY","MEMORY_COPY_HOST_TO_DEVICE",1,"Agent 0","Agent 1",142244,25468614172624,25468614177704
"MEMORY_COPY","MEMORY_COPY_HOST_TO_DEVICE",1,"Agent 0","Agent 1",142259,25468614272745,25468614291345
"MEMORY_COPY","MEMORY_COPY_DEVICE_TO_HOST",4,"Agent 1","Agent 0",142283,25468663297746,25468663340827
"MEMORY_COPY","MEMORY_COPY_HOST_TO_DEVICE",1,"Agent 0","Agent 1",142294,25468663955673,25468663960913
"MEMORY_COPY","MEMORY_COPY_HOST_TO_DEVICE",1,"Agent 0","Agent 1",142309,25468664054894,25468664073614
"MEMORY_COPY","MEMORY_COPY_DEVICE_TO_HOST",4,"Agent 1","Agent 0",142333,25468713136720,25468713189961
"MEMORY_COPY","MEMORY_COPY_HOST_TO_DEVICE",1,"Agent 0","Agent 1",142344,25468713787217,25468713792297
"MEMORY_COPY","MEMORY_COPY_HOST_TO_DEVICE",1,"Agent 0","Agent 1",142359,25468713885978,25468713904538
"MEMORY_COPY","MEMORY_COPY_DEVICE_TO_HOST",4,"Agent 1","Agent 0",142383,25468763083149,25468763128549
"MEMORY_COPY","MEMORY_COPY_HOST_TO_DEVICE",1,"Agent 0","Agent 1",142394,25468763816516,25468763821836
"MEMORY_COPY","MEMORY_COPY_HOST_TO_DEVICE",1,"Agent 0","Agent 1",142409,25468763911367,25468763929687
"MEMORY_COPY","MEMORY_COPY_DEVICE_TO_HOST",4,"Agent 1","Agent 0",142433,25468813052863,25468813101263
"MEMORY_COPY","MEMORY_COPY_HOST_TO_DEVICE",1,"Agent 0","Agent 1",142444,25468813845780,25468813851741
"MEMORY_COPY","MEMORY_COPY_HOST_TO_DEVICE",1,"Agent 0","Agent 1",142459,25468814114403,25468814131843
"MEMORY_COPY","MEMORY_COPY_DEVICE_TO_HOST",4,"Agent 1","Agent 0",142483,25468863287439,25468863338360
"MEMORY_COPY","MEMORY_COPY_HOST_TO_DEVICE",1,"Agent 0","Agent 1",142494,25468863979536,25468863984696
"MEMORY_COPY","MEMORY_COPY_HOST_TO_DEVICE",1,"Agent 0","Agent 1",142509,25468864089437,25468864107797
"MEMORY_COPY","MEMORY_COPY_DEVICE_TO_HOST",4,"Agent 1","Agent 0",142533,25468913334755,25468913390915
"MEMORY_COPY","MEMORY_COPY_HOST_TO_DEVICE",1,"Agent 0","Agent 1",142544,25468914135612,25468914140732
"MEMORY_COPY","MEMORY_COPY_HOST_TO_DEVICE",1,"Agent 0","Agent 1",142559,25468914236413,25468914254934
"MEMORY_COPY","MEMORY_COPY_DEVICE_TO_HOST",4,"Agent 1","Agent 0",142583,25468963362080,25468963404480
"MEMORY_COPY","MEMORY_COPY_HOST_TO_DEVICE",1,"Agent 0","Agent 1",142594,25468964008706,25468964013906
"MEMORY_COPY","MEMORY_COPY_HOST_TO_DEVICE",1,"Agent 0","Agent 1",142609,25468964112277,25468964130837
"MEMORY_COPY","MEMORY_COPY_DEVICE_TO_HOST",4,"Agent 1","Agent 0",142633,25469013299164,25469013343324
"MEMORY_COPY","MEMORY_COPY_HOST_TO_DEVICE",1,"Agent 0","Agent 1",142644,25469013976820,25469013982020
"MEMORY_COPY","MEMORY_COPY_HOST_TO_DEVICE",1,"Agent 0","Agent 1",142659,25469014082231,25469014100551
"MEMORY_COPY","MEMORY_COPY_DEVICE_TO_HOST",4,"Agent 1","Agent 0",142683,25469063335343,25469063389823
"MEMORY_COPY","MEMORY_COPY_HOST_TO_DEVICE",1,"Agent 0","Agent 1",142694,25469064151061,25469064156261
"MEMORY_COPY","MEMORY_COPY_HOST_TO_DEVICE",1,"Agent 0","Agent 1",142709,25469064253112,25469064271592
"MEMORY_COPY","MEMORY_COPY_DEVICE_TO_HOST",4,"Agent 1","Agent 0",142733,25469113427386,25469113484667
"MEMORY_COPY","MEMORY_COPY_HOST_TO_DEVICE",1,"Agent 0","Agent 1",142744,25469114214774,25469114220774
"MEMORY_COPY","MEMORY_COPY_HOST_TO_DEVICE",1,"Agent 0","Agent 1",142759,25469114332415,25469114350895
"MEMORY_COPY","MEMORY_COPY_DEVICE_TO_HOST",4,"Agent 1","Agent 0",142783,25469163556645,25469163606525
"MEMORY_COPY","MEMORY_COPY_HOST_TO_DEVICE",1,"Agent 0","Agent 1",142794,25469164265002,25469164270322
"MEMORY_COPY","MEMORY_COPY_HOST_TO_DEVICE",1,"Agent 0","Agent 1",142809,25469164502234,25469164520794
"MEMORY_COPY","MEMORY_COPY_DEVICE_TO_HOST",4,"Agent 1","Agent 0",142833,25469213749117,25469213795237
"MEMORY_COPY","MEMORY_COPY_HOST_TO_DEVICE",1,"Agent 0","Agent 1",142844,25469214507724,25469214513084
"MEMORY_COPY","MEMORY_COPY_HOST_TO_DEVICE",1,"Agent 0","Agent 1",142859,25469214603405,25469214621885
"MEMORY_COPY","MEMORY_COPY_DEVICE_TO_HOST",4,"Agent 1","Agent 0",142883,25469263746382,25469263790662
"MEMORY_COPY","MEMORY_COPY_HOST_TO_DEVICE",1,"Agent 0","Agent 1",142894,25469264405618,25469264410898
"MEMORY_COPY","MEMORY_COPY_HOST_TO_DEVICE",1,"Agent 0","Agent 1",142909,25469264515249,25469264533809
"MEMORY_COPY","MEMORY_COPY_DEVICE_TO_HOST",4,"Agent 1","Agent 0",142933,25469313665025,25469313716066
"MEMORY_COPY","MEMORY_COPY_HOST_TO_DEVICE",1,"Agent 0","Agent 1",142944,25469314373972,25469314379092
"MEMORY_COPY","MEMORY_COPY_HOST_TO_DEVICE",1,"Agent 0","Agent 1",142959,25469314471443,25469314489963
"MEMORY_COPY","MEMORY_COPY_DEVICE_TO_HOST",4,"Agent 1","Agent 0",142983,25469363638467,25469363690628
"MEMORY_COPY","MEMORY_COPY_HOST_TO_DEVICE",1,"Agent 0","Agent 1",142994,25469364424915,25469364430235
"MEMORY_COPY","MEMORY_COPY_HOST_TO_DEVICE",1,"Agent 0","Agent 1",143009,25469364520586,25469364538986
"MEMORY_COPY","MEMORY_COPY_DEVICE_TO_HOST",4,"Agent 1","Agent 0",143033,25469413610762,25469413680362
"MEMORY_COPY","MEMORY_COPY_HOST_TO_DEVICE",1,"Agent 0","Agent 1",143044,25469414426080,25469414431400
"MEMORY_COPY","MEMORY_COPY_HOST_TO_DEVICE",1,"Agent 0","Agent 1",143059,25469414524191,25469414542711
"MEMORY_COPY","MEMORY_COPY_DEVICE_TO_HOST",4,"Agent 1","Agent 0",143083,25469463654947,25469463698668
"MEMORY_COPY","MEMORY_COPY_HOST_TO_DEVICE",1,"Agent 0","Agent 1",143094,25469464325514,25469464330674
"MEMORY_COPY","MEMORY_COPY_HOST_TO_DEVICE",1,"Agent 0","Agent 1",143109,25469464422575,25469464441095
"MEMORY_COPY","MEMORY_COPY_DEVICE_TO_HOST",4,"Agent 1","Agent 0",143133,25469513516997,25469513572358
"MEMORY_COPY","MEMORY_COPY_HOST_TO_DEVICE",1,"Agent 0","Agent 1",143144,25469514330405,25469514335605
"MEMORY_COPY","MEMORY_COPY_HOST_TO_DEVICE",1,"Agent 0","Agent 1",143159,25469514567997,25469514586598
"MEMORY_COPY","MEMORY_COPY_DEVICE_TO_HOST",4,"Agent 1","Agent 0",143183,25469563798929,25469563850170
"MEMORY_COPY","MEMORY_COPY_HOST_TO_DEVICE",1,"Agent 0","Agent 1",143194,25469564473676,25469564478996
"MEMORY_COPY","MEMORY_COPY_HOST_TO_DEVICE",1,"Agent 0","Agent 1",143209,25469564570357,25469564589037
"MEMORY_COPY","MEMORY_COPY_DEVICE_TO_HOST",4,"Agent 1","Agent 0",143233,25469613785663,25469613841663
"MEMORY_COPY","MEMORY_COPY_HOST_TO_DEVICE",1,"Agent 0","Agent 1",143244,25469614569440,25469614574681
"MEMORY_COPY","MEMORY_COPY_HOST_TO_DEVICE",1,"Agent 0","Agent 1",143259,25469614671081,25469614689482
"MEMORY_COPY","MEMORY_COPY_DEVICE_TO_HOST",4,"Agent 1","Agent 0",143283,25469663822030,25469663875231
"MEMORY_COPY","MEMORY_COPY_HOST_TO_DEVICE",1,"Agent 0","Agent 1",143294,25469664534287,25469664539567
"MEMORY_COPY","MEMORY_COPY_HOST_TO_DEVICE",1,"Agent 0","Agent 1",143309,25469664630966,25469664649566
"MEMORY_COPY","MEMORY_COPY_DEVICE_TO_HOST",4,"Agent 1","Agent 0",143333,25469713806016,25469713857377
"MEMORY_COPY","MEMORY_COPY_HOST_TO_DEVICE",1,"Agent 0","Agent 1",143344,25469714610654,25469714615854
"MEMORY_COPY","MEMORY_COPY_HOST_TO_DEVICE",1,"Agent 0","Agent 1",143359,25469714708915,25469714727515
"MEMORY_COPY","MEMORY_COPY_DEVICE_TO_HOST",4,"Agent 1","Agent 0",143383,25469763873235,25469763916676
"MEMORY_COPY","MEMORY_COPY_HOST_TO_DEVICE",1,"Agent 0","Agent 1",143394,25469764520621,25469764525781
"MEMORY_COPY","MEMORY_COPY_HOST_TO_DEVICE",1,"Agent 0","Agent 1",143409,25469764618472,25469764636793
"MEMORY_COPY","MEMORY_COPY_DEVICE_TO_HOST",4,"Agent 1","Agent 0",143433,25469813813292,25469813855853
"MEMORY_COPY","MEMORY_COPY_HOST_TO_DEVICE",1,"Agent 0","Agent 1",143444,25469814681411,25469814686731
"MEMORY_COPY","MEMORY_COPY_HOST_TO_DEVICE",1,"Agent 0","Agent 1",143459,25469814783152,25469814801992
"MEMORY_COPY","MEMORY_COPY_DEVICE_TO_HOST",4,"Agent 1","Agent 0",143483,25469863990936,25469864047377
"MEMORY_COPY","MEMORY_COPY_HOST_TO_DEVICE",1,"Agent 0","Agent 1",143494,25469864798124,25469864803204
"MEMORY_COPY","MEMORY_COPY_HOST_TO_DEVICE",1,"Agent 0","Agent 1",143509,25469865032666,25469865051187
"MEMORY_COPY","MEMORY_COPY_DEVICE_TO_HOST",4,"Agent 1","Agent 0",143533,25469914266425,25469914324106
"MEMORY_COPY","MEMORY_COPY_HOST_TO_DEVICE",1,"Agent 0","Agent 1",143544,25469914978902,25469914984262
"MEMORY_COPY","MEMORY_COPY_HOST_TO_DEVICE",1,"Agent 0","Agent 1",143559,25469915087423,25469915106183
"MEMORY_COPY","MEMORY_COPY_DEVICE_TO_HOST",4,"Agent 1","Agent 0",143583,25469964253565,25469964297645
"MEMORY_COPY","MEMORY_COPY_HOST_TO_DEVICE",1,"Agent 0","Agent 1",143594,25469964911191,25469964916231
"MEMORY_COPY","MEMORY_COPY_HOST_TO_DEVICE",1,"Agent 0","Agent 1",143609,25469965017612,25469965036332
"MEMORY_COPY","MEMORY_COPY_DEVICE_TO_HOST",4,"Agent 1","Agent 0",143633,25470014123275,25470014177995
"MEMORY_COPY","MEMORY_COPY_HOST_TO_DEVICE",1,"Agent 0","Agent 1",143644,25470014996113,25470015002513
"MEMORY_COPY","MEMORY_COPY_HOST_TO_DEVICE",1,"Agent 0","Agent 1",143659,25470015187785,25470015223905
"MEMORY_COPY","MEMORY_COPY_DEVICE_TO_HOST",4,"Agent 1","Agent 0",143683,25470064425176,25470064478656
"MEMORY_COPY","MEMORY_COPY_HOST_TO_DEVICE",1,"Agent 0","Agent 1",143694,25470065154583,25470065159863
"MEMORY_COPY","MEMORY_COPY_HOST_TO_DEVICE",1,"Agent 0","Agent 1",143709,25470065252594,25470065271194
"MEMORY_COPY","MEMORY_COPY_DEVICE_TO_HOST",4,"Agent 1","Agent 0",143733,25470114292688,25470114334768
"MEMORY_COPY","MEMORY_COPY_HOST_TO_DEVICE",1,"Agent 0","Agent 1",143744,25470114923744,25470114929024
"MEMORY_COPY","MEMORY_COPY_HOST_TO_DEVICE",1,"Agent 0","Agent 1",143759,25470115020215,25470115038575
"MEMORY_COPY","MEMORY_COPY_DEVICE_TO_HOST",4,"Agent 1","Agent 0",143783,25470164035212,25470164079932
"MEMORY_COPY","MEMORY_COPY_HOST_TO_DEVICE",1,"Agent 0","Agent 1",143794,25470164829290,25470164834650
"MEMORY_COPY","MEMORY_COPY_HOST_TO_DEVICE",1,"Agent 0","Agent 1",143809,25470164926830,25470164945151
"MEMORY_COPY","MEMORY_COPY_DEVICE_TO_HOST",4,"Agent 1","Agent 0",143833,25470213963470,25470214006110
"MEMORY_COPY","MEMORY_COPY_HOST_TO_DEVICE",1,"Agent 0","Agent 1",143844,25470214605746,25470214611066
"MEMORY_COPY","MEMORY_COPY_HOST_TO_DEVICE",1,"Agent 0","Agent 1",143859,25470214839688,25470214858248
"MEMORY_COPY","MEMORY_COPY_DEVICE_TO_HOST",4,"Agent 1","Agent 0",143883,25470263742655,25470263784816
"MEMORY_COPY","MEMORY_COPY_HOST_TO_DEVICE",1,"Agent 0","Agent 1",143894,25470264398702,25470264403902
"MEMORY_COPY","MEMORY_COPY_HOST_TO_DEVICE",1,"Agent 0","Agent 1",143909,25470264492783,25470264511343
"MEMORY_COPY","MEMORY_COPY_DEVICE_TO_HOST",4,"Agent 1","Agent 0",143933,25470313492224,25470313540984
"MEMORY_COPY","MEMORY_COPY_HOST_TO_DEVICE",1,"Agent 0","Agent 1",143944,25470314265541,25470314270741
"MEMORY_COPY","MEMORY_COPY_HOST_TO_DEVICE",1,"Agent 0","Agent 1",143959,25470314361042,25470314379642
"MEMORY_COPY","MEMORY_COPY_DEVICE_TO_HOST",4,"Agent 1","Agent 0",143983,25470363313949,25470363376349
"MEMORY_COPY","MEMORY_COPY_HOST_TO_DEVICE",1,"Agent 0","Agent 1",143994,25470364023876,25470364029476
"MEMORY_COPY","MEMORY_COPY_HOST_TO_DEVICE",1,"Agent 0","Agent 1",144009,25470364133297,25470364153177
"MEMORY_COPY","MEMORY_COPY_DEVICE_TO_HOST",4,"Agent 1","Agent 0",144033,25470413097940,25470413140941
"MEMORY_COPY","MEMORY_COPY_HOST_TO_DEVICE",1,"Agent 0","Agent 1",144044,25470413739386,25470413744587
"MEMORY_COPY","MEMORY_COPY_HOST_TO_DEVICE",1,"Agent 0","Agent 1",144059,25470413837837,25470413856518
"MEMORY_COPY","MEMORY_COPY_DEVICE_TO_HOST",4,"Agent 1","Agent 0",144083,25470462751712,25470462793632
"MEMORY_COPY","MEMORY_COPY_HOST_TO_DEVICE",1,"Agent 0","Agent 1",144094,25470463392008,25470463397208
"MEMORY_COPY","MEMORY_COPY_HOST_TO_DEVICE",1,"Agent 0","Agent 1",144109,25470463486819,25470463505419
"MEMORY_COPY","MEMORY_COPY_DEVICE_TO_HOST",4,"Agent 1","Agent 0",144133,25470512443734,25470512491494
"MEMORY_COPY","MEMORY_COPY_HOST_TO_DEVICE",1,"Agent 0","Agent 1",144144,25470513248871,25470513254351
"MEMORY_COPY","MEMORY_COPY_HOST_TO_DEVICE",1,"Agent 0","Agent 1",144159,25470513352222,25470513370623
"MEMORY_COPY","MEMORY_COPY_DEVICE_TO_HOST",4,"Agent 1","Agent 0",144183,25470562444111,25470562491431
"MEMORY_COPY","MEMORY_COPY_HOST_TO_DEVICE",1,"Agent 0","Agent 1",144194,25470563149178,25470563154258
"MEMORY_COPY","MEMORY_COPY_HOST_TO_DEVICE",1,"Agent 0","Agent 1",144209,25470563385110,25470563403470
"MEMORY_COPY","MEMORY_COPY_DEVICE_TO_HOST",4,"Agent 1","Agent 0",144233,25470612424622,25470612468423
"MEMORY_COPY","MEMORY_COPY_HOST_TO_DEVICE",1,"Agent 0","Agent 1",144244,25470613072589,25470613077989
"MEMORY_COPY","MEMORY_COPY_HOST_TO_DEVICE",1,"Agent 0","Agent 1",144259,25470613189250,25470613208410
"MEMORY_COPY","MEMORY_COPY_DEVICE_TO_HOST",4,"Agent 1","Agent 0",144283,25470662296007,25470662352848
"MEMORY_COPY","MEMORY_COPY_HOST_TO_DEVICE",1,"Agent 0","Agent 1",144294,25470663181906,25470663187346
"MEMORY_COPY","MEMORY_COPY_HOST_TO_DEVICE",1,"Agent 0","Agent 1",144309,25470663283407,25470663302727
"MEMORY_COPY","MEMORY_COPY_DEVICE_TO_HOST",4,"Agent 1","Agent 0",144333,25470712494496,25470712546896
"MEMORY_COPY","MEMORY_COPY_HOST_TO_DEVICE",1,"Agent 0","Agent 1",144344,25470713175492,25470713180772
"MEMORY_COPY","MEMORY_COPY_HOST_TO_DEVICE",1,"Agent 0","Agent 1",144359,25470713281423,25470713299744
"MEMORY_COPY","MEMORY_COPY_DEVICE_TO_HOST",4,"Agent 1","Agent 0",144383,25470762504233,25470762554074
"MEMORY_COPY","MEMORY_COPY_HOST_TO_DEVICE",1,"Agent 0","Agent 1",144394,25470763211250,25470763216490
"MEMORY_COPY","MEMORY_COPY_HOST_TO_DEVICE",1,"Agent 0","Agent 1",144409,25470763309701,25470763328101
"MEMORY_COPY","MEMORY_COPY_DEVICE_TO_HOST",4,"Agent 1","Agent 0",144433,25470812464083,25470812512483
"MEMORY_COPY","MEMORY_COPY_HOST_TO_DEVICE",1,"Agent 0","Agent 1",144444,25470813286401,25470813291521
"MEMORY_COPY","MEMORY_COPY_HOST_TO_DEVICE",1,"Agent 0","Agent 1",144459,25470813396232,25470813414792
"MEMORY_COPY","MEMORY_COPY_DEVICE_TO_HOST",4,"Agent 1","Agent 0",144483,25470862631763,25470862686004
"MEMORY_COPY","MEMORY_COPY_HOST_TO_DEVICE",1,"Agent 0","Agent 1",144494,25470863346680,25470863351841
"MEMORY_COPY","MEMORY_COPY_HOST_TO_DEVICE",1,"Agent 0","Agent 1",144509,25470863454502,25470863473062
"MEMORY_COPY","MEMORY_COPY_DEVICE_TO_HOST",4,"Agent 1","Agent 0",144533,25470912540321,25470912589321
"MEMORY_COPY","MEMORY_COPY_HOST_TO_DEVICE",1,"Agent 0","Agent 1",144544,25470913331028,25470913336349
"MEMORY_COPY","MEMORY_COPY_HOST_TO_DEVICE",1,"Agent 0","Agent 1",144559,25470913578011,25470913596331
"MEMORY_COPY","MEMORY_COPY_DEVICE_TO_HOST",4,"Agent 1","Agent 0",144583,25470962759991,25470962812031
"MEMORY_COPY","MEMORY_COPY_HOST_TO_DEVICE",1,"Agent 0","Agent 1",144594,25470963584689,25470963589969
"MEMORY_COPY","MEMORY_COPY_HOST_TO_DEVICE",1,"Agent 0","Agent 1",144609,25470963686610,25470963705170
"MEMORY_COPY","MEMORY_COPY_DEVICE_TO_HOST",4,"Agent 1","Agent 0",144633,25471012957525,25471013006406
"MEMORY_COPY","MEMORY_COPY_HOST_TO_DEVICE",1,"Agent 0","Agent 1",144644,25471013641012,25471013646252
"MEMORY_COPY","MEMORY_COPY_HOST_TO_DEVICE",1,"Agent 0","Agent 1",144659,25471013738513,25471013757033
"MEMORY_COPY","MEMORY_COPY_DEVICE_TO_HOST",4,"Agent 1","Agent 0",144683,25471062889570,25471062934251
"MEMORY_COPY","MEMORY_COPY_HOST_TO_DEVICE",1,"Agent 0","Agent 1",144694,25471063559637,25471063564797
"MEMORY_COPY","MEMORY_COPY_HOST_TO_DEVICE",1,"Agent 0","Agent 1",144709,25471063653518,25471063671998
"MEMORY_COPY","MEMORY_COPY_DEVICE_TO_HOST",4,"Agent 1","Agent 0",144733,25471112847468,25471112918348
"MEMORY_COPY","MEMORY_COPY_HOST_TO_DEVICE",1,"Agent 0","Agent 1",144744,25471113696846,25471113702526
"MEMORY_COPY","MEMORY_COPY_HOST_TO_DEVICE",1,"Agent 0","Agent 1",144759,25471113792277,25471113810917
"MEMORY_COPY","MEMORY_COPY_DEVICE_TO_HOST",4,"Agent 1","Agent 0",144783,25471163041827,25471163095947
"MEMORY_COPY","MEMORY_COPY_HOST_TO_DEVICE",1,"Agent 0","Agent 1",144794,25471163754854,25471163760494
"MEMORY_COPY","MEMORY_COPY_HOST_TO_DEVICE",1,"Agent 0","Agent 1",144809,25471163852585,25471163871385
"MEMORY_COPY","MEMORY_COPY_DEVICE_TO_HOST",4,"Agent 1","Agent 0",144833,25471212978975,25471213030295
"MEMORY_COPY","MEMORY_COPY_HOST_TO_DEVICE",1,"Agent 0","Agent 1",144844,25471213663641,25471213668881
"MEMORY_COPY","MEMORY_COPY_HOST_TO_DEVICE",1,"Agent 0","Agent 1",144859,25471213760122,25471213778802
"MEMORY_COPY","MEMORY_COPY_DEVICE_TO_HOST",4,"Agent 1","Agent 0",144883,25471262893495,25471262940336
"MEMORY_COPY","MEMORY_COPY_HOST_TO_DEVICE",1,"Agent 0","Agent 1",144894,25471263661883,25471263667483
"MEMORY_COPY","MEMORY_COPY_HOST_TO_DEVICE",1,"Agent 0","Agent 1",144909,25471263899525,25471263917805
"MEMORY_COPY","MEMORY_COPY_DEVICE_TO_HOST",4,"Agent 1","Agent 0",144933,25471313064406,25471313108446
"MEMORY_COPY","MEMORY_COPY_HOST_TO_DEVICE",1,"Agent 0","Agent 1",144944,25471313739182,25471313744383
"MEMORY_COPY","MEMORY_COPY_HOST_TO_DEVICE",1,"Agent 0","Agent 1",144959,25471313845273,25471313863914
"MEMORY_COPY","MEMORY_COPY_DEVICE_TO_HOST",4,"Agent 1","Agent 0",144983,25471363283338,25471363335978
"MEMORY_COPY","MEMORY_COPY_HOST_TO_DEVICE",1,"Agent 0","Agent 1",144994,25471363968264,25471363973584
"MEMORY_COPY","MEMORY_COPY_HOST_TO_DEVICE",1,"Agent 0","Agent 1",145009,25471364067165,25471364085805
"MEMORY_COPY","MEMORY_COPY_DEVICE_TO_HOST",4,"Agent 1","Agent 0",145033,25471413418677,25471413463078
"MEMORY_COPY","MEMORY_COPY_HOST_TO_DEVICE",1,"Agent 0","Agent 1",145044,25471414081924,25471414087204
"MEMORY_COPY","MEMORY_COPY_HOST_TO_DEVICE",1,"Agent 0","Agent 1",145059,25471414178255,25471414196855
"MEMORY_COPY","MEMORY_COPY_DEVICE_TO_HOST",4,"Agent 1","Agent 0",145083,25471463361713,25471463412874
"MEMORY_COPY","MEMORY_COPY_HOST_TO_DEVICE",1,"Agent 0","Agent 1",145094,25471464121991,25471464127191
"MEMORY_COPY","MEMORY_COPY_HOST_TO_DEVICE",1,"Agent 0","Agent 1",145109,25471464216922,25471464235482
"MEMORY_COPY","MEMORY_COPY_DEVICE_TO_HOST",4,"Agent 1","Agent 0",145133,25471513509440,25471513554040
"MEMORY_COPY","MEMORY_COPY_HOST_TO_DEVICE",1,"Agent 0","Agent 1",145144,25471514172016,25471514177297
"MEMORY_COPY","MEMORY_COPY_HOST_TO_DEVICE",1,"Agent 0","Agent 1",145159,25471514268867,25471514287868
"MEMORY_COPY","MEMORY_COPY_DEVICE_TO_HOST",4,"Agent 1","Agent 0",145183,25471563690324,25471563745245
"MEMORY_COPY","MEMORY_COPY_HOST_TO_DEVICE",1,"Agent 0","Agent 1",145194,25471564441832,25471564447032
"MEMORY_COPY","MEMORY_COPY_HOST_TO_DEVICE",1,"Agent 0","Agent 1",145209,25471564543973,25471564562373
"MEMORY_COPY","MEMORY_COPY_DEVICE_TO_HOST",4,"Agent 1","Agent 0",145233,25471613835548,25471613888149
"MEMORY_COPY","MEMORY_COPY_HOST_TO_DEVICE",1,"Agent 0","Agent 1",145244,25471614639026,25471614644306
"MEMORY_COPY","MEMORY_COPY_HOST_TO_DEVICE",1,"Agent 0","Agent 1",145259,25471614871109,25471614889469
"MEMORY_COPY","MEMORY_COPY_DEVICE_TO_HOST",4,"Agent 1","Agent 0",145283,25471663999029,25471664043910
"MEMORY_COPY","MEMORY_COPY_HOST_TO_DEVICE",1,"Agent 0","Agent 1",145294,25471664666796,25471664672396
"MEMORY_COPY","MEMORY_COPY_HOST_TO_DEVICE",1,"Agent 0","Agent 1",145309,25471664764337,25471664782857
"MEMORY_COPY","MEMORY_COPY_DEVICE_TO_HOST",4,"Agent 1","Agent 0",145333,25471713977816,25471714027256
"MEMORY_COPY","MEMORY_COPY_HOST_TO_DEVICE",1,"Agent 0","Agent 1",145344,25471714666322,25471714671402
"MEMORY_COPY","MEMORY_COPY_HOST_TO_DEVICE",1,"Agent 0","Agent 1",145359,25471714764563,25471714783244
"MEMORY_COPY","MEMORY_COPY_DEVICE_TO_HOST",4,"Agent 1","Agent 0",145383,25471764002442,25471764051243
"MEMORY_COPY","MEMORY_COPY_HOST_TO_DEVICE",1,"Agent 0","Agent 1",145394,25471764757200,25471764762640
"MEMORY_COPY","MEMORY_COPY_HOST_TO_DEVICE",1,"Agent 0","Agent 1",145409,25471764852451,25471764871051
"MEMORY_COPY","MEMORY_COPY_DEVICE_TO_HOST",4,"Agent 1","Agent 0",145433,25471814013170,25471814062250
"MEMORY_COPY","MEMORY_COPY_HOST_TO_DEVICE",1,"Agent 0","Agent 1",145444,25471814679016,25471814684096
"MEMORY_COPY","MEMORY_COPY_HOST_TO_DEVICE",1,"Agent 0","Agent 1",145459,25471814774117,25471814792797
"MEMORY_COPY","MEMORY_COPY_DEVICE_TO_HOST",4,"Agent 1","Agent 0",145483,25471863984899,25471864035819
"MEMORY_COPY","MEMORY_COPY_HOST_TO_DEVICE",1,"Agent 0","Agent 1",145494,25471865839857,25471865845017
"MEMORY_COPY","MEMORY_COPY_HOST_TO_DEVICE",1,"Agent 0","Agent 1",145509,25471865936318,25471865955078
"MEMORY_COPY","MEMORY_COPY_DEVICE_TO_HOST",4,"Agent 1","Agent 0",151111,25471917142418,25471917193899
"MEMORY_COPY","MEMORY_COPY_HOST_TO_DEVICE",1,"Agent 0","Agent 1",151122,25471918044647,25471918049767
"MEMORY_COPY","MEMORY_COPY_HOST_TO_DEVICE",1,"Agent 0","Agent 1",151137,25471918149468,25471918168348
"MEMORY_COPY","MEMORY_COPY_DEVICE_TO_HOST",4,"Agent 1","Agent 0",156744,25471984858402,25471984905043
"MEMORY_COPY","MEMORY_COPY_HOST_TO_DEVICE",1,"Agent 0","Agent 1",156755,25471985540549,25471985545589
"MEMORY_COPY","MEMORY_COPY_HOST_TO_DEVICE",1,"Agent 0","Agent 1",156770,25471985639860,25471985658100
"MEMORY_COPY","MEMORY_COPY_DEVICE_TO_HOST",4,"Agent 1","Agent 0",156794,25472035077325,25472035124166
"MEMORY_COPY","MEMORY_COPY_HOST_TO_DEVICE",1,"Agent 0","Agent 1",156805,25472035849433,25472035854713
"MEMORY_COPY","MEMORY_COPY_HOST_TO_DEVICE",1,"Agent 0","Agent 1",156820,25472035945544,25472035964104
"MEMORY_COPY","MEMORY_COPY_DEVICE_TO_HOST",4,"Agent 1","Agent 0",156844,25472085374151,25472085426311
"MEMORY_COPY","MEMORY_COPY_HOST_TO_DEVICE",1,"Agent 0","Agent 1",156855,25472086169719,25472086175319
"MEMORY_COPY","MEMORY_COPY_HOST_TO_DEVICE",1,"Agent 0","Agent 1",156870,25472086271450,25472086290250
"MEMORY_COPY","MEMORY_COPY_DEVICE_TO_HOST",4,"Agent 1","Agent 0",156894,25472135878813,25472135947774
"MEMORY_COPY","MEMORY_COPY_HOST_TO_DEVICE",1,"Agent 0","Agent 1",156905,25472136803283,25472136808763
"MEMORY_COPY","MEMORY_COPY_HOST_TO_DEVICE",1,"Agent 0","Agent 1",156920,25472136918544,25472136939224
"MEMORY_COPY","MEMORY_COPY_DEVICE_TO_HOST",4,"Agent 1","Agent 0",156944,25472185899313,25472185966994
"MEMORY_COPY","MEMORY_COPY_HOST_TO_DEVICE",1,"Agent 0","Agent 1",156955,25472186718811,25472186724132
"MEMORY_COPY","MEMORY_COPY_HOST_TO_DEVICE",1,"Agent 0","Agent 1",156970,25472186840383,25472186860703
"MEMORY_COPY","MEMORY_COPY_DEVICE_TO_HOST",4,"Agent 1","Agent 0",156994,25472235839348,25472235884268
"MEMORY_COPY","MEMORY_COPY_HOST_TO_DEVICE",1,"Agent 0","Agent 1",157005,25472236561857,25472236566977
"MEMORY_COPY","MEMORY_COPY_HOST_TO_DEVICE",1,"Agent 0","Agent 1",157020,25472236663998,25472236682558
"MEMORY_COPY","MEMORY_COPY_DEVICE_TO_HOST",4,"Agent 1","Agent 0",157044,25472285848899,25472285920059
"MEMORY_COPY","MEMORY_COPY_HOST_TO_DEVICE",1,"Agent 0","Agent 1",157055,25472286731537,25472286737017
"MEMORY_COPY","MEMORY_COPY_HOST_TO_DEVICE",1,"Agent 0","Agent 1",157070,25472286841028,25472286861429
"MEMORY_COPY","MEMORY_COPY_DEVICE_TO_HOST",4,"Agent 1","Agent 0",157094,25472335841501,25472335916622
"MEMORY_COPY","MEMORY_COPY_HOST_TO_DEVICE",1,"Agent 0","Agent 1",157105,25472337019012,25472337025293
"MEMORY_COPY","MEMORY_COPY_HOST_TO_DEVICE",1,"Agent 0","Agent 1",157120,25472337179304,25472337201224
"MEMORY_COPY","MEMORY_COPY_DEVICE_TO_HOST",4,"Agent 1","Agent 0",157144,25472386618312,25472386699433
"MEMORY_COPY","MEMORY_COPY_HOST_TO_DEVICE",1,"Agent 0","Agent 1",157155,25472387765424,25472387770984
"MEMORY_COPY","MEMORY_COPY_HOST_TO_DEVICE",1,"Agent 0","Agent 1",157170,25472387914885,25472387942165
"MEMORY_COPY","MEMORY_COPY_DEVICE_TO_HOST",4,"Agent 1","Agent 0",157194,25472437386240,25472437484361
"MEMORY_COPY","MEMORY_COPY_HOST_TO_DEVICE",1,"Agent 0","Agent 1",157205,25472438745643,25472438751444
"MEMORY_COPY","MEMORY_COPY_HOST_TO_DEVICE",1,"Agent 0","Agent 1",157220,25472438882425,25472438904305
"MEMORY_COPY","MEMORY_COPY_DEVICE_TO_HOST",4,"Agent 1","Agent 0",157244,25472487867636,25472487912676
"MEMORY_COPY","MEMORY_COPY_HOST_TO_DEVICE",1,"Agent 0","Agent 1",157255,25472488559433,25472488564513
"MEMORY_COPY","MEMORY_COPY_HOST_TO_DEVICE",1,"Agent 0","Agent 1",157270,25472488673824,25472488692224
"MEMORY_COPY","MEMORY_COPY_DEVICE_TO_HOST",4,"Agent 1","Agent 0",157294,25472537527355,25472537587515
"MEMORY_COPY","MEMORY_COPY_HOST_TO_DEVICE",1,"Agent 0","Agent 1",157305,25472538290912,25472538296032
"MEMORY_COPY","MEMORY_COPY_HOST_TO_DEVICE",1,"Agent 0","Agent 1",157320,25472538403353,25472538422553
"MEMORY_COPY","MEMORY_COPY_DEVICE_TO_HOST",4,"Agent 1","Agent 0",157344,25472587122840,25472587180080
"MEMORY_COPY","MEMORY_COPY_HOST_TO_DEVICE",1,"Agent 0","Agent 1",157355,25472587989538,25472587994898
"MEMORY_COPY","MEMORY_COPY_HOST_TO_DEVICE",1,"Agent 0","Agent 1",157370,25472588101679,25472588120039
"MEMORY_COPY","MEMORY_COPY_DEVICE_TO_HOST",4,"Agent 1","Agent 0",157394,25472637020549,25472637071830
"MEMORY_COPY","MEMORY_COPY_HOST_TO_DEVICE",1,"Agent 0","Agent 1",157405,25472637747846,25472637752966
"MEMORY_COPY","MEMORY_COPY_HOST_TO_DEVICE",1,"Agent 0","Agent 1",157420,25472637845837,25472637864157
"MEMORY_COPY","MEMORY_COPY_DEVICE_TO_HOST",4,"Agent 1","Agent 0",157444,25472686826364,25472686905204
"MEMORY_COPY","MEMORY_COPY_HOST_TO_DEVICE",1,"Agent 0","Agent 1",157455,25472687693382,25472687699222
"MEMORY_COPY","MEMORY_COPY_HOST_TO_DEVICE",1,"Agent 0","Agent 1",157470,25472687797273,25472687818113
"MEMORY_COPY","MEMORY_COPY_DEVICE_TO_HOST",4,"Agent 1","Agent 0",157494,25472736931631,25472736992112
"MEMORY_COPY","MEMORY_COPY_HOST_TO_DEVICE",1,"Agent 0","Agent 1",157505,25472738626511,25472738631671
"MEMORY_COPY","MEMORY_COPY_HOST_TO_DEVICE",1,"Agent 0","Agent 1",157520,25472738737579,25472738757539
"MEMORY_COPY","MEMORY_COPY_DEVICE_TO_HOST",4,"Agent 1","Agent 0",157544,25472788139335,25472788192216
"MEMORY_COPY","MEMORY_COPY_HOST_TO_DEVICE",1,"Agent 0","Agent 1",157555,25472788907833,25472788913273
"MEMORY_COPY","MEMORY_COPY_HOST_TO_DEVICE",1,"Agent 0","Agent 1",157570,25472789013014,25472789032134
"MEMORY_COPY","MEMORY_COPY_DEVICE_TO_HOST",4,"Agent 1","Agent 0",157594,25472838166607,25472838226367
"MEMORY_COPY","MEMORY_COPY_HOST_TO_DEVICE",1,"Agent 0","Agent 1",157605,25472839103902,25472839109222
"MEMORY_COPY","MEMORY_COPY_HOST_TO_DEVICE",1,"Agent 0","Agent 1",157620,25472839216733,25472839235893
"MEMORY_COPY","MEMORY_COPY_DEVICE_TO_HOST",4,"Agent 1","Agent 0",157644,25472888362905,25472888418306
"MEMORY_COPY","MEMORY_COPY_HOST_TO_DEVICE",1,"Agent 0","Agent 1",157655,25472889215783,25472889221063
"MEMORY_COPY","MEMORY_COPY_HOST_TO_DEVICE",1,"Agent 0","Agent 1",157670,25472889316920,25472889335360
"MEMORY_COPY","MEMORY_COPY_DEVICE_TO_HOST",4,"Agent 1","Agent 0",157694,25472938577470,25472938632390
"MEMORY_COPY","MEMORY_COPY_HOST_TO_DEVICE",1,"Agent 0","Agent 1",157705,25472939332387,25472939337507
"MEMORY_COPY","MEMORY_COPY_HOST_TO_DEVICE",1,"Agent 0","Agent 1",157720,25472939443928,25472939462449
"MEMORY_COPY","MEMORY_COPY_DEVICE_TO_HOST",4,"Agent 1","Agent 0",157744,25472988341275,25472988394635
"MEMORY_COPY","MEMORY_COPY_HOST_TO_DEVICE",1,"Agent 0","Agent 1",157755,25472989150253,25472989155653
"MEMORY_COPY","MEMORY_COPY_HOST_TO_DEVICE",1,"Agent 0","Agent 1",157770,25472989250974,25472989269294
"MEMORY_COPY","MEMORY_COPY_DEVICE_TO_HOST",4,"Agent 1","Agent 0",157794,25473038144353,25473038211994
"MEMORY_COPY","MEMORY_COPY_HOST_TO_DEVICE",1,"Agent 0","Agent 1",157805,25473039067832,25473039072992
"MEMORY_COPY","MEMORY_COPY_HOST_TO_DEVICE",1,"Agent 0","Agent 1",157820,25473039173063,25473039191463
"MEMORY_COPY","MEMORY_COPY_DEVICE_TO_HOST",4,"Agent 1","Agent 0",157844,25473088175064,25473088241145
"MEMORY_COPY","MEMORY_COPY_HOST_TO_DEVICE",1,"Agent 0","Agent 1",157855,25473089092063,25473089098103
"MEMORY_COPY","MEMORY_COPY_HOST_TO_DEVICE",1,"Agent 0","Agent 1",157870,25473089202314,25473089222075
"MEMORY_COPY","MEMORY_COPY_DEVICE_TO_HOST",4,"Agent 1","Agent 0",157894,25473138336281,25473138393361
"MEMORY_COPY","MEMORY_COPY_HOST_TO_DEVICE",1,"Agent 0","Agent 1",157905,25473139145499,25473139150739
"MEMORY_COPY","MEMORY_COPY_HOST_TO_DEVICE",1,"Agent 0","Agent 1",157920,25473139253770,25473139272610
"MEMORY_COPY","MEMORY_COPY_DEVICE_TO_HOST",4,"Agent 1","Agent 0",157944,25473188349857,25473188396698
"MEMORY_COPY","MEMORY_COPY_HOST_TO_DEVICE",1,"Agent 0","Agent 1",157955,25473189078554,25473189083835
"MEMORY_COPY","MEMORY_COPY_HOST_TO_DEVICE",1,"Agent 0","Agent 1",157970,25473189183755,25473189202196
"MEMORY_COPY","MEMORY_COPY_DEVICE_TO_HOST",4,"Agent 1","Agent 0",157994,25473238535580,25473238590100
"MEMORY_COPY","MEMORY_COPY_HOST_TO_DEVICE",1,"Agent 0","Agent 1",158005,25473239369468,25473239374708
"MEMORY_COPY","MEMORY_COPY_HOST_TO_DEVICE",1,"Agent 0","Agent 1",158020,25473239469329,25473239487929
"MEMORY_COPY","MEMORY_COPY_DEVICE_TO_HOST",4,"Agent 1","Agent 0",158044,25473288718663,25473288772784
"MEMORY_COPY","MEMORY_COPY_HOST_TO_DEVICE",1,"Agent 0","Agent 1",158055,25473289451583,25473289456903
"MEMORY_COPY","MEMORY_COPY_HOST_TO_DEVICE",1,"Agent 0","Agent 1",158070,25473289569501,25473289588021
"MEMORY_COPY","MEMORY_COPY_DEVICE_TO_HOST",4,"Agent 1","Agent 0",158094,25473338762494,25473338810574
"MEMORY_COPY","MEMORY_COPY_HOST_TO_DEVICE",1,"Agent 0","Agent 1",158105,25473339450326,25473339455407
"MEMORY_COPY","MEMORY_COPY_HOST_TO_DEVICE",1,"Agent 0","Agent 1",158120,25473339591090,25473339609730
"MEMORY_COPY","MEMORY_COPY_DEVICE_TO_HOST",4,"Agent 1","Agent 0",158144,25473388847557,25473388894718
"MEMORY_COPY","MEMORY_COPY_HOST_TO_DEVICE",1,"Agent 0","Agent 1",158155,25473389617165,25473389622365
"MEMORY_COPY","MEMORY_COPY_HOST_TO_DEVICE",1,"Agent 0","Agent 1",158170,25473389714716,25473389733236
"MEMORY_COPY","MEMORY_COPY_DEVICE_TO_HOST",4,"Agent 1","Agent 0",158194,25473439045088,25473439089769
"MEMORY_COPY","MEMORY_COPY_HOST_TO_DEVICE",1,"Agent 0","Agent 1",158205,25473439824014,25473439830054
"MEMORY_COPY","MEMORY_COPY_HOST_TO_DEVICE",1,"Agent 0","Agent 1",158220,25473439946642,25473439966362
"MEMORY_COPY","MEMORY_COPY_DEVICE_TO_HOST",4,"Agent 1","Agent 0",158244,25473489284496,25473489361297
"MEMORY_COPY","MEMORY_COPY_HOST_TO_DEVICE",1,"Agent 0","Agent 1",158255,25473493477588,25473493483188
"MEMORY_COPY","MEMORY_COPY_HOST_TO_DEVICE",1,"Agent 0","Agent 1",158270,25473493621289,25473493641329
"MEMORY_COPY","MEMORY_COPY_DEVICE_TO_HOST",4,"Agent 1","Agent 0",158294,25473543015032,25473543064632
"MEMORY_COPY","MEMORY_COPY_HOST_TO_DEVICE",1,"Agent 0","Agent 1",158305,25473543831279,25473543836559
"MEMORY_COPY","MEMORY_COPY_HOST_TO_DEVICE",1,"Agent 0","Agent 1",158320,25473543928300,25473543946900
"MEMORY_COPY","MEMORY_COPY_DEVICE_TO_HOST",4,"Agent 1","Agent 0",158344,25473593249685,25473593299326
"MEMORY_COPY","MEMORY_COPY_HOST_TO_DEVICE",1,"Agent 0","Agent 1",158355,25473594141084,25473594147444
"MEMORY_COPY","MEMORY_COPY_HOST_TO_DEVICE",1,"Agent 0","Agent 1",158370,25473594303116,25473594325316
"MEMORY_COPY","MEMORY_COPY_DEVICE_TO_HOST",4,"Agent 1","Agent 0",158394,25473643722921,25473643780162
"MEMORY_COPY","MEMORY_COPY_HOST_TO_DEVICE",1,"Agent 0","Agent 1",158405,25473644439718,25473644444998
"MEMORY_COPY","MEMORY_COPY_HOST_TO_DEVICE",1,"Agent 0","Agent 1",158420,25473644539079,25473644557559
"MEMORY_COPY","MEMORY_COPY_DEVICE_TO_HOST",4,"Agent 1","Agent 0",158444,25473694047969,25473694095009
"MEMORY_COPY","MEMORY_COPY_HOST_TO_DEVICE",1,"Agent 0","Agent 1",158455,25473694848666,25473694853947
"MEMORY_COPY","MEMORY_COPY_HOST_TO_DEVICE",1,"Agent 0","Agent 1",158470,25473694970188,25473694988588
"MEMORY_COPY","MEMORY_COPY_DEVICE_TO_HOST",4,"Agent 1","Agent 0",158494,25473743974260,25473744020940
"MEMORY_COPY","MEMORY_COPY_HOST_TO_DEVICE",1,"Agent 0","Agent 1",158505,25473744629047,25473744634127
"MEMORY_COPY","MEMORY_COPY_HOST_TO_DEVICE",1,"Agent 0","Agent 1",158520,25473744722910,25473744741230
"MEMORY_COPY","MEMORY_COPY_DEVICE_TO_HOST",4,"Agent 1","Agent 0",158544,25473793673259,25473793718580
"MEMORY_COPY","MEMORY_COPY_HOST_TO_DEVICE",1,"Agent 0","Agent 1",158555,25473794374876,25473794380076
"MEMORY_COPY","MEMORY_COPY_HOST_TO_DEVICE",1,"Agent 0","Agent 1",158570,25473794476927,25473794495328
"MEMORY_COPY","MEMORY_COPY_DEVICE_TO_HOST",4,"Agent 1","Agent 0",158594,25473843488491,25473843534852
"MEMORY_COPY","MEMORY_COPY_HOST_TO_DEVICE",1,"Agent 0","Agent 1",158605,25473844246469,25473844251989
"MEMORY_COPY","MEMORY_COPY_HOST_TO_DEVICE",1,"Agent 0","Agent 1",158620,25473844345150,25473844364510
"MEMORY_COPY","MEMORY_COPY_DEVICE_TO_HOST",4,"Agent 1","Agent 0",158644,25473893478694,25473893550175
"MEMORY_COPY","MEMORY_COPY_HOST_TO_DEVICE",1,"Agent 0","Agent 1",158655,25473894369153,25473894374553
"MEMORY_COPY","MEMORY_COPY_HOST_TO_DEVICE",1,"Agent 0","Agent 1",158670,25473894473274,25473894491714
"MEMORY_COPY","MEMORY_COPY_DEVICE_TO_HOST",4,"Agent 1","Agent 0",158694,25473943605072,25473943649432
"MEMORY_COPY","MEMORY_COPY_HOST_TO_DEVICE",1,"Agent 0","Agent 1",158705,25473944322199,25473944327559
"MEMORY_COPY","MEMORY_COPY_HOST_TO_DEVICE",1,"Agent 0","Agent 1",158720,25473944439980,25473944458780
"MEMORY_COPY","MEMORY_COPY_DEVICE_TO_HOST",4,"Agent 1","Agent 0",158744,25473993697369,25473993740770
"MEMORY_COPY","MEMORY_COPY_HOST_TO_DEVICE",1,"Agent 0","Agent 1",158755,25473994352506,25473994357866
"MEMORY_COPY","MEMORY_COPY_HOST_TO_DEVICE",1,"Agent 0","Agent 1",158770,25473994451867,25473994470507
"MEMORY_COPY","MEMORY_COPY_DEVICE_TO_HOST",4,"Agent 1","Agent 0",158794,25474043624551,25474043682592
"MEMORY_COPY","MEMORY_COPY_HOST_TO_DEVICE",1,"Agent 0","Agent 1",158805,25474044445590,25474044450790
"MEMORY_COPY","MEMORY_COPY_HOST_TO_DEVICE",1,"Agent 0","Agent 1",158820,25474044544611,25474044563091
"MEMORY_COPY","MEMORY_COPY_DEVICE_TO_HOST",4,"Agent 1","Agent 0",158844,25474093762684,25474093812965
"MEMORY_COPY","MEMORY_COPY_HOST_TO_DEVICE",1,"Agent 0","Agent 1",158855,25474094558402,25474094563882
"MEMORY_COPY","MEMORY_COPY_HOST_TO_DEVICE",1,"Agent 0","Agent 1",158870,25474094673453,25474094692733
"MEMORY_COPY","MEMORY_COPY_DEVICE_TO_HOST",4,"Agent 1","Agent 0",158894,25474143897457,25474143941377
"MEMORY_COPY","MEMORY_COPY_HOST_TO_DEVICE",1,"Agent 0","Agent 1",158905,25474144583883,25474144589163
"MEMORY_COPY","MEMORY_COPY_HOST_TO_DEVICE",1,"Agent 0","Agent 1",158920,25474144680104,25474144698665
"MEMORY_COPY","MEMORY_COPY_DEVICE_TO_HOST",4,"Agent 1","Agent 0",158944,25474194189739,25474194234219
"MEMORY_COPY","MEMORY_COPY_HOST_TO_DEVICE",1,"Agent 0","Agent 1",158955,25474194943296,25474194948576
"MEMORY_COPY","MEMORY_COPY_HOST_TO_DEVICE",1,"Agent 0","Agent 1",158970,25474195046587,25474195064907
"MEMORY_COPY","MEMORY_COPY_DEVICE_TO_HOST",4,"Agent 1","Agent 0",158994,25474244348453,25474244408814
"MEMORY_COPY","MEMORY_COPY_HOST_TO_DEVICE",1,"Agent 0","Agent 1",159005,25474245151141,25474245156821
"MEMORY_COPY","MEMORY_COPY_HOST_TO_DEVICE",1,"Agent 0","Agent 1",159020,25474245254642,25474245273442
"MEMORY_COPY","MEMORY_COPY_DEVICE_TO_HOST",4,"Agent 1","Agent 0",159044,25474294702576,25474294754776
"MEMORY_COPY","MEMORY_COPY_HOST_TO_DEVICE",1,"Agent 0","Agent 1",159055,25474295424083,25474295429163
"MEMORY_COPY","MEMORY_COPY_HOST_TO_DEVICE",1,"Agent 0","Agent 1",159070,25474295564104,25474295582665
"MEMORY_COPY","MEMORY_COPY_DEVICE_TO_HOST",4,"Agent 1","Agent 0",159094,25474344870167,25474344929847
"MEMORY_COPY","MEMORY_COPY_HOST_TO_DEVICE",1,"Agent 0","Agent 1",159105,25474345733605,25474345739085
"MEMORY_COPY","MEMORY_COPY_HOST_TO_DEVICE",1,"Agent 0","Agent 1",159120,25474345829836,25474345848396
"MEMORY_COPY","MEMORY_COPY_DEVICE_TO_HOST",4,"Agent 1","Agent 0",159144,25474395001748,25474395049229
"MEMORY_COPY","MEMORY_COPY_HOST_TO_DEVICE",1,"Agent 0","Agent 1",159155,25474395672435,25474395677715
"MEMORY_COPY","MEMORY_COPY_HOST_TO_DEVICE",1,"Agent 0","Agent 1",159170,25474395768316,25474395786876
"MEMORY_COPY","MEMORY_COPY_DEVICE_TO_HOST",4,"Agent 1","Agent 0",159194,25474445114609,25474445181530
"MEMORY_COPY","MEMORY_COPY_HOST_TO_DEVICE",1,"Agent 0","Agent 1",159205,25474445934267,25474445939507
"MEMORY_COPY","MEMORY_COPY_HOST_TO_DEVICE",1,"Agent 0","Agent 1",159220,25474446038218,25474446056738
"MEMORY_COPY","MEMORY_COPY_DEVICE_TO_HOST",4,"Agent 1","Agent 0",159244,25474495153373,25474495218293
"MEMORY_COPY","MEMORY_COPY_HOST_TO_DEVICE",1,"Agent 0","Agent 1",159255,25474496044352,25474496049512
"MEMORY_COPY","MEMORY_COPY_HOST_TO_DEVICE",1,"Agent 0","Agent 1",159270,25474496149853,25474496169093
"MEMORY_COPY","MEMORY_COPY_DEVICE_TO_HOST",4,"Agent 1","Agent 0",159294,25474545362435,25474545412195
"MEMORY_COPY","MEMORY_COPY_HOST_TO_DEVICE",1,"Agent 0","Agent 1",159305,25474546054722,25474546061122
"MEMORY_COPY","MEMORY_COPY_HOST_TO_DEVICE",1,"Agent 0","Agent 1",159320,25474546179263,25474546197943
"MEMORY_COPY","MEMORY_COPY_DEVICE_TO_HOST",4,"Agent 1","Agent 0",159344,25474595407010,25474595456211
"MEMORY_COPY","MEMORY_COPY_HOST_TO_DEVICE",1,"Agent 0","Agent 1",159355,25474596099177,25474596105017
"MEMORY_COPY","MEMORY_COPY_HOST_TO_DEVICE",1,"Agent 0","Agent 1",159370,25474596199648,25474596218048
"MEMORY_COPY","MEMORY_COPY_DEVICE_TO_HOST",4,"Agent 1","Agent 0",159394,25474645474822,25474645532942
"MEMORY_COPY","MEMORY_COPY_HOST_TO_DEVICE",1,"Agent 0","Agent 1",159405,25474646323160,25474646328960
"MEMORY_COPY","MEMORY_COPY_HOST_TO_DEVICE",1,"Agent 0","Agent 1",159420,25474646450351,25474646468672
"MEMORY_COPY","MEMORY_COPY_DEVICE_TO_HOST",4,"Agent 1","Agent 0",159444,25474695813439,25474695860559
"MEMORY_COPY","MEMORY_COPY_HOST_TO_DEVICE",1,"Agent 0","Agent 1",159455,25474696542166,25474696547326
"MEMORY_COPY","MEMORY_COPY_HOST_TO_DEVICE",1,"Agent 0","Agent 1",159470,25474696640527,25474696659087
"MEMORY_COPY","MEMORY_COPY_DEVICE_TO_HOST",4,"Agent 1","Agent 0",159494,25474745854391,25474745913472
"MEMORY_COPY","MEMORY_COPY_HOST_TO_DEVICE",1,"Agent 0","Agent 1",159505,25474746589679,25474746594839
"MEMORY_COPY","MEMORY_COPY_HOST_TO_DEVICE",1,"Agent 0","Agent 1",159520,25474746685149,25474746703550
"MEMORY_COPY","MEMORY_COPY_DEVICE_TO_HOST",4,"Agent 1","Agent 0",159544,25474796035641,25474796087202
"MEMORY_COPY","MEMORY_COPY_DEVICE_TO_HOST",1,"Agent 1","Agent 0",159554,25475943234371,25475943269571
"MEMORY_COPY","MEMORY_COPY_DEVICE_TO_HOST",1,"Agent 1","Agent 0",159557,25475943381062,25475943415342
"MEMORY_COPY","MEMORY_COPY_DEVICE_TO_HOST",1,"Agent 1","Agent 0",159560,25475943498953,25475943531233
"MEMORY_COPY","MEMORY_COPY_DEVICE_TO_HOST",1,"Agent 1","Agent 0",159563,25475943611794,25475943646234
"MEMORY_COPY","MEMORY_COPY_DEVICE_TO_HOST",1,"Agent 1","Agent 0",159566,25475943734365,25475943767445
"MEMORY_COPY","MEMORY_COPY_DEVICE_TO_HOST",1,"Agent 1","Agent 0",159569,25475943852366,25475943891247
"MEMORY_COPY","MEMORY_COPY_DEVICE_TO_HOST",1,"Agent 1","Agent 0",159572,25475943982297,25475944018058
"MEMORY_COPY","MEMORY_COPY_DEVICE_TO_HOST",1,"Agent 1","Agent 0",159575,25475944103629,25475944145069
"MEMORY_COPY","MEMORY_COPY_DEVICE_TO_HOST",1,"Agent 1","Agent 0",159578,25475944235930,25475944273650
"MEMORY_COPY","MEMORY_COPY_DEVICE_TO_HOST",1,"Agent 1","Agent 0",159581,25475944358091,25475944397052
"MEMORY_COPY","MEMORY_COPY_DEVICE_TO_HOST",1,"Agent 1","Agent 0",159584,25475944490473,25475944525233
"MEMORY_COPY","MEMORY_COPY_DEVICE_TO_HOST",1,"Agent 1","Agent 0",159587,25475944614084,25475944649284
"MEMORY_COPY","MEMORY_COPY_DEVICE_TO_HOST",1,"Agent 1","Agent 0",159590,25475944739515,25475944773075
"MEMORY_COPY","MEMORY_COPY_DEVICE_TO_HOST",1,"Agent 1","Agent 0",159593,25475944862386,25475944906267
"MEMORY_COPY","MEMORY_COPY_DEVICE_TO_HOST",1,"Agent 1","Agent 0",159596,25475945003268,25475945046428
"MEMORY_COPY","MEMORY_COPY_DEVICE_TO_HOST",1,"Agent 1","Agent 0",159599,25475945134049,25475945171929
"MEMORY_COPY","MEMORY_COPY_DEVICE_TO_HOST",1,"Agent 1","Agent 0",159602,25475945407542,25475945448182
"MEMORY_COPY","MEMORY_COPY_DEVICE_TO_HOST",1,"Agent 1","Agent 0",159605,25475945550853,25475945595213
"MEMORY_COPY","MEMORY_COPY_DEVICE_TO_HOST",1,"Agent 1","Agent 0",159608,25475945717505,25475945755145
"MEMORY_COPY","MEMORY_COPY_DEVICE_TO_HOST",1,"Agent 1","Agent 0",159611,25475945868976,25475945905017
"MEMORY_COPY","MEMORY_COPY_DEVICE_TO_HOST",1,"Agent 1","Agent 0",159614,25475946015328,25475946053368
"MEMORY_COPY","MEMORY_COPY_DEVICE_TO_HOST",1,"Agent 1","Agent 0",159617,25475946167119,25475946207680
"MEMORY_COPY","MEMORY_COPY_DEVICE_TO_HOST",1,"Agent 1","Agent 0",159620,25475946324581,25475946356541
"MEMORY_COPY","MEMORY_COPY_DEVICE_TO_HOST",1,"Agent 1","Agent 0",159623,25475946452772,25475946487532
"MEMORY_COPY","MEMORY_COPY_DEVICE_TO_HOST",1,"Agent 1","Agent 0",159626,25475946589513,25475946620594
"MEMORY_COPY","MEMORY_COPY_DEVICE_TO_HOST",1,"Agent 1","Agent 0",159629,25475946727785,25475946762225
"MEMORY_COPY","MEMORY_COPY_DEVICE_TO_HOST",1,"Agent 1","Agent 0",159632,25475946865966,25475946897166
"MEMORY_COPY","MEMORY_COPY_DEVICE_TO_HOST",1,"Agent 1","Agent 0",159635,25475946995217,25475947040498
"MEMORY_COPY","MEMORY_COPY_DEVICE_TO_HOST",1,"Agent 1","Agent 0",159638,25475947135279,25475947167039
"MEMORY_COPY","MEMORY_COPY_DEVICE_TO_HOST",1,"Agent 1","Agent 0",159641,25475947259050,25475947295090
"MEMORY_COPY","MEMORY_COPY_DEVICE_TO_HOST",1,"Agent 1","Agent 0",159644,25475947388031,25475947418872
"MEMORY_COPY","MEMORY_COPY_DEVICE_TO_HOST",1,"Agent 1","Agent 0",159647,25475947507612,25475947540013
"MEMORY_COPY","MEMORY_COPY_DEVICE_TO_HOST",1,"Agent 1","Agent 0",159650,25475947631324,25475947639724
"MEMORY_COPY","MEMORY_COPY_DEVICE_TO_HOST",1,"Agent 1","Agent 0",159653,25475947667114,25475947675754
"MEMORY_COPY","MEMORY_COPY_DEVICE_TO_HOST",1,"Agent 1","Agent 0",159656,25475947712614,25475947720935
"MEMORY_COPY","MEMORY_COPY_DEVICE_TO_HOST",1,"Agent 1","Agent 0",159659,25475947751505,25475947759985
"MEMORY_COPY","MEMORY_COPY_DEVICE_TO_HOST",1,"Agent 1","Agent 0",159662,25475947794905,25475947803185
"MEMORY_COPY","MEMORY_COPY_DEVICE_TO_HOST",1,"Agent 1","Agent 0",159665,25475947840586,25475947848946
"MEMORY_COPY","MEMORY_COPY_DEVICE_TO_HOST",1,"Agent 1","Agent 0",159668,25475947876906,25475947885226
"MEMORY_COPY","MEMORY_COPY_DEVICE_TO_HOST",1,"Agent 1","Agent 0",159671,25475947913866,25475947922307
"MEMORY_COPY","MEMORY_COPY_DEVICE_TO_HOST",1,"Agent 1","Agent 0",159674,25475947957447,25475947965807
"MEMORY_COPY","MEMORY_COPY_DEVICE_TO_HOST",1,"Agent 1","Agent 0",159677,25475947997257,25475948005537
"MEMORY_COPY","MEMORY_COPY_DEVICE_TO_HOST",1,"Agent 1","Agent 0",159680,25475948040438,25475948048718
"MEMORY_COPY","MEMORY_COPY_DEVICE_TO_HOST",1,"Agent 1","Agent 0",159683,25475948082868,25475948091948
"MEMORY_COPY","MEMORY_COPY_DEVICE_TO_HOST",1,"Agent 1","Agent 0",159686,25475948125569,25475948133889
"MEMORY_COPY","MEMORY_COPY_DEVICE_TO_HOST",1,"Agent 1","Agent 0",159689,25475948164659,25475948173419
"MEMORY_COPY","MEMORY_COPY_DEVICE_TO_HOST",1,"Agent 1","Agent 0",159692,25475948208059,25475948217179
"MEMORY_COPY","MEMORY_COPY_DEVICE_TO_HOST",1,"Agent 1","Agent 0",159695,25475948247080,25475948255360
"MEMORY_COPY","MEMORY_COPY_DEVICE_TO_HOST",1,"Agent 1","Agent 0",159698,25475948287510,25475948295790
"MEMORY_COPY","MEMORY_COPY_DEVICE_TO_HOST",1,"Agent 1","Agent 0",159701,25475948331081,25475948339401
"MEMORY_COPY","MEMORY_COPY_DEVICE_TO_HOST",1,"Agent 1","Agent 0",159704,25475948370011,25475948378411
"MEMORY_COPY","MEMORY_COPY_DEVICE_TO_HOST",1,"Agent 1","Agent 0",159707,25475948408611,25475948417051
"MEMORY_COPY","MEMORY_COPY_DEVICE_TO_HOST",1,"Agent 1","Agent 0",159710,25475948457662,25475948465942
"MEMORY_COPY","MEMORY_COPY_DEVICE_TO_HOST",1,"Agent 1","Agent 0",159713,25475948497422,25475948505662
"MEMORY_COPY","MEMORY_COPY_DEVICE_TO_HOST",1,"Agent 1","Agent 0",159716,25475948533993,25475948542473
"MEMORY_COPY","MEMORY_COPY_DEVICE_TO_HOST",1,"Agent 1","Agent 0",159719,25475948573003,25475948581363
"MEMORY_COPY","MEMORY_COPY_DEVICE_TO_HOST",1,"Agent 1","Agent 0",159722,25475948608003,25475948616363
"MEMORY_COPY","MEMORY_COPY_DEVICE_TO_HOST",1,"Agent 1","Agent 0",159725,25475948644144,25475948652464
"MEMORY_COPY","MEMORY_COPY_DEVICE_TO_HOST",1,"Agent 1","Agent 0",159728,25475948684944,25475948693224
"MEMORY_COPY","MEMORY_COPY_DEVICE_TO_HOST",1,"Agent 1","Agent 0",159731,25475948722214,25475948730695
"MEMORY_COPY","MEMORY_COPY_DEVICE_TO_HOST",1,"Agent 1","Agent 0",159734,25475948770735,25475948778975
"MEMORY_COPY","MEMORY_COPY_DEVICE_TO_HOST",1,"Agent 1","Agent 0",159737,25475948822035,25475948832396
"MEMORY_COPY","MEMORY_COPY_DEVICE_TO_HOST",1,"Agent 1","Agent 0",159740,25475948866226,25475948875506
"MEMORY_COPY","MEMORY_COPY_DEVICE_TO_HOST",1,"Agent 1","Agent 0",159743,25475948913666,25475948921946
"MEMORY_COPY","MEMORY_COPY_DEVICE_TO_HOST",1,"Agent 1","Agent 0",159746,25475948957867,25475948966147
"MEMORY_COPY","MEMORY_COPY_DEVICE_TO_HOST",1,"Agent 1","Agent 0",159749,25475949001737,25475949010817
"MEMORY_COPY","MEMORY_COPY_DEVICE_TO_HOST",1,"Agent 1","Agent 0",159752,25475949056638,25475949065038
"MEMORY_COPY","MEMORY_COPY_DEVICE_TO_HOST",1,"Agent 1","Agent 0",159755,25475949102688,25475949111928
"MEMORY_COPY","MEMORY_COPY_DEVICE_TO_HOST",1,"Agent 1","Agent 0",159758,25475949145889,25475949154329
"MEMORY_COPY","MEMORY_COPY_DEVICE_TO_HOST",1,"Agent 1","Agent 0",159761,25475949184069,25475949192549
"MEMORY_COPY","MEMORY_COPY_DEVICE_TO_HOST",1,"Agent 1","Agent 0",159764,25475949224619,25475949232940
"MEMORY_COPY","MEMORY_COPY_DEVICE_TO_HOST",1,"Agent 1","Agent 0",159767,25475949266270,25475949274870
"MEMORY_COPY","MEMORY_COPY_DEVICE_TO_HOST",1,"Agent 1","Agent 0",159770,25475949309690,25475949317970
"MEMORY_COPY","MEMORY_COPY_DEVICE_TO_HOST",1,"Agent 1","Agent 0",159773,25475949355001,25475949363361
"MEMORY_COPY","MEMORY_COPY_DEVICE_TO_HOST",1,"Agent 1","Agent 0",159776,25475949393321,25475949401601
"MEMORY_COPY","MEMORY_COPY_DEVICE_TO_HOST",1,"Agent 1","Agent 0",159779,25475949433032,25475949441392
"MEMORY_COPY","MEMORY_COPY_DEVICE_TO_HOST",1,"Agent 1","Agent 0",159782,25475949480022,25475949488342
"MEMORY_COPY","MEMORY_COPY_DEVICE_TO_HOST",1,"Agent 1","Agent 0",159785,25475949517902,25475949526142
"MEMORY_COPY","MEMORY_COPY_DEVICE_TO_HOST",1,"Agent 1","Agent 0",159788,25475949557423,25475949565783
"MEMORY_COPY","MEMORY_COPY_DEVICE_TO_HOST",1,"Agent 1","Agent 0",159791,25475949603663,25475949611983
"MEMORY_COPY","MEMORY_COPY_DEVICE_TO_HOST",1,"Agent 1","Agent 0",159794,25475949799705,25475949969427
"MEMORY_COPY","MEMORY_COPY_DEVICE_TO_HOST",1,"Agent 1","Agent 0",159797,25475950169699,25475950302940
"MEMORY_COPY","MEMORY_COPY_DEVICE_TO_HOST",1,"Agent 1","Agent 0",159800,25475950495202,25475950636323
"MEMORY_COPY","MEMORY_COPY_DEVICE_TO_HOST",1,"Agent 1","Agent 0",159803,25475950821855,25475950957617
"MEMORY_COPY","MEMORY_COPY_DEVICE_TO_HOST",1,"Agent 1","Agent 0",159806,25475951148059,25475951288700
"MEMORY_COPY","MEMORY_COPY_DEVICE_TO_HOST",1,"Agent 1","Agent 0",159809,25475951480652,25475951622093
"MEMORY_COPY","MEMORY_COPY_DEVICE_TO_HOST",1,"Agent 1","Agent 0",159812,25475951906806,25475952064488
"MEMORY_COPY","MEMORY_COPY_DEVICE_TO_HOST",1,"Agent 1","Agent 0",159815,25475952348800,25475952487562
"MEMORY_COPY","MEMORY_COPY_DEVICE_TO_HOST",1,"Agent 1","Agent 0",159818,25475952670244,25475952811525
"MEMORY_COPY","MEMORY_COPY_DEVICE_TO_HOST",1,"Agent 1","Agent 0",159821,25475953003507,25475953240149
"MEMORY_COPY","MEMORY_COPY_DEVICE_TO_HOST",1,"Agent 1","Agent 0",159824,25475953510072,25475953743714
"MEMORY_COPY","MEMORY_COPY_DEVICE_TO_HOST",1,"Agent 1","Agent 0",159827,25475954029697,25475954253979
"MEMORY_COPY","MEMORY_COPY_DEVICE_TO_HOST",1,"Agent 1","Agent 0",159830,25475954363900,25475954609263
"MEMORY_COPY","MEMORY_COPY_DEVICE_TO_HOST",1,"Agent 1","Agent 0",159833,25475954703314,25475954874755
"MEMORY_COPY","MEMORY_COPY_DEVICE_TO_HOST",1,"Agent 1","Agent 0",159836,25475954960906,25475955138868
"MEMORY_COPY","MEMORY_COPY_DEVICE_TO_HOST",1,"Agent 1","Agent 0",159839,25475955310860,25475955474141
"MEMORY_COPY","MEMORY_COPY_DEVICE_TO_HOST",1,"Agent 1","Agent 0",159842,25475955687624,25475955854665
"MEMORY_COPY","MEMORY_COPY_DEVICE_TO_HOST",1,"Agent 1","Agent 0",159845,25475956008967,25475956246049
"MEMORY_COPY","MEMORY_COPY_DEVICE_TO_HOST",1,"Agent 1","Agent 0",159848,25475956359130,25475956647133
"MEMORY_COPY","MEMORY_COPY_DEVICE_TO_HOST",1,"Agent 1","Agent 0",159851,25475956771374,25475957068537
"MEMORY_COPY","MEMORY_COPY_DEVICE_TO_HOST",1,"Agent 1","Agent 0",159854,25475957256399,25475957437521
"MEMORY_COPY","MEMORY_COPY_DEVICE_TO_HOST",1,"Agent 1","Agent 0",159857,25475957598222,25475957854505
"MEMORY_COPY","MEMORY_COPY_DEVICE_TO_HOST",1,"Agent 1","Agent 0",159860,25475957946876,25475958164038
"MEMORY_COPY","MEMORY_COPY_DEVICE_TO_HOST",1,"Agent 1","Agent 0",159863,25475958246419,25475958452541
"MEMORY_COPY","MEMORY_COPY_DEVICE_TO_HOST",1,"Agent 1","Agent 0",159866,25475958546812,25475958802254
"MEMORY_COPY","MEMORY_COPY_DEVICE_TO_HOST",1,"Agent 1","Agent 0",159869,25475958900795,25475959148758
"MEMORY_COPY","MEMORY_COPY_DEVICE_TO_HOST",1,"Agent 1","Agent 0",159872,25475959269929,25475959526652
"MEMORY_COPY","MEMORY_COPY_DEVICE_TO_HOST",1,"Agent 1","Agent 0",159875,25475959641163,25475959843565
"MEMORY_COPY","MEMORY_COPY_DEVICE_TO_HOST",1,"Agent 1","Agent 0",159878,25475959968036,25475960181958
"MEMORY_COPY","MEMORY_COPY_DEVICE_TO_HOST",1,"Agent 1","Agent 0",159881,25475960340420,25475960514101
"MEMORY_COPY","MEMORY_COPY_DEVICE_TO_HOST",1,"Agent 1","Agent 0",159884,25475960646343,25475960797144
"MEMORY_COPY","MEMORY_COPY_DEVICE_TO_HOST",1,"Agent 1","Agent 0",159887,25475960932306,25475961106067
"MEMORY_COPY","MEMORY_COPY_DEVICE_TO_HOST",1,"Agent 1","Agent 0",159890,25475961240259,25475961424820
"MEMORY_COPY","MEMORY_COPY_DEVICE_TO_HOST",1,"Agent 1","Agent 0",159893,25475961562872,25475961738554
"MEMORY_COPY","MEMORY_COPY_DEVICE_TO_HOST",1,"Agent 1","Agent 0",159896,25475961894905,25475962069987
"MEMORY_COPY","MEMORY_COPY_DEVICE_TO_HOST",1,"Agent 1","Agent 0",159899,25475962195098,25475962381700
"MEMORY_COPY","MEMORY_COPY_DEVICE_TO_HOST",1,"Agent 1","Agent 0",159902,25475962498781,25475962662783
"MEMORY_COPY","MEMORY_COPY_DEVICE_TO_HOST",1,"Agent 1","Agent 0",159905,25475962778744,25475962944265
"MEMORY_COPY","MEMORY_COPY_DEVICE_TO_HOST",1,"Agent 1","Agent 0",159908,25475963066777,25475963229458
"MEMORY_COPY","MEMORY_COPY_DEVICE_TO_HOST",1,"Agent 1","Agent 0",159911,25475963336859,25475963494141
"MEMORY_COPY","MEMORY_COPY_DEVICE_TO_HOST",1,"Agent 1","Agent 0",159914,25475963626222,25475963792984
"MEMORY_COPY","MEMORY_COPY_DEVICE_TO_HOST",1,"Agent 1","Agent 0",159917,25475963879125,25475964011046
"MEMORY_COPY","MEMORY_COPY_DEVICE_TO_HOST",1,"Agent 1","Agent 0",159920,25475964141257,25475964276459
"MEMORY_COPY","MEMORY_COPY_DEVICE_TO_HOST",1,"Agent 1","Agent 0",159923,25475964383380,25475964520341
"MEMORY_COPY","MEMORY_COPY_DEVICE_TO_HOST",1,"Agent 1","Agent 0",159926,25475964625462,25475964781824
"MEMORY_COPY","MEMORY_COPY_DEVICE_TO_HOST",1,"Agent 1","Agent 0",159929,25475964911295,25475965048696
"MEMORY_COPY","MEMORY_COPY_DEVICE_TO_HOST",1,"Agent 1","Agent 0",159932,25475965154647,25475965297209
"MEMORY_COPY","MEMORY_COPY_DEVICE_TO_HOST",1,"Agent 1","Agent 0",159935,25475965384590,25475965525751
"MEMORY_COPY","MEMORY_COPY_HOST_TO_DEVICE",1,"Agent 0","Agent 1",159940,25475999087524,25475999699610
"MEMORY_COPY","MEMORY_COPY_HOST_TO_DEVICE",1,"Agent 0","Agent 1",159955,25475999996473,25476000018153
"MEMORY_COPY","MEMORY_COPY_HOST_TO_DEVICE",1,"Agent 0","Agent 1",159971,25476000128144,25476000159064
"MEMORY_COPY","MEMORY_COPY_HOST_TO_DEVICE",1,"Agent 0","Agent 1",167804,25476889731152,25476890350358
"MEMORY_COPY","MEMORY_COPY_HOST_TO_DEVICE",1,"Agent 0","Agent 1",167819,25476890464059,25476890478779
"MEMORY_COPY","MEMORY_COPY_HOST_TO_DEVICE",1,"Agent 0","Agent 1",167835,25476890584150,25476890637831
"MEMORY_COPY","MEMORY_COPY_HOST_TO_DEVICE",1,"Agent 0","Agent 1",175380,25477789691394,25477790258359
"MEMORY_COPY","MEMORY_COPY_HOST_TO_DEVICE",1,"Agent 0","Agent 1",175395,25477790369950,25477790383510
"MEMORY_COPY","MEMORY_COPY_HOST_TO_DEVICE",1,"Agent 0","Agent 1",175411,25477790482331,25477790551892
"MEMORY_COPY","MEMORY_COPY_HOST_TO_DEVICE",1,"Agent 0","Agent 1",182956,25478699833702,25478700437868
"MEMORY_COPY","MEMORY_COPY_HOST_TO_DEVICE",1,"Agent 0","Agent 1",182971,25478700544569,25478700558089
"MEMORY_COPY","MEMORY_COPY_HOST_TO_DEVICE",1,"Agent 0","Agent 1",182987,25478700933293,25478701040134
"MEMORY_COPY","MEMORY_COPY_HOST_TO_DEVICE",1,"Agent 0","Agent 1",190532,25479620001039,25479620692526
"MEMORY_COPY","MEMORY_COPY_HOST_TO_DEVICE",1,"Agent 0","Agent 1",190547,25479621064799,25479621078959
"MEMORY_COPY","MEMORY_COPY_HOST_TO_DEVICE",1,"Agent 0","Agent 1",190563,25479621178130,25479621303652
"MEMORY_COPY","MEMORY_COPY_HOST_TO_DEVICE",1,"Agent 0","Agent 1",198108,25480551003104,25480551569350
"MEMORY_COPY","MEMORY_COPY_HOST_TO_DEVICE",1,"Agent 0","Agent 1",198123,25480551673691,25480551687211
"MEMORY_COPY","MEMORY_COPY_HOST_TO_DEVICE",1,"Agent 0","Agent 1",198139,25480551877423,25480552010544
"MEMORY_COPY","MEMORY_COPY_HOST_TO_DEVICE",1,"Agent 0","Agent 1",205684,25481492556848,25481493169934
"MEMORY_COPY","MEMORY_COPY_HOST_TO_DEVICE",1,"Agent 0","Agent 1",205699,25481493554768,25481493568728
"MEMORY_COPY","MEMORY_COPY_HOST_TO_DEVICE",1,"Agent 0","Agent 1",205715,25481493673809,25481493832771
"MEMORY_COPY","MEMORY_COPY_HOST_TO_DEVICE",1,"Agent 0","Agent 1",213260,25482444743349,25482445318434
"MEMORY_COPY","MEMORY_COPY_HOST_TO_DEVICE",1,"Agent 0","Agent 1",213275,25482445426575,25482445440176
"MEMORY_COPY","MEMORY_COPY_HOST_TO_DEVICE",1,"Agent 0","Agent 1",213291,25482445541457,25482445715658
"MEMORY_COPY","MEMORY_COPY_HOST_TO_DEVICE",1,"Agent 0","Agent 1",220836,25483407867119,25483408450165
"MEMORY_COPY","MEMORY_COPY_HOST_TO_DEVICE",1,"Agent 0","Agent 1",220851,25483408843818,25483408859219
"MEMORY_COPY","MEMORY_COPY_HOST_TO_DEVICE",1,"Agent 0","Agent 1",220867,25483409091751,25483409289913
"MEMORY_COPY","MEMORY_COPY_HOST_TO_DEVICE",1,"Agent 0","Agent 1",228412,25484379903660,25484380457586
"MEMORY_COPY","MEMORY_COPY_HOST_TO_DEVICE",1,"Agent 0","Agent 1",228427,25484380565567,25484380579127
"MEMORY_COPY","MEMORY_COPY_HOST_TO_DEVICE",1,"Agent 0","Agent 1",228443,25484380677838,25484380919160
"MEMORY_COPY","MEMORY_COPY_HOST_TO_DEVICE",1,"Agent 0","Agent 1",235988,25485362298462,25485362903628
"MEMORY_COPY","MEMORY_COPY_HOST_TO_DEVICE",1,"Agent 0","Agent 1",236003,25485363052960,25485363069640
"MEMORY_COPY","MEMORY_COPY_HOST_TO_DEVICE",1,"Agent 0","Agent 1",236019,25485363206001,25485363491363
"MEMORY_COPY","MEMORY_COPY_HOST_TO_DEVICE",1,"Agent 0","Agent 1",243564,25486355332798,25486355879003
"MEMORY_COPY","MEMORY_COPY_HOST_TO_DEVICE",1,"Agent 0","Agent 1",243579,25486355985224,25486355998784
"MEMORY_COPY","MEMORY_COPY_HOST_TO_DEVICE",1,"Agent 0","Agent 1",243595,25486356106866,25486356365588
"MEMORY_COPY","MEMORY_COPY_HOST_TO_DEVICE",1,"Agent 0","Agent 1",251140,25487358606247,25487359161893
"MEMORY_COPY","MEMORY_COPY_HOST_TO_DEVICE",1,"Agent 0","Agent 1",251155,25487359267704,25487359281264
"MEMORY_COPY","MEMORY_COPY_HOST_TO_DEVICE",1,"Agent 0","Agent 1",251171,25487359375665,25487359654748
"MEMORY_COPY","MEMORY_COPY_HOST_TO_DEVICE",1,"Agent 0","Agent 1",258716,25488370215074,25488370858920
"MEMORY_COPY","MEMORY_COPY_HOST_TO_DEVICE",1,"Agent 0","Agent 1",258731,25488371278475,25488371292355
"MEMORY_COPY","MEMORY_COPY_HOST_TO_DEVICE",1,"Agent 0","Agent 1",258747,25488371400256,25488371709139
"MEMORY_COPY","MEMORY_COPY_HOST_TO_DEVICE",1,"Agent 0","Agent 1",266292,25489392734290,25489393344657
"MEMORY_COPY","MEMORY_COPY_HOST_TO_DEVICE",1,"Agent 0","Agent 1",266307,25489393737771,25489393751331
"MEMORY_COPY","MEMORY_COPY_HOST_TO_DEVICE",1,"Agent 0","Agent 1",266323,25489393929963,25489394320967
"MEMORY_COPY","MEMORY_COPY_HOST_TO_DEVICE",1,"Agent 0","Agent 1",273868,25490425674287,25490426356214
"MEMORY_COPY","MEMORY_COPY_HOST_TO_DEVICE",1,"Agent 0","Agent 1",273883,25490426472295,25490426488335
"MEMORY_COPY","MEMORY_COPY_HOST_TO_DEVICE",1,"Agent 0","Agent 1",273899,25490426660317,25490427017201
"MEMORY_COPY","MEMORY_COPY_HOST_TO_DEVICE",1,"Agent 0","Agent 1",281444,25491469140605,25491469786012
"MEMORY_COPY","MEMORY_COPY_HOST_TO_DEVICE",1,"Agent 0","Agent 1",281459,25491469929963,25491469947003
"MEMORY_COPY","MEMORY_COPY_HOST_TO_DEVICE",1,"Agent 0","Agent 1",281475,25491470485289,25491471072135
"MEMORY_COPY","MEMORY_COPY_HOST_TO_DEVICE",1,"Agent 0","Agent 1",289020,25492524458857,25492525064063
"MEMORY_COPY","MEMORY_COPY_HOST_TO_DEVICE",1,"Agent 0","Agent 1",289035,25492525469327,25492525483007
"MEMORY_COPY","MEMORY_COPY_HOST_TO_DEVICE",1,"Agent 0","Agent 1",289051,25492525585958,25492525978362
"MEMORY_COPY","MEMORY_COPY_HOST_TO_DEVICE",1,"Agent 0","Agent 1",296596,25493588401857,25493589062144
"MEMORY_COPY","MEMORY_COPY_HOST_TO_DEVICE",1,"Agent 0","Agent 1",296611,25493589495188,25493589508708
"MEMORY_COPY","MEMORY_COPY_HOST_TO_DEVICE",1,"Agent 0","Agent 1",296627,25493589625900,25493590074464
"MEMORY_COPY","MEMORY_COPY_HOST_TO_DEVICE",1,"Agent 0","Agent 1",304172,25494662857908,25494663423114
"MEMORY_COPY","MEMORY_COPY_HOST_TO_DEVICE",1,"Agent 0","Agent 1",304187,25494663812988,25494663826828
"MEMORY_COPY","MEMORY_COPY_HOST_TO_DEVICE",1,"Agent 0","Agent 1",304203,25494663931639,25494664422604
"MEMORY_COPY","MEMORY_COPY_HOST_TO_DEVICE",1,"Agent 0","Agent 1",311748,25495748629616,25495749248942
"MEMORY_COPY","MEMORY_COPY_HOST_TO_DEVICE",1,"Agent 0","Agent 1",311763,25495749544205,25495749557805
"MEMORY_COPY","MEMORY_COPY_HOST_TO_DEVICE",1,"Agent 0","Agent 1",311779,25495749657786,25495750109711
"MEMORY_COPY","MEMORY_COPY_HOST_TO_DEVICE",1,"Agent 0","Agent 1",319324,25496843851579,25496844532506
"MEMORY_COPY","MEMORY_COPY_HOST_TO_DEVICE",1,"Agent 0","Agent 1",319339,25496845162302,25496845178142
"MEMORY_COPY","MEMORY_COPY_HOST_TO_DEVICE",1,"Agent 0","Agent 1",319355,25496845303014,25496845909740
"MEMORY_COPY","MEMORY_COPY_HOST_TO_DEVICE",1,"Agent 0","Agent 1",326900,25497949651519,25497950250886
"MEMORY_COPY","MEMORY_COPY_HOST_TO_DEVICE",1,"Agent 0","Agent 1",326915,25497950637680,25497950651120
"MEMORY_COPY","MEMORY_COPY_HOST_TO_DEVICE",1,"Agent 0","Agent 1",326931,25497950751461,25497951277826
"MEMORY_COPY","MEMORY_COPY_HOST_TO_DEVICE",1,"Agent 0","Agent 1",334476,25499065744743,25499066351669
"MEMORY_COPY","MEMORY_COPY_HOST_TO_DEVICE",1,"Agent 0","Agent 1",334491,25499066744213,25499066757733
"MEMORY_COPY","MEMORY_COPY_HOST_TO_DEVICE",1,"Agent 0","Agent 1",334507,25499066858194,25499067418120
"MEMORY_COPY","MEMORY_COPY_HOST_TO_DEVICE",1,"Agent 0","Agent 1",342052,25500192686817,25500193334863
"MEMORY_COPY","MEMORY_COPY_HOST_TO_DEVICE",1,"Agent 0","Agent 1",342067,25500193454765,25500193469005
"MEMORY_COPY","MEMORY_COPY_HOST_TO_DEVICE",1,"Agent 0","Agent 1",342083,25500193585716,25500194205323
"MEMORY_COPY","MEMORY_COPY_HOST_TO_DEVICE",1,"Agent 0","Agent 1",349628,25501329940873,25501330532559
"MEMORY_COPY","MEMORY_COPY_HOST_TO_DEVICE",1,"Agent 0","Agent 1",349643,25501330637810,25501330651330
"MEMORY_COPY","MEMORY_COPY_HOST_TO_DEVICE",1,"Agent 0","Agent 1",349659,25501330900633,25501331520000
"MEMORY_COPY","MEMORY_COPY_HOST_TO_DEVICE",1,"Agent 0","Agent 1",357204,25502477804561,25502478444368
"MEMORY_COPY","MEMORY_COPY_HOST_TO_DEVICE",1,"Agent 0","Agent 1",357219,25502478565609,25502478579849
"MEMORY_COPY","MEMORY_COPY_HOST_TO_DEVICE",1,"Agent 0","Agent 1",357235,25502478684770,25502479364497
"MEMORY_COPY","MEMORY_COPY_HOST_TO_DEVICE",1,"Agent 0","Agent 1",364780,25503635448747,25503636034633
"MEMORY_COPY","MEMORY_COPY_HOST_TO_DEVICE",1,"Agent 0","Agent 1",364795,25503636443127,25503636456727
"MEMORY_COPY","MEMORY_COPY_HOST_TO_DEVICE",1,"Agent 0","Agent 1",364811,25503636559228,25503637285676
"MEMORY_COPY","MEMORY_COPY_HOST_TO_DEVICE",1,"Agent 0","Agent 1",372356,25504805397575,25504805987022
"MEMORY_COPY","MEMORY_COPY_HOST_TO_DEVICE",1,"Agent 0","Agent 1",372371,25504806409006,25504806422846
"MEMORY_COPY","MEMORY_COPY_HOST_TO_DEVICE",1,"Agent 0","Agent 1",372387,25504806538878,25504807228365
"MEMORY_COPY","MEMORY_COPY_HOST_TO_DEVICE",1,"Agent 0","Agent 1",379932,25505984219700,25505984840626
"MEMORY_COPY","MEMORY_COPY_HOST_TO_DEVICE",1,"Agent 0","Agent 1",379947,25505984946607,25505984960207
"MEMORY_COPY","MEMORY_COPY_HOST_TO_DEVICE",1,"Agent 0","Agent 1",379963,25505985062648,25505985712415
"MEMORY_COPY","MEMORY_COPY_HOST_TO_DEVICE",1,"Agent 0","Agent 1",387508,25507174165239,25507174755285
"MEMORY_COPY","MEMORY_COPY_HOST_TO_DEVICE",1,"Agent 0","Agent 1",387523,25507174861716,25507174875316
"MEMORY_COPY","MEMORY_COPY_HOST_TO_DEVICE",1,"Agent 0","Agent 1",387539,25507174977027,25507175664635
"MEMORY_COPY","MEMORY_COPY_HOST_TO_DEVICE",1,"Agent 0","Agent 1",395084,25508374169608,25508374745574
"MEMORY_COPY","MEMORY_COPY_HOST_TO_DEVICE",1,"Agent 0","Agent 1",395099,25508374860315,25508374873876
"MEMORY_COPY","MEMORY_COPY_HOST_TO_DEVICE",1,"Agent 0","Agent 1",395115,25508374977437,25508375693724
"MEMORY_COPY","MEMORY_COPY_HOST_TO_DEVICE",1,"Agent 0","Agent 1",402660,25509587019467,25509587635074
"MEMORY_COPY","MEMORY_COPY_HOST_TO_DEVICE",1,"Agent 0","Agent 1",402675,25509587747155,25509587761035
"MEMORY_COPY","MEMORY_COPY_HOST_TO_DEVICE",1,"Agent 0","Agent 1",402691,25509587863546,25509588748195
"MEMORY_COPY","MEMORY_COPY_HOST_TO_DEVICE",1,"Agent 0","Agent 1",410236,25510807209626,25510807842473
"MEMORY_COPY","MEMORY_COPY_HOST_TO_DEVICE",1,"Agent 0","Agent 1",410251,25510808147276,25510808161596
"MEMORY_COPY","MEMORY_COPY_HOST_TO_DEVICE",1,"Agent 0","Agent 1",410267,25510808259907,25510809017915
"MEMORY_COPY","MEMORY_COPY_HOST_TO_DEVICE",1,"Agent 0","Agent 1",417812,25512040389626,25512040985992
"MEMORY_COPY","MEMORY_COPY_HOST_TO_DEVICE",1,"Agent 0","Agent 1",417827,25512041107904,25512041123664
"MEMORY_COPY","MEMORY_COPY_HOST_TO_DEVICE",1,"Agent 0","Agent 1",417843,25512041553728,25512042388577
"MEMORY_COPY","MEMORY_COPY_HOST_TO_DEVICE",1,"Agent 0","Agent 1",425388,25513282315946,25513282878832
"MEMORY_COPY","MEMORY_COPY_HOST_TO_DEVICE",1,"Agent 0","Agent 1",425403,25513282983833,25513282997593
"MEMORY_COPY","MEMORY_COPY_HOST_TO_DEVICE",1,"Agent 0","Agent 1",425419,25513283402038,25513284257687
"MEMORY_COPY","MEMORY_COPY_HOST_TO_DEVICE",1,"Agent 0","Agent 1",432964,25514540463697,25514541095464
"MEMORY_COPY","MEMORY_COPY_HOST_TO_DEVICE",1,"Agent 0","Agent 1",432979,25514541205475,25514541219315
"MEMORY_COPY","MEMORY_COPY_HOST_TO_DEVICE",1,"Agent 0","Agent 1",432995,25514541335186,25514542464638
"MEMORY_COPY","MEMORY_COPY_HOST_TO_DEVICE",1,"Agent 0","Agent 1",440540,25515803079521,25515803730768
"MEMORY_COPY","MEMORY_COPY_HOST_TO_DEVICE",1,"Agent 0","Agent 1",440555,25515803835310,25515803849670
"MEMORY_COPY","MEMORY_COPY_HOST_TO_DEVICE",1,"Agent 0","Agent 1",440571,25515803956481,25515804876211
"MEMORY_COPY","MEMORY_COPY_HOST_TO_DEVICE",1,"Agent 0","Agent 1",448116,25517076827210,25517077402936
"MEMORY_COPY","MEMORY_COPY_HOST_TO_DEVICE",1,"Agent 0","Agent 1",448131,25517077814820,25517077828300
"MEMORY_COPY","MEMORY_COPY_HOST_TO_DEVICE",1,"Agent 0","Agent 1",448147,25517077929171,25517078922662
"MEMORY_COPY","MEMORY_COPY_HOST_TO_DEVICE",1,"Agent 0","Agent 1",455692,25518360767641,25518361387648
"MEMORY_COPY","MEMORY_COPY_HOST_TO_DEVICE",1,"Agent 0","Agent 1",455707,25518361632120,25518361646280
"MEMORY_COPY","MEMORY_COPY_HOST_TO_DEVICE",1,"Agent 0","Agent 1",455723,25518361790752,25518362828043
"MEMORY_COPY","MEMORY_COPY_HOST_TO_DEVICE",1,"Agent 0","Agent 1",463268,25519659615492,25519660178218
"MEMORY_COPY","MEMORY_COPY_HOST_TO_DEVICE",1,"Agent 0","Agent 1",463283,25519660285519,25519660299080
"MEMORY_COPY","MEMORY_COPY_HOST_TO_DEVICE",1,"Agent 0","Agent 1",463299,25519660718684,25519661627294
"MEMORY_COPY","MEMORY_COPY_HOST_TO_DEVICE",1,"Agent 0","Agent 1",470844,25520965629372,25520966372820
"MEMORY_COPY","MEMORY_COPY_HOST_TO_DEVICE",1,"Agent 0","Agent 1",470859,25520966764504,25520966788665
"MEMORY_COPY","MEMORY_COPY_HOST_TO_DEVICE",1,"Agent 0","Agent 1",470875,25520966928396,25520968181050
"MEMORY_COPY","MEMORY_COPY_HOST_TO_DEVICE",1,"Agent 0","Agent 1",478420,25522282575512,25522283155478
"MEMORY_COPY","MEMORY_COPY_HOST_TO_DEVICE",1,"Agent 0","Agent 1",478435,25522283259549,25522283272949
"MEMORY_COPY","MEMORY_COPY_HOST_TO_DEVICE",1,"Agent 0","Agent 1",478451,25522283685364,25522284652694
"MEMORY_COPY","MEMORY_COPY_HOST_TO_DEVICE",1,"Agent 0","Agent 1",485996,25523608202903,25523608839509
"MEMORY_COPY","MEMORY_COPY_HOST_TO_DEVICE",1,"Agent 0","Agent 1",486011,25523608943191,25523608956751
"MEMORY_COPY","MEMORY_COPY_HOST_TO_DEVICE",1,"Agent 0","Agent 1",486027,25523609061622,25523610027992
"MEMORY_COPY","MEMORY_COPY_HOST_TO_DEVICE",1,"Agent 0","Agent 1",493572,25524948800880,25524949404287
"MEMORY_COPY","MEMORY_COPY_HOST_TO_DEVICE",1,"Agent 0","Agent 1",493587,25524949514498,25524949528098
"MEMORY_COPY","MEMORY_COPY_HOST_TO_DEVICE",1,"Agent 0","Agent 1",493603,25524949641699,25524950684710
"MEMORY_COPY","MEMORY_COPY_HOST_TO_DEVICE",1,"Agent 0","Agent 1",501148,25526295296698,25526296051747
"MEMORY_COPY","MEMORY_COPY_HOST_TO_DEVICE",1,"Agent 0","Agent 1",501163,25526296225159,25526296249439
"MEMORY_COPY","MEMORY_COPY_HOST_TO_DEVICE",1,"Agent 0","Agent 1",501179,25526296429431,25526298006968
"MEMORY_COPY","MEMORY_COPY_HOST_TO_DEVICE",1,"Agent 0","Agent 1",508724,25527652630312,25527653361160
"MEMORY_COPY","MEMORY_COPY_HOST_TO_DEVICE",1,"Agent 0","Agent 1",508739,25527653991527,25527654008247
"MEMORY_COPY","MEMORY_COPY_HOST_TO_DEVICE",1,"Agent 0","Agent 1",508755,25527654111958,25527655363691
"MEMORY_COPY","MEMORY_COPY_HOST_TO_DEVICE",1,"Agent 0","Agent 1",516300,25529019954299,25529020691307
"MEMORY_COPY","MEMORY_COPY_HOST_TO_DEVICE",1,"Agent 0","Agent 1",516315,25529020824009,25529020838289
"MEMORY_COPY","MEMORY_COPY_HOST_TO_DEVICE",1,"Agent 0","Agent 1",516331,25529020946600,25529022260254
"MEMORY_COPY","MEMORY_COPY_HOST_TO_DEVICE",1,"Agent 0","Agent 1",523876,25530402575699,25530403266227
"MEMORY_COPY","MEMORY_COPY_HOST_TO_DEVICE",1,"Agent 0","Agent 1",523891,25530403417399,25530403434919
"MEMORY_COPY","MEMORY_COPY_HOST_TO_DEVICE",1,"Agent 0","Agent 1",523907,25530403547010,25530405004586
"MEMORY_COPY","MEMORY_COPY_HOST_TO_DEVICE",1,"Agent 0","Agent 1",531452,25531789950167,25531790808657
"MEMORY_COPY","MEMORY_COPY_HOST_TO_DEVICE",1,"Agent 0","Agent 1",531467,25531790952428,25531790975909
"MEMORY_COPY","MEMORY_COPY_HOST_TO_DEVICE",1,"Agent 0","Agent 1",531483,25531791141870,25531792904170
"MEMORY_COPY","MEMORY_COPY_HOST_TO_DEVICE",1,"Agent 0","Agent 1",539028,25533189685128,25533190289974
"MEMORY_COPY","MEMORY_COPY_HOST_TO_DEVICE",1,"Agent 0","Agent 1",539043,25533190396396,25533190410196
"MEMORY_COPY","MEMORY_COPY_HOST_TO_DEVICE",1,"Agent 0","Agent 1",539059,25533190514427,25533191728080
"MEMORY_COPY","MEMORY_COPY_HOST_TO_DEVICE",1,"Agent 0","Agent 1",546604,25534597273891,25534597914938
"MEMORY_COPY","MEMORY_COPY_HOST_TO_DEVICE",1,"Agent 0","Agent 1",546619,25534598076070,25534598092590
"MEMORY_COPY","MEMORY_COPY_HOST_TO_DEVICE",1,"Agent 0","Agent 1",546635,25534598537045,25534599797779
"MEMORY_COPY","MEMORY_COPY_HOST_TO_DEVICE",1,"Agent 0","Agent 1",554180,25536020458049,25536021126856
"MEMORY_COPY","MEMORY_COPY_HOST_TO_DEVICE",1,"Agent 0","Agent 1",554195,25536021239167,25536021254767
"MEMORY_COPY","MEMORY_COPY_HOST_TO_DEVICE",1,"Agent 0","Agent 1",554211,25536021360178,25536022759194
"MEMORY_COPY","MEMORY_COPY_HOST_TO_DEVICE",1,"Agent 0","Agent 1",561756,25537447965086,25537448532413
"MEMORY_COPY","MEMORY_COPY_HOST_TO_DEVICE",1,"Agent 0","Agent 1",561771,25537448639882,25537448653362
"MEMORY_COPY","MEMORY_COPY_HOST_TO_DEVICE",1,"Agent 0","Agent 1",561787,25537448754037,25537449926490
"MEMORY_COPY","MEMORY_COPY_HOST_TO_DEVICE",1,"Agent 0","Agent 1",569332,25538886015599,25538886636606
"MEMORY_COPY","MEMORY_COPY_HOST_TO_DEVICE",1,"Agent 0","Agent 1",569347,25538887239133,25538887253453
"MEMORY_COPY","MEMORY_COPY_HOST_TO_DEVICE",1,"Agent 0","Agent 1",569363,25538887363084,25538888784779
"MEMORY_COPY","MEMORY_COPY_HOST_TO_DEVICE",1,"Agent 0","Agent 1",576908,25540333807756,25540334532124
"MEMORY_COPY","MEMORY_COPY_HOST_TO_DEVICE",1,"Agent 0","Agent 1",576923,25540334647242,25540334665282
"MEMORY_COPY","MEMORY_COPY_HOST_TO_DEVICE",1,"Agent 0","Agent 1",576939,25540334790017,25540336485235
"MEMORY_COPY","MEMORY_COPY_HOST_TO_DEVICE",1,"Agent 0","Agent 1",584484,25541798580567,25541799277574
"MEMORY_COPY","MEMORY_COPY_HOST_TO_DEVICE",1,"Agent 0","Agent 1",584499,25541799396626,25541799415146
"MEMORY_COPY","MEMORY_COPY_HOST_TO_DEVICE",1,"Agent 0","Agent 1",584515,25541799714339,25541801312757
"MEMORY_COPY","MEMORY_COPY_HOST_TO_DEVICE",1,"Agent 0","Agent 1",592060,25543307883854,25543308430460
"MEMORY_COPY","MEMORY_COPY_HOST_TO_DEVICE",1,"Agent 0","Agent 1",592075,25543308535071,25543308548591
"MEMORY_COPY","MEMORY_COPY_HOST_TO_DEVICE",1,"Agent 0","Agent 1",592091,25543308659142,25543309973677
"MEMORY_COPY","MEMORY_COPY_HOST_TO_DEVICE",1,"Agent 0","Agent 1",599636,25544787631921,25544788201088
"MEMORY_COPY","MEMORY_COPY_HOST_TO_DEVICE",1,"Agent 0","Agent 1",599651,25544788305579,25544788319059
"MEMORY_COPY","MEMORY_COPY_HOST_TO_DEVICE",1,"Agent 0","Agent 1",599667,25544788420690,25544789809665
"MEMORY_COPY","MEMORY_COPY_HOST_TO_DEVICE",1,"Agent 0","Agent 1",607212,25546289403298,25546290063106
"MEMORY_COPY","MEMORY_COPY_HOST_TO_DEVICE",1,"Agent 0","Agent 1",607227,25546290179277,25546290194517
"MEMORY_COPY","MEMORY_COPY_HOST_TO_DEVICE",1,"Agent 0","Agent 1",607243,25546290641752,25546292317850
"MEMORY_COPY","MEMORY_COPY_HOST_TO_DEVICE",1,"Agent 0","Agent 1",614788,25547797948228,25547798538475
"MEMORY_COPY","MEMORY_COPY_HOST_TO_DEVICE",1,"Agent 0","Agent 1",614803,25547798648676,25547798662236
"MEMORY_COPY","MEMORY_COPY_HOST_TO_DEVICE",1,"Agent 0","Agent 1",614819,25547798777437,25547800124332
"MEMORY_COPY","MEMORY_COPY_HOST_TO_DEVICE",1,"Agent 0","Agent 1",622364,25549308538506,25549309352355
"MEMORY_COPY","MEMORY_COPY_HOST_TO_DEVICE",1,"Agent 0","Agent 1",622379,25549309490476,25549309508796
"MEMORY_COPY","MEMORY_COPY_HOST_TO_DEVICE",1,"Agent 0","Agent 1",622395,25549309629418,25549311723881
"MEMORY_COPY","MEMORY_COPY_HOST_TO_DEVICE",1,"Agent 0","Agent 1",629940,25550853708393,25550854384160
"MEMORY_COPY","MEMORY_COPY_HOST_TO_DEVICE",1,"Agent 0","Agent 1",629955,25550854503012,25550854519572
"MEMORY_COPY","MEMORY_COPY_HOST_TO_DEVICE",1,"Agent 0","Agent 1",629971,25550854626373,25550856330432
"MEMORY_COPY","MEMORY_COPY_HOST_TO_DEVICE",1,"Agent 0","Agent 1",637516,25552411548724,25552412271932
"MEMORY_COPY","MEMORY_COPY_HOST_TO_DEVICE",1,"Agent 0","Agent 1",637531,25552412406363,25552412422643
"MEMORY_COPY","MEMORY_COPY_HOST_TO_DEVICE",1,"Agent 0","Agent 1",637547,25552412863268,25552414637527
"MEMORY_COPY","MEMORY_COPY_HOST_TO_DEVICE",1,"Agent 0","Agent 1",645092,25553969754211,25553970451379
"MEMORY_COPY","MEMORY_COPY_HOST_TO_DEVICE",1,"Agent 0","Agent 1",645107,25553970564050,25553970578250
"MEMORY_COPY","MEMORY_COPY_HOST_TO_DEVICE",1,"Agent 0","Agent 1",645123,25553970679651,25553972219308
"MEMORY_COPY","MEMORY_COPY_HOST_TO_DEVICE",1,"Agent 0","Agent 1",652668,25555526032291,25555526707618
"MEMORY_COPY","MEMORY_COPY_HOST_TO_DEVICE",1,"Agent 0","Agent 1",652683,25555526880420,25555526894500
"MEMORY_COPY","MEMORY_COPY_HOST_TO_DEVICE",1,"Agent 0","Agent 1",652699,25555526998541,25555528534158
"MEMORY_COPY","MEMORY_COPY_HOST_TO_DEVICE",1,"Agent 0","Agent 1",660244,25557104547054,25557105230542
"MEMORY_COPY","MEMORY_COPY_HOST_TO_DEVICE",1,"Agent 0","Agent 1",660259,25557105339433,25557105352993
"MEMORY_COPY","MEMORY_COPY_HOST_TO_DEVICE",1,"Agent 0","Agent 1",660275,25557105772308,25557107252204
"MEMORY_COPY","MEMORY_COPY_HOST_TO_DEVICE",1,"Agent 0","Agent 1",667820,25558680311601,25558681077970
"MEMORY_COPY","MEMORY_COPY_HOST_TO_DEVICE",1,"Agent 0","Agent 1",667835,25558681218431,25558681240992
"MEMORY_COPY","MEMORY_COPY_HOST_TO_DEVICE",1,"Agent 0","Agent 1",667851,25558681854208,25558683574147
"MEMORY_COPY","MEMORY_COPY_HOST_TO_DEVICE",1,"Agent 0","Agent 1",675396,25560280546675,25560281148042
"MEMORY_COPY","MEMORY_COPY_HOST_TO_DEVICE",1,"Agent 0","Agent 1",675411,25560281258593,25560281272193
"MEMORY_COPY","MEMORY_COPY_HOST_TO_DEVICE",1,"Agent 0","Agent 1",675427,25560281373914,25560282943012
"MEMORY_COPY","MEMORY_COPY_HOST_TO_DEVICE",1,"Agent 0","Agent 1",682972,25561875428700,25561876035787
"MEMORY_COPY","MEMORY_COPY_HOST_TO_DEVICE",1,"Agent 0","Agent 1",682987,25561876142918,25561876156878
"MEMORY_COPY","MEMORY_COPY_HOST_TO_DEVICE",1,"Agent 0","Agent 1",683003,25561876259479,25561877769096
"MEMORY_COPY","MEMORY_COPY_HOST_TO_DEVICE",1,"Agent 0","Agent 1",690548,25563483466505,25563484228193
"MEMORY_COPY","MEMORY_COPY_HOST_TO_DEVICE",1,"Agent 0","Agent 1",690563,25563484927871,25563484943031
"MEMORY_COPY","MEMORY_COPY_HOST_TO_DEVICE",1,"Agent 0","Agent 1",690579,25563485046502,25563486795161
"MEMORY_COPY","MEMORY_COPY_HOST_TO_DEVICE",1,"Agent 0","Agent 1",698124,25565102920524,25565103548051
"MEMORY_COPY","MEMORY_COPY_HOST_TO_DEVICE",1,"Agent 0","Agent 1",698139,25565103666763,25565103685283
"MEMORY_COPY","MEMORY_COPY_HOST_TO_DEVICE",1,"Agent 0","Agent 1",698155,25565104192988,25565105902087
"MEMORY_COPY","MEMORY_COPY_HOST_TO_DEVICE",1,"Agent 0","Agent 1",705700,25566742111581,25566742685427
"MEMORY_COPY","MEMORY_COPY_HOST_TO_DEVICE",1,"Agent 0","Agent 1",705715,25566742833508,25566742850229
"MEMORY_COPY","MEMORY_COPY_HOST_TO_DEVICE",1,"Agent 0","Agent 1",705731,25566742956090,25566745157154
"MEMORY_COPY","MEMORY_COPY_HOST_TO_DEVICE",1,"Agent 0","Agent 1",713276,25568380023759,25568380611486
"MEMORY_COPY","MEMORY_COPY_HOST_TO_DEVICE",1,"Agent 0","Agent 1",713291,25568381206492,25568381220092
"MEMORY_COPY","MEMORY_COPY_HOST_TO_DEVICE",1,"Agent 0","Agent 1",713307,25568381470635,25568383174254
"MEMORY_COPY","MEMORY_COPY_HOST_TO_DEVICE",1,"Agent 0","Agent 1",720852,25570136280348,25570136947155
"MEMORY_COPY","MEMORY_COPY_HOST_TO_DEVICE",1,"Agent 0","Agent 1",720867,25570137057736,25570137073177
"MEMORY_COPY","MEMORY_COPY_HOST_TO_DEVICE",1,"Agent 0","Agent 1",720883,25570137185398,25570138811536
"MEMORY_COPY","MEMORY_COPY_HOST_TO_DEVICE",1,"Agent 0","Agent 1",728428,25571793127409,25571793708416
"MEMORY_COPY","MEMORY_COPY_HOST_TO_DEVICE",1,"Agent 0","Agent 1",728443,25571793815827,25571793833787
"MEMORY_COPY","MEMORY_COPY_HOST_TO_DEVICE",1,"Agent 0","Agent 1",728459,25571794246032,25571795877210
"MEMORY_COPY","MEMORY_COPY_HOST_TO_DEVICE",1,"Agent 0","Agent 1",736004,25573471954166,25573472583653
"MEMORY_COPY","MEMORY_COPY_HOST_TO_DEVICE",1,"Agent 0","Agent 1",736019,25573472698879,25573472713199
"MEMORY_COPY","MEMORY_COPY_HOST_TO_DEVICE",1,"Agent 0","Agent 1",736035,25573472833266,25573474755367
"MEMORY_COPY","MEMORY_COPY_HOST_TO_DEVICE",1,"Agent 0","Agent 1",743580,25575149575026,25575150152112
"MEMORY_COPY","MEMORY_COPY_HOST_TO_DEVICE",1,"Agent 0","Agent 1",743595,25575150274554,25575150288234
"MEMORY_COPY","MEMORY_COPY_HOST_TO_DEVICE",1,"Agent 0","Agent 1",743611,25575150389945,25575152132244
"MEMORY_COPY","MEMORY_COPY_HOST_TO_DEVICE",1,"Agent 0","Agent 1",751156,25576838368038,25576838920324
"MEMORY_COPY","MEMORY_COPY_HOST_TO_DEVICE",1,"Agent 0","Agent 1",751171,25576839033295,25576839046695
"MEMORY_COPY","MEMORY_COPY_HOST_TO_DEVICE",1,"Agent 0","Agent 1",751187,25576839147036,25576840942776
"MEMORY_COPY","MEMORY_COPY_HOST_TO_DEVICE",1,"Agent 0","Agent 1",758732,25578535837837,25578536450163
"MEMORY_COPY","MEMORY_COPY_HOST_TO_DEVICE",1,"Agent 0","Agent 1",758747,25578536586725,25578536604765
"MEMORY_COPY","MEMORY_COPY_HOST_TO_DEVICE",1,"Agent 0","Agent 1",758763,25578537030120,25578538820340
"MEMORY_COPY","MEMORY_COPY_HOST_TO_DEVICE",1,"Agent 0","Agent 1",766308,25580253985851,25580254570098
"MEMORY_COPY","MEMORY_COPY_HOST_TO_DEVICE",1,"Agent 0","Agent 1",766323,25580254677389,25580254690709
"MEMORY_COPY","MEMORY_COPY_HOST_TO_DEVICE",1,"Agent 0","Agent 1",766339,25580254797160,25580256596060
"MEMORY_COPY","MEMORY_COPY_HOST_TO_DEVICE",1,"Agent 0","Agent 1",773884,25581973680613,25581974264339
"MEMORY_COPY","MEMORY_COPY_HOST_TO_DEVICE",1,"Agent 0","Agent 1",773899,25581974375181,25581974389421
"MEMORY_COPY","MEMORY_COPY_HOST_TO_DEVICE",1,"Agent 0","Agent 1",773915,25581974812426,25581976726727
"MEMORY_COPY","MEMORY_COPY_HOST_TO_DEVICE",1,"Agent 0","Agent 1",781460,25583703869067,25583704472234
"MEMORY_COPY","MEMORY_COPY_HOST_TO_DEVICE",1,"Agent 0","Agent 1",781475,25583704595335,25583704609655
"MEMORY_COPY","MEMORY_COPY_HOST_TO_DEVICE",1,"Agent 0","Agent 1",781491,25583705033090,25583706954911
"MEMORY_COPY","MEMORY_COPY_HOST_TO_DEVICE",1,"Agent 0","Agent 1",789036,25585444192016,25585444783822
"MEMORY_COPY","MEMORY_COPY_HOST_TO_DEVICE",1,"Agent 0","Agent 1",789051,25585444893840,25585444911880
"MEMORY_COPY","MEMORY_COPY_HOST_TO_DEVICE",1,"Agent 0","Agent 1",789067,25585445109566,25585447010427
"MEMORY_COPY","MEMORY_COPY_HOST_TO_DEVICE",1,"Agent 0","Agent 1",796612,25587202993134,25587203703502
"MEMORY_COPY","MEMORY_COPY_HOST_TO_DEVICE",1,"Agent 0","Agent 1",796627,25587203884324,25587203899404
"MEMORY_COPY","MEMORY_COPY_HOST_TO_DEVICE",1,"Agent 0","Agent 1",796643,25587204519961,25587206845386
"MEMORY_COPY","MEMORY_COPY_HOST_TO_DEVICE",1,"Agent 0","Agent 1",804188,25588965697037,25588966318724
"MEMORY_COPY","MEMORY_COPY_HOST_TO_DEVICE",1,"Agent 0","Agent 1",804203,25588966469258,25588966487538
"MEMORY_COPY","MEMORY_COPY_HOST_TO_DEVICE",1,"Agent 0","Agent 1",804219,25588966598277,25588968555539
"MEMORY_COPY","MEMORY_COPY_HOST_TO_DEVICE",1,"Agent 0","Agent 1",811764,25590738643508,25590739351516
"MEMORY_COPY","MEMORY_COPY_HOST_TO_DEVICE",1,"Agent 0","Agent 1",811779,25590739562192,25590739577032
"MEMORY_COPY","MEMORY_COPY_HOST_TO_DEVICE",1,"Agent 0","Agent 1",811795,25590739684120,25590741970025
"MEMORY_COPY","MEMORY_COPY_HOST_TO_DEVICE",1,"Agent 0","Agent 1",819340,25592523467825,25592524027991
"MEMORY_COPY","MEMORY_COPY_HOST_TO_DEVICE",1,"Agent 0","Agent 1",819355,25592524266564,25592524280404
"MEMORY_COPY","MEMORY_COPY_HOST_TO_DEVICE",1,"Agent 0","Agent 1",819371,25592524380005,25592526355107
"MEMORY_COPY","MEMORY_COPY_HOST_TO_DEVICE",1,"Agent 0","Agent 1",826916,25594326182766,25594326774213
"MEMORY_COPY","MEMORY_COPY_HOST_TO_DEVICE",1,"Agent 0","Agent 1",826931,25594326881404,25594326894764
"MEMORY_COPY","MEMORY_COPY_HOST_TO_DEVICE",1,"Agent 0","Agent 1",826947,25594327341899,25594329526163
"MEMORY_COPY","MEMORY_COPY_HOST_TO_DEVICE",1,"Agent 0","Agent 1",834492,25596129894965,25596130531292
"MEMORY_COPY","MEMORY_COPY_HOST_TO_DEVICE",1,"Agent 0","Agent 1",834507,25596130842175,25596130856695
"MEMORY_COPY","MEMORY_COPY_HOST_TO_DEVICE",1,"Agent 0","Agent 1",834523,25596130970807,25596133146951
"MEMORY_COPY","MEMORY_COPY_HOST_TO_DEVICE",1,"Agent 0","Agent 1",842068,25597943438950,25597944157157
"MEMORY_COPY","MEMORY_COPY_HOST_TO_DEVICE",1,"Agent 0","Agent 1",842083,25597944278239,25597944297239
"MEMORY_COPY","MEMORY_COPY_HOST_TO_DEVICE",1,"Agent 0","Agent 1",842099,25597944417820,25597946986169
"MEMORY_COPY","MEMORY_COPY_HOST_TO_DEVICE",1,"Agent 0","Agent 1",849644,25599767588023,25599768217030
"MEMORY_COPY","MEMORY_COPY_HOST_TO_DEVICE",1,"Agent 0","Agent 1",849659,25599768337154,25599768355275
"MEMORY_COPY","MEMORY_COPY_HOST_TO_DEVICE",1,"Agent 0","Agent 1",849675,25599768465633,25599770744938
"MEMORY_COPY","MEMORY_COPY_HOST_TO_DEVICE",1,"Agent 0","Agent 1",857220,25601613087943,25601613708670
"MEMORY_COPY","MEMORY_COPY_HOST_TO_DEVICE",1,"Agent 0","Agent 1",857235,25601613829231,25601613842671
"MEMORY_COPY","MEMORY_COPY_HOST_TO_DEVICE",1,"Agent 0","Agent 1",857251,25601613955933,25601616420760
"MEMORY_COPY","MEMORY_COPY_HOST_TO_DEVICE",1,"Agent 0","Agent 1",864796,25603459486164,25603460069331
"MEMORY_COPY","MEMORY_COPY_HOST_TO_DEVICE",1,"Agent 0","Agent 1",864811,25603460176932,25603460193292
"MEMORY_COPY","MEMORY_COPY_HOST_TO_DEVICE",1,"Agent 0","Agent 1",864827,25603460303814,25603462698320
"MEMORY_COPY","MEMORY_COPY_HOST_TO_DEVICE",1,"Agent 0","Agent 1",872372,25605314949517,25605315526803
"MEMORY_COPY","MEMORY_COPY_HOST_TO_DEVICE",1,"Agent 0","Agent 1",872387,25605315640219,25605315658220
"MEMORY_COPY","MEMORY_COPY_HOST_TO_DEVICE",1,"Agent 0","Agent 1",872403,25605315765026,25605318048331
"MEMORY_COPY","MEMORY_COPY_HOST_TO_DEVICE",1,"Agent 0","Agent 1",879948,25607179283709,25607180238559
"MEMORY_COPY","MEMORY_COPY_HOST_TO_DEVICE",1,"Agent 0","Agent 1",879963,25607180404181,25607180423862
"MEMORY_COPY","MEMORY_COPY_HOST_TO_DEVICE",1,"Agent 0","Agent 1",879979,25607180534503,25607183006410
"MEMORY_COPY","MEMORY_COPY_HOST_TO_DEVICE",1,"Agent 0","Agent 1",887524,25609064970621,25609065536667
"MEMORY_COPY","MEMORY_COPY_HOST_TO_DEVICE",1,"Agent 0","Agent 1",887539,25609065645578,25609065659178
"MEMORY_COPY","MEMORY_COPY_HOST_TO_DEVICE",1,"Agent 0","Agent 1",887555,25609065759879,25609067879143
"MEMORY_COPY","MEMORY_COPY_HOST_TO_DEVICE",1,"Agent 0","Agent 1",895100,25610951142552,25610952028722
"MEMORY_COPY","MEMORY_COPY_HOST_TO_DEVICE",1,"Agent 0","Agent 1",895115,25610952275774,25610952291815
"MEMORY_COPY","MEMORY_COPY_HOST_TO_DEVICE",1,"Agent 0","Agent 1",895131,25610952395516,25610954729022
"MEMORY_COPY","MEMORY_COPY_HOST_TO_DEVICE",1,"Agent 0","Agent 1",902676,25612849163056,25612849776623
"MEMORY_COPY","MEMORY_COPY_HOST_TO_DEVICE",1,"Agent 0","Agent 1",902691,25612849886868,25612849900588
"MEMORY_COPY","MEMORY_COPY_HOST_TO_DEVICE",1,"Agent 0","Agent 1",902707,25612850349709,25612852905057
"MEMORY_COPY","MEMORY_COPY_HOST_TO_DEVICE",1,"Agent 0","Agent 1",910252,25614757488114,25614758098161
"MEMORY_COPY","MEMORY_COPY_HOST_TO_DEVICE",1,"Agent 0","Agent 1",910267,25614758209122,25614758224042
"MEMORY_COPY","MEMORY_COPY_HOST_TO_DEVICE",1,"Agent 0","Agent 1",910283,25614758637667,25614760860691
"MEMORY_COPY","MEMORY_COPY_HOST_TO_DEVICE",1,"Agent 0","Agent 1",917828,25616685315492,25616685972539
"MEMORY_COPY","MEMORY_COPY_HOST_TO_DEVICE",1,"Agent 0","Agent 1",917843,25616686099191,25616686113831
"MEMORY_COPY","MEMORY_COPY_HOST_TO_DEVICE",1,"Agent 0","Agent 1",917859,25616686217032,25616688631979
"MEMORY_COPY","MEMORY_COPY_HOST_TO_DEVICE",1,"Agent 0","Agent 1",925404,25618614196893,25618614808020
"MEMORY_COPY","MEMORY_COPY_HOST_TO_DEVICE",1,"Agent 0","Agent 1",925419,25618614970801,25618614984562
"MEMORY_COPY","MEMORY_COPY_HOST_TO_DEVICE",1,"Agent 0","Agent 1",925435,25618615142953,25618617515060
"MEMORY_COPY","MEMORY_COPY_HOST_TO_DEVICE",1,"Agent 0","Agent 1",932980,25620554378092,25620554962939
"MEMORY_COPY","MEMORY_COPY_HOST_TO_DEVICE",1,"Agent 0","Agent 1",932995,25620555129863,25620555147943
"MEMORY_COPY","MEMORY_COPY_HOST_TO_DEVICE",1,"Agent 0","Agent 1",933011,25620555251602,25620557643348
"MEMORY_COPY","MEMORY_COPY_HOST_TO_DEVICE",1,"Agent 0","Agent 1",940556,25622505544375,25622506110741
"MEMORY_COPY","MEMORY_COPY_HOST_TO_DEVICE",1,"Agent 0","Agent 1",940571,25622506216472,25622506230073
"MEMORY_COPY","MEMORY_COPY_HOST_TO_DEVICE",1,"Agent 0","Agent 1",940587,25622506647177,25622509139445
"MEMORY_COPY","MEMORY_COPY_HOST_TO_DEVICE",1,"Agent 0","Agent 1",948132,25624475728152,25624476517041
"MEMORY_COPY","MEMORY_COPY_HOST_TO_DEVICE",1,"Agent 0","Agent 1",948147,25624476640112,25624476656272
"MEMORY_COPY","MEMORY_COPY_HOST_TO_DEVICE",1,"Agent 0","Agent 1",948163,25624477414671,25624480407864
"MEMORY_COPY","MEMORY_COPY_HOST_TO_DEVICE",1,"Agent 0","Agent 1",955708,25626447431474,25626448208403
"MEMORY_COPY","MEMORY_COPY_HOST_TO_DEVICE",1,"Agent 0","Agent 1",955723,25626448576547,25626448593347
"MEMORY_COPY","MEMORY_COPY_HOST_TO_DEVICE",1,"Agent 0","Agent 1",955739,25626448723769,25626452053686
"MEMORY_COPY","MEMORY_COPY_HOST_TO_DEVICE",1,"Agent 0","Agent 1",963284,25628430194946,25628430762193
"MEMORY_COPY","MEMORY_COPY_HOST_TO_DEVICE",1,"Agent 0","Agent 1",963299,25628430869454,25628430882854
"MEMORY_COPY","MEMORY_COPY_HOST_TO_DEVICE",1,"Agent 0","Agent 1",963315,25628431297139,25628433843207
"MEMORY_COPY","MEMORY_COPY_HOST_TO_DEVICE",1,"Agent 0","Agent 1",970860,25630443207719,25630444179890
"MEMORY_COPY","MEMORY_COPY_HOST_TO_DEVICE",1,"Agent 0","Agent 1",970875,25630444335940,25630444358140
"MEMORY_COPY","MEMORY_COPY_HOST_TO_DEVICE",1,"Agent 0","Agent 1",970891,25630444486743,25630447902301
"MEMORY_COPY","MEMORY_COPY_HOST_TO_DEVICE",1,"Agent 0","Agent 1",978436,25632457435082,25632458049769
"MEMORY_COPY","MEMORY_COPY_HOST_TO_DEVICE",1,"Agent 0","Agent 1",978451,25632458170070,25632458184670
"MEMORY_COPY","MEMORY_COPY_HOST_TO_DEVICE",1,"Agent 0","Agent 1",978467,25632458307942,25632461355616
"MEMORY_COPY","MEMORY_COPY_HOST_TO_DEVICE",1,"Agent 0","Agent 1",986012,25634470705768,25634471318215
"MEMORY_COPY","MEMORY_COPY_HOST_TO_DEVICE",1,"Agent 0","Agent 1",986027,25634471438296,25634471457177
"MEMORY_COPY","MEMORY_COPY_HOST_TO_DEVICE",1,"Agent 0","Agent 1",986043,25634472076714,25634475054827
"MEMORY_COPY","MEMORY_COPY_HOST_TO_DEVICE",1,"Agent 0","Agent 1",993588,25636495788831,25636496421558
"MEMORY_COPY","MEMORY_COPY_HOST_TO_DEVICE",1,"Agent 0","Agent 1",993603,25636496759222,25636496772862
"MEMORY_COPY","MEMORY_COPY_HOST_TO_DEVICE",1,"Agent 0","Agent 1",993619,25636496878483,25636499562593
"MEMORY_COPY","MEMORY_COPY_HOST_TO_DEVICE",1,"Agent 0","Agent 1",1001164,25638529883966,25638530456012
"MEMORY_COPY","MEMORY_COPY_HOST_TO_DEVICE",1,"Agent 0","Agent 1",1001179,25638530575263,25638530588903
"MEMORY_COPY","MEMORY_COPY_HOST_TO_DEVICE",1,"Agent 0","Agent 1",1001195,25638531024598,25638533620187
"MEMORY_COPY","MEMORY_COPY_HOST_TO_DEVICE",1,"Agent 0","Agent 1",1008740,25640586628712,25640587229879
"MEMORY_COPY","MEMORY_COPY_HOST_TO_DEVICE",1,"Agent 0","Agent 1",1008755,25640587340528,25640587358528
"MEMORY_COPY","MEMORY_COPY_HOST_TO_DEVICE",1,"Agent 0","Agent 1",1008771,25640587461031,25640590220662
"MEMORY_COPY","MEMORY_COPY_HOST_TO_DEVICE",1,"Agent 0","Agent 1",1016316,25642641341395,25642641933282
"MEMORY_COPY","MEMORY_COPY_HOST_TO_DEVICE",1,"Agent 0","Agent 1",1016331,25642642052523,25642642070523
"MEMORY_COPY","MEMORY_COPY_HOST_TO_DEVICE",1,"Agent 0","Agent 1",1016347,25642642273515,25642644863824
"MEMORY_COPY","MEMORY_COPY_HOST_TO_DEVICE",1,"Agent 0","Agent 1",1023892,25644706398764,25644707054172
"MEMORY_COPY","MEMORY_COPY_HOST_TO_DEVICE",1,"Agent 0","Agent 1",1023907,25644707175820,25644707194060
"MEMORY_COPY","MEMORY_COPY_HOST_TO_DEVICE",1,"Agent 0","Agent 1",1023923,25644707301144,25644709976934
"MEMORY_COPY","MEMORY_COPY_HOST_TO_DEVICE",1,"Agent 0","Agent 1",1031468,25646781092258,25646781702345
"MEMORY_COPY","MEMORY_COPY_HOST_TO_DEVICE",1,"Agent 0","Agent 1",1031483,25646781872868,25646781891028
"MEMORY_COPY","MEMORY_COPY_HOST_TO_DEVICE",1,"Agent 0","Agent 1",1031499,25646782276181,25646785208734
"MEMORY_COPY","MEMORY_COPY_HOST_TO_DEVICE",1,"Agent 0","Agent 1",1039044,25649056199776,25649056784223
"MEMORY_COPY","MEMORY_COPY_HOST_TO_DEVICE",1,"Agent 0","Agent 1",1039059,25649056897344,25649056911104
"MEMORY_COPY","MEMORY_COPY_HOST_TO_DEVICE",1,"Agent 0","Agent 1",1039075,25649057014745,25649059786656
"MEMORY_COPY","MEMORY_COPY_HOST_TO_DEVICE",1,"Agent 0","Agent 1",1046620,25651150157833,25651150731999
"MEMORY_COPY","MEMORY_COPY_HOST_TO_DEVICE",1,"Agent 0","Agent 1",1046635,25651150845721,25651150859161
"MEMORY_COPY","MEMORY_COPY_HOST_TO_DEVICE",1,"Agent 0","Agent 1",1046651,25651151102544,25651153901455
"MEMORY_COPY","MEMORY_COPY_HOST_TO_DEVICE",1,"Agent 0","Agent 1",1054196,25653260645974,25653261216101
"MEMORY_COPY","MEMORY_COPY_HOST_TO_DEVICE",1,"Agent 0","Agent 1",1054211,25653261997699,25653262013420
"MEMORY_COPY","MEMORY_COPY_HOST_TO_DEVICE",1,"Agent 0","Agent 1",1054227,25653262117101,25653265136574
"MEMORY_COPY","MEMORY_COPY_HOST_TO_DEVICE",1,"Agent 0","Agent 1",1061772,25655378366676,25655378952563
"MEMORY_COPY","MEMORY_COPY_HOST_TO_DEVICE",1,"Agent 0","Agent 1",1061787,25655379064272,25655379082472
"MEMORY_COPY","MEMORY_COPY_HOST_TO_DEVICE",1,"Agent 0","Agent 1",1061803,25655379192376,25655382169729
"MEMORY_COPY","MEMORY_COPY_HOST_TO_DEVICE",1,"Agent 0","Agent 1",1069348,25657520854469,25657521488916
"MEMORY_COPY","MEMORY_COPY_HOST_TO_DEVICE",1,"Agent 0","Agent 1",1069363,25657521609517,25657521627757
"MEMORY_COPY","MEMORY_COPY_HOST_TO_DEVICE",1,"Agent 0","Agent 1",1069379,25657521736548,25657524791182
"MEMORY_COPY","MEMORY_COPY_HOST_TO_DEVICE",1,"Agent 0","Agent 1",1076924,25659657303090,25659657907297
"MEMORY_COPY","MEMORY_COPY_HOST_TO_DEVICE",1,"Agent 0","Agent 1",1076939,25659658334043,25659658347644
"MEMORY_COPY","MEMORY_COPY_HOST_TO_DEVICE",1,"Agent 0","Agent 1",1076955,25659658597324,25659661359955
"MEMORY_COPY","MEMORY_COPY_HOST_TO_DEVICE",1,"Agent 0","Agent 1",1084500,25661805487857,25661806047423
"MEMORY_COPY","MEMORY_COPY_HOST_TO_DEVICE",1,"Agent 0","Agent 1",1084515,25661806158154,25661806172314
"MEMORY_COPY","MEMORY_COPY_HOST_TO_DEVICE",1,"Agent 0","Agent 1",1084531,25661806276265,25661809759224
"MEMORY_COPY","MEMORY_COPY_HOST_TO_DEVICE",1,"Agent 0","Agent 1",1092076,25663964220967,25663964229607
"MEMORY_COPY","MEMORY_COPY_HOST_TO_DEVICE",1,"Agent 0","Agent 1",1092091,25663964424359,25663964442360
"MEMORY_COPY","MEMORY_COPY_HOST_TO_DEVICE",1,"Agent 0","Agent 1",1092107,25663965091157,25663965114677
"MEMORY_COPY","MEMORY_COPY_DEVICE_TO_HOST",1,"Agent 1","Agent 0",1098835,25664061034466,25664061042946
"MEMORY_COPY","MEMORY_COPY_DEVICE_TO_HOST",1,"Agent 1","Agent 0",1098838,25664061101897,25664061110057
"MEMORY_COPY","MEMORY_COPY_DEVICE_TO_HOST",1,"Agent 1","Agent 0",1098841,25664061142967,25664061150927
"MEMORY_COPY","MEMORY_COPY_DEVICE_TO_HOST",1,"Agent 1","Agent 0",1098844,25664061180257,25664061188258
"MEMORY_COPY","MEMORY_COPY_DEVICE_TO_HOST",1,"Agent 1","Agent 0",1098847,25664061217178,25664061225138
"MEMORY_COPY","MEMORY_COPY_DEVICE_TO_HOST",1,"Agent 1","Agent 0",1098850,25664061253858,25664061261898
"MEMORY_COPY","MEMORY_COPY_DEVICE_TO_HOST",1,"Agent 1","Agent 0",1098853,25664061288429,25664061296429
"MEMORY_COPY","MEMORY_COPY_DEVICE_TO_HOST",1,"Agent 1","Agent 0",1098856,25664061323219,25664061331379
"MEMORY_COPY","MEMORY_COPY_DEVICE_TO_HOST",1,"Agent 1","Agent 0",1098859,25664061361209,25664061369490
"MEMORY_COPY","MEMORY_COPY_DEVICE_TO_HOST",1,"Agent 1","Agent 0",1098862,25664061394780,25664061402700
"MEMORY_COPY","MEMORY_COPY_DEVICE_TO_HOST",1,"Agent 1","Agent 0",1098865,25664061429080,25664061437040
"MEMORY_COPY","MEMORY_COPY_DEVICE_TO_HOST",1,"Agent 1","Agent 0",1098868,25664061465811,25664061475011
"MEMORY_COPY","MEMORY_COPY_DEVICE_TO_HOST",1,"Agent 1","Agent 0",1098871,25664061501711,25664061509751
"MEMORY_COPY","MEMORY_COPY_DEVICE_TO_HOST",1,"Agent 1","Agent 0",1098874,25664061535931,25664061543891
"MEMORY_COPY","MEMORY_COPY_DEVICE_TO_HOST",1,"Agent 1","Agent 0",1098877,25664061573372,25664061581372
"MEMORY_COPY","MEMORY_COPY_DEVICE_TO_HOST",1,"Agent 1","Agent 0",1098880,25664061608442,25664061616442
"MEMORY_COPY","MEMORY_COPY_DEVICE_TO_HOST",1,"Agent 1","Agent 0",1098883,25664061642953,25664061650793
"MEMORY_COPY","MEMORY_COPY_DEVICE_TO_HOST",1,"Agent 1","Agent 0",1098886,25664061682323,25664061692763
"MEMORY_COPY","MEMORY_COPY_DEVICE_TO_HOST",1,"Agent 1","Agent 0",1098889,25664061723693,25664061731694
"MEMORY_COPY","MEMORY_COPY_DEVICE_TO_HOST",1,"Agent 1","Agent 0",1098892,25664061758294,25664061766294
"MEMORY_COPY","MEMORY_COPY_DEVICE_TO_HOST",1,"Agent 1","Agent 0",1098895,25664061798184,25664061806144
"MEMORY_COPY","MEMORY_COPY_DEVICE_TO_HOST",1,"Agent 1","Agent 0",1098898,25664061831555,25664061839635
"MEMORY_COPY","MEMORY_COPY_DEVICE_TO_HOST",1,"Agent 1","Agent 0",1098901,25664061864655,25664061872615
"MEMORY_COPY","MEMORY_COPY_DEVICE_TO_HOST",1,"Agent 1","Agent 0",1098904,25664061904225,25664061912226
"MEMORY_COPY","MEMORY_COPY_DEVICE_TO_HOST",1,"Agent 1","Agent 0",1098907,25664061938476,25664061946716
"MEMORY_COPY","MEMORY_COPY_DEVICE_TO_HOST",1,"Agent 1","Agent 0",1098910,25664061973326,25664061981326
"MEMORY_COPY","MEMORY_COPY_DEVICE_TO_HOST",1,"Agent 1","Agent 0",1098913,25664062015527,25664062023487
"MEMORY_COPY","MEMORY_COPY_DEVICE_TO_HOST",1,"Agent 1","Agent 0",1098916,25664062049657,25664062057657
"MEMORY_COPY","MEMORY_COPY_DEVICE_TO_HOST",1,"Agent 1","Agent 0",1098919,25664062084187,25664062092148
"MEMORY_COPY","MEMORY_COPY_DEVICE_TO_HOST",1,"Agent 1","Agent 0",1098922,25664062121718,25664062129918
"MEMORY_COPY","MEMORY_COPY_DEVICE_TO_HOST",1,"Agent 1","Agent 0",1098925,25664062156738,25664062164618
"MEMORY_COPY","MEMORY_COPY_DEVICE_TO_HOST",1,"Agent 1","Agent 0",1098928,25664062192469,25664062200429
"MEMORY_COPY","MEMORY_COPY_DEVICE_TO_HOST",1,"Agent 1","Agent 0",1098931,25664062233649,25664062241649
"MEMORY_COPY","MEMORY_COPY_DEVICE_TO_HOST",1,"Agent 1","Agent 0",1098934,25664062272800,25664062280800
"MEMORY_COPY","MEMORY_COPY_DEVICE_TO_HOST",1,"Agent 1","Agent 0",1098937,25664062311870,25664062319870
"MEMORY_COPY","MEMORY_COPY_DEVICE_TO_HOST",1,"Agent 1","Agent 0",1098940,25664062352170,25664062361731
"MEMORY_COPY","MEMORY_COPY_DEVICE_TO_HOST",1,"Agent 1","Agent 0",1098943,25664062395231,25664062403191
"MEMORY_COPY","MEMORY_COPY_DEVICE_TO_HOST",1,"Agent 1","Agent 0",1098946,25664062431071,25664062439111
"MEMORY_COPY","MEMORY_COPY_DEVICE_TO_HOST",1,"Agent 1","Agent 0",1098949,25664062470552,25664062478512
"MEMORY_COPY","MEMORY_COPY_DEVICE_TO_HOST",1,"Agent 1","Agent 0",1098952,25664062504922,25664062514682
"MEMORY_COPY","MEMORY_COPY_DEVICE_TO_HOST",1,"Agent 1","Agent 0",1098955,25664062542153,25664062550153
"MEMORY_COPY","MEMORY_COPY_DEVICE_TO_HOST",1,"Agent 1","Agent 0",1098958,25664062581093,25664062589773
"MEMORY_COPY","MEMORY_COPY_DEVICE_TO_HOST",1,"Agent 1","Agent 0",1098961,25664062618183,25664062626144
"MEMORY_COPY","MEMORY_COPY_DEVICE_TO_HOST",1,"Agent 1","Agent 0",1098964,25664062651504,25664062659984
"MEMORY_COPY","MEMORY_COPY_DEVICE_TO_HOST",1,"Agent 1","Agent 0",1098967,25664062731415,25664062740575
"MEMORY_COPY","MEMORY_COPY_DEVICE_TO_HOST",1,"Agent 1","Agent 0",1098970,25664062772715,25664062782475
"MEMORY_COPY","MEMORY_COPY_DEVICE_TO_HOST",1,"Agent 1","Agent 0",1098973,25664062823746,25664062834186
"MEMORY_COPY","MEMORY_COPY_DEVICE_TO_HOST",1,"Agent 1","Agent 0",1098976,25664062877996,25664062887436
"MEMORY_COPY","MEMORY_COPY_DEVICE_TO_HOST",1,"Agent 1","Agent 0",1098979,25664063111909,25664063338511
"MEMORY_COPY","MEMORY_COPY_DEVICE_TO_HOST",1,"Agent 1","Agent 0",1098982,25664063428992,25664063599794
"MEMORY_COPY","MEMORY_COPY_DEVICE_TO_HOST",1,"Agent 1","Agent 0",1098985,25664063684315,25664063839397
"MEMORY_COPY","MEMORY_COPY_DEVICE_TO_HOST",1,"Agent 1","Agent 0",1098988,25664063921168,25664064074490
"MEMORY_COPY","MEMORY_COPY_DEVICE_TO_HOST",1,"Agent 1","Agent 0",1098991,25664064163261,25664064322262
"MEMORY_COPY","MEMORY_COPY_DEVICE_TO_HOST",1,"Agent 1","Agent 0",1098994,25664064412133,25664064582975
"MEMORY_COPY","MEMORY_COPY_DEVICE_TO_HOST",1,"Agent 1","Agent 0",1098997,25664064670006,25664064822808
"MEMORY_COPY","MEMORY_COPY_DEVICE_TO_HOST",1,"Agent 1","Agent 0",1099000,25664064907319,25664065059001
"MEMORY_COPY","MEMORY_COPY_DEVICE_TO_HOST",1,"Agent 1","Agent 0",1099003,25664065316663,25664065438505
"MEMORY_COPY","MEMORY_COPY_DEVICE_TO_HOST",1,"Agent 1","Agent 0",1099006,25664065530886,25664065654967
"MEMORY_COPY","MEMORY_COPY_DEVICE_TO_HOST",1,"Agent 1","Agent 0",1099009,25664065742718,25664065866560
"MEMORY_COPY","MEMORY_COPY_DEVICE_TO_HOST",1,"Agent 1","Agent 0",1099012,25664065956581,25664066089302
"MEMORY_COPY","MEMORY_COPY_DEVICE_TO_HOST",1,"Agent 1","Agent 0",1099015,25664066190923,25664066316285
"MEMORY_COPY","MEMORY_COPY_DEVICE_TO_HOST",1,"Agent 1","Agent 0",1099018,25664066405256,25664066526897
"MEMORY_COPY","MEMORY_COPY_DEVICE_TO_HOST",1,"Agent 1","Agent 0",1099021,25664066616728,25664066739849
"MEMORY_COPY","MEMORY_COPY_DEVICE_TO_HOST",1,"Agent 1","Agent 0",1099024,25664066825220,25664066948742
"MEMORY_COPY","MEMORY_COPY_DEVICE_TO_HOST",1,"Agent 1","Agent 0",1099027,25664067037763,25664067162884
"MEMORY_COPY","MEMORY_COPY_DEVICE_TO_HOST",1,"Agent 1","Agent 0",1099030,25664067270765,25664067396447
"MEMORY_COPY","MEMORY_COPY_DEVICE_TO_HOST",1,"Agent 1","Agent 0",1099033,25664067485578,25664067611619
"MEMORY_COPY","MEMORY_COPY_DEVICE_TO_HOST",1,"Agent 1","Agent 0",1099036,25664067696030,25664067818631
"MEMORY_COPY","MEMORY_COPY_DEVICE_TO_HOST",1,"Agent 1","Agent 0",1099039,25664067907852,25664068051494
"MEMORY_COPY","MEMORY_COPY_DEVICE_TO_HOST",1,"Agent 1","Agent 0",1099042,25664068138045,25664068265166
"MEMORY_COPY","MEMORY_COPY_DEVICE_TO_HOST",1,"Agent 1","Agent 0",1099045,25664068350837,25664068474359
"MEMORY_COPY","MEMORY_COPY_DEVICE_TO_HOST",1,"Agent 1","Agent 0",1099048,25664068561870,25664068684831
"MEMORY_COPY","MEMORY_COPY_DEVICE_TO_HOST",1,"Agent 1","Agent 0",1099051,25664068770122,25664068891803
"MEMORY_COPY","MEMORY_COPY_DEVICE_TO_HOST",1,"Agent 1","Agent 0",1099054,25664068976244,25664069101286
"MEMORY_COPY","MEMORY_COPY_DEVICE_TO_HOST",1,"Agent 1","Agent 0",1099057,25664069190977,25664069347218
"MEMORY_COPY","MEMORY_COPY_DEVICE_TO_HOST",1,"Agent 1","Agent 0",1099060,25664069505880,25664069682762
"MEMORY_COPY","MEMORY_COPY_DEVICE_TO_HOST",1,"Agent 1","Agent 0",1099063,25664069791003,25664069965685
"MEMORY_COPY","MEMORY_COPY_DEVICE_TO_HOST",1,"Agent 1","Agent 0",1099066,25664070061826,25664070215828
"MEMORY_COPY","MEMORY_COPY_DEVICE_TO_HOST",1,"Agent 1","Agent 0",1099069,25664070302919,25664070448081
"MEMORY_COPY","MEMORY_COPY_DEVICE_TO_HOST",1,"Agent 1","Agent 0",1099072,25664070534202,25664070695963
"MEMORY_COPY","MEMORY_COPY_DEVICE_TO_HOST",1,"Agent 1","Agent 0",1099075,25664070788284,25664070991367
"MEMORY_COPY","MEMORY_COPY_DEVICE_TO_HOST",1,"Agent 1","Agent 0",1099078,25664071081158,25664071256600
"MEMORY_COPY","MEMORY_COPY_DEVICE_TO_HOST",1,"Agent 1","Agent 0",1099081,25664071341670,25664071510952
"MEMORY_COPY","MEMORY_COPY_DEVICE_TO_HOST",1,"Agent 1","Agent 0",1099084,25664071600253,25664071765735
"MEMORY_COPY","MEMORY_COPY_DEVICE_TO_HOST",1,"Agent 1","Agent 0",1099087,25664071851946,25664072018948
"MEMORY_COPY","MEMORY_COPY_DEVICE_TO_HOST",1,"Agent 1","Agent 0",1099090,25664072104299,25664072297461
"MEMORY_COPY","MEMORY_COPY_DEVICE_TO_HOST",1,"Agent 1","Agent 0",1099093,25664072385392,25664072558234
"MEMORY_COPY","MEMORY_COPY_DEVICE_TO_HOST",1,"Agent 1","Agent 0",1099096,25664072642755,25664072820517
"MEMORY_COPY","MEMORY_COPY_DEVICE_TO_HOST",1,"Agent 1","Agent 0",1099099,25664072906618,25664073103500
"MEMORY_COPY","MEMORY_COPY_DEVICE_TO_HOST",1,"Agent 1","Agent 0",1099102,25664073203441,25664073404163
"MEMORY_COPY","MEMORY_COPY_DEVICE_TO_HOST",1,"Agent 1","Agent 0",1099105,25664073492694,25664073703457
"MEMORY_COPY","MEMORY_COPY_DEVICE_TO_HOST",1,"Agent 1","Agent 0",1099108,25664073787828,25664073942349
"MEMORY_COPY","MEMORY_COPY_DEVICE_TO_HOST",1,"Agent 1","Agent 0",1099111,25664074030000,25664074177042
"MEMORY_COPY","MEMORY_COPY_DEVICE_TO_HOST",1,"Agent 1","Agent 0",1099114,25664074273103,25664074441745
"MEMORY_COPY","MEMORY_COPY_DEVICE_TO_HOST",1,"Agent 1","Agent 0",1099117,25664074522066,25664074670268
"MEMORY_COPY","MEMORY_COPY_DEVICE_TO_HOST",1,"Agent 1","Agent 0",1099120,25664074752608,25664074931850
"MEMORY_COPY","MEMORY_COPY_HOST_TO_DEVICE",1,"Agent 0","Agent 1",1099125,25664085884362,25664086437968
"MEMORY_COPY","MEMORY_COPY_HOST_TO_DEVICE",1,"Agent 0","Agent 1",1099140,25664086548949,25664086567429
"MEMORY_COPY","MEMORY_COPY_HOST_TO_DEVICE",1,"Agent 0","Agent 1",1099156,25664086667260,25664090354781
"MEMORY_COPY","MEMORY_COPY_DEVICE_TO_HOST",1,"Agent 1","Agent 0",1106700,25666262980224,25666262988505
"MEMORY_COPY","MEMORY_COPY_DEVICE_TO_HOST",1,"Agent 1","Agent 0",1106703,25666263226821,25666263234781
"MEMORY_COPY","MEMORY_COPY_DEVICE_TO_HOST",1,"Agent 1","Agent 0",1106706,25666263264022,25666263272062
"MEMORY_COPY","MEMORY_COPY_DEVICE_TO_HOST",1,"Agent 1","Agent 0",1106709,25666263304813,25666263314853
"MEMORY_COPY","MEMORY_COPY_DEVICE_TO_HOST",1,"Agent 1","Agent 0",1106712,25666263378038,25666263386158
"MEMORY_COPY","MEMORY_COPY_DEVICE_TO_HOST",1,"Agent 1","Agent 0",1106715,25666263413916,25666263421876
"MEMORY_COPY","MEMORY_COPY_DEVICE_TO_HOST",1,"Agent 1","Agent 0",1106718,25666263450796,25666263458756
"MEMORY_COPY","MEMORY_COPY_DEVICE_TO_HOST",1,"Agent 1","Agent 0",1106721,25666263484731,25666263492891
"MEMORY_COPY","MEMORY_COPY_DEVICE_TO_HOST",1,"Agent 1","Agent 0",1106724,25666263518855,25666263527096
"MEMORY_COPY","MEMORY_COPY_DEVICE_TO_HOST",1,"Agent 1","Agent 0",1106727,25666263557238,25666263565198
"MEMORY_COPY","MEMORY_COPY_DEVICE_TO_HOST",1,"Agent 1","Agent 0",1106730,25666263590712,25666263598632
"MEMORY_COPY","MEMORY_COPY_DEVICE_TO_HOST",1,"Agent 1","Agent 0",1106733,25666263627292,25666263635332
"MEMORY_COPY","MEMORY_COPY_DEVICE_TO_HOST",1,"Agent 1","Agent 0",1106736,25666263665904,25666263673904
"MEMORY_COPY","MEMORY_COPY_DEVICE_TO_HOST",1,"Agent 1","Agent 0",1106739,25666263699889,25666263707849
"MEMORY_COPY","MEMORY_COPY_DEVICE_TO_HOST",1,"Agent 1","Agent 0",1106742,25666263733372,25666263741292
"MEMORY_COPY","MEMORY_COPY_DEVICE_TO_HOST",1,"Agent 1","Agent 0",1106745,25666263772206,25666263780326
"MEMORY_COPY","MEMORY_COPY_DEVICE_TO_HOST",1,"Agent 1","Agent 0",1106748,25666263807823,25666263815743
"MEMORY_COPY","MEMORY_COPY_DEVICE_TO_HOST",1,"Agent 1","Agent 0",1106751,25666263841337,25666263849257
"MEMORY_COPY","MEMORY_COPY_DEVICE_TO_HOST",1,"Agent 1","Agent 0",1106754,25666263878527,25666263886728
"MEMORY_COPY","MEMORY_COPY_DEVICE_TO_HOST",1,"Agent 1","Agent 0",1106757,25666263920665,25666263928625
"MEMORY_COPY","MEMORY_COPY_DEVICE_TO_HOST",1,"Agent 1","Agent 0",1106760,25666263956856,25666263964816
"MEMORY_COPY","MEMORY_COPY_DEVICE_TO_HOST",1,"Agent 1","Agent 0",1106763,25666263995246,25666264003166
"MEMORY_COPY","MEMORY_COPY_DEVICE_TO_HOST",1,"Agent 1","Agent 0",1106766,25666264032720,25666264040680
"MEMORY_COPY","MEMORY_COPY_DEVICE_TO_HOST",1,"Agent 1","Agent 0",1106769,25666264067897,25666264076057
"MEMORY_COPY","MEMORY_COPY_DEVICE_TO_HOST",1,"Agent 1","Agent 0",1106772,25666264105939,25666264113859
"MEMORY_COPY","MEMORY_COPY_DEVICE_TO_HOST",1,"Agent 1","Agent 0",1106775,25666264140494,25666264148375
"MEMORY_COPY","MEMORY_COPY_DEVICE_TO_HOST",1,"Agent 1","Agent 0",1106778,25666264172876,25666264180836
"MEMORY_COPY","MEMORY_COPY_DEVICE_TO_HOST",1,"Agent 1","Agent 0",1106781,25666264210448,25666264218808
"MEMORY_COPY","MEMORY_COPY_DEVICE_TO_HOST",1,"Agent 1","Agent 0",1106784,25666264245614,25666264253694
"MEMORY_COPY","MEMORY_COPY_DEVICE_TO_HOST",1,"Agent 1","Agent 0",1106787,25666264280550,25666264288430
"MEMORY_COPY","MEMORY_COPY_DEVICE_TO_HOST",1,"Agent 1","Agent 0",1106790,25666264318963,25666264326923
"MEMORY_COPY","MEMORY_COPY_DEVICE_TO_HOST",1,"Agent 1","Agent 0",1106793,25666264355002,25666264363282
"MEMORY_COPY","MEMORY_COPY_DEVICE_TO_HOST",1,"Agent 1","Agent 0",1106796,25666264390339,25666264398299
"MEMORY_COPY","MEMORY_COPY_DEVICE_TO_HOST",1,"Agent 1","Agent 0",1106799,25666264430341,25666264439141
"MEMORY_COPY","MEMORY_COPY_DEVICE_TO_HOST",1,"Agent 1","Agent 0",1106802,25666264469251,25666264477971
"MEMORY_COPY","MEMORY_COPY_DEVICE_TO_HOST",1,"Agent 1","Agent 0",1106805,25666264507681,25666264516922
"MEMORY_COPY","MEMORY_COPY_DEVICE_TO_HOST",1,"Agent 1","Agent 0",1106808,25666264551715,25666264559555
"MEMORY_COPY","MEMORY_COPY_DEVICE_TO_HOST",1,"Agent 1","Agent 0",1106811,25666264636526,25666264644686
"MEMORY_COPY","MEMORY_COPY_DEVICE_TO_HOST",1,"Agent 1","Agent 0",1106814,25666264674658,25666264682618
"MEMORY_COPY","MEMORY_COPY_DEVICE_TO_HOST",1,"Agent 1","Agent 0",1106817,25666264714114,25666264722234
"MEMORY_COPY","MEMORY_COPY_DEVICE_TO_HOST",1,"Agent 1","Agent 0",1106820,25666264758447,25666264766367
"MEMORY_COPY","MEMORY_COPY_DEVICE_TO_HOST",1,"Agent 1","Agent 0",1106823,25666264793374,25666264801454
"MEMORY_COPY","MEMORY_COPY_DEVICE_TO_HOST",1,"Agent 1","Agent 0",1106826,25666264831315,25666264839275
"MEMORY_COPY","MEMORY_COPY_DEVICE_TO_HOST",1,"Agent 1","Agent 0",1106829,25666264865425,25666264873466
"MEMORY_COPY","MEMORY_COPY_DEVICE_TO_HOST",1,"Agent 1","Agent 0",1106832,25666264900787,25666264908747
"MEMORY_COPY","MEMORY_COPY_DEVICE_TO_HOST",1,"Agent 1","Agent 0",1106835,25666264937517,25666264945597
"MEMORY_COPY","MEMORY_COPY_DEVICE_TO_HOST",1,"Agent 1","Agent 0",1106838,25666264972353,25666264980313
"MEMORY_COPY","MEMORY_COPY_DEVICE_TO_HOST",1,"Agent 1","Agent 0",1106841,25666265011677,25666265019597
"MEMORY_COPY","MEMORY_COPY_DEVICE_TO_HOST",1,"Agent 1","Agent 0",1106844,25666265146682,25666265291483
"MEMORY_COPY","MEMORY_COPY_DEVICE_TO_HOST",1,"Agent 1","Agent 0",1106847,25666265380799,25666265522281
"MEMORY_COPY","MEMORY_COPY_DEVICE_TO_HOST",1,"Agent 1","Agent 0",1106850,25666265609464,25666265757305
"MEMORY_COPY","MEMORY_COPY_DEVICE_TO_HOST",1,"Agent 1","Agent 0",1106853,25666265883572,25666266040294
"MEMORY_COPY","MEMORY_COPY_DEVICE_TO_HOST",1,"Agent 1","Agent 0",1106856,25666266126487,25666266274408
"MEMORY_COPY","MEMORY_COPY_DEVICE_TO_HOST",1,"Agent 1","Agent 0",1106859,25666266362741,25666266503663
"MEMORY_COPY","MEMORY_COPY_DEVICE_TO_HOST",1,"Agent 1","Agent 0",1106862,25666266592462,25666266741063
"MEMORY_COPY","MEMORY_COPY_DEVICE_TO_HOST",1,"Agent 1","Agent 0",1106865,25666266825781,25666266972583
"MEMORY_COPY","MEMORY_COPY_DEVICE_TO_HOST",1,"Agent 1","Agent 0",1106868,25666267064736,25666267207498
"MEMORY_COPY","MEMORY_COPY_DEVICE_TO_HOST",1,"Agent 1","Agent 0",1106871,25666267297652,25666267441613
"MEMORY_COPY","MEMORY_COPY_DEVICE_TO_HOST",1,"Agent 1","Agent 0",1106874,25666267524953,25666267669355
"MEMORY_COPY","MEMORY_COPY_DEVICE_TO_HOST",1,"Agent 1","Agent 0",1106877,25666267754634,25666267917555
"MEMORY_COPY","MEMORY_COPY_DEVICE_TO_HOST",1,"Agent 1","Agent 0",1106880,25666268065469,25666268241871
"MEMORY_COPY","MEMORY_COPY_DEVICE_TO_HOST",1,"Agent 1","Agent 0",1106883,25666268366624,25666268524306
"MEMORY_COPY","MEMORY_COPY_DEVICE_TO_HOST",1,"Agent 1","Agent 0",1106886,25666268610254,25666268750656
"MEMORY_COPY","MEMORY_COPY_DEVICE_TO_HOST",1,"Agent 1","Agent 0",1106889,25666268838341,25666268980342
"MEMORY_COPY","MEMORY_COPY_DEVICE_TO_HOST",1,"Agent 1","Agent 0",1106892,25666269067076,25666269209958
"MEMORY_COPY","MEMORY_COPY_DEVICE_TO_HOST",1,"Agent 1","Agent 0",1106895,25666269296843,25666269434804
"MEMORY_COPY","MEMORY_COPY_DEVICE_TO_HOST",1,"Agent 1","Agent 0",1106898,25666269524964,25666269667846
"MEMORY_COPY","MEMORY_COPY_DEVICE_TO_HOST",1,"Agent 1","Agent 0",1106901,25666269751890,25666269896811
"MEMORY_COPY","MEMORY_COPY_DEVICE_TO_HOST",1,"Agent 1","Agent 0",1106904,25666269981762,25666270127364
"MEMORY_COPY","MEMORY_COPY_DEVICE_TO_HOST",1,"Agent 1","Agent 0",1106907,25666270216289,25666270360931
"MEMORY_COPY","MEMORY_COPY_DEVICE_TO_HOST",1,"Agent 1","Agent 0",1106910,25666270445539,25666270613260
"MEMORY_COPY","MEMORY_COPY_DEVICE_TO_HOST",1,"Agent 1","Agent 0",1106913,25666270698969,25666270840531
"MEMORY_COPY","MEMORY_COPY_DEVICE_TO_HOST",1,"Agent 1","Agent 0",1106916,25666270927208,25666271077330
"MEMORY_COPY","MEMORY_COPY_DEVICE_TO_HOST",1,"Agent 1","Agent 0",1106919,25666271164065,25666271322506
"MEMORY_COPY","MEMORY_COPY_DEVICE_TO_HOST",1,"Agent 1","Agent 0",1106922,25666271409309,25666271583471
"MEMORY_COPY","MEMORY_COPY_DEVICE_TO_HOST",1,"Agent 1","Agent 0",1106925,25666271670645,25666271824007
"MEMORY_COPY","MEMORY_COPY_DEVICE_TO_HOST",1,"Agent 1","Agent 0",1106928,25666271912054,25666272054895
"MEMORY_COPY","MEMORY_COPY_DEVICE_TO_HOST",1,"Agent 1","Agent 0",1106931,25666272142352,25666272285994
"MEMORY_COPY","MEMORY_COPY_DEVICE_TO_HOST",1,"Agent 1","Agent 0",1106934,25666272374917,25666272515599
"MEMORY_COPY","MEMORY_COPY_DEVICE_TO_HOST",1,"Agent 1","Agent 0",1106937,25666272599981,25666272743782
"MEMORY_COPY","MEMORY_COPY_DEVICE_TO_HOST",1,"Agent 1","Agent 0",1106940,25666272841453,25666272987575
"MEMORY_COPY","MEMORY_COPY_DEVICE_TO_HOST",1,"Agent 1","Agent 0",1106943,25666273081654,25666273225336
"MEMORY_COPY","MEMORY_COPY_DEVICE_TO_HOST",1,"Agent 1","Agent 0",1106946,25666273313825,25666273457707
"MEMORY_COPY","MEMORY_COPY_DEVICE_TO_HOST",1,"Agent 1","Agent 0",1106949,25666273540361,25666273682203
"MEMORY_COPY","MEMORY_COPY_DEVICE_TO_HOST",1,"Agent 1","Agent 0",1106952,25666273770722,25666273914403
"MEMORY_COPY","MEMORY_COPY_DEVICE_TO_HOST",1,"Agent 1","Agent 0",1106955,25666274000798,25666274150040
"MEMORY_COPY","MEMORY_COPY_DEVICE_TO_HOST",1,"Agent 1","Agent 0",1106958,25666274235310,25666274387471
"MEMORY_COPY","MEMORY_COPY_DEVICE_TO_HOST",1,"Agent 1","Agent 0",1106961,25666274474092,25666274654614
"MEMORY_COPY","MEMORY_COPY_DEVICE_TO_HOST",1,"Agent 1","Agent 0",1106964,25666274737353,25666274901035
"MEMORY_COPY","MEMORY_COPY_DEVICE_TO_HOST",1,"Agent 1","Agent 0",1106967,25666275036939,25666275200660
"MEMORY_COPY","MEMORY_COPY_DEVICE_TO_HOST",1,"Agent 1","Agent 0",1106970,25666275298350,25666275446871
"MEMORY_COPY","MEMORY_COPY_DEVICE_TO_HOST",1,"Agent 1","Agent 0",1106973,25666275530722,25666275680484
"MEMORY_COPY","MEMORY_COPY_DEVICE_TO_HOST",1,"Agent 1","Agent 0",1106976,25666275764160,25666275921882
"MEMORY_COPY","MEMORY_COPY_DEVICE_TO_HOST",1,"Agent 1","Agent 0",1106979,25666276013328,25666276163049
"MEMORY_COPY","MEMORY_COPY_DEVICE_TO_HOST",1,"Agent 1","Agent 0",1106982,25666276247647,25666276394809
"MEMORY_COPY","MEMORY_COPY_DEVICE_TO_HOST",1,"Agent 1","Agent 0",1106985,25666276477122,25666276639443
"MEMORY_COPY","MEMORY_COPY_HOST_TO_DEVICE",1,"Agent 0","Agent 1",1106990,25666278572600,25666278582600
"MEMORY_COPY","MEMORY_COPY_HOST_TO_DEVICE",1,"Agent 0","Agent 1",1107005,25666278682688,25666278702688
"MEMORY_COPY","MEMORY_COPY_HOST_TO_DEVICE",1,"Agent 0","Agent 1",1107021,25666278804147,25666278839227
"MEMORY_COPY","MEMORY_COPY_DEVICE_TO_HOST",4,"Agent 1","Agent 0",1113759,25666367960967,25666368009287
"MEMORY_COPY","MEMORY_COPY_HOST_TO_DEVICE",1,"Agent 0","Agent 1",1113770,25666371333494,25666371338734
"MEMORY_COPY","MEMORY_COPY_HOST_TO_DEVICE",1,"Agent 0","Agent 1",1113785,25666371440906,25666371459266
"MEMORY_COPY","MEMORY_COPY_HOST_TO_DEVICE",1,"Agent 0","Agent 1",1113801,25666371559187,25666371569867
"MEMORY_COPY","MEMORY_COPY_DEVICE_TO_HOST",4,"Agent 1","Agent 0",1119387,25666461674295,25666461723295
"MEMORY_COPY","MEMORY_COPY_HOST_TO_DEVICE",1,"Agent 0","Agent 1",1119398,25666462827397,25666462832717
"MEMORY_COPY","MEMORY_COPY_HOST_TO_DEVICE",1,"Agent 0","Agent 1",1119413,25666462961479,25666462981439
"MEMORY_COPY","MEMORY_COPY_HOST_TO_DEVICE",1,"Agent 0","Agent 1",1119429,25666463084530,25666463096370
"MEMORY_COPY","MEMORY_COPY_DEVICE_TO_HOST",4,"Agent 1","Agent 0",1125020,25666572660392,25666572707432
"MEMORY_COPY","MEMORY_COPY_HOST_TO_DEVICE",1,"Agent 0","Agent 1",1125031,25666573461033,25666573466913
"MEMORY_COPY","MEMORY_COPY_HOST_TO_DEVICE",1,"Agent 0","Agent 1",1125046,25666573567508,25666573586029
"MEMORY_COPY","MEMORY_COPY_HOST_TO_DEVICE",1,"Agent 0","Agent 1",1125062,25666573686891,25666573698051
"MEMORY_COPY","MEMORY_COPY_DEVICE_TO_HOST",4,"Agent 1","Agent 0",1125070,25666660738448,25666660797848
"MEMORY_COPY","MEMORY_COPY_HOST_TO_DEVICE",1,"Agent 0","Agent 1",1125081,25666661746809,25666661752089
"MEMORY_COPY","MEMORY_COPY_HOST_TO_DEVICE",1,"Agent 0","Agent 1",1125096,25666661847570,25666661866090
"MEMORY_COPY","MEMORY_COPY_HOST_TO_DEVICE",1,"Agent 0","Agent 1",1125112,25666661965251,25666661976211
"MEMORY_COPY","MEMORY_COPY_DEVICE_TO_HOST",4,"Agent 1","Agent 0",1125120,25666749254516,25666749300397
"MEMORY_COPY","MEMORY_COPY_HOST_TO_DEVICE",1,"Agent 0","Agent 1",1125131,25666750092206,25666750097286
"MEMORY_COPY","MEMORY_COPY_HOST_TO_DEVICE",1,"Agent 0","Agent 1",1125146,25666750194807,25666750213407
"MEMORY_COPY","MEMORY_COPY_HOST_TO_DEVICE",1,"Agent 0","Agent 1",1125162,25666750311058,25666750322058
"MEMORY_COPY","MEMORY_COPY_DEVICE_TO_HOST",4,"Agent 1","Agent 0",1125170,25666837790039,25666837835199
"MEMORY_COPY","MEMORY_COPY_HOST_TO_DEVICE",1,"Agent 0","Agent 1",1125181,25666838606522,25666838612163
"MEMORY_COPY","MEMORY_COPY_HOST_TO_DEVICE",1,"Agent 0","Agent 1",1125196,25666838734169,25666838752569
"MEMORY_COPY","MEMORY_COPY_HOST_TO_DEVICE",1,"Agent 0","Agent 1",1125212,25666838855826,25666838866786
"MEMORY_COPY","MEMORY_COPY_DEVICE_TO_HOST",4,"Agent 1","Agent 0",1125220,25666925807208,25666925852809
"MEMORY_COPY","MEMORY_COPY_HOST_TO_DEVICE",1,"Agent 0","Agent 1",1125231,25666926649038,25666926654278
"MEMORY_COPY","MEMORY_COPY_HOST_TO_DEVICE",1,"Agent 0","Agent 1",1125246,25666926751999,25666926770439
"MEMORY_COPY","MEMORY_COPY_HOST_TO_DEVICE",1,"Agent 0","Agent 1",1125262,25666927080693,25666927093253
"MEMORY_COPY","MEMORY_COPY_DEVICE_TO_HOST",4,"Agent 1","Agent 0",1125270,25667014528351,25667014579792
"MEMORY_COPY","MEMORY_COPY_HOST_TO_DEVICE",1,"Agent 0","Agent 1",1125281,25667015562413,25667015567573
"MEMORY_COPY","MEMORY_COPY_HOST_TO_DEVICE",1,"Agent 0","Agent 1",1125296,25667015665394,25667015684074
"MEMORY_COPY","MEMORY_COPY_HOST_TO_DEVICE",1,"Agent 0","Agent 1",1125312,25667015786515,25667015797315
"MEMORY_COPY","MEMORY_COPY_DEVICE_TO_HOST",4,"Agent 1","Agent 0",1125320,25667103671541,25667103719421
"MEMORY_COPY","MEMORY_COPY_HOST_TO_DEVICE",1,"Agent 0","Agent 1",1125331,25667104535049,25667104540249
"MEMORY_COPY","MEMORY_COPY_HOST_TO_DEVICE",1,"Agent 0","Agent 1",1125346,25667104636777,25667104655137
"MEMORY_COPY","MEMORY_COPY_HOST_TO_DEVICE",1,"Agent 0","Agent 1",1125362,25667104768593,25667104779873
"MEMORY_COPY","MEMORY_COPY_DEVICE_TO_HOST",4,"Agent 1","Agent 0",1125370,25667192801639,25667192851640
"MEMORY_COPY","MEMORY_COPY_HOST_TO_DEVICE",1,"Agent 0","Agent 1",1125381,25667193667949,25667193673069
"MEMORY_COPY","MEMORY_COPY_HOST_TO_DEVICE",1,"Agent 0","Agent 1",1125396,25667193785020,25667193803540
"MEMORY_COPY","MEMORY_COPY_HOST_TO_DEVICE",1,"Agent 0","Agent 1",1125412,25667193901952,25667193912872
"MEMORY_COPY","MEMORY_COPY_DEVICE_TO_HOST",4,"Agent 1","Agent 0",1125420,25667281646003,25667281691763
"MEMORY_COPY","MEMORY_COPY_HOST_TO_DEVICE",1,"Agent 0","Agent 1",1125431,25667282600404,25667282605644
"MEMORY_COPY","MEMORY_COPY_HOST_TO_DEVICE",1,"Agent 0","Agent 1",1125446,25667282790486,25667282809486
"MEMORY_COPY","MEMORY_COPY_HOST_TO_DEVICE",1,"Agent 0","Agent 1",1125462,25667282912337,25667282923737
"MEMORY_COPY","MEMORY_COPY_DEVICE_TO_HOST",4,"Agent 1","Agent 0",1125470,25667370230661,25667370287941
"MEMORY_COPY","MEMORY_COPY_HOST_TO_DEVICE",1,"Agent 0","Agent 1",1125481,25667371146360,25667371151680
"MEMORY_COPY","MEMORY_COPY_HOST_TO_DEVICE",1,"Agent 0","Agent 1",1125496,25667371244040,25667371262640
"MEMORY_COPY","MEMORY_COPY_HOST_TO_DEVICE",1,"Agent 0","Agent 1",1125512,25667371369354,25667371380354
"MEMORY_COPY","MEMORY_COPY_DEVICE_TO_HOST",4,"Agent 1","Agent 0",1125520,25667458434106,25667458480387
"MEMORY_COPY","MEMORY_COPY_HOST_TO_DEVICE",1,"Agent 0","Agent 1",1125531,25667459397767,25667459403447
"MEMORY_COPY","MEMORY_COPY_HOST_TO_DEVICE",1,"Agent 0","Agent 1",1125546,25667459505268,25667459523748
"MEMORY_COPY","MEMORY_COPY_HOST_TO_DEVICE",1,"Agent 0","Agent 1",1125562,25667459625929,25667459637490
"MEMORY_COPY","MEMORY_COPY_DEVICE_TO_HOST",4,"Agent 1","Agent 0",1125570,25667547025976,25667547099337
"MEMORY_COPY","MEMORY_COPY_HOST_TO_DEVICE",1,"Agent 0","Agent 1",1125581,25667548084518,25667548089638
"MEMORY_COPY","MEMORY_COPY_HOST_TO_DEVICE",1,"Agent 0","Agent 1",1125596,25667548191879,25667548210360
"MEMORY_COPY","MEMORY_COPY_HOST_TO_DEVICE",1,"Agent 0","Agent 1",1125612,25667548453212,25667548464532
"MEMORY_COPY","MEMORY_COPY_DEVICE_TO_HOST",4,"Agent 1","Agent 0",1125620,25667635659802,25667635707962
"MEMORY_COPY","MEMORY_COPY_HOST_TO_DEVICE",1,"Agent 0","Agent 1",1125631,25667636507449,25667636512609
"MEMORY_COPY","MEMORY_COPY_HOST_TO_DEVICE",1,"Agent 0","Agent 1",1125646,25667636606351,25667636624751
"MEMORY_COPY","MEMORY_COPY_HOST_TO_DEVICE",1,"Agent 0","Agent 1",1125662,25667636727567,25667636738607
"MEMORY_COPY","MEMORY_COPY_DEVICE_TO_HOST",4,"Agent 1","Agent 0",1125670,25667724246639,25667724291999
"MEMORY_COPY","MEMORY_COPY_HOST_TO_DEVICE",1,"Agent 0","Agent 1",1125681,25667725090028,25667725095148
"MEMORY_COPY","MEMORY_COPY_HOST_TO_DEVICE",1,"Agent 0","Agent 1",1125696,25667725192529,25667725211089
"MEMORY_COPY","MEMORY_COPY_HOST_TO_DEVICE",1,"Agent 0","Agent 1",1125712,25667725309451,25667725320131
"MEMORY_COPY","MEMORY_COPY_DEVICE_TO_HOST",4,"Agent 1","Agent 0",1125720,25667812282570,25667812334970
"MEMORY_COPY","MEMORY_COPY_HOST_TO_DEVICE",1,"Agent 0","Agent 1",1125731,25667813264790,25667813270071
"MEMORY_COPY","MEMORY_COPY_HOST_TO_DEVICE",1,"Agent 0","Agent 1",1125746,25667813361912,25667813380472
"MEMORY_COPY","MEMORY_COPY_HOST_TO_DEVICE",1,"Agent 0","Agent 1",1125762,25667813476913,25667813488073
"MEMORY_COPY","MEMORY_COPY_DEVICE_TO_HOST",4,"Agent 1","Agent 0",1125770,25667900414978,25667900461138
"MEMORY_COPY","MEMORY_COPY_HOST_TO_DEVICE",1,"Agent 0","Agent 1",1125781,25667901233803,25667901238924
"MEMORY_COPY","MEMORY_COPY_HOST_TO_DEVICE",1,"Agent 0","Agent 1",1125796,25667901332286,25667901350846
"MEMORY_COPY","MEMORY_COPY_HOST_TO_DEVICE",1,"Agent 0","Agent 1",1125812,25667901450195,25667901461075
"MEMORY_COPY","MEMORY_COPY_DEVICE_TO_HOST",4,"Agent 1","Agent 0",1125820,25667988878698,25667988924698
"MEMORY_COPY","MEMORY_COPY_HOST_TO_DEVICE",1,"Agent 0","Agent 1",1125831,25667989756997,25667989762157
"MEMORY_COPY","MEMORY_COPY_HOST_TO_DEVICE",1,"Agent 0","Agent 1",1125846,25667989856139,25667989874699
"MEMORY_COPY","MEMORY_COPY_HOST_TO_DEVICE",1,"Agent 0","Agent 1",1125862,25667989972700,25667989984300
"MEMORY_COPY","MEMORY_COPY_DEVICE_TO_HOST",4,"Agent 1","Agent 0",1125870,25668077573643,25668077664924
"MEMORY_COPY","MEMORY_COPY_HOST_TO_DEVICE",1,"Agent 0","Agent 1",1125881,25668079164921,25668079172001
"MEMORY_COPY","MEMORY_COPY_HOST_TO_DEVICE",1,"Agent 0","Agent 1",1125896,25668079274322,25668079304922
"MEMORY_COPY","MEMORY_COPY_HOST_TO_DEVICE",1,"Agent 0","Agent 1",1125912,25668079410743,25668079422703
"MEMORY_COPY","MEMORY_COPY_DEVICE_TO_HOST",4,"Agent 1","Agent 0",1125920,25668166759029,25668166814309
"MEMORY_COPY","MEMORY_COPY_HOST_TO_DEVICE",1,"Agent 0","Agent 1",1125931,25668167644574,25668167649734
"MEMORY_COPY","MEMORY_COPY_HOST_TO_DEVICE",1,"Agent 0","Agent 1",1125946,25668167746051,25668167764652
"MEMORY_COPY","MEMORY_COPY_HOST_TO_DEVICE",1,"Agent 0","Agent 1",1125962,25668168000795,25668168013675
"MEMORY_COPY","MEMORY_COPY_DEVICE_TO_HOST",4,"Agent 1","Agent 0",1125970,25668255368735,25668255425135
"MEMORY_COPY","MEMORY_COPY_HOST_TO_DEVICE",1,"Agent 0","Agent 1",1125981,25668256435637,25668256440997
"MEMORY_COPY","MEMORY_COPY_HOST_TO_DEVICE",1,"Agent 0","Agent 1",1125996,25668256553228,25668256571788
"MEMORY_COPY","MEMORY_COPY_HOST_TO_DEVICE",1,"Agent 0","Agent 1",1126012,25668256676639,25668256688480
"MEMORY_COPY","MEMORY_COPY_DEVICE_TO_HOST",4,"Agent 1","Agent 0",1126020,25668344090626,25668344143667
"MEMORY_COPY","MEMORY_COPY_HOST_TO_DEVICE",1,"Agent 0","Agent 1",1126031,25668345137898,25668345143178
"MEMORY_COPY","MEMORY_COPY_HOST_TO_DEVICE",1,"Agent 0","Agent 1",1126046,25668345239179,25668345257699
"MEMORY_COPY","MEMORY_COPY_HOST_TO_DEVICE",1,"Agent 0","Agent 1",1126062,25668345356961,25668345368441
"MEMORY_COPY","MEMORY_COPY_DEVICE_TO_HOST",4,"Agent 1","Agent 0",1126070,25668432718434,25668432774194
"MEMORY_COPY","MEMORY_COPY_HOST_TO_DEVICE",1,"Agent 0","Agent 1",1126081,25668433660165,25668433665445
"MEMORY_COPY","MEMORY_COPY_HOST_TO_DEVICE",1,"Agent 0","Agent 1",1126096,25668433767525,25668433786605
"MEMORY_COPY","MEMORY_COPY_HOST_TO_DEVICE",1,"Agent 0","Agent 1",1126112,25668433903577,25668433914617
"MEMORY_COPY","MEMORY_COPY_DEVICE_TO_HOST",4,"Agent 1","Agent 0",1126120,25668521360756,25668521411117
"MEMORY_COPY","MEMORY_COPY_HOST_TO_DEVICE",1,"Agent 0","Agent 1",1126131,25668522231326,25668522236366
"MEMORY_COPY","MEMORY_COPY_HOST_TO_DEVICE",1,"Agent 0","Agent 1",1126146,25668522329977,25668522348537
"MEMORY_COPY","MEMORY_COPY_HOST_TO_DEVICE",1,"Agent 0","Agent 1",1126162,25668522461678,25668522472598
"MEMORY_COPY","MEMORY_COPY_DEVICE_TO_HOST",4,"Agent 1","Agent 0",1126170,25668609554538,25668609601059
"MEMORY_COPY","MEMORY_COPY_HOST_TO_DEVICE",1,"Agent 0","Agent 1",1126181,25668610500279,25668610505479
"MEMORY_COPY","MEMORY_COPY_HOST_TO_DEVICE",1,"Agent 0","Agent 1",1126196,25668610599300,25668610617660
"MEMORY_COPY","MEMORY_COPY_HOST_TO_DEVICE",1,"Agent 0","Agent 1",1126212,25668610718051,25668610729011
"MEMORY_COPY","MEMORY_COPY_DEVICE_TO_HOST",4,"Agent 1","Agent 0",1126220,25668698182719,25668698228479
"MEMORY_COPY","MEMORY_COPY_HOST_TO_DEVICE",1,"Agent 0","Agent 1",1126231,25668699008048,25668699013248
"MEMORY_COPY","MEMORY_COPY_HOST_TO_DEVICE",1,"Agent 0","Agent 1",1126246,25668699107432,25668699125752
"MEMORY_COPY","MEMORY_COPY_HOST_TO_DEVICE",1,"Agent 0","Agent 1",1126262,25668699224790,25668699235430
"MEMORY_COPY","MEMORY_COPY_DEVICE_TO_HOST",4,"Agent 1","Agent 0",1126270,25668786560111,25668786607631
"MEMORY_COPY","MEMORY_COPY_HOST_TO_DEVICE",1,"Agent 0","Agent 1",1126281,25668787458051,25668787463411
"MEMORY_COPY","MEMORY_COPY_HOST_TO_DEVICE",1,"Agent 0","Agent 1",1126296,25668787566002,25668787584842
"MEMORY_COPY","MEMORY_COPY_HOST_TO_DEVICE",1,"Agent 0","Agent 1",1126312,25668787831335,25668787844255
"MEMORY_COPY","MEMORY_COPY_DEVICE_TO_HOST",4,"Agent 1","Agent 0",1126320,25668875307483,25668875371484
"MEMORY_COPY","MEMORY_COPY_HOST_TO_DEVICE",1,"Agent 0","Agent 1",1126331,25668876403265,25668876408865
"MEMORY_COPY","MEMORY_COPY_HOST_TO_DEVICE",1,"Agent 0","Agent 1",1126346,25668876842410,25668876863370
"MEMORY_COPY","MEMORY_COPY_HOST_TO_DEVICE",1,"Agent 0","Agent 1",1126362,25668877018832,25668877032472
"MEMORY_COPY","MEMORY_COPY_DEVICE_TO_HOST",4,"Agent 1","Agent 0",1126370,25668964450097,25668964496497
"MEMORY_COPY","MEMORY_COPY_HOST_TO_DEVICE",1,"Agent 0","Agent 1",1126381,25668965405764,25668965411244
"MEMORY_COPY","MEMORY_COPY_HOST_TO_DEVICE",1,"Agent 0","Agent 1",1126396,25668965504245,25668965522645
"MEMORY_COPY","MEMORY_COPY_HOST_TO_DEVICE",1,"Agent 0","Agent 1",1126412,25668965621954,25668965632835
"MEMORY_COPY","MEMORY_COPY_DEVICE_TO_HOST",4,"Agent 1","Agent 0",1126420,25669053063716,25669053114757
"MEMORY_COPY","MEMORY_COPY_HOST_TO_DEVICE",1,"Agent 0","Agent 1",1126431,25669054021867,25669054027107
"MEMORY_COPY","MEMORY_COPY_HOST_TO_DEVICE",1,"Agent 0","Agent 1",1126446,25669054123688,25669054142248
"MEMORY_COPY","MEMORY_COPY_HOST_TO_DEVICE",1,"Agent 0","Agent 1",1126462,25669054240519,25669054251720
"MEMORY_COPY","MEMORY_COPY_DEVICE_TO_HOST",4,"Agent 1","Agent 0",1126470,25669141173035,25669141221115
"MEMORY_COPY","MEMORY_COPY_HOST_TO_DEVICE",1,"Agent 0","Agent 1",1126481,25669142035525,25669142040765
"MEMORY_COPY","MEMORY_COPY_HOST_TO_DEVICE",1,"Agent 0","Agent 1",1126496,25669142133476,25669142151876
"MEMORY_COPY","MEMORY_COPY_HOST_TO_DEVICE",1,"Agent 0","Agent 1",1126512,25669142253187,25669142264187
"MEMORY_COPY","MEMORY_COPY_DEVICE_TO_HOST",4,"Agent 1","Agent 0",1126520,25669229637223,25669229689023
"MEMORY_COPY","MEMORY_COPY_HOST_TO_DEVICE",1,"Agent 0","Agent 1",1126531,25669230612163,25669230617323
"MEMORY_COPY","MEMORY_COPY_HOST_TO_DEVICE",1,"Agent 0","Agent 1",1126546,25669230715264,25669230733984
"MEMORY_COPY","MEMORY_COPY_HOST_TO_DEVICE",1,"Agent 0","Agent 1",1126562,25669230835745,25669230847105
"MEMORY_COPY","MEMORY_COPY_DEVICE_TO_HOST",4,"Agent 1","Agent 0",1126570,25669317880199,25669317925880
"MEMORY_COPY","MEMORY_COPY_HOST_TO_DEVICE",1,"Agent 0","Agent 1",1126581,25669318737539,25669318743339
"MEMORY_COPY","MEMORY_COPY_HOST_TO_DEVICE",1,"Agent 0","Agent 1",1126596,25669318844630,25669318865430
"MEMORY_COPY","MEMORY_COPY_HOST_TO_DEVICE",1,"Agent 0","Agent 1",1126612,25669318975192,25669318987672
"MEMORY_COPY","MEMORY_COPY_DEVICE_TO_HOST",4,"Agent 1","Agent 0",1126620,25669406297385,25669406347066
"MEMORY_COPY","MEMORY_COPY_HOST_TO_DEVICE",1,"Agent 0","Agent 1",1126631,25669407217315,25669407222676
"MEMORY_COPY","MEMORY_COPY_HOST_TO_DEVICE",1,"Agent 0","Agent 1",1126646,25669407320867,25669407339627
"MEMORY_COPY","MEMORY_COPY_HOST_TO_DEVICE",1,"Agent 0","Agent 1",1126662,25669407573289,25669407584530
"MEMORY_COPY","MEMORY_COPY_DEVICE_TO_HOST",4,"Agent 1","Agent 0",1126670,25669494939977,25669494987217
"MEMORY_COPY","MEMORY_COPY_HOST_TO_DEVICE",1,"Agent 0","Agent 1",1126681,25669495809556,25669495815636
"MEMORY_COPY","MEMORY_COPY_HOST_TO_DEVICE",1,"Agent 0","Agent 1",1126696,25669495912627,25669495931507
"MEMORY_COPY","MEMORY_COPY_HOST_TO_DEVICE",1,"Agent 0","Agent 1",1126712,25669496035688,25669496048648
"MEMORY_COPY","MEMORY_COPY_DEVICE_TO_HOST",4,"Agent 1","Agent 0",1126720,25669583218689,25669583264449
"MEMORY_COPY","MEMORY_COPY_HOST_TO_DEVICE",1,"Agent 0","Agent 1",1126731,25669584041608,25669584046888
"MEMORY_COPY","MEMORY_COPY_HOST_TO_DEVICE",1,"Agent 0","Agent 1",1126746,25669584141819,25669584160459
"MEMORY_COPY","MEMORY_COPY_HOST_TO_DEVICE",1,"Agent 0","Agent 1",1126762,25669584259890,25669584270571
"MEMORY_COPY","MEMORY_COPY_DEVICE_TO_HOST",4,"Agent 1","Agent 0",1126770,25669671555613,25669671601774
"MEMORY_COPY","MEMORY_COPY_HOST_TO_DEVICE",1,"Agent 0","Agent 1",1126781,25669672404613,25669672409853
"MEMORY_COPY","MEMORY_COPY_HOST_TO_DEVICE",1,"Agent 0","Agent 1",1126796,25669672513324,25669672531884
"MEMORY_COPY","MEMORY_COPY_HOST_TO_DEVICE",1,"Agent 0","Agent 1",1126812,25669672632355,25669672643475
"MEMORY_COPY","MEMORY_COPY_DEVICE_TO_HOST",4,"Agent 1","Agent 0",1126820,25669759671443,25669759727763
"MEMORY_COPY","MEMORY_COPY_HOST_TO_DEVICE",1,"Agent 0","Agent 1",1126831,25669760715953,25669760721113
"MEMORY_COPY","MEMORY_COPY_HOST_TO_DEVICE",1,"Agent 0","Agent 1",1126846,25669760816114,25669760835315
"MEMORY_COPY","MEMORY_COPY_HOST_TO_DEVICE",1,"Agent 0","Agent 1",1126862,25669760936396,25669760948156
"MEMORY_COPY","MEMORY_COPY_DEVICE_TO_HOST",4,"Agent 1","Agent 0",1126870,25669848187668,25669848233388
"MEMORY_COPY","MEMORY_COPY_HOST_TO_DEVICE",1,"Agent 0","Agent 1",1126881,25669849019447,25669849024567
"MEMORY_COPY","MEMORY_COPY_HOST_TO_DEVICE",1,"Agent 0","Agent 1",1126896,25669849130418,25669849149579
"MEMORY_COPY","MEMORY_COPY_HOST_TO_DEVICE",1,"Agent 0","Agent 1",1126912,25669849256840,25669849270640
"MEMORY_COPY","MEMORY_COPY_DEVICE_TO_HOST",4,"Agent 1","Agent 0",1126920,25669936634360,25669936690080
"MEMORY_COPY","MEMORY_COPY_HOST_TO_DEVICE",1,"Agent 0","Agent 1",1126931,25669937599030,25669937604270
"MEMORY_COPY","MEMORY_COPY_HOST_TO_DEVICE",1,"Agent 0","Agent 1",1126946,25669937699971,25669937718412
"MEMORY_COPY","MEMORY_COPY_HOST_TO_DEVICE",1,"Agent 0","Agent 1",1126962,25669937831113,25669937842193
"MEMORY_COPY","MEMORY_COPY_DEVICE_TO_HOST",4,"Agent 1","Agent 0",1126970,25670025111610,25670025163491
"MEMORY_COPY","MEMORY_COPY_HOST_TO_DEVICE",1,"Agent 0","Agent 1",1126981,25670026149171,25670026154331
"MEMORY_COPY","MEMORY_COPY_HOST_TO_DEVICE",1,"Agent 0","Agent 1",1126996,25670026247292,25670026265612
"MEMORY_COPY","MEMORY_COPY_HOST_TO_DEVICE",1,"Agent 0","Agent 1",1127012,25670026497565,25670026508485
"MEMORY_COPY","MEMORY_COPY_DEVICE_TO_HOST",4,"Agent 1","Agent 0",1127020,25670113514952,25670113563232
"MEMORY_COPY","MEMORY_COPY_HOST_TO_DEVICE",1,"Agent 0","Agent 1",1127031,25670114407232,25670114412472
"MEMORY_COPY","MEMORY_COPY_HOST_TO_DEVICE",1,"Agent 0","Agent 1",1127046,25670114506103,25670114524663
"MEMORY_COPY","MEMORY_COPY_HOST_TO_DEVICE",1,"Agent 0","Agent 1",1127062,25670114627014,25670114638934
"MEMORY_COPY","MEMORY_COPY_DEVICE_TO_HOST",4,"Agent 1","Agent 0",1127070,25670202138236,25670202182077
"MEMORY_COPY","MEMORY_COPY_HOST_TO_DEVICE",1,"Agent 0","Agent 1",1127081,25670202935855,25670202941095
"MEMORY_COPY","MEMORY_COPY_HOST_TO_DEVICE",1,"Agent 0","Agent 1",1127096,25670203036486,25670203055126
"MEMORY_COPY","MEMORY_COPY_HOST_TO_DEVICE",1,"Agent 0","Agent 1",1127112,25670203167438,25670203178358
"MEMORY_COPY","MEMORY_COPY_DEVICE_TO_HOST",4,"Agent 1","Agent 0",1127120,25670290154665,25670290200425
"MEMORY_COPY","MEMORY_COPY_HOST_TO_DEVICE",1,"Agent 0","Agent 1",1127131,25670291107104,25670291112305
"MEMORY_COPY","MEMORY_COPY_HOST_TO_DEVICE",1,"Agent 0","Agent 1",1127146,25670291208226,25670291227066
"MEMORY_COPY","MEMORY_COPY_HOST_TO_DEVICE",1,"Agent 0","Agent 1",1127162,25670291332607,25670291344127
"MEMORY_COPY","MEMORY_COPY_DEVICE_TO_HOST",4,"Agent 1","Agent 0",1127170,25670378595951,25670378640112
"MEMORY_COPY","MEMORY_COPY_HOST_TO_DEVICE",1,"Agent 0","Agent 1",1127181,25670379456931,25670379462251
"MEMORY_COPY","MEMORY_COPY_HOST_TO_DEVICE",1,"Agent 0","Agent 1",1127196,25670379562922,25670379581522
"MEMORY_COPY","MEMORY_COPY_HOST_TO_DEVICE",1,"Agent 0","Agent 1",1127212,25670379685903,25670379696944
"MEMORY_COPY","MEMORY_COPY_DEVICE_TO_HOST",4,"Agent 1","Agent 0",1127220,25670466732674,25670466782714
"MEMORY_COPY","MEMORY_COPY_HOST_TO_DEVICE",1,"Agent 0","Agent 1",1127231,25670467564723,25670467570203
"MEMORY_COPY","MEMORY_COPY_HOST_TO_DEVICE",1,"Agent 0","Agent 1",1127246,25670467672714,25670467693154
"MEMORY_COPY","MEMORY_COPY_HOST_TO_DEVICE",1,"Agent 0","Agent 1",1127262,25670467813846,25670467829726
"MEMORY_COPY","MEMORY_COPY_DEVICE_TO_HOST",4,"Agent 1","Agent 0",1127270,25670555318142,25670555369342
"MEMORY_COPY","MEMORY_COPY_HOST_TO_DEVICE",1,"Agent 0","Agent 1",1127281,25670556218883,25670556224043
"MEMORY_COPY","MEMORY_COPY_HOST_TO_DEVICE",1,"Agent 0","Agent 1",1127296,25670556316364,25670556334964
"MEMORY_COPY","MEMORY_COPY_HOST_TO_DEVICE",1,"Agent 0","Agent 1",1127312,25670556432830,25670556443870
"MEMORY_COPY","MEMORY_COPY_DEVICE_TO_HOST",4,"Agent 1","Agent 0",1127320,25670643303433,25670643375474
"MEMORY_COPY","MEMORY_COPY_HOST_TO_DEVICE",1,"Agent 0","Agent 1",1127331,25670644288844,25670644294004
"MEMORY_COPY","MEMORY_COPY_HOST_TO_DEVICE",1,"Agent 0","Agent 1",1127346,25670644404445,25670644422965
"MEMORY_COPY","MEMORY_COPY_HOST_TO_DEVICE",1,"Agent 0","Agent 1",1127362,25670644739569,25670644752009
"MEMORY_COPY","MEMORY_COPY_DEVICE_TO_HOST",4,"Agent 1","Agent 0",1127370,25670731980014,25670732036094
"MEMORY_COPY","MEMORY_COPY_HOST_TO_DEVICE",1,"Agent 0","Agent 1",1127381,25670732860243,25670732865403
"MEMORY_COPY","MEMORY_COPY_HOST_TO_DEVICE",1,"Agent 0","Agent 1",1127396,25670732996105,25670733015865
"MEMORY_COPY","MEMORY_COPY_HOST_TO_DEVICE",1,"Agent 0","Agent 1",1127412,25670733116296,25670733127096
"MEMORY_COPY","MEMORY_COPY_DEVICE_TO_HOST",4,"Agent 1","Agent 0",1127420,25670820557980,25670820604580
"MEMORY_COPY","MEMORY_COPY_HOST_TO_DEVICE",1,"Agent 0","Agent 1",1127431,25670821420929,25670821426129
"MEMORY_COPY","MEMORY_COPY_HOST_TO_DEVICE",1,"Agent 0","Agent 1",1127446,25670821518038,25670821536558
"MEMORY_COPY","MEMORY_COPY_HOST_TO_DEVICE",1,"Agent 0","Agent 1",1127462,25670821634044,25670821644964
"MEMORY_COPY","MEMORY_COPY_DEVICE_TO_HOST",4,"Agent 1","Agent 0",1127470,25670908918905,25670908968386
"MEMORY_COPY","MEMORY_COPY_HOST_TO_DEVICE",1,"Agent 0","Agent 1",1127481,25670909868476,25670909873596
"MEMORY_COPY","MEMORY_COPY_HOST_TO_DEVICE",1,"Agent 0","Agent 1",1127496,25670909972807,25670909991447
"MEMORY_COPY","MEMORY_COPY_HOST_TO_DEVICE",1,"Agent 0","Agent 1",1127512,25670910092828,25670910103628
"MEMORY_COPY","MEMORY_COPY_DEVICE_TO_HOST",4,"Agent 1","Agent 0",1127520,25670997309419,25670997361819
"MEMORY_COPY","MEMORY_COPY_HOST_TO_DEVICE",1,"Agent 0","Agent 1",1127531,25670998270750,25670998276550
"MEMORY_COPY","MEMORY_COPY_HOST_TO_DEVICE",1,"Agent 0","Agent 1",1127546,25670998394301,25670998413181
"MEMORY_COPY","MEMORY_COPY_HOST_TO_DEVICE",1,"Agent 0","Agent 1",1127562,25670998516412,25670998527452
"MEMORY_COPY","MEMORY_COPY_DEVICE_TO_HOST",4,"Agent 1","Agent 0",1127570,25671085931031,25671086004391
"MEMORY_COPY","MEMORY_COPY_HOST_TO_DEVICE",1,"Agent 0","Agent 1",1127581,25671086866327,25671086871567
"MEMORY_COPY","MEMORY_COPY_HOST_TO_DEVICE",1,"Agent 0","Agent 1",1127596,25671086979557,25671086998077
"MEMORY_COPY","MEMORY_COPY_HOST_TO_DEVICE",1,"Agent 0","Agent 1",1127612,25671087144436,25671087155876
"MEMORY_COPY","MEMORY_COPY_DEVICE_TO_HOST",4,"Agent 1","Agent 0",1127620,25671174403708,25671174452948
"MEMORY_COPY","MEMORY_COPY_HOST_TO_DEVICE",1,"Agent 0","Agent 1",1127631,25671175390879,25671175396079
"MEMORY_COPY","MEMORY_COPY_HOST_TO_DEVICE",1,"Agent 0","Agent 1",1127646,25671175491240,25671175509760
"MEMORY_COPY","MEMORY_COPY_HOST_TO_DEVICE",1,"Agent 0","Agent 1",1127662,25671175609551,25671175620711
"MEMORY_COPY","MEMORY_COPY_DEVICE_TO_HOST",4,"Agent 1","Agent 0",1127670,25671263129854,25671263181535
"MEMORY_COPY","MEMORY_COPY_HOST_TO_DEVICE",1,"Agent 0","Agent 1",1127681,25671264263323,25671264268483
"MEMORY_COPY","MEMORY_COPY_HOST_TO_DEVICE",1,"Agent 0","Agent 1",1127696,25671264365172,25671264383772
"MEMORY_COPY","MEMORY_COPY_HOST_TO_DEVICE",1,"Agent 0","Agent 1",1127712,25671264614290,25671264625250
"MEMORY_COPY","MEMORY_COPY_DEVICE_TO_HOST",4,"Agent 1","Agent 0",1127720,25671351882854,25671351955894
"MEMORY_COPY","MEMORY_COPY_HOST_TO_DEVICE",1,"Agent 0","Agent 1",1127731,25671352839934,25671352845254
"MEMORY_COPY","MEMORY_COPY_HOST_TO_DEVICE",1,"Agent 0","Agent 1",1127746,25671352946532,25671352965213
"MEMORY_COPY","MEMORY_COPY_HOST_TO_DEVICE",1,"Agent 0","Agent 1",1127762,25671353111814,25671353123534
"MEMORY_COPY","MEMORY_COPY_DEVICE_TO_HOST",4,"Agent 1","Agent 0",1127770,25671440389674,25671440437395
"MEMORY_COPY","MEMORY_COPY_HOST_TO_DEVICE",1,"Agent 0","Agent 1",1127781,25671441394456,25671441399576
"MEMORY_COPY","MEMORY_COPY_HOST_TO_DEVICE",1,"Agent 0","Agent 1",1127796,25671441494917,25671441513597
"MEMORY_COPY","MEMORY_COPY_HOST_TO_DEVICE",1,"Agent 0","Agent 1",1127812,25671441613788,25671441624428
"MEMORY_COPY","MEMORY_COPY_DEVICE_TO_HOST",4,"Agent 1","Agent 0",1127820,25671528946695,25671528993776
"MEMORY_COPY","MEMORY_COPY_HOST_TO_DEVICE",1,"Agent 0","Agent 1",1127831,25671529820585,25671529825905
"MEMORY_COPY","MEMORY_COPY_HOST_TO_DEVICE",1,"Agent 0","Agent 1",1127846,25671529918306,25671529936826
"MEMORY_COPY","MEMORY_COPY_HOST_TO_DEVICE",1,"Agent 0","Agent 1",1127862,25671530057818,25671530069058
"MEMORY_COPY","MEMORY_COPY_DEVICE_TO_HOST",4,"Agent 1","Agent 0",1127870,25671617657836,25671617702116
"MEMORY_COPY","MEMORY_COPY_HOST_TO_DEVICE",1,"Agent 0","Agent 1",1127881,25671618556096,25671618561136
"MEMORY_COPY","MEMORY_COPY_HOST_TO_DEVICE",1,"Agent 0","Agent 1",1127896,25671618672402,25671618690922
"MEMORY_COPY","MEMORY_COPY_HOST_TO_DEVICE",1,"Agent 0","Agent 1",1127912,25671618802575,25671618813535
"MEMORY_COPY","MEMORY_COPY_DEVICE_TO_HOST",4,"Agent 1","Agent 0",1127920,25671706054743,25671706101183
"MEMORY_COPY","MEMORY_COPY_HOST_TO_DEVICE",1,"Agent 0","Agent 1",1127931,25671707023353,25671707028474
"MEMORY_COPY","MEMORY_COPY_HOST_TO_DEVICE",1,"Agent 0","Agent 1",1127946,25671707125055,25671707143295
"MEMORY_COPY","MEMORY_COPY_HOST_TO_DEVICE",1,"Agent 0","Agent 1",1127962,25671707245216,25671707256096
"MEMORY_COPY","MEMORY_COPY_DEVICE_TO_HOST",4,"Agent 1","Agent 0",1127970,25671794399903,25671794453944
"MEMORY_COPY","MEMORY_COPY_HOST_TO_DEVICE",1,"Agent 0","Agent 1",1127981,25671795314244,25671795319404
"MEMORY_COPY","MEMORY_COPY_HOST_TO_DEVICE",1,"Agent 0","Agent 1",1127996,25671795415815,25671795434535
"MEMORY_COPY","MEMORY_COPY_HOST_TO_DEVICE",1,"Agent 0","Agent 1",1128012,25671795534726,25671795546006
"MEMORY_COPY","MEMORY_COPY_DEVICE_TO_HOST",4,"Agent 1","Agent 0",1128020,25671882957366,25671883011206
"MEMORY_COPY","MEMORY_COPY_HOST_TO_DEVICE",1,"Agent 0","Agent 1",1128031,25671883796795,25671883801875
"MEMORY_COPY","MEMORY_COPY_HOST_TO_DEVICE",1,"Agent 0","Agent 1",1128046,25671883895496,25671883914016
"MEMORY_COPY","MEMORY_COPY_HOST_TO_DEVICE",1,"Agent 0","Agent 1",1128062,25671884143949,25671884155229
"MEMORY_COPY","MEMORY_COPY_DEVICE_TO_HOST",4,"Agent 1","Agent 0",1128070,25671971556908,25671971603349
"MEMORY_COPY","MEMORY_COPY_HOST_TO_DEVICE",1,"Agent 0","Agent 1",1128081,25671972516279,25671972521399
"MEMORY_COPY","MEMORY_COPY_HOST_TO_DEVICE",1,"Agent 0","Agent 1",1128096,25671972617120,25671972635640
"MEMORY_COPY","MEMORY_COPY_HOST_TO_DEVICE",1,"Agent 0","Agent 1",1128112,25671972735811,25671972746811
"MEMORY_COPY","MEMORY_COPY_DEVICE_TO_HOST",4,"Agent 1","Agent 0",1128120,25672060169606,25672060214887
"MEMORY_COPY","MEMORY_COPY_HOST_TO_DEVICE",1,"Agent 0","Agent 1",1128131,25672061013165,25672061018326
"MEMORY_COPY","MEMORY_COPY_HOST_TO_DEVICE",1,"Agent 0","Agent 1",1128146,25672061115027,25672061133627
"MEMORY_COPY","MEMORY_COPY_HOST_TO_DEVICE",1,"Agent 0","Agent 1",1128162,25672061233508,25672061244348
"MEMORY_COPY","MEMORY_COPY_DEVICE_TO_HOST",4,"Agent 1","Agent 0",1128170,25672148464812,25672148514892
"MEMORY_COPY","MEMORY_COPY_HOST_TO_DEVICE",1,"Agent 0","Agent 1",1128181,25672149375735,25672149380895
"MEMORY_COPY","MEMORY_COPY_HOST_TO_DEVICE",1,"Agent 0","Agent 1",1128196,25672149481992,25672149500832
"MEMORY_COPY","MEMORY_COPY_HOST_TO_DEVICE",1,"Agent 0","Agent 1",1128212,25672149603588,25672149614468
"MEMORY_COPY","MEMORY_COPY_DEVICE_TO_HOST",4,"Agent 1","Agent 0",1128220,25672236874947,25672236921388
"MEMORY_COPY","MEMORY_COPY_HOST_TO_DEVICE",1,"Agent 0","Agent 1",1128231,25672237778617,25672237783897
"MEMORY_COPY","MEMORY_COPY_HOST_TO_DEVICE",1,"Agent 0","Agent 1",1128246,25672237879208,25672237897929
"MEMORY_COPY","MEMORY_COPY_HOST_TO_DEVICE",1,"Agent 0","Agent 1",1128262,25672238001910,25672238014550
"MEMORY_COPY","MEMORY_COPY_DEVICE_TO_HOST",4,"Agent 1","Agent 0",1128270,25672325486807,25672325538847
"MEMORY_COPY","MEMORY_COPY_HOST_TO_DEVICE",1,"Agent 0","Agent 1",1128281,25672326659660,25672326665460
"MEMORY_COPY","MEMORY_COPY_HOST_TO_DEVICE",1,"Agent 0","Agent 1",1128296,25672326770151,25672326788871
"MEMORY_COPY","MEMORY_COPY_HOST_TO_DEVICE",1,"Agent 0","Agent 1",1128312,25672326890862,25672326902502
"MEMORY_COPY","MEMORY_COPY_DEVICE_TO_HOST",4,"Agent 1","Agent 0",1128320,25672414522524,25672414574644
"MEMORY_COPY","MEMORY_COPY_HOST_TO_DEVICE",1,"Agent 0","Agent 1",1128331,25672415487094,25672415492214
"MEMORY_COPY","MEMORY_COPY_HOST_TO_DEVICE",1,"Agent 0","Agent 1",1128346,25672415587821,25672415606341
"MEMORY_COPY","MEMORY_COPY_HOST_TO_DEVICE",1,"Agent 0","Agent 1",1128362,25672415706751,25672415717632
"MEMORY_COPY","MEMORY_COPY_DEVICE_TO_HOST",4,"Agent 1","Agent 0",1128370,25672502659009,25672502704970
"MEMORY_COPY","MEMORY_COPY_HOST_TO_DEVICE",1,"Agent 0","Agent 1",1128381,25672503519159,25672503524279
"MEMORY_COPY","MEMORY_COPY_HOST_TO_DEVICE",1,"Agent 0","Agent 1",1128396,25672503630210,25672503648770
"MEMORY_COPY","MEMORY_COPY_HOST_TO_DEVICE",1,"Agent 0","Agent 1",1128412,25672503881143,25672503892023
"MEMORY_COPY","MEMORY_COPY_DEVICE_TO_HOST",4,"Agent 1","Agent 0",1128420,25672591063693,25672591113053
"MEMORY_COPY","MEMORY_COPY_HOST_TO_DEVICE",1,"Agent 0","Agent 1",1128431,25672592048124,25672592053324
"MEMORY_COPY","MEMORY_COPY_HOST_TO_DEVICE",1,"Agent 0","Agent 1",1128446,25672592148545,25672592167305
"MEMORY_COPY","MEMORY_COPY_HOST_TO_DEVICE",1,"Agent 0","Agent 1",1128462,25672592267366,25672592278446
"MEMORY_COPY","MEMORY_COPY_DEVICE_TO_HOST",4,"Agent 1","Agent 0",1128470,25672679419214,25672679468894
"MEMORY_COPY","MEMORY_COPY_HOST_TO_DEVICE",1,"Agent 0","Agent 1",1128481,25672680296985,25672680302225
"MEMORY_COPY","MEMORY_COPY_HOST_TO_DEVICE",1,"Agent 0","Agent 1",1128496,25672680399734,25672680418255
"MEMORY_COPY","MEMORY_COPY_HOST_TO_DEVICE",1,"Agent 0","Agent 1",1128512,25672680515811,25672680526531
"MEMORY_COPY","MEMORY_COPY_DEVICE_TO_HOST",4,"Agent 1","Agent 0",1128520,25672768049513,25672768094033
"MEMORY_COPY","MEMORY_COPY_HOST_TO_DEVICE",1,"Agent 0","Agent 1",1128531,25672768887122,25672768892242
"MEMORY_COPY","MEMORY_COPY_HOST_TO_DEVICE",1,"Agent 0","Agent 1",1128546,25672768984183,25672769002743
"MEMORY_COPY","MEMORY_COPY_HOST_TO_DEVICE",1,"Agent 0","Agent 1",1128562,25672769117314,25672769128235
"MEMORY_COPY","MEMORY_COPY_DEVICE_TO_HOST",4,"Agent 1","Agent 0",1128570,25672856413801,25672856459561
"MEMORY_COPY","MEMORY_COPY_HOST_TO_DEVICE",1,"Agent 0","Agent 1",1128581,25672857398841,25672857404002
"MEMORY_COPY","MEMORY_COPY_HOST_TO_DEVICE",1,"Agent 0","Agent 1",1128596,25672857499053,25672857517693
"MEMORY_COPY","MEMORY_COPY_HOST_TO_DEVICE",1,"Agent 0","Agent 1",1128612,25672857618094,25672857629734
"MEMORY_COPY","MEMORY_COPY_DEVICE_TO_HOST",4,"Agent 1","Agent 0",1128620,25672945035201,25672945098961
"MEMORY_COPY","MEMORY_COPY_HOST_TO_DEVICE",1,"Agent 0","Agent 1",1128631,25672945947110,25672945952230
"MEMORY_COPY","MEMORY_COPY_HOST_TO_DEVICE",1,"Agent 0","Agent 1",1128646,25672946053307,25672946071947
"MEMORY_COPY","MEMORY_COPY_HOST_TO_DEVICE",1,"Agent 0","Agent 1",1128662,25672946171175,25672946181895
"MEMORY_COPY","MEMORY_COPY_DEVICE_TO_HOST",4,"Agent 1","Agent 0",1128670,25673033364723,25673033425844
"MEMORY_COPY","MEMORY_COPY_HOST_TO_DEVICE",1,"Agent 0","Agent 1",1128681,25673034294484,25673034299684
"MEMORY_COPY","MEMORY_COPY_HOST_TO_DEVICE",1,"Agent 0","Agent 1",1128696,25673034391445,25673034410125
"MEMORY_COPY","MEMORY_COPY_HOST_TO_DEVICE",1,"Agent 0","Agent 1",1128712,25673034521596,25673034532596
"MEMORY_COPY","MEMORY_COPY_DEVICE_TO_HOST",4,"Agent 1","Agent 0",1128720,25673121925601,25673121981882
"MEMORY_COPY","MEMORY_COPY_HOST_TO_DEVICE",1,"Agent 0","Agent 1",1128731,25673122910382,25673122915702
"MEMORY_COPY","MEMORY_COPY_HOST_TO_DEVICE",1,"Agent 0","Agent 1",1128746,25673123018243,25673123037123
"MEMORY_COPY","MEMORY_COPY_HOST_TO_DEVICE",1,"Agent 0","Agent 1",1128762,25673123292356,25673123303276
"MEMORY_COPY","MEMORY_COPY_DEVICE_TO_HOST",4,"Agent 1","Agent 0",1128770,25673210469173,25673210531973
"MEMORY_COPY","MEMORY_COPY_HOST_TO_DEVICE",1,"Agent 0","Agent 1",1128781,25673211404559,25673211409719
"MEMORY_COPY","MEMORY_COPY_HOST_TO_DEVICE",1,"Agent 0","Agent 1",1128796,25673211523570,25673211542050
"MEMORY_COPY","MEMORY_COPY_HOST_TO_DEVICE",1,"Agent 0","Agent 1",1128812,25673211672048,25673211683168
"MEMORY_COPY","MEMORY_COPY_DEVICE_TO_HOST",4,"Agent 1","Agent 0",1128820,25673299222415,25673299279415
"MEMORY_COPY","MEMORY_COPY_HOST_TO_DEVICE",1,"Agent 0","Agent 1",1128831,25673300102855,25673300107935
"MEMORY_COPY","MEMORY_COPY_HOST_TO_DEVICE",1,"Agent 0","Agent 1",1128846,25673300200376,25673300219096
"MEMORY_COPY","MEMORY_COPY_HOST_TO_DEVICE",1,"Agent 0","Agent 1",1128862,25673300317937,25673300329337
"MEMORY_COPY","MEMORY_COPY_DEVICE_TO_HOST",4,"Agent 1","Agent 0",1128870,25673387812544,25673387860505
"MEMORY_COPY","MEMORY_COPY_HOST_TO_DEVICE",1,"Agent 0","Agent 1",1128881,25673388798445,25673388803685
"MEMORY_COPY","MEMORY_COPY_HOST_TO_DEVICE",1,"Agent 0","Agent 1",1128896,25673388895346,25673388913906
"MEMORY_COPY","MEMORY_COPY_HOST_TO_DEVICE",1,"Agent 0","Agent 1",1128912,25673389017757,25673389028758
"MEMORY_COPY","MEMORY_COPY_DEVICE_TO_HOST",4,"Agent 1","Agent 0",1128920,25673476427139,25673476472899
"MEMORY_COPY","MEMORY_COPY_HOST_TO_DEVICE",1,"Agent 0","Agent 1",1128931,25673477268629,25673477273949
"MEMORY_COPY","MEMORY_COPY_HOST_TO_DEVICE",1,"Agent 0","Agent 1",1128946,25673477371299,25673477389979
"MEMORY_COPY","MEMORY_COPY_HOST_TO_DEVICE",1,"Agent 0","Agent 1",1128962,25673477491115,25673477503355
"MEMORY_COPY","MEMORY_COPY_DEVICE_TO_HOST",4,"Agent 1","Agent 0",1128970,25673565026119,25673565080479
"MEMORY_COPY","MEMORY_COPY_HOST_TO_DEVICE",1,"Agent 0","Agent 1",1128981,25673565920309,25673565925629
"MEMORY_COPY","MEMORY_COPY_HOST_TO_DEVICE",1,"Agent 0","Agent 1",1128996,25673566023680,25673566042640
"MEMORY_COPY","MEMORY_COPY_HOST_TO_DEVICE",1,"Agent 0","Agent 1",1129012,25673566145171,25673566156691
"MEMORY_COPY","MEMORY_COPY_DEVICE_TO_HOST",4,"Agent 1","Agent 0",1129020,25673653364028,25673653423589
"MEMORY_COPY","MEMORY_COPY_HOST_TO_DEVICE",1,"Agent 0","Agent 1",1129031,25673654324559,25673654329839
"MEMORY_COPY","MEMORY_COPY_HOST_TO_DEVICE",1,"Agent 0","Agent 1",1129046,25673654421720,25673654440000
"MEMORY_COPY","MEMORY_COPY_HOST_TO_DEVICE",1,"Agent 0","Agent 1",1129062,25673654538081,25673654548762
"MEMORY_COPY","MEMORY_COPY_DEVICE_TO_HOST",4,"Agent 1","Agent 0",1129070,25673742067227,25673742119667
"MEMORY_COPY","MEMORY_COPY_HOST_TO_DEVICE",1,"Agent 0","Agent 1",1129081,25673742989798,25673742995078
"MEMORY_COPY","MEMORY_COPY_HOST_TO_DEVICE",1,"Agent 0","Agent 1",1129096,25673743099583,25673743118663
"MEMORY_COPY","MEMORY_COPY_HOST_TO_DEVICE",1,"Agent 0","Agent 1",1129112,25673743349722,25673743360722
"MEMORY_COPY","MEMORY_COPY_DEVICE_TO_HOST",4,"Agent 1","Agent 0",1129120,25673830841038,25673830886278
"MEMORY_COPY","MEMORY_COPY_HOST_TO_DEVICE",1,"Agent 0","Agent 1",1129131,25673831810808,25673831815969
"MEMORY_COPY","MEMORY_COPY_HOST_TO_DEVICE",1,"Agent 0","Agent 1",1129146,25673831910080,25673831928480
"MEMORY_COPY","MEMORY_COPY_HOST_TO_DEVICE",1,"Agent 0","Agent 1",1129162,25673832028621,25673832039301
"MEMORY_COPY","MEMORY_COPY_DEVICE_TO_HOST",4,"Agent 1","Agent 0",1129170,25673919312639,25673919360440
"MEMORY_COPY","MEMORY_COPY_HOST_TO_DEVICE",1,"Agent 0","Agent 1",1129181,25673920285140,25673920290380
"MEMORY_COPY","MEMORY_COPY_HOST_TO_DEVICE",1,"Agent 0","Agent 1",1129196,25673920394331,25673920412931
"MEMORY_COPY","MEMORY_COPY_HOST_TO_DEVICE",1,"Agent 0","Agent 1",1129212,25673920511482,25673920522442
"MEMORY_COPY","MEMORY_COPY_DEVICE_TO_HOST",4,"Agent 1","Agent 0",1129220,25674007550914,25674007604194
"MEMORY_COPY","MEMORY_COPY_HOST_TO_DEVICE",1,"Agent 0","Agent 1",1129231,25674008538254,25674008543454
"MEMORY_COPY","MEMORY_COPY_HOST_TO_DEVICE",1,"Agent 0","Agent 1",1129246,25674008635765,25674008654285
"MEMORY_COPY","MEMORY_COPY_HOST_TO_DEVICE",1,"Agent 0","Agent 1",1129262,25674008752676,25674008763716
"MEMORY_COPY","MEMORY_COPY_DEVICE_TO_HOST",4,"Agent 1","Agent 0",1129270,25674095905571,25674095962012
"MEMORY_COPY","MEMORY_COPY_HOST_TO_DEVICE",1,"Agent 0","Agent 1",1129281,25674096835121,25674096840322
"MEMORY_COPY","MEMORY_COPY_HOST_TO_DEVICE",1,"Agent 0","Agent 1",1129296,25674096946763,25674096965323
"MEMORY_COPY","MEMORY_COPY_HOST_TO_DEVICE",1,"Agent 0","Agent 1",1129312,25674097064074,25674097075034
"MEMORY_COPY","MEMORY_COPY_DEVICE_TO_HOST",4,"Agent 1","Agent 0",1129320,25674184270597,25674184317677
"MEMORY_COPY","MEMORY_COPY_HOST_TO_DEVICE",1,"Agent 0","Agent 1",1129331,25674185253148,25674185258428
"MEMORY_COPY","MEMORY_COPY_HOST_TO_DEVICE",1,"Agent 0","Agent 1",1129346,25674185349019,25674185367659
"MEMORY_COPY","MEMORY_COPY_HOST_TO_DEVICE",1,"Agent 0","Agent 1",1129362,25674185475600,25674185487240
"MEMORY_COPY","MEMORY_COPY_DEVICE_TO_HOST",4,"Agent 1","Agent 0",1129370,25674272817495,25674272866335
"MEMORY_COPY","MEMORY_COPY_HOST_TO_DEVICE",1,"Agent 0","Agent 1",1129381,25674273643730,25674273648850
"MEMORY_COPY","MEMORY_COPY_HOST_TO_DEVICE",1,"Agent 0","Agent 1",1129396,25674273737803,25674273756163
"MEMORY_COPY","MEMORY_COPY_HOST_TO_DEVICE",1,"Agent 0","Agent 1",1129412,25674273853889,25674273864729
"MEMORY_COPY","MEMORY_COPY_DEVICE_TO_HOST",4,"Agent 1","Agent 0",1129420,25674361425652,25674361469892
"MEMORY_COPY","MEMORY_COPY_HOST_TO_DEVICE",1,"Agent 0","Agent 1",1129431,25674362224721,25674362229961
"MEMORY_COPY","MEMORY_COPY_HOST_TO_DEVICE",1,"Agent 0","Agent 1",1129446,25674362317852,25674362336452
"MEMORY_COPY","MEMORY_COPY_HOST_TO_DEVICE",1,"Agent 0","Agent 1",1129462,25674362565495,25674362576695
"MEMORY_COPY","MEMORY_COPY_DEVICE_TO_HOST",4,"Agent 1","Agent 0",1129470,25674450058405,25674450111006
"MEMORY_COPY","MEMORY_COPY_HOST_TO_DEVICE",1,"Agent 0","Agent 1",1129481,25674450901455,25674450906815
"MEMORY_COPY","MEMORY_COPY_HOST_TO_DEVICE",1,"Agent 0","Agent 1",1129496,25674450999996,25674451019716
"MEMORY_COPY","MEMORY_COPY_HOST_TO_DEVICE",1,"Agent 0","Agent 1",1129512,25674451134887,25674451150488
"MEMORY_COPY","MEMORY_COPY_DEVICE_TO_HOST",4,"Agent 1","Agent 0",1129520,25674538637426,25674538694146
"MEMORY_COPY","MEMORY_COPY_HOST_TO_DEVICE",1,"Agent 0","Agent 1",1129531,25674539662974,25674539668134
"MEMORY_COPY","MEMORY_COPY_HOST_TO_DEVICE",1,"Agent 0","Agent 1",1129546,25674539758680,25674539777040
"MEMORY_COPY","MEMORY_COPY_HOST_TO_DEVICE",1,"Agent 0","Agent 1",1129562,25674539873724,25674539884604
"MEMORY_COPY","MEMORY_COPY_DEVICE_TO_HOST",4,"Agent 1","Agent 0",1129570,25674627348445,25674627403086
"MEMORY_COPY","MEMORY_COPY_HOST_TO_DEVICE",1,"Agent 0","Agent 1",1129581,25674628228865,25674628234065
"MEMORY_COPY","MEMORY_COPY_HOST_TO_DEVICE",1,"Agent 0","Agent 1",1129596,25674628325976,25674628344816
"MEMORY_COPY","MEMORY_COPY_HOST_TO_DEVICE",1,"Agent 0","Agent 1",1129612,25674628442438,25674628454518
"MEMORY_COPY","MEMORY_COPY_DEVICE_TO_HOST",4,"Agent 1","Agent 0",1129620,25674715555092,25674715600012
"MEMORY_COPY","MEMORY_COPY_HOST_TO_DEVICE",1,"Agent 0","Agent 1",1129631,25674716399931,25674716405211
"MEMORY_COPY","MEMORY_COPY_HOST_TO_DEVICE",1,"Agent 0","Agent 1",1129646,25674716495422,25674716514222
"MEMORY_COPY","MEMORY_COPY_HOST_TO_DEVICE",1,"Agent 0","Agent 1",1129662,25674716612423,25674716623184
"MEMORY_COPY","MEMORY_COPY_DEVICE_TO_HOST",4,"Agent 1","Agent 0",1129670,25674803986291,25674804038131
"MEMORY_COPY","MEMORY_COPY_HOST_TO_DEVICE",1,"Agent 0","Agent 1",1129681,25674805014931,25674805021331
"MEMORY_COPY","MEMORY_COPY_HOST_TO_DEVICE",1,"Agent 0","Agent 1",1129696,25674805125422,25674805144143
"MEMORY_COPY","MEMORY_COPY_HOST_TO_DEVICE",1,"Agent 0","Agent 1",1129712,25674805246554,25674805258994
"MEMORY_COPY","MEMORY_COPY_DEVICE_TO_HOST",4,"Agent 1","Agent 0",1129720,25674892640313,25674892698954
"MEMORY_COPY","MEMORY_COPY_HOST_TO_DEVICE",1,"Agent 0","Agent 1",1129731,25674893594014,25674893599254
"MEMORY_COPY","MEMORY_COPY_HOST_TO_DEVICE",1,"Agent 0","Agent 1",1129746,25674893691995,25674893710635
"MEMORY_COPY","MEMORY_COPY_HOST_TO_DEVICE",1,"Agent 0","Agent 1",1129762,25674893808666,25674893819386
"MEMORY_COPY","MEMORY_COPY_DEVICE_TO_HOST",4,"Agent 1","Agent 0",1129770,25674981321134,25674981366295
"MEMORY_COPY","MEMORY_COPY_HOST_TO_DEVICE",1,"Agent 0","Agent 1",1129781,25674982179764,25674982184884
"MEMORY_COPY","MEMORY_COPY_HOST_TO_DEVICE",1,"Agent 0","Agent 1",1129796,25674982275085,25674982293645
"MEMORY_COPY","MEMORY_COPY_HOST_TO_DEVICE",1,"Agent 0","Agent 1",1129812,25674982459877,25674982470557
"MEMORY_COPY","MEMORY_COPY_DEVICE_TO_HOST",4,"Agent 1","Agent 0",1129820,25675069771131,25675069819451
"MEMORY_COPY","MEMORY_COPY_HOST_TO_DEVICE",1,"Agent 0","Agent 1",1129831,25675070773401,25675070778521
"MEMORY_COPY","MEMORY_COPY_HOST_TO_DEVICE",1,"Agent 0","Agent 1",1129846,25675070870842,25675070889242
"MEMORY_COPY","MEMORY_COPY_HOST_TO_DEVICE",1,"Agent 0","Agent 1",1129862,25675070988413,25675070999454
"MEMORY_COPY","MEMORY_COPY_DEVICE_TO_HOST",4,"Agent 1","Agent 0",1129870,25675158374546,25675158430987
"MEMORY_COPY","MEMORY_COPY_HOST_TO_DEVICE",1,"Agent 0","Agent 1",1129881,25675159462998,25675159468038
"MEMORY_COPY","MEMORY_COPY_HOST_TO_DEVICE",1,"Agent 0","Agent 1",1129896,25675159561249,25675159579969
"MEMORY_COPY","MEMORY_COPY_HOST_TO_DEVICE",1,"Agent 0","Agent 1",1129912,25675159748381,25675159760541
"MEMORY_COPY","MEMORY_COPY_DEVICE_TO_HOST",4,"Agent 1","Agent 0",1129920,25675247120981,25675247165702
"MEMORY_COPY","MEMORY_COPY_HOST_TO_DEVICE",1,"Agent 0","Agent 1",1129931,25675247958291,25675247963491
"MEMORY_COPY","MEMORY_COPY_HOST_TO_DEVICE",1,"Agent 0","Agent 1",1129946,25675248061092,25675248079652
"MEMORY_COPY","MEMORY_COPY_HOST_TO_DEVICE",1,"Agent 0","Agent 1",1129962,25675248179493,25675248191013
"MEMORY_COPY","MEMORY_COPY_DEVICE_TO_HOST",4,"Agent 1","Agent 0",1129970,25675335179931,25675335231412
"MEMORY_COPY","MEMORY_COPY_HOST_TO_DEVICE",1,"Agent 0","Agent 1",1129981,25675336206352,25675336211872
"MEMORY_COPY","MEMORY_COPY_HOST_TO_DEVICE",1,"Agent 0","Agent 1",1129996,25675336314633,25675336333113
"MEMORY_COPY","MEMORY_COPY_HOST_TO_DEVICE",1,"Agent 0","Agent 1",1130012,25675336430854,25675336442054
"MEMORY_COPY","MEMORY_COPY_DEVICE_TO_HOST",4,"Agent 1","Agent 0",1130020,25675423617475,25675423663515
"MEMORY_COPY","MEMORY_COPY_HOST_TO_DEVICE",1,"Agent 0","Agent 1",1130031,25675424416044,25675424421524
"MEMORY_COPY","MEMORY_COPY_HOST_TO_DEVICE",1,"Agent 0","Agent 1",1130046,25675424525395,25675424544115
"MEMORY_COPY","MEMORY_COPY_HOST_TO_DEVICE",1,"Agent 0","Agent 1",1130062,25675424649186,25675424663107
"MEMORY_COPY","MEMORY_COPY_DEVICE_TO_HOST",4,"Agent 1","Agent 0",1130070,25675511979859,25675512027180
"MEMORY_COPY","MEMORY_COPY_HOST_TO_DEVICE",1,"Agent 0","Agent 1",1130081,25675512818198,25675512823719
"MEMORY_COPY","MEMORY_COPY_HOST_TO_DEVICE",1,"Agent 0","Agent 1",1130096,25675512919010,25675512938290
"MEMORY_COPY","MEMORY_COPY_HOST_TO_DEVICE",1,"Agent 0","Agent 1",1130112,25675513054811,25675513067851
"MEMORY_COPY","MEMORY_COPY_DEVICE_TO_HOST",4,"Agent 1","Agent 0",1130120,25675600340751,25675600392591
"MEMORY_COPY","MEMORY_COPY_HOST_TO_DEVICE",1,"Agent 0","Agent 1",1130131,25675601311891,25675601316971
"MEMORY_COPY","MEMORY_COPY_HOST_TO_DEVICE",1,"Agent 0","Agent 1",1130146,25675601408792,25675601427552
"MEMORY_COPY","MEMORY_COPY_HOST_TO_DEVICE",1,"Agent 0","Agent 1",1130162,25675601670645,25675601681685
"MEMORY_COPY","MEMORY_COPY_DEVICE_TO_HOST",4,"Agent 1","Agent 0",1130170,25675688953697,25675688997578
"MEMORY_COPY","MEMORY_COPY_HOST_TO_DEVICE",1,"Agent 0","Agent 1",1130181,25675689805817,25675689811217
"MEMORY_COPY","MEMORY_COPY_HOST_TO_DEVICE",1,"Agent 0","Agent 1",1130196,25675689906028,25675689924428
"MEMORY_COPY","MEMORY_COPY_HOST_TO_DEVICE",1,"Agent 0","Agent 1",1130212,25675690023429,25675690034749
"MEMORY_COPY","MEMORY_COPY_DEVICE_TO_HOST",4,"Agent 1","Agent 0",1130220,25675777205888,25675777251649
"MEMORY_COPY","MEMORY_COPY_HOST_TO_DEVICE",1,"Agent 0","Agent 1",1130231,25675778103738,25675778109098
"MEMORY_COPY","MEMORY_COPY_HOST_TO_DEVICE",1,"Agent 0","Agent 1",1130246,25675778211060,25675778230860
"MEMORY_COPY","MEMORY_COPY_HOST_TO_DEVICE",1,"Agent 0","Agent 1",1130262,25675778329961,25675778341201
"MEMORY_COPY","MEMORY_COPY_DEVICE_TO_HOST",4,"Agent 1","Agent 0",1130270,25675865681331,25675865731171
"MEMORY_COPY","MEMORY_COPY_HOST_TO_DEVICE",1,"Agent 0","Agent 1",1130281,25675866738242,25675866743562
"MEMORY_COPY","MEMORY_COPY_HOST_TO_DEVICE",1,"Agent 0","Agent 1",1130296,25675866840453,25675866859413
"MEMORY_COPY","MEMORY_COPY_HOST_TO_DEVICE",1,"Agent 0","Agent 1",1130312,25675866984934,25675866996734
"MEMORY_COPY","MEMORY_COPY_DEVICE_TO_HOST",4,"Agent 1","Agent 0",1130320,25675954298986,25675954344067
"MEMORY_COPY","MEMORY_COPY_HOST_TO_DEVICE",1,"Agent 0","Agent 1",1130331,25675955152366,25675955157646
"MEMORY_COPY","MEMORY_COPY_HOST_TO_DEVICE",1,"Agent 0","Agent 1",1130346,25675955249237,25675955267517
"MEMORY_COPY","MEMORY_COPY_HOST_TO_DEVICE",1,"Agent 0","Agent 1",1130362,25675955364718,25675955375758
"MEMORY_COPY","MEMORY_COPY_DEVICE_TO_HOST",4,"Agent 1","Agent 0",1130370,25676042883675,25676042932156
"MEMORY_COPY","MEMORY_COPY_HOST_TO_DEVICE",1,"Agent 0","Agent 1",1130381,25676043707404,25676043712444
"MEMORY_COPY","MEMORY_COPY_HOST_TO_DEVICE",1,"Agent 0","Agent 1",1130396,25676043809385,25676043828146
"MEMORY_COPY","MEMORY_COPY_HOST_TO_DEVICE",1,"Agent 0","Agent 1",1130412,25676043928867,25676043941147
"MEMORY_COPY","MEMORY_COPY_DEVICE_TO_HOST",4,"Agent 1","Agent 0",1130420,25676131428985,25676131493105
"MEMORY_COPY","MEMORY_COPY_HOST_TO_DEVICE",1,"Agent 0","Agent 1",1130431,25676132322108,25676132327388
"MEMORY_COPY","MEMORY_COPY_HOST_TO_DEVICE",1,"Agent 0","Agent 1",1130446,25676132421460,25676132439901
"MEMORY_COPY","MEMORY_COPY_HOST_TO_DEVICE",1,"Agent 0","Agent 1",1130462,25676132538660,25676132550060
"MEMORY_COPY","MEMORY_COPY_DEVICE_TO_HOST",4,"Agent 1","Agent 0",1130470,25676219897189,25676219943029
"MEMORY_COPY","MEMORY_COPY_HOST_TO_DEVICE",1,"Agent 0","Agent 1",1130481,25676220767908,25676220773028
"MEMORY_COPY","MEMORY_COPY_HOST_TO_DEVICE",1,"Agent 0","Agent 1",1130496,25676220869919,25676220888480
"MEMORY_COPY","MEMORY_COPY_HOST_TO_DEVICE",1,"Agent 0","Agent 1",1130512,25676221224393,25676221235193
"MEMORY_COPY","MEMORY_COPY_DEVICE_TO_HOST",4,"Agent 1","Agent 0",1130520,25676308269910,25676308315670
"MEMORY_COPY","MEMORY_COPY_HOST_TO_DEVICE",1,"Agent 0","Agent 1",1130531,25676309106069,25676309111269
"MEMORY_COPY","MEMORY_COPY_HOST_TO_DEVICE",1,"Agent 0","Agent 1",1130546,25676309204240,25676309222761
"MEMORY_COPY","MEMORY_COPY_HOST_TO_DEVICE",1,"Agent 0","Agent 1",1130562,25676309345662,25676309356622
"MEMORY_COPY","MEMORY_COPY_DEVICE_TO_HOST",4,"Agent 1","Agent 0",1130570,25676396838293,25676396887773
"MEMORY_COPY","MEMORY_COPY_HOST_TO_DEVICE",1,"Agent 0","Agent 1",1130581,25676397724681,25676397729841
"MEMORY_COPY","MEMORY_COPY_HOST_TO_DEVICE",1,"Agent 0","Agent 1",1130596,25676397822450,25676397840931
"MEMORY_COPY","MEMORY_COPY_HOST_TO_DEVICE",1,"Agent 0","Agent 1",1130612,25676397940341,25676397951421
"MEMORY_COPY","MEMORY_COPY_DEVICE_TO_HOST",4,"Agent 1","Agent 0",1130620,25676485431643,25676485487763
"MEMORY_COPY","MEMORY_COPY_HOST_TO_DEVICE",1,"Agent 0","Agent 1",1130631,25676486383023,25676486388223
"MEMORY_COPY","MEMORY_COPY_HOST_TO_DEVICE",1,"Agent 0","Agent 1",1130646,25676486478944,25676486497464
"MEMORY_COPY","MEMORY_COPY_HOST_TO_DEVICE",1,"Agent 0","Agent 1",1130662,25676486594606,25676486605886
"MEMORY_COPY","MEMORY_COPY_DEVICE_TO_HOST",4,"Agent 1","Agent 0",1130670,25676573972715,25676574019915
"MEMORY_COPY","MEMORY_COPY_HOST_TO_DEVICE",1,"Agent 0","Agent 1",1130681,25676574777424,25676574782584
"MEMORY_COPY","MEMORY_COPY_HOST_TO_DEVICE",1,"Agent 0","Agent 1",1130696,25676574873915,25676574892355
"MEMORY_COPY","MEMORY_COPY_HOST_TO_DEVICE",1,"Agent 0","Agent 1",1130712,25676574989306,25676575000426
"MEMORY_COPY","MEMORY_COPY_DEVICE_TO_HOST",4,"Agent 1","Agent 0",1130720,25676662535292,25676662588172
"MEMORY_COPY","MEMORY_COPY_HOST_TO_DEVICE",1,"Agent 0","Agent 1",1130731,25676663434447,25676663439767
"MEMORY_COPY","MEMORY_COPY_HOST_TO_DEVICE",1,"Agent 0","Agent 1",1130746,25676663530334,25676663548814
"MEMORY_COPY","MEMORY_COPY_HOST_TO_DEVICE",1,"Agent 0","Agent 1",1130762,25676663656029,25676663667389
"MEMORY_COPY","MEMORY_COPY_DEVICE_TO_HOST",4,"Agent 1","Agent 0",1130770,25676750608799,25676750656280
"MEMORY_COPY","MEMORY_COPY_HOST_TO_DEVICE",1,"Agent 0","Agent 1",1130781,25676751510809,25676751516049
"MEMORY_COPY","MEMORY_COPY_HOST_TO_DEVICE",1,"Agent 0","Agent 1",1130796,25676751616330,25676751634850
"MEMORY_COPY","MEMORY_COPY_HOST_TO_DEVICE",1,"Agent 0","Agent 1",1130812,25676751731842,25676751742762
"MEMORY_COPY","MEMORY_COPY_DEVICE_TO_HOST",4,"Agent 1","Agent 0",1130820,25676838906878,25676838952239
"MEMORY_COPY","MEMORY_COPY_HOST_TO_DEVICE",1,"Agent 0","Agent 1",1130831,25676839742937,25676839748057
"MEMORY_COPY","MEMORY_COPY_HOST_TO_DEVICE",1,"Agent 0","Agent 1",1130846,25676839839088,25676839857649
"MEMORY_COPY","MEMORY_COPY_HOST_TO_DEVICE",1,"Agent 0","Agent 1",1130862,25676840074981,25676840085901
"MEMORY_COPY","MEMORY_COPY_DEVICE_TO_HOST",4,"Agent 1","Agent 0",1130870,25676927327412,25676927373172
"MEMORY_COPY","MEMORY_COPY_HOST_TO_DEVICE",1,"Agent 0","Agent 1",1130881,25676928150527,25676928155727
"MEMORY_COPY","MEMORY_COPY_HOST_TO_DEVICE",1,"Agent 0","Agent 1",1130896,25676928251073,25676928269433
"MEMORY_COPY","MEMORY_COPY_HOST_TO_DEVICE",1,"Agent 0","Agent 1",1130912,25676928368701,25676928379421
"MEMORY_COPY","MEMORY_COPY_DEVICE_TO_HOST",4,"Agent 1","Agent 0",1130920,25677015560773,25677015607533
"MEMORY_COPY","MEMORY_COPY_HOST_TO_DEVICE",1,"Agent 0","Agent 1",1130931,25677016503053,25677016508213
"MEMORY_COPY","MEMORY_COPY_HOST_TO_DEVICE",1,"Agent 0","Agent 1",1130946,25677016600474,25677016619154
"MEMORY_COPY","MEMORY_COPY_HOST_TO_DEVICE",1,"Agent 0","Agent 1",1130962,25677016729196,25677016739916
"MEMORY_COPY","MEMORY_COPY_DEVICE_TO_HOST",4,"Agent 1","Agent 0",1130970,25677103877168,25677103921048
"MEMORY_COPY","MEMORY_COPY_HOST_TO_DEVICE",1,"Agent 0","Agent 1",1130981,25677104706627,25677104711907
"MEMORY_COPY","MEMORY_COPY_HOST_TO_DEVICE",1,"Agent 0","Agent 1",1130996,25677104802358,25677104820638
"MEMORY_COPY","MEMORY_COPY_HOST_TO_DEVICE",1,"Agent 0","Agent 1",1131012,25677104919100,25677104930060
"MEMORY_COPY","MEMORY_COPY_DEVICE_TO_HOST",4,"Agent 1","Agent 0",1131020,25677192288446,25677192333726
"MEMORY_COPY","MEMORY_COPY_HOST_TO_DEVICE",1,"Agent 0","Agent 1",1131031,25677193189039,25677193194239
"MEMORY_COPY","MEMORY_COPY_HOST_TO_DEVICE",1,"Agent 0","Agent 1",1131046,25677193288353,25677193306993
"MEMORY_COPY","MEMORY_COPY_HOST_TO_DEVICE",1,"Agent 0","Agent 1",1131062,25677193406012,25677193417252
"MEMORY_COPY","MEMORY_COPY_DEVICE_TO_HOST",4,"Agent 1","Agent 0",1131070,25677280526500,25677280584781
"MEMORY_COPY","MEMORY_COPY_HOST_TO_DEVICE",1,"Agent 0","Agent 1",1131081,25677281651063,25677281656223
"MEMORY_COPY","MEMORY_COPY_HOST_TO_DEVICE",1,"Agent 0","Agent 1",1131096,25677281754114,25677281772994
"MEMORY_COPY","MEMORY_COPY_HOST_TO_DEVICE",1,"Agent 0","Agent 1",1131112,25677281883035,25677281894755
"MEMORY_COPY","MEMORY_COPY_DEVICE_TO_HOST",4,"Agent 1","Agent 0",1131120,25677369135563,25677369188403
"MEMORY_COPY","MEMORY_COPY_HOST_TO_DEVICE",1,"Agent 0","Agent 1",1131131,25677370018203,25677370023923
"MEMORY_COPY","MEMORY_COPY_HOST_TO_DEVICE",1,"Agent 0","Agent 1",1131146,25677370120354,25677370138994
"MEMORY_COPY","MEMORY_COPY_HOST_TO_DEVICE",1,"Agent 0","Agent 1",1131162,25677370238925,25677370250445
"MEMORY_COPY","MEMORY_COPY_DEVICE_TO_HOST",4,"Agent 1","Agent 0",1131170,25677457369058,25677457419498
"MEMORY_COPY","MEMORY_COPY_HOST_TO_DEVICE",1,"Agent 0","Agent 1",1131181,25677458276363,25677458281804
"MEMORY_COPY","MEMORY_COPY_HOST_TO_DEVICE",1,"Agent 0","Agent 1",1131196,25677458378772,25677458397092
"MEMORY_COPY","MEMORY_COPY_HOST_TO_DEVICE",1,"Agent 0","Agent 1",1131212,25677458631857,25677458642698
"MEMORY_COPY","MEMORY_COPY_DEVICE_TO_HOST",4,"Agent 1","Agent 0",1131220,25677545974672,25677546025472
"MEMORY_COPY","MEMORY_COPY_HOST_TO_DEVICE",1,"Agent 0","Agent 1",1131231,25677546927542,25677546932782
"MEMORY_COPY","MEMORY_COPY_HOST_TO_DEVICE",1,"Agent 0","Agent 1",1131246,25677547036013,25677547054934
"MEMORY_COPY","MEMORY_COPY_HOST_TO_DEVICE",1,"Agent 0","Agent 1",1131262,25677547154395,25677547165955
"MEMORY_COPY","MEMORY_COPY_DEVICE_TO_HOST",4,"Agent 1","Agent 0",1131270,25677634316532,25677634361012
"MEMORY_COPY","MEMORY_COPY_HOST_TO_DEVICE",1,"Agent 0","Agent 1",1131281,25677635128581,25677635133861
"MEMORY_COPY","MEMORY_COPY_HOST_TO_DEVICE",1,"Agent 0","Agent 1",1131296,25677635224172,25677635242932
"MEMORY_COPY","MEMORY_COPY_HOST_TO_DEVICE",1,"Agent 0","Agent 1",1131312,25677635339673,25677635350673
"MEMORY_COPY","MEMORY_COPY_DEVICE_TO_HOST",4,"Agent 1","Agent 0",1131320,25677722334352,25677722380592
"MEMORY_COPY","MEMORY_COPY_HOST_TO_DEVICE",1,"Agent 0","Agent 1",1131331,25677723184868,25677723190108
"MEMORY_COPY","MEMORY_COPY_HOST_TO_DEVICE",1,"Agent 0","Agent 1",1131346,25677723281988,25677723300468
"MEMORY_COPY","MEMORY_COPY_HOST_TO_DEVICE",1,"Agent 0","Agent 1",1131362,25677723397894,25677723409014
"MEMORY_COPY","MEMORY_COPY_DEVICE_TO_HOST",4,"Agent 1","Agent 0",1131370,25677810887821,25677810945422
"MEMORY_COPY","MEMORY_COPY_HOST_TO_DEVICE",1,"Agent 0","Agent 1",1131381,25677811973133,25677811978253
"MEMORY_COPY","MEMORY_COPY_HOST_TO_DEVICE",1,"Agent 0","Agent 1",1131396,25677812078934,25677812097495
"MEMORY_COPY","MEMORY_COPY_HOST_TO_DEVICE",1,"Agent 0","Agent 1",1131412,25677812194996,25677812206156
"MEMORY_COPY","MEMORY_COPY_DEVICE_TO_HOST",4,"Agent 1","Agent 0",1131420,25677899624768,25677899670289
"MEMORY_COPY","MEMORY_COPY_HOST_TO_DEVICE",1,"Agent 0","Agent 1",1131431,25677900484448,25677900489528
"MEMORY_COPY","MEMORY_COPY_HOST_TO_DEVICE",1,"Agent 0","Agent 1",1131446,25677900581089,25677900599409
"MEMORY_COPY","MEMORY_COPY_HOST_TO_DEVICE",1,"Agent 0","Agent 1",1131462,25677900697280,25677900708240
"MEMORY_COPY","MEMORY_COPY_DEVICE_TO_HOST",4,"Agent 1","Agent 0",1131470,25677987937736,25677987984216
"MEMORY_COPY","MEMORY_COPY_HOST_TO_DEVICE",1,"Agent 0","Agent 1",1131481,25677988791878,25677988796958
"MEMORY_COPY","MEMORY_COPY_HOST_TO_DEVICE",1,"Agent 0","Agent 1",1131496,25677988886844,25677988905524
"MEMORY_COPY","MEMORY_COPY_HOST_TO_DEVICE",1,"Agent 0","Agent 1",1131512,25677989005177,25677989018777
"MEMORY_COPY","MEMORY_COPY_DEVICE_TO_HOST",4,"Agent 1","Agent 0",1131520,25678076321211,25678076366092
"MEMORY_COPY","MEMORY_COPY_HOST_TO_DEVICE",1,"Agent 0","Agent 1",1131531,25678077253002,25678077258282
"MEMORY_COPY","MEMORY_COPY_HOST_TO_DEVICE",1,"Agent 0","Agent 1",1131546,25678077359893,25678077378693
"MEMORY_COPY","MEMORY_COPY_HOST_TO_DEVICE",1,"Agent 0","Agent 1",1131562,25678077612756,25678077624396
"MEMORY_COPY","MEMORY_COPY_DEVICE_TO_HOST",4,"Agent 1","Agent 0",1131570,25678165022885,25678165069486
"MEMORY_COPY","MEMORY_COPY_HOST_TO_DEVICE",1,"Agent 0","Agent 1",1131581,25678166004696,25678166010136
"MEMORY_COPY","MEMORY_COPY_HOST_TO_DEVICE",1,"Agent 0","Agent 1",1131596,25678166162888,25678166181488
"MEMORY_COPY","MEMORY_COPY_HOST_TO_DEVICE",1,"Agent 0","Agent 1",1131612,25678166279979,25678166290699
"MEMORY_COPY","MEMORY_COPY_DEVICE_TO_HOST",4,"Agent 1","Agent 0",1131620,25678253505178,25678253555338
"MEMORY_COPY","MEMORY_COPY_HOST_TO_DEVICE",1,"Agent 0","Agent 1",1131631,25678254475413,25678254480613
"MEMORY_COPY","MEMORY_COPY_HOST_TO_DEVICE",1,"Agent 0","Agent 1",1131646,25678254573014,25678254591734
"MEMORY_COPY","MEMORY_COPY_HOST_TO_DEVICE",1,"Agent 0","Agent 1",1131662,25678254690132,25678254701332
"MEMORY_COPY","MEMORY_COPY_DEVICE_TO_HOST",4,"Agent 1","Agent 0",1131670,25678342089296,25678342150217
"MEMORY_COPY","MEMORY_COPY_HOST_TO_DEVICE",1,"Agent 0","Agent 1",1131681,25678343019887,25678343025167
"MEMORY_COPY","MEMORY_COPY_HOST_TO_DEVICE",1,"Agent 0","Agent 1",1131696,25678343123028,25678343141668
"MEMORY_COPY","MEMORY_COPY_HOST_TO_DEVICE",1,"Agent 0","Agent 1",1131712,25678343240969,25678343252089
"MEMORY_COPY","MEMORY_COPY_DEVICE_TO_HOST",4,"Agent 1","Agent 0",1131720,25678430573430,25678430651431
"MEMORY_COPY","MEMORY_COPY_HOST_TO_DEVICE",1,"Agent 0","Agent 1",1131731,25678431641942,25678431647182
"MEMORY_COPY","MEMORY_COPY_HOST_TO_DEVICE",1,"Agent 0","Agent 1",1131746,25678431788754,25678431807394
"MEMORY_COPY","MEMORY_COPY_HOST_TO_DEVICE",1,"Agent 0","Agent 1",1131762,25678431919035,25678431931395
"MEMORY_COPY","MEMORY_COPY_DEVICE_TO_HOST",4,"Agent 1","Agent 0",1131770,25678519394307,25678519452067
"MEMORY_COPY","MEMORY_COPY_HOST_TO_DEVICE",1,"Agent 0","Agent 1",1131781,25678520346033,25678520351113
"MEMORY_COPY","MEMORY_COPY_HOST_TO_DEVICE",1,"Agent 0","Agent 1",1131796,25678520452691,25678520471211
"MEMORY_COPY","MEMORY_COPY_HOST_TO_DEVICE",1,"Agent 0","Agent 1",1131812,25678520588414,25678520599414
"MEMORY_COPY","MEMORY_COPY_DEVICE_TO_HOST",4,"Agent 1","Agent 0",1131820,25678607954926,25678607999726
"MEMORY_COPY","MEMORY_COPY_HOST_TO_DEVICE",1,"Agent 0","Agent 1",1131831,25678608768405,25678608773485
"MEMORY_COPY","MEMORY_COPY_HOST_TO_DEVICE",1,"Agent 0","Agent 1",1131846,25678608862856,25678608881376
"MEMORY_COPY","MEMORY_COPY_HOST_TO_DEVICE",1,"Agent 0","Agent 1",1131862,25678608979047,25678608990008
"MEMORY_COPY","MEMORY_COPY_DEVICE_TO_HOST",4,"Agent 1","Agent 0",1131870,25678696540483,25678696587684
"MEMORY_COPY","MEMORY_COPY_HOST_TO_DEVICE",1,"Agent 0","Agent 1",1131881,25678697537865,25678697543185
"MEMORY_COPY","MEMORY_COPY_HOST_TO_DEVICE",1,"Agent 0","Agent 1",1131896,25678697635656,25678697654496
"MEMORY_COPY","MEMORY_COPY_HOST_TO_DEVICE",1,"Agent 0","Agent 1",1131912,25678697901869,25678697913109
"MEMORY_COPY","MEMORY_COPY_DEVICE_TO_HOST",4,"Agent 1","Agent 0",1131920,25678785177981,25678785224341
"MEMORY_COPY","MEMORY_COPY_HOST_TO_DEVICE",1,"Agent 0","Agent 1",1131931,25678785990164,25678785995484
"MEMORY_COPY","MEMORY_COPY_HOST_TO_DEVICE",1,"Agent 0","Agent 1",1131946,25678786097482,25678786115842
"MEMORY_COPY","MEMORY_COPY_HOST_TO_DEVICE",1,"Agent 0","Agent 1",1131962,25678786277710,25678786288910
"MEMORY_COPY","MEMORY_COPY_DEVICE_TO_HOST",4,"Agent 1","Agent 0",1131970,25678873293578,25678873347018
"MEMORY_COPY","MEMORY_COPY_HOST_TO_DEVICE",1,"Agent 0","Agent 1",1131981,25678874187168,25678874192288
"MEMORY_COPY","MEMORY_COPY_HOST_TO_DEVICE",1,"Agent 0","Agent 1",1131996,25678874283659,25678874302419
"MEMORY_COPY","MEMORY_COPY_HOST_TO_DEVICE",1,"Agent 0","Agent 1",1132012,25678874406620,25678874417740
"MEMORY_COPY","MEMORY_COPY_DEVICE_TO_HOST",4,"Agent 1","Agent 0",1132020,25678962067996,25678962128517
"MEMORY_COPY","MEMORY_COPY_HOST_TO_DEVICE",1,"Agent 0","Agent 1",1132031,25678963237289,25678963242490
"MEMORY_COPY","MEMORY_COPY_HOST_TO_DEVICE",1,"Agent 0","Agent 1",1132046,25678963340441,25678963359881
"MEMORY_COPY","MEMORY_COPY_HOST_TO_DEVICE",1,"Agent 0","Agent 1",1132062,25678963466122,25678963477162
"MEMORY_COPY","MEMORY_COPY_DEVICE_TO_HOST",4,"Agent 1","Agent 0",1132070,25679051157698,25679051204418
"MEMORY_COPY","MEMORY_COPY_HOST_TO_DEVICE",1,"Agent 0","Agent 1",1132081,25679051993825,25679051998865
"MEMORY_COPY","MEMORY_COPY_HOST_TO_DEVICE",1,"Agent 0","Agent 1",1132096,25679052100233,25679052118873
"MEMORY_COPY","MEMORY_COPY_HOST_TO_DEVICE",1,"Agent 0","Agent 1",1132112,25679052216509,25679052227149
"MEMORY_COPY","MEMORY_COPY_DEVICE_TO_HOST",4,"Agent 1","Agent 0",1132120,25679139237998,25679139288758
"MEMORY_COPY","MEMORY_COPY_HOST_TO_DEVICE",1,"Agent 0","Agent 1",1132131,25679140052767,25679140058007
"MEMORY_COPY","MEMORY_COPY_HOST_TO_DEVICE",1,"Agent 0","Agent 1",1132146,25679140157118,25679140176438
"MEMORY_COPY","MEMORY_COPY_HOST_TO_DEVICE",1,"Agent 0","Agent 1",1132162,25679140277049,25679140287890
"MEMORY_COPY","MEMORY_COPY_DEVICE_TO_HOST",4,"Agent 1","Agent 0",1132170,25679227341710,25679227394511
"MEMORY_COPY","MEMORY_COPY_HOST_TO_DEVICE",1,"Agent 0","Agent 1",1132181,25679228299341,25679228305101
"MEMORY_COPY","MEMORY_COPY_HOST_TO_DEVICE",1,"Agent 0","Agent 1",1132196,25679228409422,25679228430783
"MEMORY_COPY","MEMORY_COPY_HOST_TO_DEVICE",1,"Agent 0","Agent 1",1132212,25679228543814,25679228558894
"MEMORY_COPY","MEMORY_COPY_DEVICE_TO_HOST",4,"Agent 1","Agent 0",1132220,25679315906898,25679315958098
"MEMORY_COPY","MEMORY_COPY_HOST_TO_DEVICE",1,"Agent 0","Agent 1",1132231,25679316804073,25679316809353
"MEMORY_COPY","MEMORY_COPY_HOST_TO_DEVICE",1,"Agent 0","Agent 1",1132246,25679316906363,25679316925123
"MEMORY_COPY","MEMORY_COPY_HOST_TO_DEVICE",1,"Agent 0","Agent 1",1132262,25679317177653,25679317188693
"MEMORY_COPY","MEMORY_COPY_DEVICE_TO_HOST",4,"Agent 1","Agent 0",1132270,25679404434277,25679404492277
"MEMORY_COPY","MEMORY_COPY_HOST_TO_DEVICE",1,"Agent 0","Agent 1",1132281,25679405316956,25679405322157
"MEMORY_COPY","MEMORY_COPY_HOST_TO_DEVICE",1,"Agent 0","Agent 1",1132296,25679405414538,25679405432938
"MEMORY_COPY","MEMORY_COPY_HOST_TO_DEVICE",1,"Agent 0","Agent 1",1132312,25679405530709,25679405541749
"MEMORY_COPY","MEMORY_COPY_DEVICE_TO_HOST",4,"Agent 1","Agent 0",1132320,25679492680837,25679492727958
"MEMORY_COPY","MEMORY_COPY_HOST_TO_DEVICE",1,"Agent 0","Agent 1",1132331,25679493626118,25679493631438
"MEMORY_COPY","MEMORY_COPY_HOST_TO_DEVICE",1,"Agent 0","Agent 1",1132346,25679493722119,25679493740519
"MEMORY_COPY","MEMORY_COPY_HOST_TO_DEVICE",1,"Agent 0","Agent 1",1132362,25679493838140,25679493848820
"MEMORY_COPY","MEMORY_COPY_DEVICE_TO_HOST",4,"Agent 1","Agent 0",1132370,25679581164955,25679581210795
"MEMORY_COPY","MEMORY_COPY_HOST_TO_DEVICE",1,"Agent 0","Agent 1",1132381,25679582012767,25679582017927
"MEMORY_COPY","MEMORY_COPY_HOST_TO_DEVICE",1,"Agent 0","Agent 1",1132396,25679582126147,25679582144467
"MEMORY_COPY","MEMORY_COPY_HOST_TO_DEVICE",1,"Agent 0","Agent 1",1132412,25679582242583,25679582253463
"MEMORY_COPY","MEMORY_COPY_DEVICE_TO_HOST",4,"Agent 1","Agent 0",1132420,25679669762212,25679669807693
"MEMORY_COPY","MEMORY_COPY_HOST_TO_DEVICE",1,"Agent 0","Agent 1",1132431,25679670583091,25679670588291
"MEMORY_COPY","MEMORY_COPY_HOST_TO_DEVICE",1,"Agent 0","Agent 1",1132446,25679670682602,25679670701123
"MEMORY_COPY","MEMORY_COPY_HOST_TO_DEVICE",1,"Agent 0","Agent 1",1132462,25679670798294,25679670809214
"MEMORY_COPY","MEMORY_COPY_DEVICE_TO_HOST",4,"Agent 1","Agent 0",1132470,25679757994346,25679758039867
"MEMORY_COPY","MEMORY_COPY_HOST_TO_DEVICE",1,"Agent 0","Agent 1",1132481,25679758812425,25679758817665
"MEMORY_COPY","MEMORY_COPY_HOST_TO_DEVICE",1,"Agent 0","Agent 1",1132496,25679758915126,25679758933767
"MEMORY_COPY","MEMORY_COPY_HOST_TO_DEVICE",1,"Agent 0","Agent 1",1132512,25679759043138,25679759054538
"MEMORY_COPY","MEMORY_COPY_DEVICE_TO_HOST",4,"Agent 1","Agent 0",1132520,25679846404752,25679846468672
"MEMORY_COPY","MEMORY_COPY_HOST_TO_DEVICE",1,"Agent 0","Agent 1",1132531,25679847360704,25679847365984
"MEMORY_COPY","MEMORY_COPY_HOST_TO_DEVICE",1,"Agent 0","Agent 1",1132546,25679847470207,25679847488928
"MEMORY_COPY","MEMORY_COPY_HOST_TO_DEVICE",1,"Agent 0","Agent 1",1132562,25679847602925,25679847614085
"MEMORY_COPY","MEMORY_COPY_DEVICE_TO_HOST",4,"Agent 1","Agent 0",1132570,25679934903121,25679934947841
"MEMORY_COPY","MEMORY_COPY_HOST_TO_DEVICE",1,"Agent 0","Agent 1",1132581,25679935753450,25679935758570
"MEMORY_COPY","MEMORY_COPY_HOST_TO_DEVICE",1,"Agent 0","Agent 1",1132596,25679935850401,25679935868922
"MEMORY_COPY","MEMORY_COPY_HOST_TO_DEVICE",1,"Agent 0","Agent 1",1132612,25679936077394,25679936088314
"MEMORY_COPY","MEMORY_COPY_DEVICE_TO_HOST",4,"Agent 1","Agent 0",1132620,25680023505968,25680023577569
"MEMORY_COPY","MEMORY_COPY_HOST_TO_DEVICE",1,"Agent 0","Agent 1",1132631,25680024746712,25680024752072
"MEMORY_COPY","MEMORY_COPY_HOST_TO_DEVICE",1,"Agent 0","Agent 1",1132646,25680024855003,25680024877883
"MEMORY_COPY","MEMORY_COPY_HOST_TO_DEVICE",1,"Agent 0","Agent 1",1132662,25680024997735,25680025013415
"MEMORY_COPY","MEMORY_COPY_DEVICE_TO_HOST",4,"Agent 1","Agent 0",1132670,25680112310120,25680112377960
"MEMORY_COPY","MEMORY_COPY_HOST_TO_DEVICE",1,"Agent 0","Agent 1",1132681,25680113446632,25680113451752
"MEMORY_COPY","MEMORY_COPY_HOST_TO_DEVICE",1,"Agent 0","Agent 1",1132696,25680113547198,25680113565958
"MEMORY_COPY","MEMORY_COPY_HOST_TO_DEVICE",1,"Agent 0","Agent 1",1132712,25680113680879,25680113692959
"MEMORY_COPY","MEMORY_COPY_DEVICE_TO_HOST",4,"Agent 1","Agent 0",1132720,25680200994393,25680201043314
"MEMORY_COPY","MEMORY_COPY_HOST_TO_DEVICE",1,"Agent 0","Agent 1",1132731,25680201855283,25680201860603
"MEMORY_COPY","MEMORY_COPY_HOST_TO_DEVICE",1,"Agent 0","Agent 1",1132746,25680201955364,25680201974164
"MEMORY_COPY","MEMORY_COPY_HOST_TO_DEVICE",1,"Agent 0","Agent 1",1132762,25680202078989,25680202089869
"MEMORY_COPY","MEMORY_COPY_DEVICE_TO_HOST",4,"Agent 1","Agent 0",1132770,25680289480168,25680289525488
"MEMORY_COPY","MEMORY_COPY_HOST_TO_DEVICE",1,"Agent 0","Agent 1",1132781,25680290329957,25680290335157
"MEMORY_COPY","MEMORY_COPY_HOST_TO_DEVICE",1,"Agent 0","Agent 1",1132796,25680290427178,25680290445779
"MEMORY_COPY","MEMORY_COPY_HOST_TO_DEVICE",1,"Agent 0","Agent 1",1132812,25680290543770,25680290554490
"MEMORY_COPY","MEMORY_COPY_DEVICE_TO_HOST",4,"Agent 1","Agent 0",1132820,25680377653899,25680377704780
"MEMORY_COPY","MEMORY_COPY_HOST_TO_DEVICE",1,"Agent 0","Agent 1",1132831,25680378741960,25680378747080
"MEMORY_COPY","MEMORY_COPY_HOST_TO_DEVICE",1,"Agent 0","Agent 1",1132846,25680378837751,25680378856351
"MEMORY_COPY","MEMORY_COPY_HOST_TO_DEVICE",1,"Agent 0","Agent 1",1132862,25680378953833,25680378964713
"MEMORY_COPY","MEMORY_COPY_DEVICE_TO_HOST",4,"Agent 1","Agent 0",1132870,25680466120572,25680466163973
"MEMORY_COPY","MEMORY_COPY_HOST_TO_DEVICE",1,"Agent 0","Agent 1",1132881,25680466940241,25680466945441
"MEMORY_COPY","MEMORY_COPY_HOST_TO_DEVICE",1,"Agent 0","Agent 1",1132896,25680467044533,25680467063133
"MEMORY_COPY","MEMORY_COPY_HOST_TO_DEVICE",1,"Agent 0","Agent 1",1132912,25680467160764,25680467171564
"MEMORY_COPY","MEMORY_COPY_DEVICE_TO_HOST",4,"Agent 1","Agent 0",1132920,25680554797418,25680554840819
"MEMORY_COPY","MEMORY_COPY_HOST_TO_DEVICE",1,"Agent 0","Agent 1",1132931,25680555666988,25680555672028
"MEMORY_COPY","MEMORY_COPY_HOST_TO_DEVICE",1,"Agent 0","Agent 1",1132946,25680555764129,25680555782449
"MEMORY_COPY","MEMORY_COPY_HOST_TO_DEVICE",1,"Agent 0","Agent 1",1132962,25680556078212,25680556089093
"MEMORY_COPY","MEMORY_COPY_DEVICE_TO_HOST",4,"Agent 1","Agent 0",1132970,25680642664319,25680642713119
"MEMORY_COPY","MEMORY_COPY_HOST_TO_DEVICE",1,"Agent 0","Agent 1",1132981,25680643676269,25680643681429
"MEMORY_COPY","MEMORY_COPY_HOST_TO_DEVICE",1,"Agent 0","Agent 1",1132996,25680643772230,25680643790510
"MEMORY_COPY","MEMORY_COPY_HOST_TO_DEVICE",1,"Agent 0","Agent 1",1133012,25680643888821,25680643899742
"MEMORY_COPY","MEMORY_COPY_DEVICE_TO_HOST",4,"Agent 1","Agent 0",1133020,25680730961056,25680731006857
"MEMORY_COPY","MEMORY_COPY_HOST_TO_DEVICE",1,"Agent 0","Agent 1",1133031,25680731785026,25680731790466
"MEMORY_COPY","MEMORY_COPY_HOST_TO_DEVICE",1,"Agent 0","Agent 1",1133046,25680731889547,25680731907947
"MEMORY_COPY","MEMORY_COPY_HOST_TO_DEVICE",1,"Agent 0","Agent 1",1133062,25680732017408,25680732028928
"MEMORY_COPY","MEMORY_COPY_DEVICE_TO_HOST",4,"Agent 1","Agent 0",1133070,25680819382745,25680819428466
"MEMORY_COPY","MEMORY_COPY_HOST_TO_DEVICE",1,"Agent 0","Agent 1",1133081,25680820263365,25680820268605
"MEMORY_COPY","MEMORY_COPY_HOST_TO_DEVICE",1,"Agent 0","Agent 1",1133096,25680820362826,25680820381307
"MEMORY_COPY","MEMORY_COPY_HOST_TO_DEVICE",1,"Agent 0","Agent 1",1133112,25680820480438,25680820491278
"MEMORY_COPY","MEMORY_COPY_DEVICE_TO_HOST",4,"Agent 1","Agent 0",1133120,25680908034256,25680908082656
"MEMORY_COPY","MEMORY_COPY_HOST_TO_DEVICE",1,"Agent 0","Agent 1",1133131,25680908985475,25680908990796
"MEMORY_COPY","MEMORY_COPY_HOST_TO_DEVICE",1,"Agent 0","Agent 1",1133146,25680909131797,25680909150477
"MEMORY_COPY","MEMORY_COPY_HOST_TO_DEVICE",1,"Agent 0","Agent 1",1133162,25680909250098,25680909261899
"MEMORY_COPY","MEMORY_COPY_DEVICE_TO_HOST",4,"Agent 1","Agent 0",1133170,25680997003128,25680997059328
"MEMORY_COPY","MEMORY_COPY_HOST_TO_DEVICE",1,"Agent 0","Agent 1",1133181,25680997978389,25680997983469
"MEMORY_COPY","MEMORY_COPY_HOST_TO_DEVICE",1,"Agent 0","Agent 1",1133196,25680998097430,25680998115950
"MEMORY_COPY","MEMORY_COPY_HOST_TO_DEVICE",1,"Agent 0","Agent 1",1133212,25680998220121,25680998233842
"MEMORY_COPY","MEMORY_COPY_DEVICE_TO_HOST",4,"Agent 1","Agent 0",1133220,25681084246769,25681084293329
"MEMORY_COPY","MEMORY_COPY_HOST_TO_DEVICE",1,"Agent 0","Agent 1",1133231,25681085092541,25681085097701
"MEMORY_COPY","MEMORY_COPY_HOST_TO_DEVICE",1,"Agent 0","Agent 1",1133246,25681085192194,25681085210515
"MEMORY_COPY","MEMORY_COPY_HOST_TO_DEVICE",1,"Agent 0","Agent 1",1133262,25681085308713,25681085319913
"MEMORY_COPY","MEMORY_COPY_DEVICE_TO_HOST",4,"Agent 1","Agent 0",1133270,25681172460052,25681172506892
"MEMORY_COPY","MEMORY_COPY_HOST_TO_DEVICE",1,"Agent 0","Agent 1",1133281,25681173411272,25681173416472
"MEMORY_COPY","MEMORY_COPY_HOST_TO_DEVICE",1,"Agent 0","Agent 1",1133296,25681173515133,25681173533813
"MEMORY_COPY","MEMORY_COPY_HOST_TO_DEVICE",1,"Agent 0","Agent 1",1133312,25681173779976,25681173795296
"MEMORY_COPY","MEMORY_COPY_DEVICE_TO_HOST",4,"Agent 1","Agent 0",1133320,25681261144257,25681261193858
"MEMORY_COPY","MEMORY_COPY_HOST_TO_DEVICE",1,"Agent 0","Agent 1",1133331,25681262053818,25681262059018
"MEMORY_COPY","MEMORY_COPY_HOST_TO_DEVICE",1,"Agent 0","Agent 1",1133346,25681262157929,25681262176529
"MEMORY_COPY","MEMORY_COPY_HOST_TO_DEVICE",1,"Agent 0","Agent 1",1133362,25681262291840,25681262303360
"MEMORY_COPY","MEMORY_COPY_DEVICE_TO_HOST",4,"Agent 1","Agent 0",1133370,25681349722838,25681349768118
"MEMORY_COPY","MEMORY_COPY_HOST_TO_DEVICE",1,"Agent 0","Agent 1",1133381,25681350576907,25681350582067
"MEMORY_COPY","MEMORY_COPY_HOST_TO_DEVICE",1,"Agent 0","Agent 1",1133396,25681350674528,25681350693168
"MEMORY_COPY","MEMORY_COPY_HOST_TO_DEVICE",1,"Agent 0","Agent 1",1133412,25681350804930,25681350816290
"MEMORY_COPY","MEMORY_COPY_DEVICE_TO_HOST",4,"Agent 1","Agent 0",1133420,25681438355506,25681438404867
"MEMORY_COPY","MEMORY_COPY_HOST_TO_DEVICE",1,"Agent 0","Agent 1",1133431,25681439396977,25681439402017
"MEMORY_COPY","MEMORY_COPY_HOST_TO_DEVICE",1,"Agent 0","Agent 1",1133446,25681439494448,25681439512968
"MEMORY_COPY","MEMORY_COPY_HOST_TO_DEVICE",1,"Agent 0","Agent 1",1133462,25681439610849,25681439621929
"MEMORY_COPY","MEMORY_COPY_DEVICE_TO_HOST",4,"Agent 1","Agent 0",1133470,25681527005300,25681527051941
"MEMORY_COPY","MEMORY_COPY_HOST_TO_DEVICE",1,"Agent 0","Agent 1",1133481,25681527852680,25681527857960
"MEMORY_COPY","MEMORY_COPY_HOST_TO_DEVICE",1,"Agent 0","Agent 1",1133496,25681527951122,25681527969642
"MEMORY_COPY","MEMORY_COPY_HOST_TO_DEVICE",1,"Agent 0","Agent 1",1133512,25681528088228,25681528099148
"MEMORY_COPY","MEMORY_COPY_DEVICE_TO_HOST",4,"Agent 1","Agent 0",1133520,25681615774604,25681615838365
"MEMORY_COPY","MEMORY_COPY_HOST_TO_DEVICE",1,"Agent 0","Agent 1",1133531,25681616675764,25681616681364
"MEMORY_COPY","MEMORY_COPY_HOST_TO_DEVICE",1,"Agent 0","Agent 1",1133546,25681616772725,25681616791405
"MEMORY_COPY","MEMORY_COPY_HOST_TO_DEVICE",1,"Agent 0","Agent 1",1133562,25681616891946,25681616903947
"MEMORY_COPY","MEMORY_COPY_DEVICE_TO_HOST",4,"Agent 1","Agent 0",1133570,25681704470403,25681704516723
"MEMORY_COPY","MEMORY_COPY_HOST_TO_DEVICE",1,"Agent 0","Agent 1",1133581,25681705306381,25681705311821
"MEMORY_COPY","MEMORY_COPY_HOST_TO_DEVICE",1,"Agent 0","Agent 1",1133596,25681705405965,25681705424565
"MEMORY_COPY","MEMORY_COPY_HOST_TO_DEVICE",1,"Agent 0","Agent 1",1133612,25681705523634,25681705534674
"MEMORY_COPY","MEMORY_COPY_DEVICE_TO_HOST",4,"Agent 1","Agent 0",1133620,25681792878060,25681792927500
"MEMORY_COPY","MEMORY_COPY_HOST_TO_DEVICE",1,"Agent 0","Agent 1",1133631,25681793817410,25681793822650
"MEMORY_COPY","MEMORY_COPY_HOST_TO_DEVICE",1,"Agent 0","Agent 1",1133646,25681793913781,25681793932581
"MEMORY_COPY","MEMORY_COPY_HOST_TO_DEVICE",1,"Agent 0","Agent 1",1133662,25681794144324,25681794155164
"MEMORY_COPY","MEMORY_COPY_DEVICE_TO_HOST",4,"Agent 1","Agent 0",1133670,25681881538162,25681881589043
"MEMORY_COPY","MEMORY_COPY_HOST_TO_DEVICE",1,"Agent 0","Agent 1",1133681,25681882465393,25681882470713
"MEMORY_COPY","MEMORY_COPY_HOST_TO_DEVICE",1,"Agent 0","Agent 1",1133696,25681882563924,25681882582244
"MEMORY_COPY","MEMORY_COPY_HOST_TO_DEVICE",1,"Agent 0","Agent 1",1133712,25681882680365,25681882691205
"MEMORY_COPY","MEMORY_COPY_DEVICE_TO_HOST",4,"Agent 1","Agent 0",1133720,25681970252587,25681970316707
"MEMORY_COPY","MEMORY_COPY_HOST_TO_DEVICE",1,"Agent 0","Agent 1",1133731,25681971255659,25681971261099
"MEMORY_COPY","MEMORY_COPY_HOST_TO_DEVICE",1,"Agent 0","Agent 1",1133746,25681971423762,25681971442723
"MEMORY_COPY","MEMORY_COPY_HOST_TO_DEVICE",1,"Agent 0","Agent 1",1133762,25681971542574,25681971553774
"MEMORY_COPY","MEMORY_COPY_DEVICE_TO_HOST",4,"Agent 1","Agent 0",1133770,25682058957118,25682059002679
"MEMORY_COPY","MEMORY_COPY_HOST_TO_DEVICE",1,"Agent 0","Agent 1",1133781,25682059906469,25682059911669
"MEMORY_COPY","MEMORY_COPY_HOST_TO_DEVICE",1,"Agent 0","Agent 1",1133796,25682060001390,25682060020390
"MEMORY_COPY","MEMORY_COPY_HOST_TO_DEVICE",1,"Agent 0","Agent 1",1133812,25682060119221,25682060130101
"MEMORY_COPY","MEMORY_COPY_DEVICE_TO_HOST",4,"Agent 1","Agent 0",1133820,25682147594282,25682147638842
"MEMORY_COPY","MEMORY_COPY_HOST_TO_DEVICE",1,"Agent 0","Agent 1",1133831,25682148463781,25682148468901
"MEMORY_COPY","MEMORY_COPY_HOST_TO_DEVICE",1,"Agent 0","Agent 1",1133846,25682148561982,25682148580703
"MEMORY_COPY","MEMORY_COPY_HOST_TO_DEVICE",1,"Agent 0","Agent 1",1133862,25682148677844,25682148688524
"MEMORY_COPY","MEMORY_COPY_DEVICE_TO_HOST",4,"Agent 1","Agent 0",1133870,25682236142048,25682236188888
"MEMORY_COPY","MEMORY_COPY_HOST_TO_DEVICE",1,"Agent 0","Agent 1",1133881,25682236973677,25682236978877
"MEMORY_COPY","MEMORY_COPY_HOST_TO_DEVICE",1,"Agent 0","Agent 1",1133896,25682237076668,25682237095428
"MEMORY_COPY","MEMORY_COPY_HOST_TO_DEVICE",1,"Agent 0","Agent 1",1133912,25682237195643,25682237209083
"MEMORY_COPY","MEMORY_COPY_DEVICE_TO_HOST",4,"Agent 1","Agent 0",1133920,25682324766310,25682324818311
"MEMORY_COPY","MEMORY_COPY_HOST_TO_DEVICE",1,"Agent 0","Agent 1",1133931,25682325906713,25682325912233
"MEMORY_COPY","MEMORY_COPY_HOST_TO_DEVICE",1,"Agent 0","Agent 1",1133946,25682326015974,25682326035534
"MEMORY_COPY","MEMORY_COPY_HOST_TO_DEVICE",1,"Agent 0","Agent 1",1133962,25682326133805,25682326145166
"MEMORY_COPY","MEMORY_COPY_DEVICE_TO_HOST",4,"Agent 1","Agent 0",1133970,25682413446618,25682413497619
"MEMORY_COPY","MEMORY_COPY_HOST_TO_DEVICE",1,"Agent 0","Agent 1",1133981,25682414432747,25682414438067
"MEMORY_COPY","MEMORY_COPY_HOST_TO_DEVICE",1,"Agent 0","Agent 1",1133996,25682414550567,25682414569607
"MEMORY_COPY","MEMORY_COPY_HOST_TO_DEVICE",1,"Agent 0","Agent 1",1134012,25682414804694,25682414816215
"MEMORY_COPY","MEMORY_COPY_DEVICE_TO_HOST",4,"Agent 1","Agent 0",1134020,25682502099836,25682502154916
"MEMORY_COPY","MEMORY_COPY_HOST_TO_DEVICE",1,"Agent 0","Agent 1",1134031,25682503141549,25682503146949
"MEMORY_COPY","MEMORY_COPY_HOST_TO_DEVICE",1,"Agent 0","Agent 1",1134046,25682503246875,25682503266275
"MEMORY_COPY","MEMORY_COPY_HOST_TO_DEVICE",1,"Agent 0","Agent 1",1134062,25682503364782,25682503375783
"MEMORY_COPY","MEMORY_COPY_DEVICE_TO_HOST",4,"Agent 1","Agent 0",1134070,25682590756933,25682590806813
"MEMORY_COPY","MEMORY_COPY_HOST_TO_DEVICE",1,"Agent 0","Agent 1",1134081,25682591773944,25682591779064
"MEMORY_COPY","MEMORY_COPY_HOST_TO_DEVICE",1,"Agent 0","Agent 1",1134096,25682591871095,25682591889815
"MEMORY_COPY","MEMORY_COPY_HOST_TO_DEVICE",1,"Agent 0","Agent 1",1134112,25682591987406,25682591998406
"MEMORY_COPY","MEMORY_COPY_DEVICE_TO_HOST",4,"Agent 1","Agent 0",1134120,25682680002986,25682680054987
"MEMORY_COPY","MEMORY_COPY_HOST_TO_DEVICE",1,"Agent 0","Agent 1",1134131,25682680830975,25682680835855
"MEMORY_COPY","MEMORY_COPY_HOST_TO_DEVICE",1,"Agent 0","Agent 1",1134146,25682680934767,25682680953007
"MEMORY_COPY","MEMORY_COPY_HOST_TO_DEVICE",1,"Agent 0","Agent 1",1134162,25682681096829,25682681107709
"MEMORY_COPY","MEMORY_COPY_DEVICE_TO_HOST",4,"Agent 1","Agent 0",1134170,25682767344568,25682767389768
"MEMORY_COPY","MEMORY_COPY_HOST_TO_DEVICE",1,"Agent 0","Agent 1",1134181,25682768192891,25682768197971
"MEMORY_COPY","MEMORY_COPY_HOST_TO_DEVICE",1,"Agent 0","Agent 1",1134196,25682768290531,25682768308811
"MEMORY_COPY","MEMORY_COPY_HOST_TO_DEVICE",1,"Agent 0","Agent 1",1134212,25682768407589,25682768418349
"MEMORY_COPY","MEMORY_COPY_DEVICE_TO_HOST",4,"Agent 1","Agent 0",1134220,25682854120295,25682854167496
"MEMORY_COPY","MEMORY_COPY_HOST_TO_DEVICE",1,"Agent 0","Agent 1",1134231,25682855061516,25682855066596
"MEMORY_COPY","MEMORY_COPY_HOST_TO_DEVICE",1,"Agent 0","Agent 1",1134246,25682855162657,25682855180937
"MEMORY_COPY","MEMORY_COPY_HOST_TO_DEVICE",1,"Agent 0","Agent 1",1134262,25682855280028,25682855290628
"MEMORY_COPY","MEMORY_COPY_DEVICE_TO_HOST",4,"Agent 1","Agent 0",1134270,25682941916341,25682941972622
"MEMORY_COPY","MEMORY_COPY_HOST_TO_DEVICE",1,"Agent 0","Agent 1",1134281,25682942818311,25682942823551
"MEMORY_COPY","MEMORY_COPY_HOST_TO_DEVICE",1,"Agent 0","Agent 1",1134296,25682942915862,25682942934182
"MEMORY_COPY","MEMORY_COPY_HOST_TO_DEVICE",1,"Agent 0","Agent 1",1134312,25682943046164,25682943057124
"MEMORY_COPY","MEMORY_COPY_DEVICE_TO_HOST",4,"Agent 1","Agent 0",1134320,25683030538629,25683030582909
"MEMORY_COPY","MEMORY_COPY_HOST_TO_DEVICE",1,"Agent 0","Agent 1",1134331,25683031400728,25683031406049
"MEMORY_COPY","MEMORY_COPY_HOST_TO_DEVICE",1,"Agent 0","Agent 1",1134346,25683031496910,25683031515270
"MEMORY_COPY","MEMORY_COPY_HOST_TO_DEVICE",1,"Agent 0","Agent 1",1134362,25683031745032,25683031755912
"MEMORY_COPY","MEMORY_COPY_DEVICE_TO_HOST",4,"Agent 1","Agent 0",1134370,25683119209934,25683119260255
"MEMORY_COPY","MEMORY_COPY_HOST_TO_DEVICE",1,"Agent 0","Agent 1",1134381,25683120196275,25683120201595
"MEMORY_COPY","MEMORY_COPY_HOST_TO_DEVICE",1,"Agent 0","Agent 1",1134396,25683120292936,25683120311496
"MEMORY_COPY","MEMORY_COPY_HOST_TO_DEVICE",1,"Agent 0","Agent 1",1134412,25683120410507,25683120421508
"MEMORY_COPY","MEMORY_COPY_DEVICE_TO_HOST",4,"Agent 1","Agent 0",1134420,25683207654295,25683207712056
"MEMORY_COPY","MEMORY_COPY_HOST_TO_DEVICE",1,"Agent 0","Agent 1",1134431,25683208519975,25683208525215
"MEMORY_COPY","MEMORY_COPY_HOST_TO_DEVICE",1,"Agent 0","Agent 1",1134446,25683208617996,25683208636356
"MEMORY_COPY","MEMORY_COPY_HOST_TO_DEVICE",1,"Agent 0","Agent 1",1134462,25683208776087,25683208787208
"MEMORY_COPY","MEMORY_COPY_DEVICE_TO_HOST",4,"Agent 1","Agent 0",1134470,25683295974650,25683296020850
"MEMORY_COPY","MEMORY_COPY_HOST_TO_DEVICE",1,"Agent 0","Agent 1",1134481,25683296795319,25683296800439
"MEMORY_COPY","MEMORY_COPY_HOST_TO_DEVICE",1,"Agent 0","Agent 1",1134496,25683296890730,25683296909410
"MEMORY_COPY","MEMORY_COPY_HOST_TO_DEVICE",1,"Agent 0","Agent 1",1134512,25683297016442,25683297027162
"MEMORY_COPY","MEMORY_COPY_DEVICE_TO_HOST",4,"Agent 1","Agent 0",1134520,25683384525506,25683384577347
"MEMORY_COPY","MEMORY_COPY_HOST_TO_DEVICE",1,"Agent 0","Agent 1",1134531,25683385885271,25683385890951
"MEMORY_COPY","MEMORY_COPY_HOST_TO_DEVICE",1,"Agent 0","Agent 1",1134546,25683385987812,25683386007772
"MEMORY_COPY","MEMORY_COPY_HOST_TO_DEVICE",1,"Agent 0","Agent 1",1134562,25683386108604,25683386120564
"MEMORY_COPY","MEMORY_COPY_DEVICE_TO_HOST",4,"Agent 1","Agent 0",1134570,25683473272835,25683473362796
"MEMORY_COPY","MEMORY_COPY_HOST_TO_DEVICE",1,"Agent 0","Agent 1",1134581,25683474601560,25683474606840
"MEMORY_COPY","MEMORY_COPY_HOST_TO_DEVICE",1,"Agent 0","Agent 1",1134596,25683474707441,25683474725841
"MEMORY_COPY","MEMORY_COPY_HOST_TO_DEVICE",1,"Agent 0","Agent 1",1134612,25683474846552,25683474859792
"MEMORY_COPY","MEMORY_COPY_DEVICE_TO_HOST",4,"Agent 1","Agent 0",1134620,25683562425095,25683562470296
"MEMORY_COPY","MEMORY_COPY_HOST_TO_DEVICE",1,"Agent 0","Agent 1",1134631,25683563301215,25683563306295
"MEMORY_COPY","MEMORY_COPY_HOST_TO_DEVICE",1,"Agent 0","Agent 1",1134646,25683563400596,25683563419076
"MEMORY_COPY","MEMORY_COPY_HOST_TO_DEVICE",1,"Agent 0","Agent 1",1134662,25683563519007,25683563529927
"MEMORY_COPY","MEMORY_COPY_DEVICE_TO_HOST",4,"Agent 1","Agent 0",1134670,25683651162795,25683651226356
"MEMORY_COPY","MEMORY_COPY_HOST_TO_DEVICE",1,"Agent 0","Agent 1",1134681,25683652126836,25683652132036
"MEMORY_COPY","MEMORY_COPY_HOST_TO_DEVICE",1,"Agent 0","Agent 1",1134696,25683652227547,25683652245868
"MEMORY_COPY","MEMORY_COPY_HOST_TO_DEVICE",1,"Agent 0","Agent 1",1134712,25683652479100,25683652491140
"MEMORY_COPY","MEMORY_COPY_DEVICE_TO_HOST",4,"Agent 1","Agent 0",1134720,25683739859777,25683739917017
"MEMORY_COPY","MEMORY_COPY_HOST_TO_DEVICE",1,"Agent 0","Agent 1",1134731,25683740806137,25683740811377
"MEMORY_COPY","MEMORY_COPY_HOST_TO_DEVICE",1,"Agent 0","Agent 1",1134746,25683740901888,25683740920408
"MEMORY_COPY","MEMORY_COPY_HOST_TO_DEVICE",1,"Agent 0","Agent 1",1134762,25683741026290,25683741037170
"MEMORY_COPY","MEMORY_COPY_DEVICE_TO_HOST",4,"Agent 1","Agent 0",1134770,25683828358340,25683828404180
"MEMORY_COPY","MEMORY_COPY_HOST_TO_DEVICE",1,"Agent 0","Agent 1",1134781,25683829202229,25683829207429
"MEMORY_COPY","MEMORY_COPY_HOST_TO_DEVICE",1,"Agent 0","Agent 1",1134796,25683829313510,25683829332150
"MEMORY_COPY","MEMORY_COPY_HOST_TO_DEVICE",1,"Agent 0","Agent 1",1134812,25683829430901,25683829442262
"MEMORY_COPY","MEMORY_COPY_DEVICE_TO_HOST",4,"Agent 1","Agent 0",1134820,25683916552222,25683916606663
"MEMORY_COPY","MEMORY_COPY_HOST_TO_DEVICE",1,"Agent 0","Agent 1",1134831,25683917415262,25683917420582
"MEMORY_COPY","MEMORY_COPY_HOST_TO_DEVICE",1,"Agent 0","Agent 1",1134846,25683917513943,25683917532463
"MEMORY_COPY","MEMORY_COPY_HOST_TO_DEVICE",1,"Agent 0","Agent 1",1134862,25683917632104,25683917642945
"MEMORY_COPY","MEMORY_COPY_DEVICE_TO_HOST",4,"Agent 1","Agent 0",1134870,25684005100899,25684005149580
"MEMORY_COPY","MEMORY_COPY_HOST_TO_DEVICE",1,"Agent 0","Agent 1",1134881,25684006060160,25684006065280
"MEMORY_COPY","MEMORY_COPY_HOST_TO_DEVICE",1,"Agent 0","Agent 1",1134896,25684006159251,25684006177811
"MEMORY_COPY","MEMORY_COPY_HOST_TO_DEVICE",1,"Agent 0","Agent 1",1134912,25684006276022,25684006286943
"MEMORY_COPY","MEMORY_COPY_DEVICE_TO_HOST",4,"Agent 1","Agent 0",1134920,25684093602783,25684093646584
"MEMORY_COPY","MEMORY_COPY_HOST_TO_DEVICE",1,"Agent 0","Agent 1",1134931,25684094466773,25684094472013
"MEMORY_COPY","MEMORY_COPY_HOST_TO_DEVICE",1,"Agent 0","Agent 1",1134946,25684094562824,25684094581464
"MEMORY_COPY","MEMORY_COPY_HOST_TO_DEVICE",1,"Agent 0","Agent 1",1134962,25684094693546,25684094704186
"MEMORY_COPY","MEMORY_COPY_DEVICE_TO_HOST",4,"Agent 1","Agent 0",1134970,25684181668795,25684181712476
"MEMORY_COPY","MEMORY_COPY_HOST_TO_DEVICE",1,"Agent 0","Agent 1",1134981,25684182527745,25684182533065
"MEMORY_COPY","MEMORY_COPY_HOST_TO_DEVICE",1,"Agent 0","Agent 1",1134996,25684182624106,25684182642586
"MEMORY_COPY","MEMORY_COPY_HOST_TO_DEVICE",1,"Agent 0","Agent 1",1135012,25684182742037,25684182754277
"MEMORY_COPY","MEMORY_COPY_DEVICE_TO_HOST",4,"Agent 1","Agent 0",1135020,25684270162352,25684270210153
"MEMORY_COPY","MEMORY_COPY_HOST_TO_DEVICE",1,"Agent 0","Agent 1",1135031,25684271176794,25684271182034
"MEMORY_COPY","MEMORY_COPY_HOST_TO_DEVICE",1,"Agent 0","Agent 1",1135046,25684271279045,25684271297405
"MEMORY_COPY","MEMORY_COPY_HOST_TO_DEVICE",1,"Agent 0","Agent 1",1135062,25684271533147,25684271544348
"MEMORY_COPY","MEMORY_COPY_DEVICE_TO_HOST",4,"Agent 1","Agent 0",1135070,25684358800520,25684358845360
"MEMORY_COPY","MEMORY_COPY_HOST_TO_DEVICE",1,"Agent 0","Agent 1",1135081,25684359640339,25684359645459
"MEMORY_COPY","MEMORY_COPY_HOST_TO_DEVICE",1,"Agent 0","Agent 1",1135096,25684359737500,25684359756060
"MEMORY_COPY","MEMORY_COPY_HOST_TO_DEVICE",1,"Agent 0","Agent 1",1135112,25684359863822,25684359875022
"MEMORY_COPY","MEMORY_COPY_DEVICE_TO_HOST",4,"Agent 1","Agent 0",1135120,25684447181903,25684447230743
"MEMORY_COPY","MEMORY_COPY_HOST_TO_DEVICE",1,"Agent 0","Agent 1",1135131,25684447995062,25684448000262
"MEMORY_COPY","MEMORY_COPY_HOST_TO_DEVICE",1,"Agent 0","Agent 1",1135146,25684448093243,25684448111923
"MEMORY_COPY","MEMORY_COPY_HOST_TO_DEVICE",1,"Agent 0","Agent 1",1135162,25684448212334,25684448224374
"MEMORY_COPY","MEMORY_COPY_DEVICE_TO_HOST",4,"Agent 1","Agent 0",1135170,25684535520589,25684535574350
"MEMORY_COPY","MEMORY_COPY_HOST_TO_DEVICE",1,"Agent 0","Agent 1",1135181,25684536691942,25684536697102
"MEMORY_COPY","MEMORY_COPY_HOST_TO_DEVICE",1,"Agent 0","Agent 1",1135196,25684536847334,25684536865894
"MEMORY_COPY","MEMORY_COPY_HOST_TO_DEVICE",1,"Agent 0","Agent 1",1135212,25684536965535,25684536976895
"MEMORY_COPY","MEMORY_COPY_DEVICE_TO_HOST",4,"Agent 1","Agent 0",1135220,25684624154491,25684624209892
"MEMORY_COPY","MEMORY_COPY_HOST_TO_DEVICE",1,"Agent 0","Agent 1",1135231,25684625162232,25684625167392
"MEMORY_COPY","MEMORY_COPY_HOST_TO_DEVICE",1,"Agent 0","Agent 1",1135246,25684625265254,25684625283934
"MEMORY_COPY","MEMORY_COPY_HOST_TO_DEVICE",1,"Agent 0","Agent 1",1135262,25684625384415,25684625396935
"MEMORY_COPY","MEMORY_COPY_DEVICE_TO_HOST",4,"Agent 1","Agent 0",1135270,25684712734238,25684712791759
"MEMORY_COPY","MEMORY_COPY_HOST_TO_DEVICE",1,"Agent 0","Agent 1",1135281,25684713707549,25684713713509
"MEMORY_COPY","MEMORY_COPY_HOST_TO_DEVICE",1,"Agent 0","Agent 1",1135296,25684713882331,25684713901131
"MEMORY_COPY","MEMORY_COPY_HOST_TO_DEVICE",1,"Agent 0","Agent 1",1135312,25684714002752,25684714014832
"MEMORY_COPY","MEMORY_COPY_DEVICE_TO_HOST",4,"Agent 1","Agent 0",1135320,25684801454150,25684801517631
"MEMORY_COPY","MEMORY_COPY_HOST_TO_DEVICE",1,"Agent 0","Agent 1",1135331,25684802446701,25684802451781
"MEMORY_COPY","MEMORY_COPY_HOST_TO_DEVICE",1,"Agent 0","Agent 1",1135346,25684802550852,25684802569372
"MEMORY_COPY","MEMORY_COPY_HOST_TO_DEVICE",1,"Agent 0","Agent 1",1135362,25684802686174,25684802697254
"MEMORY_COPY","MEMORY_COPY_DEVICE_TO_HOST",4,"Agent 1","Agent 0",1135370,25684890318900,25684890365781
"MEMORY_COPY","MEMORY_COPY_HOST_TO_DEVICE",1,"Agent 0","Agent 1",1135381,25684891222160,25684891227480
"MEMORY_COPY","MEMORY_COPY_HOST_TO_DEVICE",1,"Agent 0","Agent 1",1135396,25684891325491,25684891343971
"MEMORY_COPY","MEMORY_COPY_HOST_TO_DEVICE",1,"Agent 0","Agent 1",1135412,25684891581764,25684891593884
"MEMORY_COPY","MEMORY_COPY_DEVICE_TO_HOST",4,"Agent 1","Agent 0",1135420,25684978277028,25684978332988
"MEMORY_COPY","MEMORY_COPY_HOST_TO_DEVICE",1,"Agent 0","Agent 1",1135431,25684979177030,25684979182110
"MEMORY_COPY","MEMORY_COPY_HOST_TO_DEVICE",1,"Agent 0","Agent 1",1135446,25684979275182,25684979293542
"MEMORY_COPY","MEMORY_COPY_HOST_TO_DEVICE",1,"Agent 0","Agent 1",1135462,25684979390888,25684979401968
"MEMORY_COPY","MEMORY_COPY_DEVICE_TO_HOST",4,"Agent 1","Agent 0",1135470,25685065839240,25685065890001
"MEMORY_COPY","MEMORY_COPY_HOST_TO_DEVICE",1,"Agent 0","Agent 1",1135481,25685066818501,25685066823741
"MEMORY_COPY","MEMORY_COPY_HOST_TO_DEVICE",1,"Agent 0","Agent 1",1135496,25685066920372,25685066939372
"MEMORY_COPY","MEMORY_COPY_HOST_TO_DEVICE",1,"Agent 0","Agent 1",1135512,25685067097614,25685067110214
"MEMORY_COPY","MEMORY_COPY_DEVICE_TO_HOST",4,"Agent 1","Agent 0",1135520,25685155124981,25685155183902
"MEMORY_COPY","MEMORY_COPY_HOST_TO_DEVICE",1,"Agent 0","Agent 1",1135531,25685156166033,25685156171553
"MEMORY_COPY","MEMORY_COPY_HOST_TO_DEVICE",1,"Agent 0","Agent 1",1135546,25685156286374,25685156307054
"MEMORY_COPY","MEMORY_COPY_HOST_TO_DEVICE",1,"Agent 0","Agent 1",1135562,25685156422669,25685156434909
"MEMORY_COPY","MEMORY_COPY_DEVICE_TO_HOST",4,"Agent 1","Agent 0",1135570,25685243908299,25685243973339
"MEMORY_COPY","MEMORY_COPY_HOST_TO_DEVICE",1,"Agent 0","Agent 1",1135581,25685244951900,25685244958300
"MEMORY_COPY","MEMORY_COPY_HOST_TO_DEVICE",1,"Agent 0","Agent 1",1135596,25685245107672,25685245129992
"MEMORY_COPY","MEMORY_COPY_HOST_TO_DEVICE",1,"Agent 0","Agent 1",1135612,25685245235543,25685245249784
"MEMORY_COPY","MEMORY_COPY_DEVICE_TO_HOST",4,"Agent 1","Agent 0",1135620,25685332457376,25685332513296
"MEMORY_COPY","MEMORY_COPY_HOST_TO_DEVICE",1,"Agent 0","Agent 1",1135631,25685333428047,25685333433287
"MEMORY_COPY","MEMORY_COPY_HOST_TO_DEVICE",1,"Agent 0","Agent 1",1135646,25685333533558,25685333552518
"MEMORY_COPY","MEMORY_COPY_HOST_TO_DEVICE",1,"Agent 0","Agent 1",1135662,25685333657529,25685333670529
"MEMORY_COPY","MEMORY_COPY_DEVICE_TO_HOST",4,"Agent 1","Agent 0",1135670,25685421745488,25685421800049
"MEMORY_COPY","MEMORY_COPY_HOST_TO_DEVICE",1,"Agent 0","Agent 1",1135681,25685422667238,25685422672598
"MEMORY_COPY","MEMORY_COPY_HOST_TO_DEVICE",1,"Agent 0","Agent 1",1135696,25685422770959,25685422789720
"MEMORY_COPY","MEMORY_COPY_HOST_TO_DEVICE",1,"Agent 0","Agent 1",1135712,25685422899101,25685422911221
"MEMORY_COPY","MEMORY_COPY_DEVICE_TO_HOST",4,"Agent 1","Agent 0",1135720,25685510512089,25685510565409
"MEMORY_COPY","MEMORY_COPY_HOST_TO_DEVICE",1,"Agent 0","Agent 1",1135731,25685511450729,25685511456089
"MEMORY_COPY","MEMORY_COPY_HOST_TO_DEVICE",1,"Agent 0","Agent 1",1135746,25685511561320,25685511581680
"MEMORY_COPY","MEMORY_COPY_HOST_TO_DEVICE",1,"Agent 0","Agent 1",1135762,25685511869054,25685511879774
"MEMORY_COPY","MEMORY_COPY_DEVICE_TO_HOST",4,"Agent 1","Agent 0",1135770,25685599595416,25685599650496
"MEMORY_COPY","MEMORY_COPY_HOST_TO_DEVICE",1,"Agent 0","Agent 1",1135781,25685600574797,25685600580037
"MEMORY_COPY","MEMORY_COPY_HOST_TO_DEVICE",1,"Agent 0","Agent 1",1135796,25685600676878,25685600695598
"MEMORY_COPY","MEMORY_COPY_HOST_TO_DEVICE",1,"Agent 0","Agent 1",1135812,25685600798799,25685600811239
"MEMORY_COPY","MEMORY_COPY_DEVICE_TO_HOST",4,"Agent 1","Agent 0",1135820,25685688114029,25685688161710
"MEMORY_COPY","MEMORY_COPY_HOST_TO_DEVICE",1,"Agent 0","Agent 1",1135831,25685689051950,25685689057150
"MEMORY_COPY","MEMORY_COPY_HOST_TO_DEVICE",1,"Agent 0","Agent 1",1135846,25685689149481,25685689167881
"MEMORY_COPY","MEMORY_COPY_HOST_TO_DEVICE",1,"Agent 0","Agent 1",1135862,25685689265742,25685689276422
"MEMORY_COPY","MEMORY_COPY_DEVICE_TO_HOST",4,"Agent 1","Agent 0",1135870,25685776444239,25685776492759
"MEMORY_COPY","MEMORY_COPY_HOST_TO_DEVICE",1,"Agent 0","Agent 1",1135881,25685777407799,25685777413199
"MEMORY_COPY","MEMORY_COPY_HOST_TO_DEVICE",1,"Agent 0","Agent 1",1135896,25685777511460,25685777530661
"MEMORY_COPY","MEMORY_COPY_HOST_TO_DEVICE",1,"Agent 0","Agent 1",1135912,25685777644292,25685777655652
"MEMORY_COPY","MEMORY_COPY_DEVICE_TO_HOST",4,"Agent 1","Agent 0",1135920,25685865039698,25685865084498
"MEMORY_COPY","MEMORY_COPY_HOST_TO_DEVICE",1,"Agent 0","Agent 1",1135931,25685865992949,25685865998829
"MEMORY_COPY","MEMORY_COPY_HOST_TO_DEVICE",1,"Agent 0","Agent 1",1135946,25685866120770,25685866139170
"MEMORY_COPY","MEMORY_COPY_HOST_TO_DEVICE",1,"Agent 0","Agent 1",1135962,25685866264842,25685866280442
"MEMORY_COPY","MEMORY_COPY_DEVICE_TO_HOST",4,"Agent 1","Agent 0",1135970,25685953792577,25685953845698
"MEMORY_COPY","MEMORY_COPY_HOST_TO_DEVICE",1,"Agent 0","Agent 1",1135981,25685954878799,25685954883959
"MEMORY_COPY","MEMORY_COPY_HOST_TO_DEVICE",1,"Agent 0","Agent 1",1135996,25685954977210,25685954995851
"MEMORY_COPY","MEMORY_COPY_HOST_TO_DEVICE",1,"Agent 0","Agent 1",1136012,25685955107142,25685955118022
"MEMORY_COPY","MEMORY_COPY_DEVICE_TO_HOST",4,"Agent 1","Agent 0",1136020,25686042335721,25686042390682
"MEMORY_COPY","MEMORY_COPY_HOST_TO_DEVICE",1,"Agent 0","Agent 1",1136031,25686043153810,25686043159210
"MEMORY_COPY","MEMORY_COPY_HOST_TO_DEVICE",1,"Agent 0","Agent 1",1136046,25686043255051,25686043274931
"MEMORY_COPY","MEMORY_COPY_HOST_TO_DEVICE",1,"Agent 0","Agent 1",1136062,25686043373163,25686043383883
"MEMORY_COPY","MEMORY_COPY_DEVICE_TO_HOST",4,"Agent 1","Agent 0",1136070,25686130655197,25686130716478
"MEMORY_COPY","MEMORY_COPY_HOST_TO_DEVICE",1,"Agent 0","Agent 1",1136081,25686131691898,25686131696979
"MEMORY_COPY","MEMORY_COPY_HOST_TO_DEVICE",1,"Agent 0","Agent 1",1136096,25686131794050,25686131812290
"MEMORY_COPY","MEMORY_COPY_HOST_TO_DEVICE",1,"Agent 0","Agent 1",1136112,25686132046652,25686132057453
"MEMORY_COPY","MEMORY_COPY_DEVICE_TO_HOST",4,"Agent 1","Agent 0",1136120,25686219604926,25686219652927
"MEMORY_COPY","MEMORY_COPY_HOST_TO_DEVICE",1,"Agent 0","Agent 1",1136131,25686220592377,25686220597577
"MEMORY_COPY","MEMORY_COPY_HOST_TO_DEVICE",1,"Agent 0","Agent 1",1136146,25686220693138,25686220711738
"MEMORY_COPY","MEMORY_COPY_HOST_TO_DEVICE",1,"Agent 0","Agent 1",1136162,25686220809789,25686220820510
"MEMORY_COPY","MEMORY_COPY_DEVICE_TO_HOST",4,"Agent 1","Agent 0",1136170,25686308241771,25686308289611
"MEMORY_COPY","MEMORY_COPY_HOST_TO_DEVICE",1,"Agent 0","Agent 1",1136181,25686309093160,25686309098400
"MEMORY_COPY","MEMORY_COPY_HOST_TO_DEVICE",1,"Agent 0","Agent 1",1136196,25686309190661,25686309208942
"MEMORY_COPY","MEMORY_COPY_HOST_TO_DEVICE",1,"Agent 0","Agent 1",1136212,25686309373003,25686309385244
"MEMORY_COPY","MEMORY_COPY_DEVICE_TO_HOST",4,"Agent 1","Agent 0",1136220,25686396825850,25686396869930
"MEMORY_COPY","MEMORY_COPY_HOST_TO_DEVICE",1,"Agent 0","Agent 1",1136231,25686397669469,25686397675029
"MEMORY_COPY","MEMORY_COPY_HOST_TO_DEVICE",1,"Agent 0","Agent 1",1136246,25686397772360,25686397791481
"MEMORY_COPY","MEMORY_COPY_HOST_TO_DEVICE",1,"Agent 0","Agent 1",1136262,25686397914262,25686397930982
"MEMORY_COPY","MEMORY_COPY_DEVICE_TO_HOST",4,"Agent 1","Agent 0",1136270,25686485408986,25686485491507
"MEMORY_COPY","MEMORY_COPY_HOST_TO_DEVICE",1,"Agent 0","Agent 1",1136281,25686486761711,25686486767511
"MEMORY_COPY","MEMORY_COPY_HOST_TO_DEVICE",1,"Agent 0","Agent 1",1136296,25686486885903,25686486906263
"MEMORY_COPY","MEMORY_COPY_HOST_TO_DEVICE",1,"Agent 0","Agent 1",1136312,25686487019784,25686487033624
"MEMORY_COPY","MEMORY_COPY_DEVICE_TO_HOST",4,"Agent 1","Agent 0",1136320,25686574160373,25686574218174
"MEMORY_COPY","MEMORY_COPY_HOST_TO_DEVICE",1,"Agent 0","Agent 1",1136331,25686575078003,25686575083283
"MEMORY_COPY","MEMORY_COPY_HOST_TO_DEVICE",1,"Agent 0","Agent 1",1136346,25686575176824,25686575195464
"MEMORY_COPY","MEMORY_COPY_HOST_TO_DEVICE",1,"Agent 0","Agent 1",1136362,25686575293846,25686575304926
"MEMORY_COPY","MEMORY_COPY_DEVICE_TO_HOST",4,"Agent 1","Agent 0",1136370,25686662857006,25686662904966
"MEMORY_COPY","MEMORY_COPY_HOST_TO_DEVICE",1,"Agent 0","Agent 1",1136381,25686663763266,25686663768626
"MEMORY_COPY","MEMORY_COPY_HOST_TO_DEVICE",1,"Agent 0","Agent 1",1136396,25686663876327,25686663895087
"MEMORY_COPY","MEMORY_COPY_HOST_TO_DEVICE",1,"Agent 0","Agent 1",1136412,25686663994508,25686664006708
"MEMORY_COPY","MEMORY_COPY_DEVICE_TO_HOST",4,"Agent 1","Agent 0",1136420,25686751346108,25686751395308
"MEMORY_COPY","MEMORY_COPY_HOST_TO_DEVICE",1,"Agent 0","Agent 1",1136431,25686752297098,25686752302258
"MEMORY_COPY","MEMORY_COPY_HOST_TO_DEVICE",1,"Agent 0","Agent 1",1136446,25686752392309,25686752410669
"MEMORY_COPY","MEMORY_COPY_HOST_TO_DEVICE",1,"Agent 0","Agent 1",1136462,25686752577151,25686752587991
"MEMORY_COPY","MEMORY_COPY_DEVICE_TO_HOST",4,"Agent 1","Agent 0",1136470,25686839905932,25686839958892
"MEMORY_COPY","MEMORY_COPY_HOST_TO_DEVICE",1,"Agent 0","Agent 1",1136481,25686840833832,25686840839352
"MEMORY_COPY","MEMORY_COPY_HOST_TO_DEVICE",1,"Agent 0","Agent 1",1136496,25686841003184,25686841022504
"MEMORY_COPY","MEMORY_COPY_HOST_TO_DEVICE",1,"Agent 0","Agent 1",1136512,25686841122985,25686841134745
"MEMORY_COPY","MEMORY_COPY_DEVICE_TO_HOST",4,"Agent 1","Agent 0",1136520,25686928681329,25686928727930
"MEMORY_COPY","MEMORY_COPY_HOST_TO_DEVICE",1,"Agent 0","Agent 1",1136531,25686929533669,25686929538709
"MEMORY_COPY","MEMORY_COPY_HOST_TO_DEVICE",1,"Agent 0","Agent 1",1136546,25686929631390,25686929650030
"MEMORY_COPY","MEMORY_COPY_HOST_TO_DEVICE",1,"Agent 0","Agent 1",1136562,25686929763791,25686929774472
"MEMORY_COPY","MEMORY_COPY_DEVICE_TO_HOST",4,"Agent 1","Agent 0",1136570,25687017109751,25687017158071
"MEMORY_COPY","MEMORY_COPY_HOST_TO_DEVICE",1,"Agent 0","Agent 1",1136581,25687018079032,25687018084232
"MEMORY_COPY","MEMORY_COPY_HOST_TO_DEVICE",1,"Agent 0","Agent 1",1136596,25687018182033,25687018200593
"MEMORY_COPY","MEMORY_COPY_HOST_TO_DEVICE",1,"Agent 0","Agent 1",1136612,25687018298904,25687018311144
"MEMORY_COPY","MEMORY_COPY_DEVICE_TO_HOST",4,"Agent 1","Agent 0",1136620,25687105443181,25687105487381
"MEMORY_COPY","MEMORY_COPY_HOST_TO_DEVICE",1,"Agent 0","Agent 1",1136631,25687106257910,25687106263110
"MEMORY_COPY","MEMORY_COPY_HOST_TO_DEVICE",1,"Agent 0","Agent 1",1136646,25687106354045,25687106372605
"MEMORY_COPY","MEMORY_COPY_HOST_TO_DEVICE",1,"Agent 0","Agent 1",1136662,25687106469088,25687106480048
"MEMORY_COPY","MEMORY_COPY_DEVICE_TO_HOST",4,"Agent 1","Agent 0",1136670,25687193868151,25687193912352
"MEMORY_COPY","MEMORY_COPY_HOST_TO_DEVICE",1,"Agent 0","Agent 1",1136681,25687194711801,25687194717041
"MEMORY_COPY","MEMORY_COPY_HOST_TO_DEVICE",1,"Agent 0","Agent 1",1136696,25687194807582,25687194826262
"MEMORY_COPY","MEMORY_COPY_HOST_TO_DEVICE",1,"Agent 0","Agent 1",1136712,25687194938473,25687194949353
"MEMORY_COPY","MEMORY_COPY_DEVICE_TO_HOST",4,"Agent 1","Agent 0",1136720,25687282187392,25687282232313
"MEMORY_COPY","MEMORY_COPY_HOST_TO_DEVICE",1,"Agent 0","Agent 1",1136731,25687283035572,25687283040732
"MEMORY_COPY","MEMORY_COPY_HOST_TO_DEVICE",1,"Agent 0","Agent 1",1136746,25687283134703,25687283153063
"MEMORY_COPY","MEMORY_COPY_HOST_TO_DEVICE",1,"Agent 0","Agent 1",1136762,25687283252174,25687283262894
"MEMORY_COPY","MEMORY_COPY_DEVICE_TO_HOST",4,"Agent 1","Agent 0",1136770,25687370544423,25687370593143
"MEMORY_COPY","MEMORY_COPY_HOST_TO_DEVICE",1,"Agent 0","Agent 1",1136781,25687371516663,25687371521823
"MEMORY_COPY","MEMORY_COPY_HOST_TO_DEVICE",1,"Agent 0","Agent 1",1136796,25687371615664,25687371634225
"MEMORY_COPY","MEMORY_COPY_HOST_TO_DEVICE",1,"Agent 0","Agent 1",1136812,25687371863427,25687371874347
"MEMORY_COPY","MEMORY_COPY_DEVICE_TO_HOST",4,"Agent 1","Agent 0",1136820,25687459127820,25687459171900
"MEMORY_COPY","MEMORY_COPY_HOST_TO_DEVICE",1,"Agent 0","Agent 1",1136831,25687459876118,25687459881438
"MEMORY_COPY","MEMORY_COPY_HOST_TO_DEVICE",1,"Agent 0","Agent 1",1136846,25687459980759,25687459999359
"MEMORY_COPY","MEMORY_COPY_HOST_TO_DEVICE",1,"Agent 0","Agent 1",1136862,25687460105671,25687460116351
"MEMORY_COPY","MEMORY_COPY_DEVICE_TO_HOST",4,"Agent 1","Agent 0",1136870,25687547165531,25687547209612
"MEMORY_COPY","MEMORY_COPY_HOST_TO_DEVICE",1,"Agent 0","Agent 1",1136881,25687547997371,25687548002451
"MEMORY_COPY","MEMORY_COPY_HOST_TO_DEVICE",1,"Agent 0","Agent 1",1136896,25687548097902,25687548116262
"MEMORY_COPY","MEMORY_COPY_HOST_TO_DEVICE",1,"Agent 0","Agent 1",1136912,25687548250903,25687548262064
"MEMORY_COPY","MEMORY_COPY_DEVICE_TO_HOST",4,"Agent 1","Agent 0",1136920,25687635776574,25687635823095
"MEMORY_COPY","MEMORY_COPY_HOST_TO_DEVICE",1,"Agent 0","Agent 1",1136931,25687636713874,25687636719115
"MEMORY_COPY","MEMORY_COPY_HOST_TO_DEVICE",1,"Agent 0","Agent 1",1136946,25687636809806,25687636828166
"MEMORY_COPY","MEMORY_COPY_HOST_TO_DEVICE",1,"Agent 0","Agent 1",1136962,25687636926407,25687636937447
"MEMORY_COPY","MEMORY_COPY_DEVICE_TO_HOST",4,"Agent 1","Agent 0",1136970,25687724363932,25687724407452
"MEMORY_COPY","MEMORY_COPY_HOST_TO_DEVICE",1,"Agent 0","Agent 1",1136981,25687725216101,25687725221221
"MEMORY_COPY","MEMORY_COPY_HOST_TO_DEVICE",1,"Agent 0","Agent 1",1136996,25687725313602,25687725332162
"MEMORY_COPY","MEMORY_COPY_HOST_TO_DEVICE",1,"Agent 0","Agent 1",1137012,25687725430234,25687725441114
"MEMORY_COPY","MEMORY_COPY_DEVICE_TO_HOST",4,"Agent 1","Agent 0",1137020,25687812436996,25687812495836
"MEMORY_COPY","MEMORY_COPY_HOST_TO_DEVICE",1,"Agent 0","Agent 1",1137031,25687813256865,25687813262145
"MEMORY_COPY","MEMORY_COPY_HOST_TO_DEVICE",1,"Agent 0","Agent 1",1137046,25687813354916,25687813373636
"MEMORY_COPY","MEMORY_COPY_HOST_TO_DEVICE",1,"Agent 0","Agent 1",1137062,25687813472667,25687813483547
"MEMORY_COPY","MEMORY_COPY_DEVICE_TO_HOST",4,"Agent 1","Agent 0",1137070,25687900833405,25687900880646
"MEMORY_COPY","MEMORY_COPY_HOST_TO_DEVICE",1,"Agent 0","Agent 1",1137081,25687901766535,25687901771616
"MEMORY_COPY","MEMORY_COPY_HOST_TO_DEVICE",1,"Agent 0","Agent 1",1137096,25687901863937,25687901882977
"MEMORY_COPY","MEMORY_COPY_HOST_TO_DEVICE",1,"Agent 0","Agent 1",1137112,25687901981738,25687901992618
"MEMORY_COPY","MEMORY_COPY_DEVICE_TO_HOST",4,"Agent 1","Agent 0",1137120,25687989559247,25687989638888
"MEMORY_COPY","MEMORY_COPY_HOST_TO_DEVICE",1,"Agent 0","Agent 1",1137131,25687990708879,25687990714079
"MEMORY_COPY","MEMORY_COPY_HOST_TO_DEVICE",1,"Agent 0","Agent 1",1137146,25687990813771,25687990832171
"MEMORY_COPY","MEMORY_COPY_HOST_TO_DEVICE",1,"Agent 0","Agent 1",1137162,25687991074494,25687991086294
"MEMORY_COPY","MEMORY_COPY_DEVICE_TO_HOST",4,"Agent 1","Agent 0",1137170,25688078227095,25688078286215
"MEMORY_COPY","MEMORY_COPY_HOST_TO_DEVICE",1,"Agent 0","Agent 1",1137181,25688079272616,25688079277816
"MEMORY_COPY","MEMORY_COPY_HOST_TO_DEVICE",1,"Agent 0","Agent 1",1137196,25688079409268,25688079428108
"MEMORY_COPY","MEMORY_COPY_HOST_TO_DEVICE",1,"Agent 0","Agent 1",1137212,25688079549649,25688079562250
"MEMORY_COPY","MEMORY_COPY_DEVICE_TO_HOST",4,"Agent 1","Agent 0",1137220,25688167027510,25688167093910
"MEMORY_COPY","MEMORY_COPY_HOST_TO_DEVICE",1,"Agent 0","Agent 1",1137231,25688168108782,25688168114222
"MEMORY_COPY","MEMORY_COPY_HOST_TO_DEVICE",1,"Agent 0","Agent 1",1137246,25688168213883,25688168232203
"MEMORY_COPY","MEMORY_COPY_HOST_TO_DEVICE",1,"Agent 0","Agent 1",1137262,25688168330964,25688168342604
"MEMORY_COPY","MEMORY_COPY_DEVICE_TO_HOST",4,"Agent 1","Agent 0",1137270,25688255745698,25688255796019
"MEMORY_COPY","MEMORY_COPY_HOST_TO_DEVICE",1,"Agent 0","Agent 1",1137281,25688256636608,25688256641808
"MEMORY_COPY","MEMORY_COPY_HOST_TO_DEVICE",1,"Agent 0","Agent 1",1137296,25688256737569,25688256756289
"MEMORY_COPY","MEMORY_COPY_HOST_TO_DEVICE",1,"Agent 0","Agent 1",1137312,25688256853860,25688256864500
"MEMORY_COPY","MEMORY_COPY_DEVICE_TO_HOST",4,"Agent 1","Agent 0",1137320,25688344152939,25688344199219
"MEMORY_COPY","MEMORY_COPY_HOST_TO_DEVICE",1,"Agent 0","Agent 1",1137331,25688344977688,25688344982768
"MEMORY_COPY","MEMORY_COPY_HOST_TO_DEVICE",1,"Agent 0","Agent 1",1137346,25688345083589,25688345101909
"MEMORY_COPY","MEMORY_COPY_HOST_TO_DEVICE",1,"Agent 0","Agent 1",1137362,25688345214421,25688345225381
"MEMORY_COPY","MEMORY_COPY_DEVICE_TO_HOST",4,"Agent 1","Agent 0",1137370,25688432329642,25688432377683
"MEMORY_COPY","MEMORY_COPY_HOST_TO_DEVICE",1,"Agent 0","Agent 1",1137381,25688434507387,25688434512747
"MEMORY_COPY","MEMORY_COPY_HOST_TO_DEVICE",1,"Agent 0","Agent 1",1137396,25688434606928,25688434625288
"MEMORY_COPY","MEMORY_COPY_HOST_TO_DEVICE",1,"Agent 0","Agent 1",1137412,25688434725569,25688434737249
"MEMORY_COPY","MEMORY_COPY_DEVICE_TO_HOST",4,"Agent 1","Agent 0",1142998,25688523957763,25688524002244
"MEMORY_COPY","MEMORY_COPY_HOST_TO_DEVICE",1,"Agent 0","Agent 1",1143009,25688525182387,25688525187507
"MEMORY_COPY","MEMORY_COPY_HOST_TO_DEVICE",1,"Agent 0","Agent 1",1143024,25688525286748,25688525304028
"MEMORY_COPY","MEMORY_COPY_HOST_TO_DEVICE",1,"Agent 0","Agent 1",1143040,25688525402549,25688525412909
"MEMORY_COPY","MEMORY_COPY_DEVICE_TO_HOST",4,"Agent 1","Agent 0",1148631,25688637770698,25688637818259
"MEMORY_COPY","MEMORY_COPY_HOST_TO_DEVICE",1,"Agent 0","Agent 1",1148642,25688638760469,25688638765709
"MEMORY_COPY","MEMORY_COPY_HOST_TO_DEVICE",1,"Agent 0","Agent 1",1148657,25688638861930,25688638879651
"MEMORY_COPY","MEMORY_COPY_HOST_TO_DEVICE",1,"Agent 0","Agent 1",1148673,25688638993372,25688639003972
"MEMORY_COPY","MEMORY_COPY_DEVICE_TO_HOST",4,"Agent 1","Agent 0",1148681,25688726627876,25688726675237
"MEMORY_COPY","MEMORY_COPY_HOST_TO_DEVICE",1,"Agent 0","Agent 1",1148692,25688727745789,25688727750909
"MEMORY_COPY","MEMORY_COPY_HOST_TO_DEVICE",1,"Agent 0","Agent 1",1148707,25688727987362,25688728006202
"MEMORY_COPY","MEMORY_COPY_HOST_TO_DEVICE",1,"Agent 0","Agent 1",1148723,25688728102123,25688728113043
"MEMORY_COPY","MEMORY_COPY_DEVICE_TO_HOST",4,"Agent 1","Agent 0",1148731,25688816038938,25688816087538
"MEMORY_COPY","MEMORY_COPY_HOST_TO_DEVICE",1,"Agent 0","Agent 1",1148742,25688816945375,25688816950535
"MEMORY_COPY","MEMORY_COPY_HOST_TO_DEVICE",1,"Agent 0","Agent 1",1148757,25688817054087,25688817072847
"MEMORY_COPY","MEMORY_COPY_HOST_TO_DEVICE",1,"Agent 0","Agent 1",1148773,25688817175674,25688817187234
"MEMORY_COPY","MEMORY_COPY_DEVICE_TO_HOST",4,"Agent 1","Agent 0",1148781,25688904748738,25688904796979
"MEMORY_COPY","MEMORY_COPY_HOST_TO_DEVICE",1,"Agent 0","Agent 1",1148792,25688905644488,25688905649968
"MEMORY_COPY","MEMORY_COPY_HOST_TO_DEVICE",1,"Agent 0","Agent 1",1148807,25688905747209,25688905765689
"MEMORY_COPY","MEMORY_COPY_HOST_TO_DEVICE",1,"Agent 0","Agent 1",1148823,25688905865311,25688905876591
"MEMORY_COPY","MEMORY_COPY_DEVICE_TO_HOST",4,"Agent 1","Agent 0",1148831,25688993442601,25688993490161
"MEMORY_COPY","MEMORY_COPY_HOST_TO_DEVICE",1,"Agent 0","Agent 1",1148842,25688994451532,25688994457092
"MEMORY_COPY","MEMORY_COPY_HOST_TO_DEVICE",1,"Agent 0","Agent 1",1148857,25688994572833,25688994592113
"MEMORY_COPY","MEMORY_COPY_HOST_TO_DEVICE",1,"Agent 0","Agent 1",1148873,25688994738305,25688994755825
"MEMORY_COPY","MEMORY_COPY_DEVICE_TO_HOST",4,"Agent 1","Agent 0",1148881,25689082685635,25689082773836
"MEMORY_COPY","MEMORY_COPY_HOST_TO_DEVICE",1,"Agent 0","Agent 1",1148892,25689083892068,25689083897188
"MEMORY_COPY","MEMORY_COPY_HOST_TO_DEVICE",1,"Agent 0","Agent 1",1148907,25689083995899,25689084015179
"MEMORY_COPY","MEMORY_COPY_HOST_TO_DEVICE",1,"Agent 0","Agent 1",1148923,25689084119200,25689084130801
"MEMORY_COPY","MEMORY_COPY_DEVICE_TO_HOST",4,"Agent 1","Agent 0",1148931,25689171651086,25689171719047
"MEMORY_COPY","MEMORY_COPY_HOST_TO_DEVICE",1,"Agent 0","Agent 1",1148942,25689172599516,25689172604836
"MEMORY_COPY","MEMORY_COPY_HOST_TO_DEVICE",1,"Agent 0","Agent 1",1148957,25689172702487,25689172721088
"MEMORY_COPY","MEMORY_COPY_HOST_TO_DEVICE",1,"Agent 0","Agent 1",1148973,25689172827009,25689172838649
"MEMORY_COPY","MEMORY_COPY_DEVICE_TO_HOST",4,"Agent 1","Agent 0",1148981,25689260467146,25689260517786
"MEMORY_COPY","MEMORY_COPY_HOST_TO_DEVICE",1,"Agent 0","Agent 1",1148992,25689261349755,25689261354876
"MEMORY_COPY","MEMORY_COPY_HOST_TO_DEVICE",1,"Agent 0","Agent 1",1149007,25689261484647,25689261507767
"MEMORY_COPY","MEMORY_COPY_HOST_TO_DEVICE",1,"Agent 0","Agent 1",1149023,25689261660099,25689261677499
"MEMORY_COPY","MEMORY_COPY_DEVICE_TO_HOST",4,"Agent 1","Agent 0",1149031,25689349501321,25689349548201
"MEMORY_COPY","MEMORY_COPY_HOST_TO_DEVICE",1,"Agent 0","Agent 1",1149042,25689350485536,25689350490696
"MEMORY_COPY","MEMORY_COPY_HOST_TO_DEVICE",1,"Agent 0","Agent 1",1149057,25689350724856,25689350743576
"MEMORY_COPY","MEMORY_COPY_HOST_TO_DEVICE",1,"Agent 0","Agent 1",1149073,25689350837134,25689350847934
"MEMORY_COPY","MEMORY_COPY_DEVICE_TO_HOST",4,"Agent 1","Agent 0",1149081,25689438527984,25689438575825
"MEMORY_COPY","MEMORY_COPY_HOST_TO_DEVICE",1,"Agent 0","Agent 1",1149092,25689439373104,25689439378224
"MEMORY_COPY","MEMORY_COPY_HOST_TO_DEVICE",1,"Agent 0","Agent 1",1149107,25689439471095,25689439489455
"MEMORY_COPY","MEMORY_COPY_HOST_TO_DEVICE",1,"Agent 0","Agent 1",1149123,25689439589346,25689439600026
"MEMORY_COPY","MEMORY_COPY_DEVICE_TO_HOST",4,"Agent 1","Agent 0",1149131,25689527254084,25689527298924
"MEMORY_COPY","MEMORY_COPY_HOST_TO_DEVICE",1,"Agent 0","Agent 1",1149142,25689528092783,25689528097863
"MEMORY_COPY","MEMORY_COPY_HOST_TO_DEVICE",1,"Agent 0","Agent 1",1149157,25689528207854,25689528226415
"MEMORY_COPY","MEMORY_COPY_HOST_TO_DEVICE",1,"Agent 0","Agent 1",1149173,25689528323736,25689528334696
"MEMORY_COPY","MEMORY_COPY_DEVICE_TO_HOST",4,"Agent 1","Agent 0",1149181,25689615905207,25689615952687
"MEMORY_COPY","MEMORY_COPY_HOST_TO_DEVICE",1,"Agent 0","Agent 1",1149192,25689616807066,25689616812426
"MEMORY_COPY","MEMORY_COPY_HOST_TO_DEVICE",1,"Agent 0","Agent 1",1149207,25689616919047,25689616937807
"MEMORY_COPY","MEMORY_COPY_HOST_TO_DEVICE",1,"Agent 0","Agent 1",1149223,25689617055538,25689617068098
"MEMORY_COPY","MEMORY_COPY_DEVICE_TO_HOST",4,"Agent 1","Agent 0",1149231,25689704915968,25689704962128
"MEMORY_COPY","MEMORY_COPY_HOST_TO_DEVICE",1,"Agent 0","Agent 1",1149242,25689705745917,25689705751157
"MEMORY_COPY","MEMORY_COPY_HOST_TO_DEVICE",1,"Agent 0","Agent 1",1149257,25689705889659,25689705908139
"MEMORY_COPY","MEMORY_COPY_HOST_TO_DEVICE",1,"Agent 0","Agent 1",1149273,25689706016510,25689706027670
"MEMORY_COPY","MEMORY_COPY_DEVICE_TO_HOST",4,"Agent 1","Agent 0",1149281,25689793308883,25689793353804
"MEMORY_COPY","MEMORY_COPY_HOST_TO_DEVICE",1,"Agent 0","Agent 1",1149292,25689794154601,25689794159642
"MEMORY_COPY","MEMORY_COPY_HOST_TO_DEVICE",1,"Agent 0","Agent 1",1149307,25689794249884,25689794268204
"MEMORY_COPY","MEMORY_COPY_HOST_TO_DEVICE",1,"Agent 0","Agent 1",1149323,25689794381163,25689794391883
"MEMORY_COPY","MEMORY_COPY_DEVICE_TO_HOST",4,"Agent 1","Agent 0",1149331,25689882024673,25689882082754
"MEMORY_COPY","MEMORY_COPY_HOST_TO_DEVICE",1,"Agent 0","Agent 1",1149342,25689883053284,25689883058404
"MEMORY_COPY","MEMORY_COPY_HOST_TO_DEVICE",1,"Agent 0","Agent 1",1149357,25689883156725,25689883175445
"MEMORY_COPY","MEMORY_COPY_HOST_TO_DEVICE",1,"Agent 0","Agent 1",1149373,25689883276376,25689883287616
"MEMORY_COPY","MEMORY_COPY_DEVICE_TO_HOST",4,"Agent 1","Agent 0",1149381,25689970493704,25689970539145
"MEMORY_COPY","MEMORY_COPY_HOST_TO_DEVICE",1,"Agent 0","Agent 1",1149392,25689971309173,25689971314493
"MEMORY_COPY","MEMORY_COPY_HOST_TO_DEVICE",1,"Agent 0","Agent 1",1149407,25689971585506,25689971603987
"MEMORY_COPY","MEMORY_COPY_HOST_TO_DEVICE",1,"Agent 0","Agent 1",1149423,25689971708538,25689971721938
"MEMORY_COPY","MEMORY_COPY_DEVICE_TO_HOST",4,"Agent 1","Agent 0",1149431,25690059180955,25690059227076
"MEMORY_COPY","MEMORY_COPY_HOST_TO_DEVICE",1,"Agent 0","Agent 1",1149442,25690060018705,25690060023785
"MEMORY_COPY","MEMORY_COPY_HOST_TO_DEVICE",1,"Agent 0","Agent 1",1149457,25690060122816,25690060141416
"MEMORY_COPY","MEMORY_COPY_HOST_TO_DEVICE",1,"Agent 0","Agent 1",1149473,25690060252777,25690060263537
"MEMORY_COPY","MEMORY_COPY_DEVICE_TO_HOST",4,"Agent 1","Agent 0",1149481,25690147835995,25690147883835
"MEMORY_COPY","MEMORY_COPY_HOST_TO_DEVICE",1,"Agent 0","Agent 1",1149492,25690148783824,25690148789144
"MEMORY_COPY","MEMORY_COPY_HOST_TO_DEVICE",1,"Agent 0","Agent 1",1149507,25690148882755,25690148901396
"MEMORY_COPY","MEMORY_COPY_HOST_TO_DEVICE",1,"Agent 0","Agent 1",1149523,25690148999447,25690149013047
"MEMORY_COPY","MEMORY_COPY_DEVICE_TO_HOST",4,"Agent 1","Agent 0",1149531,25690236549478,25690236598239
"MEMORY_COPY","MEMORY_COPY_HOST_TO_DEVICE",1,"Agent 0","Agent 1",1149542,25690237426668,25690237431868
"MEMORY_COPY","MEMORY_COPY_HOST_TO_DEVICE",1,"Agent 0","Agent 1",1149557,25690237527609,25690237546129
"MEMORY_COPY","MEMORY_COPY_HOST_TO_DEVICE",1,"Agent 0","Agent 1",1149573,25690237647120,25690237658120
"MEMORY_COPY","MEMORY_COPY_DEVICE_TO_HOST",4,"Agent 1","Agent 0",1149581,25690325505726,25690325550207
"MEMORY_COPY","MEMORY_COPY_HOST_TO_DEVICE",1,"Agent 0","Agent 1",1149592,25690326480687,25690326486327
"MEMORY_COPY","MEMORY_COPY_HOST_TO_DEVICE",1,"Agent 0","Agent 1",1149607,25690326586828,25690326605509
"MEMORY_COPY","MEMORY_COPY_HOST_TO_DEVICE",1,"Agent 0","Agent 1",1149623,25690326708080,25690326720600
"MEMORY_COPY","MEMORY_COPY_DEVICE_TO_HOST",4,"Agent 1","Agent 0",1149631,25690414375466,25690414440147
"MEMORY_COPY","MEMORY_COPY_HOST_TO_DEVICE",1,"Agent 0","Agent 1",1149642,25690415484227,25690415489508
"MEMORY_COPY","MEMORY_COPY_HOST_TO_DEVICE",1,"Agent 0","Agent 1",1149657,25690415584959,25690415603919
"MEMORY_COPY","MEMORY_COPY_HOST_TO_DEVICE",1,"Agent 0","Agent 1",1149673,25690415761201,25690415772601
"MEMORY_COPY","MEMORY_COPY_DEVICE_TO_HOST",4,"Agent 1","Agent 0",1149681,25690503353196,25690503409957
"MEMORY_COPY","MEMORY_COPY_HOST_TO_DEVICE",1,"Agent 0","Agent 1",1149692,25690504273566,25690504278767
"MEMORY_COPY","MEMORY_COPY_HOST_TO_DEVICE",1,"Agent 0","Agent 1",1149707,25690504378328,25690504397208
"MEMORY_COPY","MEMORY_COPY_HOST_TO_DEVICE",1,"Agent 0","Agent 1",1149723,25690504499999,25690504510919
"MEMORY_COPY","MEMORY_COPY_DEVICE_TO_HOST",4,"Agent 1","Agent 0",1149731,25690592028417,25690592090458
"MEMORY_COPY","MEMORY_COPY_HOST_TO_DEVICE",1,"Agent 0","Agent 1",1149742,25690592924487,25690592929847
"MEMORY_COPY","MEMORY_COPY_HOST_TO_DEVICE",1,"Agent 0","Agent 1",1149757,25690593181680,25690593200480
"MEMORY_COPY","MEMORY_COPY_HOST_TO_DEVICE",1,"Agent 0","Agent 1",1149773,25690593298351,25690593309831
"MEMORY_COPY","MEMORY_COPY_DEVICE_TO_HOST",4,"Agent 1","Agent 0",1149781,25690681037256,25690681106457
"MEMORY_COPY","MEMORY_COPY_HOST_TO_DEVICE",1,"Agent 0","Agent 1",1149792,25690682117007,25690682122127
"MEMORY_COPY","MEMORY_COPY_HOST_TO_DEVICE",1,"Agent 0","Agent 1",1149807,25690682217318,25690682236078
"MEMORY_COPY","MEMORY_COPY_HOST_TO_DEVICE",1,"Agent 0","Agent 1",1149823,25690682337460,25690682348260
"MEMORY_COPY","MEMORY_COPY_DEVICE_TO_HOST",4,"Agent 1","Agent 0",1149831,25690770074288,25690770136569
"MEMORY_COPY","MEMORY_COPY_HOST_TO_DEVICE",1,"Agent 0","Agent 1",1149842,25690771045769,25690771051049
"MEMORY_COPY","MEMORY_COPY_HOST_TO_DEVICE",1,"Agent 0","Agent 1",1149857,25690771152230,25690771170871
"MEMORY_COPY","MEMORY_COPY_HOST_TO_DEVICE",1,"Agent 0","Agent 1",1149873,25690771321552,25690771332912
"MEMORY_COPY","MEMORY_COPY_DEVICE_TO_HOST",4,"Agent 1","Agent 0",1149881,25690858902317,25690858954598
"MEMORY_COPY","MEMORY_COPY_HOST_TO_DEVICE",1,"Agent 0","Agent 1",1149892,25690859731406,25690859736646
"MEMORY_COPY","MEMORY_COPY_HOST_TO_DEVICE",1,"Agent 0","Agent 1",1149907,25690859829767,25690859848328
"MEMORY_COPY","MEMORY_COPY_HOST_TO_DEVICE",1,"Agent 0","Agent 1",1149923,25690859947639,25690859958519
"MEMORY_COPY","MEMORY_COPY_DEVICE_TO_HOST",4,"Agent 1","Agent 0",1149931,25690947560741,25690947608461
"MEMORY_COPY","MEMORY_COPY_HOST_TO_DEVICE",1,"Agent 0","Agent 1",1149942,25690948397388,25690948402628
"MEMORY_COPY","MEMORY_COPY_HOST_TO_DEVICE",1,"Agent 0","Agent 1",1149957,25690948511380,25690948529980
"MEMORY_COPY","MEMORY_COPY_HOST_TO_DEVICE",1,"Agent 0","Agent 1",1149973,25690948630572,25690948641612
"MEMORY_COPY","MEMORY_COPY_DEVICE_TO_HOST",4,"Agent 1","Agent 0",1149981,25691036252667,25691036303627
"MEMORY_COPY","MEMORY_COPY_HOST_TO_DEVICE",1,"Agent 0","Agent 1",1149992,25691037133567,25691037138847
"MEMORY_COPY","MEMORY_COPY_HOST_TO_DEVICE",1,"Agent 0","Agent 1",1150007,25691037239138,25691037257898
"MEMORY_COPY","MEMORY_COPY_HOST_TO_DEVICE",1,"Agent 0","Agent 1",1150023,25691037450350,25691037461750
"MEMORY_COPY","MEMORY_COPY_DEVICE_TO_HOST",4,"Agent 1","Agent 0",1150031,25691125057638,25691125108399
"MEMORY_COPY","MEMORY_COPY_HOST_TO_DEVICE",1,"Agent 0","Agent 1",1150042,25691125885298,25691125890458
"MEMORY_COPY","MEMORY_COPY_HOST_TO_DEVICE",1,"Agent 0","Agent 1",1150057,25691125984839,25691126003359
"MEMORY_COPY","MEMORY_COPY_HOST_TO_DEVICE",1,"Agent 0","Agent 1",1150073,25691126107290,25691126118130
"MEMORY_COPY","MEMORY_COPY_DEVICE_TO_HOST",4,"Agent 1","Agent 0",1150081,25691213838026,25691213890946
"MEMORY_COPY","MEMORY_COPY_HOST_TO_DEVICE",1,"Agent 0","Agent 1",1150092,25691214725770,25691214731010
"MEMORY_COPY","MEMORY_COPY_HOST_TO_DEVICE",1,"Agent 0","Agent 1",1150107,25691214964548,25691214983108
"MEMORY_COPY","MEMORY_COPY_HOST_TO_DEVICE",1,"Agent 0","Agent 1",1150123,25691215094279,25691215105200
"MEMORY_COPY","MEMORY_COPY_DEVICE_TO_HOST",4,"Agent 1","Agent 0",1150131,25691302669578,25691302718258
"MEMORY_COPY","MEMORY_COPY_HOST_TO_DEVICE",1,"Agent 0","Agent 1",1150142,25691303605068,25691303610308
"MEMORY_COPY","MEMORY_COPY_HOST_TO_DEVICE",1,"Agent 0","Agent 1",1150157,25691303708029,25691303726629
"MEMORY_COPY","MEMORY_COPY_HOST_TO_DEVICE",1,"Agent 0","Agent 1",1150173,25691303826311,25691303837271
"MEMORY_COPY","MEMORY_COPY_DEVICE_TO_HOST",4,"Agent 1","Agent 0",1150181,25691391520633,25691391569634
"MEMORY_COPY","MEMORY_COPY_HOST_TO_DEVICE",1,"Agent 0","Agent 1",1150192,25691392458614,25691392463974
"MEMORY_COPY","MEMORY_COPY_HOST_TO_DEVICE",1,"Agent 0","Agent 1",1150207,25691392559035,25691392577675
"MEMORY_COPY","MEMORY_COPY_HOST_TO_DEVICE",1,"Agent 0","Agent 1",1150223,25691392682166,25691392693207
"MEMORY_COPY","MEMORY_COPY_DEVICE_TO_HOST",4,"Agent 1","Agent 0",1150231,25691480483372,25691480543132
"MEMORY_COPY","MEMORY_COPY_HOST_TO_DEVICE",1,"Agent 0","Agent 1",1150242,25691481419153,25691481424313
"MEMORY_COPY","MEMORY_COPY_HOST_TO_DEVICE",1,"Agent 0","Agent 1",1150257,25691481523767,25691481542487
"MEMORY_COPY","MEMORY_COPY_HOST_TO_DEVICE",1,"Agent 0","Agent 1",1150273,25691481655742,25691481666903
"MEMORY_COPY","MEMORY_COPY_DEVICE_TO_HOST",4,"Agent 1","Agent 0",1150281,25691569386077,25691569453278
"MEMORY_COPY","MEMORY_COPY_HOST_TO_DEVICE",1,"Agent 0","Agent 1",1150292,25691570467019,25691570472259
"MEMORY_COPY","MEMORY_COPY_HOST_TO_DEVICE",1,"Agent 0","Agent 1",1150307,25691570569131,25691570587491
"MEMORY_COPY","MEMORY_COPY_HOST_TO_DEVICE",1,"Agent 0","Agent 1",1150323,25691570688882,25691570699682
"MEMORY_COPY","MEMORY_COPY_DEVICE_TO_HOST",4,"Agent 1","Agent 0",1150331,25691658123265,25691658167225
"MEMORY_COPY","MEMORY_COPY_HOST_TO_DEVICE",1,"Agent 0","Agent 1",1150342,25691658958704,25691658963984
"MEMORY_COPY","MEMORY_COPY_HOST_TO_DEVICE",1,"Agent 0","Agent 1",1150357,25691659060655,25691659079095
"MEMORY_COPY","MEMORY_COPY_HOST_TO_DEVICE",1,"Agent 0","Agent 1",1150373,25691659223917,25691659234837
"MEMORY_COPY","MEMORY_COPY_DEVICE_TO_HOST",4,"Agent 1","Agent 0",1150381,25691746658936,25691746704696
"MEMORY_COPY","MEMORY_COPY_HOST_TO_DEVICE",1,"Agent 0","Agent 1",1150392,25691747601748,25691747607068
"MEMORY_COPY","MEMORY_COPY_HOST_TO_DEVICE",1,"Agent 0","Agent 1",1150407,25691747705882,25691747724802
"MEMORY_COPY","MEMORY_COPY_HOST_TO_DEVICE",1,"Agent 0","Agent 1",1150423,25691747848817,25691747859417
"MEMORY_COPY","MEMORY_COPY_DEVICE_TO_HOST",4,"Agent 1","Agent 0",1150431,25691835154496,25691835202777
"MEMORY_COPY","MEMORY_COPY_HOST_TO_DEVICE",1,"Agent 0","Agent 1",1150442,25691836144457,25691836149657
"MEMORY_COPY","MEMORY_COPY_HOST_TO_DEVICE",1,"Agent 0","Agent 1",1150457,25691836383430,25691836402070
"MEMORY_COPY","MEMORY_COPY_HOST_TO_DEVICE",1,"Agent 0","Agent 1",1150473,25691836499481,25691836510481
"MEMORY_COPY","MEMORY_COPY_DEVICE_TO_HOST",4,"Agent 1","Agent 0",1150481,25691924095851,25691924155612
"MEMORY_COPY","MEMORY_COPY_HOST_TO_DEVICE",1,"Agent 0","Agent 1",1150492,25691925018592,25691925025232
"MEMORY_COPY","MEMORY_COPY_HOST_TO_DEVICE",1,"Agent 0","Agent 1",1150507,25691925207964,25691925231764
"MEMORY_COPY","MEMORY_COPY_HOST_TO_DEVICE",1,"Agent 0","Agent 1",1150523,25691925406896,25691925424936
"MEMORY_COPY","MEMORY_COPY_DEVICE_TO_HOST",4,"Agent 1","Agent 0",1150531,25692013241107,25692013314107
"MEMORY_COPY","MEMORY_COPY_HOST_TO_DEVICE",1,"Agent 0","Agent 1",1150542,25692014369262,25692014374462
"MEMORY_COPY","MEMORY_COPY_HOST_TO_DEVICE",1,"Agent 0","Agent 1",1150557,25692014474748,25692014493588
"MEMORY_COPY","MEMORY_COPY_HOST_TO_DEVICE",1,"Agent 0","Agent 1",1150573,25692014608339,25692014620619
"MEMORY_COPY","MEMORY_COPY_DEVICE_TO_HOST",4,"Agent 1","Agent 0",1150581,25692101930794,25692101990154
"MEMORY_COPY","MEMORY_COPY_HOST_TO_DEVICE",1,"Agent 0","Agent 1",1150592,25692103067256,25692103072376
"MEMORY_COPY","MEMORY_COPY_HOST_TO_DEVICE",1,"Agent 0","Agent 1",1150607,25692103172478,25692103191358
"MEMORY_COPY","MEMORY_COPY_HOST_TO_DEVICE",1,"Agent 0","Agent 1",1150623,25692103295349,25692103307389
"MEMORY_COPY","MEMORY_COPY_DEVICE_TO_HOST",4,"Agent 1","Agent 0",1150631,25692191041019,25692191093180
"MEMORY_COPY","MEMORY_COPY_HOST_TO_DEVICE",1,"Agent 0","Agent 1",1150642,25692191906029,25692191911309
"MEMORY_COPY","MEMORY_COPY_HOST_TO_DEVICE",1,"Agent 0","Agent 1",1150657,25692192017030,25692192035710
"MEMORY_COPY","MEMORY_COPY_HOST_TO_DEVICE",1,"Agent 0","Agent 1",1150673,25692192138981,25692192150421
"MEMORY_COPY","MEMORY_COPY_DEVICE_TO_HOST",4,"Agent 1","Agent 0",1150681,25692279642370,25692279699770
"MEMORY_COPY","MEMORY_COPY_HOST_TO_DEVICE",1,"Agent 0","Agent 1",1150692,25692280532089,25692280537329
"MEMORY_COPY","MEMORY_COPY_HOST_TO_DEVICE",1,"Agent 0","Agent 1",1150707,25692280633085,25692280651446
"MEMORY_COPY","MEMORY_COPY_HOST_TO_DEVICE",1,"Agent 0","Agent 1",1150723,25692280752068,25692280763068
"MEMORY_COPY","MEMORY_COPY_DEVICE_TO_HOST",4,"Agent 1","Agent 0",1150731,25692368283495,25692368345495
"MEMORY_COPY","MEMORY_COPY_HOST_TO_DEVICE",1,"Agent 0","Agent 1",1150742,25692369430548,25692369435948
"MEMORY_COPY","MEMORY_COPY_HOST_TO_DEVICE",1,"Agent 0","Agent 1",1150757,25692369548099,25692369566659
"MEMORY_COPY","MEMORY_COPY_HOST_TO_DEVICE",1,"Agent 0","Agent 1",1150773,25692369667670,25692369679030
"MEMORY_COPY","MEMORY_COPY_DEVICE_TO_HOST",4,"Agent 1","Agent 0",1150781,25692457195161,25692457241842
"MEMORY_COPY","MEMORY_COPY_HOST_TO_DEVICE",1,"Agent 0","Agent 1",1150792,25692457994510,25692457999710
"MEMORY_COPY","MEMORY_COPY_HOST_TO_DEVICE",1,"Agent 0","Agent 1",1150807,25692458241823,25692458260343
"MEMORY_COPY","MEMORY_COPY_HOST_TO_DEVICE",1,"Agent 0","Agent 1",1150823,25692458356484,25692458367444
"MEMORY_COPY","MEMORY_COPY_DEVICE_TO_HOST",4,"Agent 1","Agent 0",1150831,25692545805047,25692545851927
"MEMORY_COPY","MEMORY_COPY_HOST_TO_DEVICE",1,"Agent 0","Agent 1",1150842,25692546661763,25692546666923
"MEMORY_COPY","MEMORY_COPY_HOST_TO_DEVICE",1,"Agent 0","Agent 1",1150857,25692546761227,25692546779627
"MEMORY_COPY","MEMORY_COPY_HOST_TO_DEVICE",1,"Agent 0","Agent 1",1150873,25692546900137,25692546911657
"MEMORY_COPY","MEMORY_COPY_DEVICE_TO_HOST",4,"Agent 1","Agent 0",1150881,25692634406748,25692634454469
"MEMORY_COPY","MEMORY_COPY_HOST_TO_DEVICE",1,"Agent 0","Agent 1",1150892,25692635455280,25692635460440
"MEMORY_COPY","MEMORY_COPY_HOST_TO_DEVICE",1,"Agent 0","Agent 1",1150907,25692635555681,25692635574241
"MEMORY_COPY","MEMORY_COPY_HOST_TO_DEVICE",1,"Agent 0","Agent 1",1150923,25692635689133,25692635700013
"MEMORY_COPY","MEMORY_COPY_DEVICE_TO_HOST",4,"Agent 1","Agent 0",1150931,25692723166916,25692723211357
"MEMORY_COPY","MEMORY_COPY_HOST_TO_DEVICE",1,"Agent 0","Agent 1",1150942,25692724025086,25692724030166
"MEMORY_COPY","MEMORY_COPY_HOST_TO_DEVICE",1,"Agent 0","Agent 1",1150957,25692724125167,25692724143727
"MEMORY_COPY","MEMORY_COPY_HOST_TO_DEVICE",1,"Agent 0","Agent 1",1150973,25692724251448,25692724262568
"MEMORY_COPY","MEMORY_COPY_DEVICE_TO_HOST",4,"Agent 1","Agent 0",1150981,25692811851383,25692811914583
"MEMORY_COPY","MEMORY_COPY_HOST_TO_DEVICE",1,"Agent 0","Agent 1",1150992,25692812743796,25692812748956
"MEMORY_COPY","MEMORY_COPY_HOST_TO_DEVICE",1,"Agent 0","Agent 1",1151007,25692812845374,25692812863654
"MEMORY_COPY","MEMORY_COPY_HOST_TO_DEVICE",1,"Agent 0","Agent 1",1151023,25692812964236,25692812975196
"MEMORY_COPY","MEMORY_COPY_DEVICE_TO_HOST",4,"Agent 1","Agent 0",1151031,25692900372654,25692900423575
"MEMORY_COPY","MEMORY_COPY_HOST_TO_DEVICE",1,"Agent 0","Agent 1",1151042,25692901289514,25692901294634
"MEMORY_COPY","MEMORY_COPY_HOST_TO_DEVICE",1,"Agent 0","Agent 1",1151057,25692901417116,25692901435756
"MEMORY_COPY","MEMORY_COPY_HOST_TO_DEVICE",1,"Agent 0","Agent 1",1151073,25692901568487,25692901580288
"MEMORY_COPY","MEMORY_COPY_DEVICE_TO_HOST",4,"Agent 1","Agent 0",1151081,25692989017905,25692989064986
"MEMORY_COPY","MEMORY_COPY_HOST_TO_DEVICE",1,"Agent 0","Agent 1",1151092,25692989977586,25692989982786
"MEMORY_COPY","MEMORY_COPY_HOST_TO_DEVICE",1,"Agent 0","Agent 1",1151107,25692990083547,25692990102108
"MEMORY_COPY","MEMORY_COPY_HOST_TO_DEVICE",1,"Agent 0","Agent 1",1151123,25692990201209,25692990212169
"MEMORY_COPY","MEMORY_COPY_DEVICE_TO_HOST",4,"Agent 1","Agent 0",1151131,25693077922875,25693077974795
"MEMORY_COPY","MEMORY_COPY_HOST_TO_DEVICE",1,"Agent 0","Agent 1",1151142,25693078796384,25693078801584
"MEMORY_COPY","MEMORY_COPY_HOST_TO_DEVICE",1,"Agent 0","Agent 1",1151157,25693079035743,25693079054423
"MEMORY_COPY","MEMORY_COPY_HOST_TO_DEVICE",1,"Agent 0","Agent 1",1151173,25693079164653,25693079175533
"MEMORY_COPY","MEMORY_COPY_DEVICE_TO_HOST",4,"Agent 1","Agent 0",1151181,25693166776427,25693166821228
"MEMORY_COPY","MEMORY_COPY_HOST_TO_DEVICE",1,"Agent 0","Agent 1",1151192,25693167622417,25693167627697
"MEMORY_COPY","MEMORY_COPY_HOST_TO_DEVICE",1,"Agent 0","Agent 1",1151207,25693167720558,25693167739118
"MEMORY_COPY","MEMORY_COPY_HOST_TO_DEVICE",1,"Agent 0","Agent 1",1151223,25693167838269,25693167849109
"MEMORY_COPY","MEMORY_COPY_DEVICE_TO_HOST",4,"Agent 1","Agent 0",1151231,25693255457245,25693255516566
"MEMORY_COPY","MEMORY_COPY_HOST_TO_DEVICE",1,"Agent 0","Agent 1",1151242,25693256489266,25693256494867
"MEMORY_COPY","MEMORY_COPY_HOST_TO_DEVICE",1,"Agent 0","Agent 1",1151257,25693256607788,25693256626428
"MEMORY_COPY","MEMORY_COPY_HOST_TO_DEVICE",1,"Agent 0","Agent 1",1151273,25693256727199,25693256738439
"MEMORY_COPY","MEMORY_COPY_DEVICE_TO_HOST",4,"Agent 1","Agent 0",1151281,25693344318043,25693344365163
"MEMORY_COPY","MEMORY_COPY_HOST_TO_DEVICE",1,"Agent 0","Agent 1",1151292,25693345152978,25693345158258
"MEMORY_COPY","MEMORY_COPY_HOST_TO_DEVICE",1,"Agent 0","Agent 1",1151307,25693345252051,25693345270651
"MEMORY_COPY","MEMORY_COPY_HOST_TO_DEVICE",1,"Agent 0","Agent 1",1151323,25693345370261,25693345381221
"MEMORY_COPY","MEMORY_COPY_DEVICE_TO_HOST",4,"Agent 1","Agent 0",1151331,25693433044247,25693433088847
"MEMORY_COPY","MEMORY_COPY_HOST_TO_DEVICE",1,"Agent 0","Agent 1",1151342,25693433870056,25693433875736
"MEMORY_COPY","MEMORY_COPY_HOST_TO_DEVICE",1,"Agent 0","Agent 1",1151357,25693433983497,25693434002018
"MEMORY_COPY","MEMORY_COPY_HOST_TO_DEVICE",1,"Agent 0","Agent 1",1151373,25693434110219,25693434122139
"MEMORY_COPY","MEMORY_COPY_DEVICE_TO_HOST",4,"Agent 1","Agent 0",1151381,25693521560548,25693521615749
"MEMORY_COPY","MEMORY_COPY_HOST_TO_DEVICE",1,"Agent 0","Agent 1",1151392,25693522552639,25693522557719
"MEMORY_COPY","MEMORY_COPY_HOST_TO_DEVICE",1,"Agent 0","Agent 1",1151407,25693522656430,25693522674950
"MEMORY_COPY","MEMORY_COPY_HOST_TO_DEVICE",1,"Agent 0","Agent 1",1151423,25693522774602,25693522785522
"MEMORY_COPY","MEMORY_COPY_DEVICE_TO_HOST",4,"Agent 1","Agent 0",1151431,25693610406238,25693610458518
"MEMORY_COPY","MEMORY_COPY_HOST_TO_DEVICE",1,"Agent 0","Agent 1",1151442,25693611248767,25693611254007
"MEMORY_COPY","MEMORY_COPY_HOST_TO_DEVICE",1,"Agent 0","Agent 1",1151457,25693611350625,25693611369225
"MEMORY_COPY","MEMORY_COPY_HOST_TO_DEVICE",1,"Agent 0","Agent 1",1151473,25693611469246,25693611480206
"MEMORY_COPY","MEMORY_COPY_DEVICE_TO_HOST",4,"Agent 1","Agent 0",1151481,25693699028887,25693699091488
"MEMORY_COPY","MEMORY_COPY_HOST_TO_DEVICE",1,"Agent 0","Agent 1",1151492,25693700137030,25693700142430
"MEMORY_COPY","MEMORY_COPY_HOST_TO_DEVICE",1,"Agent 0","Agent 1",1151507,25693700451133,25693700469813
"MEMORY_COPY","MEMORY_COPY_HOST_TO_DEVICE",1,"Agent 0","Agent 1",1151523,25693700567704,25693700578345
"MEMORY_COPY","MEMORY_COPY_DEVICE_TO_HOST",4,"Agent 1","Agent 0",1151531,25693788063578,25693788115258
"MEMORY_COPY","MEMORY_COPY_HOST_TO_DEVICE",1,"Agent 0","Agent 1",1151542,25693789086649,25693789091889
"MEMORY_COPY","MEMORY_COPY_HOST_TO_DEVICE",1,"Agent 0","Agent 1",1151557,25693789205181,25693789223861
"MEMORY_COPY","MEMORY_COPY_HOST_TO_DEVICE",1,"Agent 0","Agent 1",1151573,25693789327452,25693789339132
"MEMORY_COPY","MEMORY_COPY_DEVICE_TO_HOST",4,"Agent 1","Agent 0",1151581,25693877052450,25693877109690
"MEMORY_COPY","MEMORY_COPY_HOST_TO_DEVICE",1,"Agent 0","Agent 1",1151592,25693877969602,25693877974762
"MEMORY_COPY","MEMORY_COPY_HOST_TO_DEVICE",1,"Agent 0","Agent 1",1151607,25693878082752,25693878101552
"MEMORY_COPY","MEMORY_COPY_HOST_TO_DEVICE",1,"Agent 0","Agent 1",1151623,25693878207375,25693878219175
"MEMORY_COPY","MEMORY_COPY_DEVICE_TO_HOST",4,"Agent 1","Agent 0",1151631,25693965810736,25693965875897
"MEMORY_COPY","MEMORY_COPY_HOST_TO_DEVICE",1,"Agent 0","Agent 1",1151642,25693966812998,25693966818198
"MEMORY_COPY","MEMORY_COPY_HOST_TO_DEVICE",1,"Agent 0","Agent 1",1151657,25693966923069,25693966941669
"MEMORY_COPY","MEMORY_COPY_HOST_TO_DEVICE",1,"Agent 0","Agent 1",1151673,25693967047520,25693967059240
"MEMORY_COPY","MEMORY_COPY_DEVICE_TO_HOST",4,"Agent 1","Agent 0",1151681,25694054609166,25694054658047
"MEMORY_COPY","MEMORY_COPY_HOST_TO_DEVICE",1,"Agent 0","Agent 1",1151692,25694055571927,25694055577167
"MEMORY_COPY","MEMORY_COPY_HOST_TO_DEVICE",1,"Agent 0","Agent 1",1151707,25694055669918,25694055688359
"MEMORY_COPY","MEMORY_COPY_HOST_TO_DEVICE",1,"Agent 0","Agent 1",1151723,25694055803140,25694055814420
"MEMORY_COPY","MEMORY_COPY_DEVICE_TO_HOST",4,"Agent 1","Agent 0",1151731,25694143579627,25694143647227
"MEMORY_COPY","MEMORY_COPY_HOST_TO_DEVICE",1,"Agent 0","Agent 1",1151742,25694144524251,25694144529371
"MEMORY_COPY","MEMORY_COPY_HOST_TO_DEVICE",1,"Agent 0","Agent 1",1151757,25694144641323,25694144662363
"MEMORY_COPY","MEMORY_COPY_HOST_TO_DEVICE",1,"Agent 0","Agent 1",1151773,25694144786021,25694144798501
"MEMORY_COPY","MEMORY_COPY_DEVICE_TO_HOST",4,"Agent 1","Agent 0",1151781,25694232295387,25694232342707
"MEMORY_COPY","MEMORY_COPY_HOST_TO_DEVICE",1,"Agent 0","Agent 1",1151792,25694233171347,25694233176707
"MEMORY_COPY","MEMORY_COPY_HOST_TO_DEVICE",1,"Agent 0","Agent 1",1151807,25694233269848,25694233288448
"MEMORY_COPY","MEMORY_COPY_HOST_TO_DEVICE",1,"Agent 0","Agent 1",1151823,25694233389169,25694233401009
"MEMORY_COPY","MEMORY_COPY_DEVICE_TO_HOST",4,"Agent 1","Agent 0",1151831,25694320969870,25694321040911
"MEMORY_COPY","MEMORY_COPY_HOST_TO_DEVICE",1,"Agent 0","Agent 1",1151842,25694322074542,25694322079822
"MEMORY_COPY","MEMORY_COPY_HOST_TO_DEVICE",1,"Agent 0","Agent 1",1151857,25694322325845,25694322344445
"MEMORY_COPY","MEMORY_COPY_HOST_TO_DEVICE",1,"Agent 0","Agent 1",1151873,25694322451667,25694322463107
"MEMORY_COPY","MEMORY_COPY_DEVICE_TO_HOST",4,"Agent 1","Agent 0",1151881,25694410225388,25694410271028
"MEMORY_COPY","MEMORY_COPY_HOST_TO_DEVICE",1,"Agent 0","Agent 1",1151892,25694411031710,25694411036870
"MEMORY_COPY","MEMORY_COPY_HOST_TO_DEVICE",1,"Agent 0","Agent 1",1151907,25694411132105,25694411150626
"MEMORY_COPY","MEMORY_COPY_HOST_TO_DEVICE",1,"Agent 0","Agent 1",1151923,25694411250547,25694411261747
"MEMORY_COPY","MEMORY_COPY_DEVICE_TO_HOST",4,"Agent 1","Agent 0",1151931,25694498787696,25694498839737
"MEMORY_COPY","MEMORY_COPY_HOST_TO_DEVICE",1,"Agent 0","Agent 1",1151942,25694499700006,25694499705326
"MEMORY_COPY","MEMORY_COPY_HOST_TO_DEVICE",1,"Agent 0","Agent 1",1151957,25694499802397,25694499821358
"MEMORY_COPY","MEMORY_COPY_HOST_TO_DEVICE",1,"Agent 0","Agent 1",1151973,25694499931399,25694499942399
"MEMORY_COPY","MEMORY_COPY_DEVICE_TO_HOST",4,"Agent 1","Agent 0",1151981,25694587542929,25694587593569
"MEMORY_COPY","MEMORY_COPY_HOST_TO_DEVICE",1,"Agent 0","Agent 1",1151992,25694588407078,25694588412238
"MEMORY_COPY","MEMORY_COPY_HOST_TO_DEVICE",1,"Agent 0","Agent 1",1152007,25694588507870,25694588526390
"MEMORY_COPY","MEMORY_COPY_HOST_TO_DEVICE",1,"Agent 0","Agent 1",1152023,25694588625861,25694588636701
"MEMORY_COPY","MEMORY_COPY_DEVICE_TO_HOST",4,"Agent 1","Agent 0",1152031,25694676343874,25694676392474
"MEMORY_COPY","MEMORY_COPY_HOST_TO_DEVICE",1,"Agent 0","Agent 1",1152042,25694677189767,25694677194927
"MEMORY_COPY","MEMORY_COPY_HOST_TO_DEVICE",1,"Agent 0","Agent 1",1152057,25694677288379,25694677307019
"MEMORY_COPY","MEMORY_COPY_HOST_TO_DEVICE",1,"Agent 0","Agent 1",1152073,25694677405948,25694677416828
"MEMORY_COPY","MEMORY_COPY_DEVICE_TO_HOST",4,"Agent 1","Agent 0",1152081,25694764933458,25694764981218
"MEMORY_COPY","MEMORY_COPY_HOST_TO_DEVICE",1,"Agent 0","Agent 1",1152092,25694765759987,25694765765227
"MEMORY_COPY","MEMORY_COPY_HOST_TO_DEVICE",1,"Agent 0","Agent 1",1152107,25694765861698,25694765880418
"MEMORY_COPY","MEMORY_COPY_HOST_TO_DEVICE",1,"Agent 0","Agent 1",1152123,25694765984350,25694765996670
"MEMORY_COPY","MEMORY_COPY_DEVICE_TO_HOST",4,"Agent 1","Agent 0",1152131,25694853476022,25694853523303
"MEMORY_COPY","MEMORY_COPY_HOST_TO_DEVICE",1,"Agent 0","Agent 1",1152142,25694854338962,25694854344282
"MEMORY_COPY","MEMORY_COPY_HOST_TO_DEVICE",1,"Agent 0","Agent 1",1152157,25694854438563,25694854456883
"MEMORY_COPY","MEMORY_COPY_HOST_TO_DEVICE",1,"Agent 0","Agent 1",1152173,25694854556524,25694854567764
"MEMORY_COPY","MEMORY_COPY_DEVICE_TO_HOST",4,"Agent 1","Agent 0",1152181,25694942298249,25694942344569
"MEMORY_COPY","MEMORY_COPY_HOST_TO_DEVICE",1,"Agent 0","Agent 1",1152192,25694943279423,25694943284423
"MEMORY_COPY","MEMORY_COPY_HOST_TO_DEVICE",1,"Agent 0","Agent 1",1152207,25694943515427,25694943533987
"MEMORY_COPY","MEMORY_COPY_HOST_TO_DEVICE",1,"Agent 0","Agent 1",1152223,25694943629709,25694943640709
"MEMORY_COPY","MEMORY_COPY_DEVICE_TO_HOST",4,"Agent 1","Agent 0",1152231,25695031326610,25695031375491
"MEMORY_COPY","MEMORY_COPY_HOST_TO_DEVICE",1,"Agent 0","Agent 1",1152242,25695032206970,25695032212210
"MEMORY_COPY","MEMORY_COPY_HOST_TO_DEVICE",1,"Agent 0","Agent 1",1152257,25695032308351,25695032326991
"MEMORY_COPY","MEMORY_COPY_HOST_TO_DEVICE",1,"Agent 0","Agent 1",1152273,25695032426312,25695032437273
"MEMORY_COPY","MEMORY_COPY_DEVICE_TO_HOST",4,"Agent 1","Agent 0",1152281,25695119865464,25695119917665
"MEMORY_COPY","MEMORY_COPY_HOST_TO_DEVICE",1,"Agent 0","Agent 1",1152292,25695120734154,25695120739274
"MEMORY_COPY","MEMORY_COPY_HOST_TO_DEVICE",1,"Agent 0","Agent 1",1152307,25695120832225,25695120850985
"MEMORY_COPY","MEMORY_COPY_HOST_TO_DEVICE",1,"Agent 0","Agent 1",1152323,25695120954357,25695120965677
"MEMORY_COPY","MEMORY_COPY_DEVICE_TO_HOST",4,"Agent 1","Agent 0",1152331,25695208590649,25695208638929
"MEMORY_COPY","MEMORY_COPY_HOST_TO_DEVICE",1,"Agent 0","Agent 1",1152342,25695209590879,25695209596479
"MEMORY_COPY","MEMORY_COPY_HOST_TO_DEVICE",1,"Agent 0","Agent 1",1152357,25695209709880,25695209729361
"MEMORY_COPY","MEMORY_COPY_HOST_TO_DEVICE",1,"Agent 0","Agent 1",1152373,25695209830782,25695209841902
"MEMORY_COPY","MEMORY_COPY_DEVICE_TO_HOST",4,"Agent 1","Agent 0",1152381,25695297433180,25695297484821
"MEMORY_COPY","MEMORY_COPY_HOST_TO_DEVICE",1,"Agent 0","Agent 1",1152392,25695298363691,25695298369051
"MEMORY_COPY","MEMORY_COPY_HOST_TO_DEVICE",1,"Agent 0","Agent 1",1152407,25695298465760,25695298484400
"MEMORY_COPY","MEMORY_COPY_HOST_TO_DEVICE",1,"Agent 0","Agent 1",1152423,25695298591555,25695298603075
"MEMORY_COPY","MEMORY_COPY_DEVICE_TO_HOST",4,"Agent 1","Agent 0",1152431,25695386099055,25695386144695
"MEMORY_COPY","MEMORY_COPY_HOST_TO_DEVICE",1,"Agent 0","Agent 1",1152442,25695386937824,25695386942984
"MEMORY_COPY","MEMORY_COPY_HOST_TO_DEVICE",1,"Agent 0","Agent 1",1152457,25695387051195,25695387069555
"MEMORY_COPY","MEMORY_COPY_HOST_TO_DEVICE",1,"Agent 0","Agent 1",1152473,25695387168447,25695387179367
"MEMORY_COPY","MEMORY_COPY_DEVICE_TO_HOST",4,"Agent 1","Agent 0",1152481,25695475001146,25695475059947
"MEMORY_COPY","MEMORY_COPY_HOST_TO_DEVICE",1,"Agent 0","Agent 1",1152492,25695476096457,25695476101857
"MEMORY_COPY","MEMORY_COPY_HOST_TO_DEVICE",1,"Agent 0","Agent 1",1152507,25695476206048,25695476224729
"MEMORY_COPY","MEMORY_COPY_HOST_TO_DEVICE",1,"Agent 0","Agent 1",1152523,25695476339210,25695476350490
"MEMORY_COPY","MEMORY_COPY_DEVICE_TO_HOST",4,"Agent 1","Agent 0",1152531,25695563946234,25695563995714
"MEMORY_COPY","MEMORY_COPY_HOST_TO_DEVICE",1,"Agent 0","Agent 1",1152542,25695564766113,25695564771353
"MEMORY_COPY","MEMORY_COPY_HOST_TO_DEVICE",1,"Agent 0","Agent 1",1152557,25695565000915,25695565019956
"MEMORY_COPY","MEMORY_COPY_HOST_TO_DEVICE",1,"Agent 0","Agent 1",1152573,25695565117437,25695565128277
"MEMORY_COPY","MEMORY_COPY_DEVICE_TO_HOST",4,"Agent 1","Agent 0",1152581,25695652622283,25695652671164
"MEMORY_COPY","MEMORY_COPY_HOST_TO_DEVICE",1,"Agent 0","Agent 1",1152592,25695653466433,25695653471553
"MEMORY_COPY","MEMORY_COPY_HOST_TO_DEVICE",1,"Agent 0","Agent 1",1152607,25695653564924,25695653583244
"MEMORY_COPY","MEMORY_COPY_HOST_TO_DEVICE",1,"Agent 0","Agent 1",1152623,25695653681235,25695653692355
"MEMORY_COPY","MEMORY_COPY_DEVICE_TO_HOST",4,"Agent 1","Agent 0",1152631,25695741183064,25695741232144
"MEMORY_COPY","MEMORY_COPY_HOST_TO_DEVICE",1,"Agent 0","Agent 1",1152642,25695742220194,25695742225474
"MEMORY_COPY","MEMORY_COPY_HOST_TO_DEVICE",1,"Agent 0","Agent 1",1152657,25695742319686,25695742338166
"MEMORY_COPY","MEMORY_COPY_HOST_TO_DEVICE",1,"Agent 0","Agent 1",1152673,25695742448517,25695742459637
"MEMORY_COPY","MEMORY_COPY_DEVICE_TO_HOST",4,"Agent 1","Agent 0",1152681,25695830293862,25695830343783
"MEMORY_COPY","MEMORY_COPY_HOST_TO_DEVICE",1,"Agent 0","Agent 1",1152692,25695831156182,25695831161302
"MEMORY_COPY","MEMORY_COPY_HOST_TO_DEVICE",1,"Agent 0","Agent 1",1152707,25695831257543,25695831275903
"MEMORY_COPY","MEMORY_COPY_HOST_TO_DEVICE",1,"Agent 0","Agent 1",1152723,25695831375904,25695831386704
"MEMORY_COPY","MEMORY_COPY_DEVICE_TO_HOST",4,"Agent 1","Agent 0",1152731,25695918904310,25695918961831
"MEMORY_COPY","MEMORY_COPY_HOST_TO_DEVICE",1,"Agent 0","Agent 1",1152742,25695919781800,25695919787040
"MEMORY_COPY","MEMORY_COPY_HOST_TO_DEVICE",1,"Agent 0","Agent 1",1152757,25695919886931,25695919905451
"MEMORY_COPY","MEMORY_COPY_HOST_TO_DEVICE",1,"Agent 0","Agent 1",1152773,25695920012553,25695920025753
"MEMORY_COPY","MEMORY_COPY_DEVICE_TO_HOST",4,"Agent 1","Agent 0",1152781,25696007428161,25696007474681
"MEMORY_COPY","MEMORY_COPY_HOST_TO_DEVICE",1,"Agent 0","Agent 1",1152792,25696008407901,25696008412981
"MEMORY_COPY","MEMORY_COPY_HOST_TO_DEVICE",1,"Agent 0","Agent 1",1152807,25696008507742,25696008526262
"MEMORY_COPY","MEMORY_COPY_HOST_TO_DEVICE",1,"Agent 0","Agent 1",1152823,25696008624873,25696008635513
"MEMORY_COPY","MEMORY_COPY_DEVICE_TO_HOST",4,"Agent 1","Agent 0",1152831,25696096324978,25696096369339
"MEMORY_COPY","MEMORY_COPY_HOST_TO_DEVICE",1,"Agent 0","Agent 1",1152842,25696097167958,25696097173038
"MEMORY_COPY","MEMORY_COPY_HOST_TO_DEVICE",1,"Agent 0","Agent 1",1152857,25696097267399,25696097285999
"MEMORY_COPY","MEMORY_COPY_HOST_TO_DEVICE",1,"Agent 0","Agent 1",1152873,25696097384660,25696097395340
"MEMORY_COPY","MEMORY_COPY_DEVICE_TO_HOST",4,"Agent 1","Agent 0",1152881,25696184999403,25696185047084
"MEMORY_COPY","MEMORY_COPY_HOST_TO_DEVICE",1,"Agent 0","Agent 1",1152892,25696185931443,25696185936603
"MEMORY_COPY","MEMORY_COPY_HOST_TO_DEVICE",1,"Agent 0","Agent 1",1152907,25696186172276,25696186190596
"MEMORY_COPY","MEMORY_COPY_HOST_TO_DEVICE",1,"Agent 0","Agent 1",1152923,25696186287857,25696186298817
"MEMORY_COPY","MEMORY_COPY_DEVICE_TO_HOST",4,"Agent 1","Agent 0",1152931,25696273765345,25696273810345
"MEMORY_COPY","MEMORY_COPY_HOST_TO_DEVICE",1,"Agent 0","Agent 1",1152942,25696274731235,25696274736315
"MEMORY_COPY","MEMORY_COPY_HOST_TO_DEVICE",1,"Agent 0","Agent 1",1152957,25696274829386,25696274847786
"MEMORY_COPY","MEMORY_COPY_HOST_TO_DEVICE",1,"Agent 0","Agent 1",1152973,25696274946887,25696274957727
"MEMORY_COPY","MEMORY_COPY_DEVICE_TO_HOST",4,"Agent 1","Agent 0",1152981,25696362598428,25696362652188
"MEMORY_COPY","MEMORY_COPY_HOST_TO_DEVICE",1,"Agent 0","Agent 1",1152992,25696363554158,25696363559398
"MEMORY_COPY","MEMORY_COPY_HOST_TO_DEVICE",1,"Agent 0","Agent 1",1153007,25696363653269,25696363672190
"MEMORY_COPY","MEMORY_COPY_HOST_TO_DEVICE",1,"Agent 0","Agent 1",1153023,25696363778801,25696363790561
"MEMORY_COPY","MEMORY_COPY_DEVICE_TO_HOST",4,"Agent 1","Agent 0",1153031,25696451392269,25696451438510
"MEMORY_COPY","MEMORY_COPY_HOST_TO_DEVICE",1,"Agent 0","Agent 1",1153042,25696452225758,25696452230918
"MEMORY_COPY","MEMORY_COPY_HOST_TO_DEVICE",1,"Agent 0","Agent 1",1153057,25696452323219,25696452341740
"MEMORY_COPY","MEMORY_COPY_HOST_TO_DEVICE",1,"Agent 0","Agent 1",1153073,25696452438941,25696452450021
"MEMORY_COPY","MEMORY_COPY_DEVICE_TO_HOST",4,"Agent 1","Agent 0",1153081,25696539946037,25696540004917
"MEMORY_COPY","MEMORY_COPY_HOST_TO_DEVICE",1,"Agent 0","Agent 1",1153092,25696540928900,25696540934260
"MEMORY_COPY","MEMORY_COPY_HOST_TO_DEVICE",1,"Agent 0","Agent 1",1153107,25696541041208,25696541059528
"MEMORY_COPY","MEMORY_COPY_HOST_TO_DEVICE",1,"Agent 0","Agent 1",1153123,25696541160811,25696541171771
"MEMORY_COPY","MEMORY_COPY_DEVICE_TO_HOST",4,"Agent 1","Agent 0",1153131,25696628611263,25696628658904
"MEMORY_COPY","MEMORY_COPY_HOST_TO_DEVICE",1,"Agent 0","Agent 1",1153142,25696629540164,25696629545404
"MEMORY_COPY","MEMORY_COPY_HOST_TO_DEVICE",1,"Agent 0","Agent 1",1153157,25696629707036,25696629725876
"MEMORY_COPY","MEMORY_COPY_HOST_TO_DEVICE",1,"Agent 0","Agent 1",1153173,25696629823127,25696629833967
"MEMORY_COPY","MEMORY_COPY_DEVICE_TO_HOST",4,"Agent 1","Agent 0",1153181,25696717478234,25696717523395
"MEMORY_COPY","MEMORY_COPY_HOST_TO_DEVICE",1,"Agent 0","Agent 1",1153192,25696718367834,25696718373154
"MEMORY_COPY","MEMORY_COPY_HOST_TO_DEVICE",1,"Agent 0","Agent 1",1153207,25696718464615,25696718483255
"MEMORY_COPY","MEMORY_COPY_HOST_TO_DEVICE",1,"Agent 0","Agent 1",1153223,25696718589516,25696718600677
"MEMORY_COPY","MEMORY_COPY_DEVICE_TO_HOST",4,"Agent 1","Agent 0",1153231,25696806218426,25696806265106
"MEMORY_COPY","MEMORY_COPY_HOST_TO_DEVICE",1,"Agent 0","Agent 1",1153242,25696807092005,25696807097325
"MEMORY_COPY","MEMORY_COPY_HOST_TO_DEVICE",1,"Agent 0","Agent 1",1153257,25696807331033,25696807349433
"MEMORY_COPY","MEMORY_COPY_HOST_TO_DEVICE",1,"Agent 0","Agent 1",1153273,25696807446550,25696807458670
"MEMORY_COPY","MEMORY_COPY_DEVICE_TO_HOST",4,"Agent 1","Agent 0",1153281,25696894929750,25696894980191
"MEMORY_COPY","MEMORY_COPY_HOST_TO_DEVICE",1,"Agent 0","Agent 1",1153292,25696895869920,25696895875041
"MEMORY_COPY","MEMORY_COPY_HOST_TO_DEVICE",1,"Agent 0","Agent 1",1153307,25696895969062,25696895987622
"MEMORY_COPY","MEMORY_COPY_HOST_TO_DEVICE",1,"Agent 0","Agent 1",1153323,25696896098983,25696896109943
"MEMORY_COPY","MEMORY_COPY_DEVICE_TO_HOST",4,"Agent 1","Agent 0",1153331,25696983551125,25696983599046
"MEMORY_COPY","MEMORY_COPY_HOST_TO_DEVICE",1,"Agent 0","Agent 1",1153342,25696984437955,25696984443275
"MEMORY_COPY","MEMORY_COPY_HOST_TO_DEVICE",1,"Agent 0","Agent 1",1153357,25696984542056,25696984560937
"MEMORY_COPY","MEMORY_COPY_HOST_TO_DEVICE",1,"Agent 0","Agent 1",1153373,25696984662658,25696984674058
"MEMORY_COPY","MEMORY_COPY_DEVICE_TO_HOST",4,"Agent 1","Agent 0",1153381,25697072195806,25697072241246
"MEMORY_COPY","MEMORY_COPY_HOST_TO_DEVICE",1,"Agent 0","Agent 1",1153392,25697073026296,25697073031536
"MEMORY_COPY","MEMORY_COPY_HOST_TO_DEVICE",1,"Agent 0","Agent 1",1153407,25697073124406,25697073142686
"MEMORY_COPY","MEMORY_COPY_HOST_TO_DEVICE",1,"Agent 0","Agent 1",1153423,25697073240142,25697073251062
"MEMORY_COPY","MEMORY_COPY_DEVICE_TO_HOST",4,"Agent 1","Agent 0",1153431,25697160880078,25697160934398
"MEMORY_COPY","MEMORY_COPY_HOST_TO_DEVICE",1,"Agent 0","Agent 1",1153442,25697161876839,25697161882039
"MEMORY_COPY","MEMORY_COPY_HOST_TO_DEVICE",1,"Agent 0","Agent 1",1153457,25697161974140,25697161992740
"MEMORY_COPY","MEMORY_COPY_HOST_TO_DEVICE",1,"Agent 0","Agent 1",1153473,25697162102901,25697162113821
"MEMORY_COPY","MEMORY_COPY_DEVICE_TO_HOST",4,"Agent 1","Agent 0",1153481,25697249596565,25697249647765
"MEMORY_COPY","MEMORY_COPY_HOST_TO_DEVICE",1,"Agent 0","Agent 1",1153492,25697250515325,25697250520485
"MEMORY_COPY","MEMORY_COPY_HOST_TO_DEVICE",1,"Agent 0","Agent 1",1153507,25697250618176,25697250637136
"MEMORY_COPY","MEMORY_COPY_HOST_TO_DEVICE",1,"Agent 0","Agent 1",1153523,25697250736888,25697250748208
"MEMORY_COPY","MEMORY_COPY_DEVICE_TO_HOST",4,"Agent 1","Agent 0",1153531,25697338259971,25697338314851
"MEMORY_COPY","MEMORY_COPY_HOST_TO_DEVICE",1,"Agent 0","Agent 1",1153542,25697339146048,25697339151208
"MEMORY_COPY","MEMORY_COPY_HOST_TO_DEVICE",1,"Agent 0","Agent 1",1153557,25697339244358,25697339262719
"MEMORY_COPY","MEMORY_COPY_HOST_TO_DEVICE",1,"Agent 0","Agent 1",1153573,25697339361427,25697339372467
"MEMORY_COPY","MEMORY_COPY_DEVICE_TO_HOST",4,"Agent 1","Agent 0",1153581,25697427014032,25697427060793
"MEMORY_COPY","MEMORY_COPY_HOST_TO_DEVICE",1,"Agent 0","Agent 1",1153592,25697427968173,25697427973533
"MEMORY_COPY","MEMORY_COPY_HOST_TO_DEVICE",1,"Agent 0","Agent 1",1153607,25697428206995,25697428225556
"MEMORY_COPY","MEMORY_COPY_HOST_TO_DEVICE",1,"Agent 0","Agent 1",1153623,25697428319647,25697428330527
"MEMORY_COPY","MEMORY_COPY_DEVICE_TO_HOST",4,"Agent 1","Agent 0",1153631,25697515951811,25697516011771
"MEMORY_COPY","MEMORY_COPY_HOST_TO_DEVICE",1,"Agent 0","Agent 1",1153642,25697516838391,25697516843911
"MEMORY_COPY","MEMORY_COPY_HOST_TO_DEVICE",1,"Agent 0","Agent 1",1153657,25697516941102,25697516960182
"MEMORY_COPY","MEMORY_COPY_HOST_TO_DEVICE",1,"Agent 0","Agent 1",1153673,25697517070943,25697517083583
"MEMORY_COPY","MEMORY_COPY_DEVICE_TO_HOST",4,"Agent 1","Agent 0",1153681,25697604683408,25697604739488
"MEMORY_COPY","MEMORY_COPY_HOST_TO_DEVICE",1,"Agent 0","Agent 1",1153692,25697605515564,25697605520924
"MEMORY_COPY","MEMORY_COPY_HOST_TO_DEVICE",1,"Agent 0","Agent 1",1153707,25697605614687,25697605633207
"MEMORY_COPY","MEMORY_COPY_HOST_TO_DEVICE",1,"Agent 0","Agent 1",1153723,25697605731726,25697605742926
"MEMORY_COPY","MEMORY_COPY_DEVICE_TO_HOST",4,"Agent 1","Agent 0",1153731,25697693257662,25697693317423
"MEMORY_COPY","MEMORY_COPY_HOST_TO_DEVICE",1,"Agent 0","Agent 1",1153742,25697694364425,25697694370105
"MEMORY_COPY","MEMORY_COPY_HOST_TO_DEVICE",1,"Agent 0","Agent 1",1153757,25697694474296,25697694493056
"MEMORY_COPY","MEMORY_COPY_HOST_TO_DEVICE",1,"Agent 0","Agent 1",1153773,25697694593907,25697694605627
"MEMORY_COPY","MEMORY_COPY_DEVICE_TO_HOST",4,"Agent 1","Agent 0",1153781,25697781922363,25697781967684
"MEMORY_COPY","MEMORY_COPY_HOST_TO_DEVICE",1,"Agent 0","Agent 1",1153792,25697782763123,25697782768563
"MEMORY_COPY","MEMORY_COPY_HOST_TO_DEVICE",1,"Agent 0","Agent 1",1153807,25697782860294,25697782878974
"MEMORY_COPY","MEMORY_COPY_HOST_TO_DEVICE",1,"Agent 0","Agent 1",1153823,25697783003555,25697783015795
"MEMORY_COPY","MEMORY_COPY_DEVICE_TO_HOST",4,"Agent 1","Agent 0",1153831,25697870566332,25697870615692
"MEMORY_COPY","MEMORY_COPY_HOST_TO_DEVICE",1,"Agent 0","Agent 1",1153842,25697871400241,25697871405801
"MEMORY_COPY","MEMORY_COPY_HOST_TO_DEVICE",1,"Agent 0","Agent 1",1153857,25697871496768,25697871515168
"MEMORY_COPY","MEMORY_COPY_HOST_TO_DEVICE",1,"Agent 0","Agent 1",1153873,25697871613476,25697871624636
"MEMORY_COPY","MEMORY_COPY_DEVICE_TO_HOST",4,"Agent 1","Agent 0",1153881,25697959139891,25697959188892
"MEMORY_COPY","MEMORY_COPY_HOST_TO_DEVICE",1,"Agent 0","Agent 1",1153892,25697960172393,25697960177833
"MEMORY_COPY","MEMORY_COPY_HOST_TO_DEVICE",1,"Agent 0","Agent 1",1153907,25697960302814,25697960321574
"MEMORY_COPY","MEMORY_COPY_HOST_TO_DEVICE",1,"Agent 0","Agent 1",1153923,25697960419366,25697960430726
"MEMORY_COPY","MEMORY_COPY_DEVICE_TO_HOST",4,"Agent 1","Agent 0",1153931,25698048005543,25698048059744
"MEMORY_COPY","MEMORY_COPY_HOST_TO_DEVICE",1,"Agent 0","Agent 1",1153942,25698048905363,25698048910483
"MEMORY_COPY","MEMORY_COPY_HOST_TO_DEVICE",1,"Agent 0","Agent 1",1153957,25698049131636,25698049150036
"MEMORY_COPY","MEMORY_COPY_HOST_TO_DEVICE",1,"Agent 0","Agent 1",1153973,25698049245937,25698049257537
"MEMORY_COPY","MEMORY_COPY_DEVICE_TO_HOST",4,"Agent 1","Agent 0",1153981,25698136970699,25698137017579
"MEMORY_COPY","MEMORY_COPY_HOST_TO_DEVICE",1,"Agent 0","Agent 1",1153992,25698137766771,25698137772331
"MEMORY_COPY","MEMORY_COPY_HOST_TO_DEVICE",1,"Agent 0","Agent 1",1154007,25698137861607,25698137880487
"MEMORY_COPY","MEMORY_COPY_HOST_TO_DEVICE",1,"Agent 0","Agent 1",1154023,25698137978494,25698137989814
"MEMORY_COPY","MEMORY_COPY_DEVICE_TO_HOST",4,"Agent 1","Agent 0",1154031,25698225609205,25698225662646
"MEMORY_COPY","MEMORY_COPY_HOST_TO_DEVICE",1,"Agent 0","Agent 1",1154042,25698226607156,25698226612276
"MEMORY_COPY","MEMORY_COPY_HOST_TO_DEVICE",1,"Agent 0","Agent 1",1154057,25698226707988,25698226726908
"MEMORY_COPY","MEMORY_COPY_HOST_TO_DEVICE",1,"Agent 0","Agent 1",1154073,25698226830199,25698226841799
"MEMORY_COPY","MEMORY_COPY_DEVICE_TO_HOST",4,"Agent 1","Agent 0",1154081,25698314298006,25698314342606
"MEMORY_COPY","MEMORY_COPY_HOST_TO_DEVICE",1,"Agent 0","Agent 1",1154092,25698315210226,25698315215386
"MEMORY_COPY","MEMORY_COPY_HOST_TO_DEVICE",1,"Agent 0","Agent 1",1154107,25698315365248,25698315384768
"MEMORY_COPY","MEMORY_COPY_HOST_TO_DEVICE",1,"Agent 0","Agent 1",1154123,25698315495049,25698315506089
"MEMORY_COPY","MEMORY_COPY_DEVICE_TO_HOST",4,"Agent 1","Agent 0",1154131,25698402952350,25698402999270
"MEMORY_COPY","MEMORY_COPY_HOST_TO_DEVICE",1,"Agent 0","Agent 1",1154142,25698403828412,25698403833492
"MEMORY_COPY","MEMORY_COPY_HOST_TO_DEVICE",1,"Agent 0","Agent 1",1154157,25698403926353,25698403944673
"MEMORY_COPY","MEMORY_COPY_HOST_TO_DEVICE",1,"Agent 0","Agent 1",1154173,25698404058490,25698404069570
"MEMORY_COPY","MEMORY_COPY_DEVICE_TO_HOST",4,"Agent 1","Agent 0",1154181,25698491634756,25698491679717
"MEMORY_COPY","MEMORY_COPY_HOST_TO_DEVICE",1,"Agent 0","Agent 1",1154192,25698492495926,25698492501046
"MEMORY_COPY","MEMORY_COPY_HOST_TO_DEVICE",1,"Agent 0","Agent 1",1154207,25698492643227,25698492661708
"MEMORY_COPY","MEMORY_COPY_HOST_TO_DEVICE",1,"Agent 0","Agent 1",1154223,25698492760069,25698492771349
"MEMORY_COPY","MEMORY_COPY_DEVICE_TO_HOST",4,"Agent 1","Agent 0",1154231,25698580217133,25698580262854
"MEMORY_COPY","MEMORY_COPY_HOST_TO_DEVICE",1,"Agent 0","Agent 1",1154242,25698581173364,25698581178524
"MEMORY_COPY","MEMORY_COPY_HOST_TO_DEVICE",1,"Agent 0","Agent 1",1154257,25698581269845,25698581288405
"MEMORY_COPY","MEMORY_COPY_HOST_TO_DEVICE",1,"Agent 0","Agent 1",1154273,25698581397816,25698581408856
"MEMORY_COPY","MEMORY_COPY_DEVICE_TO_HOST",4,"Agent 1","Agent 0",1154281,25698668932478,25698668980238
"MEMORY_COPY","MEMORY_COPY_HOST_TO_DEVICE",1,"Agent 0","Agent 1",1154292,25698669814551,25698669819751
"MEMORY_COPY","MEMORY_COPY_HOST_TO_DEVICE",1,"Agent 0","Agent 1",1154307,25698670055573,25698670074213
"MEMORY_COPY","MEMORY_COPY_HOST_TO_DEVICE",1,"Agent 0","Agent 1",1154323,25698670176027,25698670187027
"MEMORY_COPY","MEMORY_COPY_DEVICE_TO_HOST",4,"Agent 1","Agent 0",1154331,25698757790541,25698757838341
"MEMORY_COPY","MEMORY_COPY_HOST_TO_DEVICE",1,"Agent 0","Agent 1",1154342,25698758625890,25698758631010
"MEMORY_COPY","MEMORY_COPY_HOST_TO_DEVICE",1,"Agent 0","Agent 1",1154357,25698758722091,25698758740371
"MEMORY_COPY","MEMORY_COPY_HOST_TO_DEVICE",1,"Agent 0","Agent 1",1154373,25698758838672,25698758849592
"MEMORY_COPY","MEMORY_COPY_DEVICE_TO_HOST",4,"Agent 1","Agent 0",1154381,25698846285846,25698846337406
"MEMORY_COPY","MEMORY_COPY_HOST_TO_DEVICE",1,"Agent 0","Agent 1",1154392,25698847275607,25698847280767
"MEMORY_COPY","MEMORY_COPY_HOST_TO_DEVICE",1,"Agent 0","Agent 1",1154407,25698847377628,25698847396228
"MEMORY_COPY","MEMORY_COPY_HOST_TO_DEVICE",1,"Agent 0","Agent 1",1154423,25698847497889,25698847509609
"MEMORY_COPY","MEMORY_COPY_DEVICE_TO_HOST",4,"Agent 1","Agent 0",1154431,25698935267180,25698935316140
"MEMORY_COPY","MEMORY_COPY_HOST_TO_DEVICE",1,"Agent 0","Agent 1",1154442,25698936150012,25698936155212
"MEMORY_COPY","MEMORY_COPY_HOST_TO_DEVICE",1,"Agent 0","Agent 1",1154457,25698936249345,25698936267945
"MEMORY_COPY","MEMORY_COPY_HOST_TO_DEVICE",1,"Agent 0","Agent 1",1154473,25698936366413,25698936377253
"MEMORY_COPY","MEMORY_COPY_DEVICE_TO_HOST",4,"Agent 1","Agent 0",1154481,25699023577533,25699023621974
"MEMORY_COPY","MEMORY_COPY_HOST_TO_DEVICE",1,"Agent 0","Agent 1",1154492,25699024369612,25699024374812
"MEMORY_COPY","MEMORY_COPY_HOST_TO_DEVICE",1,"Agent 0","Agent 1",1154507,25699024475293,25699024494134
"MEMORY_COPY","MEMORY_COPY_HOST_TO_DEVICE",1,"Agent 0","Agent 1",1154523,25699024594165,25699024605405
"MEMORY_COPY","MEMORY_COPY_DEVICE_TO_HOST",4,"Agent 1","Agent 0",1154531,25699112270338,25699112314538
"MEMORY_COPY","MEMORY_COPY_HOST_TO_DEVICE",1,"Agent 0","Agent 1",1154542,25699113366050,25699113371290
"MEMORY_COPY","MEMORY_COPY_HOST_TO_DEVICE",1,"Agent 0","Agent 1",1154557,25699113467871,25699113486751
"MEMORY_COPY","MEMORY_COPY_HOST_TO_DEVICE",1,"Agent 0","Agent 1",1154573,25699113590142,25699113601423
"MEMORY_COPY","MEMORY_COPY_DEVICE_TO_HOST",4,"Agent 1","Agent 0",1154581,25699201240819,25699201287179
"MEMORY_COPY","MEMORY_COPY_HOST_TO_DEVICE",1,"Agent 0","Agent 1",1154592,25699202064153,25699202069473
"MEMORY_COPY","MEMORY_COPY_HOST_TO_DEVICE",1,"Agent 0","Agent 1",1154607,25699202161804,25699202180404
"MEMORY_COPY","MEMORY_COPY_HOST_TO_DEVICE",1,"Agent 0","Agent 1",1154623,25699202278662,25699202289942
"MEMORY_COPY","MEMORY_COPY_DEVICE_TO_HOST",4,"Agent 1","Agent 0",1154631,25699289873559,25699289916920
"MEMORY_COPY","MEMORY_COPY_HOST_TO_DEVICE",1,"Agent 0","Agent 1",1154642,25699290695469,25699290700589
"MEMORY_COPY","MEMORY_COPY_HOST_TO_DEVICE",1,"Agent 0","Agent 1",1154657,25699290928261,25699290946501
"MEMORY_COPY","MEMORY_COPY_HOST_TO_DEVICE",1,"Agent 0","Agent 1",1154673,25699291044422,25699291055343
"MEMORY_COPY","MEMORY_COPY_DEVICE_TO_HOST",4,"Agent 1","Agent 0",1154681,25699378449994,25699378500955
"MEMORY_COPY","MEMORY_COPY_HOST_TO_DEVICE",1,"Agent 0","Agent 1",1154692,25699379348024,25699379353184
"MEMORY_COPY","MEMORY_COPY_HOST_TO_DEVICE",1,"Agent 0","Agent 1",1154707,25699379449595,25699379468436
"MEMORY_COPY","MEMORY_COPY_HOST_TO_DEVICE",1,"Agent 0","Agent 1",1154723,25699379567827,25699379579267
"MEMORY_COPY","MEMORY_COPY_DEVICE_TO_HOST",4,"Agent 1","Agent 0",1154731,25699467264498,25699467311018
"MEMORY_COPY","MEMORY_COPY_HOST_TO_DEVICE",1,"Agent 0","Agent 1",1154742,25699468092882,25699468098042
"MEMORY_COPY","MEMORY_COPY_HOST_TO_DEVICE",1,"Agent 0","Agent 1",1154757,25699468201083,25699468219923
"MEMORY_COPY","MEMORY_COPY_HOST_TO_DEVICE",1,"Agent 0","Agent 1",1154773,25699468319583,25699468330743
"MEMORY_COPY","MEMORY_COPY_DEVICE_TO_HOST",4,"Agent 1","Agent 0",1154781,25699555924589,25699555975269
"MEMORY_COPY","MEMORY_COPY_HOST_TO_DEVICE",1,"Agent 0","Agent 1",1154792,25699556864579,25699556869859
"MEMORY_COPY","MEMORY_COPY_HOST_TO_DEVICE",1,"Agent 0","Agent 1",1154807,25699556965280,25699556983961
"MEMORY_COPY","MEMORY_COPY_HOST_TO_DEVICE",1,"Agent 0","Agent 1",1154823,25699557090862,25699557102502
"MEMORY_COPY","MEMORY_COPY_DEVICE_TO_HOST",4,"Agent 1","Agent 0",1154831,25699644692755,25699644740035
"MEMORY_COPY","MEMORY_COPY_HOST_TO_DEVICE",1,"Agent 0","Agent 1",1154842,25699645651415,25699645656576
"MEMORY_COPY","MEMORY_COPY_HOST_TO_DEVICE",1,"Agent 0","Agent 1",1154857,25699645750347,25699645768867
"MEMORY_COPY","MEMORY_COPY_HOST_TO_DEVICE",1,"Agent 0","Agent 1",1154873,25699645866268,25699645877028
"MEMORY_COPY","MEMORY_COPY_DEVICE_TO_HOST",4,"Agent 1","Agent 0",1154881,25699733578823,25699733632823
"MEMORY_COPY","MEMORY_COPY_HOST_TO_DEVICE",1,"Agent 0","Agent 1",1154892,25699734527240,25699734532560
"MEMORY_COPY","MEMORY_COPY_HOST_TO_DEVICE",1,"Agent 0","Agent 1",1154907,25699734626023,25699734644583
"MEMORY_COPY","MEMORY_COPY_HOST_TO_DEVICE",1,"Agent 0","Agent 1",1154923,25699734754071,25699734764991
"MEMORY_COPY","MEMORY_COPY_DEVICE_TO_HOST",4,"Agent 1","Agent 0",1154931,25699822356955,25699822400236
"MEMORY_COPY","MEMORY_COPY_HOST_TO_DEVICE",1,"Agent 0","Agent 1",1154942,25699823200454,25699823205655
"MEMORY_COPY","MEMORY_COPY_HOST_TO_DEVICE",1,"Agent 0","Agent 1",1154957,25699823297626,25699823316026
"MEMORY_COPY","MEMORY_COPY_HOST_TO_DEVICE",1,"Agent 0","Agent 1",1154973,25699823411887,25699823422927
"MEMORY_COPY","MEMORY_COPY_DEVICE_TO_HOST",4,"Agent 1","Agent 0",1154981,25699911063922,25699911111483
"MEMORY_COPY","MEMORY_COPY_HOST_TO_DEVICE",1,"Agent 0","Agent 1",1154992,25699912028213,25699912033413
"MEMORY_COPY","MEMORY_COPY_HOST_TO_DEVICE",1,"Agent 0","Agent 1",1155007,25699912292616,25699912311016
"MEMORY_COPY","MEMORY_COPY_HOST_TO_DEVICE",1,"Agent 0","Agent 1",1155023,25699912426308,25699912437708
"MEMORY_COPY","MEMORY_COPY_DEVICE_TO_HOST",4,"Agent 1","Agent 0",1155031,25700000046692,25700000099052
"MEMORY_COPY","MEMORY_COPY_HOST_TO_DEVICE",1,"Agent 0","Agent 1",1155041,25700122644067,25700122655547
"MEMORY_COPY","MEMORY_COPY_HOST_TO_DEVICE",1,"Agent 0","Agent 1",1155044,25700122698227,25700122709067
"MEMORY_COPY","MEMORY_COPY_HOST_TO_DEVICE",1,"Agent 0","Agent 1",1155047,25700122738537,25700122749297
"MEMORY_COPY","MEMORY_COPY_HOST_TO_DEVICE",1,"Agent 0","Agent 1",1155050,25700122779838,25700122790958
"MEMORY_COPY","MEMORY_COPY_HOST_TO_DEVICE",1,"Agent 0","Agent 1",1155053,25700122815488,25700122826328
"MEMORY_COPY","MEMORY_COPY_HOST_TO_DEVICE",1,"Agent 0","Agent 1",1155056,25700122857119,25700122867959
"MEMORY_COPY","MEMORY_COPY_HOST_TO_DEVICE",1,"Agent 0","Agent 1",1155059,25700122893729,25700122904569
"MEMORY_COPY","MEMORY_COPY_HOST_TO_DEVICE",1,"Agent 0","Agent 1",1155062,25700122928869,25700122940270
"MEMORY_COPY","MEMORY_COPY_HOST_TO_DEVICE",1,"Agent 0","Agent 1",1155065,25700122969450,25700122980370
"MEMORY_COPY","MEMORY_COPY_HOST_TO_DEVICE",1,"Agent 0","Agent 1",1155068,25700123010530,25700123021451
"MEMORY_COPY","MEMORY_COPY_HOST_TO_DEVICE",1,"Agent 0","Agent 1",1155071,25700123046091,25700123056931
"MEMORY_COPY","MEMORY_COPY_HOST_TO_DEVICE",1,"Agent 0","Agent 1",1155074,25700123088841,25700123099881
"MEMORY_COPY","MEMORY_COPY_HOST_TO_DEVICE",1,"Agent 0","Agent 1",1155077,25700123124262,25700123135182
"MEMORY_COPY","MEMORY_COPY_HOST_TO_DEVICE",1,"Agent 0","Agent 1",1155080,25700123161462,25700123172502
"MEMORY_COPY","MEMORY_COPY_HOST_TO_DEVICE",1,"Agent 0","Agent 1",1155083,25700123203793,25700123214713
"MEMORY_COPY","MEMORY_COPY_HOST_TO_DEVICE",1,"Agent 0","Agent 1",1155086,25700123246263,25700123257423
"MEMORY_COPY","MEMORY_COPY_HOST_TO_DEVICE",1,"Agent 0","Agent 1",1155089,25700123283293,25700123294174
"MEMORY_COPY","MEMORY_COPY_HOST_TO_DEVICE",1,"Agent 0","Agent 1",1155092,25700123325704,25700123336504
"MEMORY_COPY","MEMORY_COPY_HOST_TO_DEVICE",1,"Agent 0","Agent 1",1155095,25700123363034,25700123373954
"MEMORY_COPY","MEMORY_COPY_HOST_TO_DEVICE",1,"Agent 0","Agent 1",1155098,25700123402255,25700123413575
"MEMORY_COPY","MEMORY_COPY_HOST_TO_DEVICE",1,"Agent 0","Agent 1",1155101,25700123444175,25700123455935
"MEMORY_COPY","MEMORY_COPY_HOST_TO_DEVICE",1,"Agent 0","Agent 1",1155104,25700123792729,25700123803809
"MEMORY_COPY","MEMORY_COPY_HOST_TO_DEVICE",1,"Agent 0","Agent 1",1155107,25700123831870,25700123842750
"MEMORY_COPY","MEMORY_COPY_HOST_TO_DEVICE",1,"Agent 0","Agent 1",1155110,25700123873860,25700123884980
"MEMORY_COPY","MEMORY_COPY_HOST_TO_DEVICE",1,"Agent 0","Agent 1",1155113,25700123911420,25700123922221
"MEMORY_COPY","MEMORY_COPY_HOST_TO_DEVICE",1,"Agent 0","Agent 1",1155116,25700123947081,25700123958001
"MEMORY_COPY","MEMORY_COPY_HOST_TO_DEVICE",1,"Agent 0","Agent 1",1155119,25700123988361,25700123999201
"MEMORY_COPY","MEMORY_COPY_HOST_TO_DEVICE",1,"Agent 0","Agent 1",1155122,25700124063042,25700124074322
"MEMORY_COPY","MEMORY_COPY_HOST_TO_DEVICE",1,"Agent 0","Agent 1",1155125,25700124101393,25700124112113
"MEMORY_COPY","MEMORY_COPY_HOST_TO_DEVICE",1,"Agent 0","Agent 1",1155128,25700124143873,25700124154593
"MEMORY_COPY","MEMORY_COPY_HOST_TO_DEVICE",1,"Agent 0","Agent 1",1155131,25700124182363,25700124193164
"MEMORY_COPY","MEMORY_COPY_HOST_TO_DEVICE",1,"Agent 0","Agent 1",1155134,25700124218974,25700124230174
"MEMORY_COPY","MEMORY_COPY_HOST_TO_DEVICE",1,"Agent 0","Agent 1",1155137,25700124255774,25700124266654
"MEMORY_COPY","MEMORY_COPY_HOST_TO_DEVICE",1,"Agent 0","Agent 1",1155140,25700124287805,25700124298845
"MEMORY_COPY","MEMORY_COPY_HOST_TO_DEVICE",1,"Agent 0","Agent 1",1155143,25700124319825,25700124330665
"MEMORY_COPY","MEMORY_COPY_HOST_TO_DEVICE",1,"Agent 0","Agent 1",1155146,25700124356325,25700124367126
"MEMORY_COPY","MEMORY_COPY_HOST_TO_DEVICE",1,"Agent 0","Agent 1",1155149,25700124387716,25700124398596
"MEMORY_COPY","MEMORY_COPY_HOST_TO_DEVICE",1,"Agent 0","Agent 1",1155152,25700124419756,25700124430596
"MEMORY_COPY","MEMORY_COPY_HOST_TO_DEVICE",1,"Agent 0","Agent 1",1155155,25700124455836,25700124466637
"MEMORY_COPY","MEMORY_COPY_HOST_TO_DEVICE",1,"Agent 0","Agent 1",1155158,25700124487527,25700124498327
"MEMORY_COPY","MEMORY_COPY_HOST_TO_DEVICE",1,"Agent 0","Agent 1",1155161,25700124519107,25700124529947
"MEMORY_COPY","MEMORY_COPY_HOST_TO_DEVICE",1,"Agent 0","Agent 1",1155164,25700124555638,25700124566598
"MEMORY_COPY","MEMORY_COPY_HOST_TO_DEVICE",1,"Agent 0","Agent 1",1155167,25700124587508,25700124598308
"MEMORY_COPY","MEMORY_COPY_HOST_TO_DEVICE",1,"Agent 0","Agent 1",1155170,25700124619578,25700124630298
"MEMORY_COPY","MEMORY_COPY_HOST_TO_DEVICE",1,"Agent 0","Agent 1",1155173,25700124655929,25700124666769
"MEMORY_COPY","MEMORY_COPY_HOST_TO_DEVICE",1,"Agent 0","Agent 1",1155176,25700124687279,25700124698159
"MEMORY_COPY","MEMORY_COPY_HOST_TO_DEVICE",1,"Agent 0","Agent 1",1155179,25700124718959,25700124729840
"MEMORY_COPY","MEMORY_COPY_HOST_TO_DEVICE",1,"Agent 0","Agent 1",1155182,25700124754070,25700124764910
"MEMORY_COPY","MEMORY_COPY_HOST_TO_DEVICE",1,"Agent 0","Agent 1",1155185,25700124792440,25700124955202
"MEMORY_COPY","MEMORY_COPY_HOST_TO_DEVICE",1,"Agent 0","Agent 1",1155188,25700124973702,25700125127504
"MEMORY_COPY","MEMORY_COPY_HOST_TO_DEVICE",1,"Agent 0","Agent 1",1155191,25700125148324,25700125296686
"MEMORY_COPY","MEMORY_COPY_HOST_TO_DEVICE",1,"Agent 0","Agent 1",1155194,25700125312366,25700125462608
"MEMORY_COPY","MEMORY_COPY_HOST_TO_DEVICE",1,"Agent 0","Agent 1",1155197,25700125478658,25700125627580
"MEMORY_COPY","MEMORY_COPY_HOST_TO_DEVICE",1,"Agent 0","Agent 1",1155200,25700125646270,25700125799631
"MEMORY_COPY","MEMORY_COPY_HOST_TO_DEVICE",1,"Agent 0","Agent 1",1155203,25700125815982,25700125969143
"MEMORY_COPY","MEMORY_COPY_HOST_TO_DEVICE",1,"Agent 0","Agent 1",1155206,25700125986064,25700126159225
"MEMORY_COPY","MEMORY_COPY_HOST_TO_DEVICE",1,"Agent 0","Agent 1",1155209,25700126179826,25700126340507
"MEMORY_COPY","MEMORY_COPY_HOST_TO_DEVICE",1,"Agent 0","Agent 1",1155212,25700126356948,25700126546990
"MEMORY_COPY","MEMORY_COPY_HOST_TO_DEVICE",1,"Agent 0","Agent 1",1155215,25700126563870,25700126749232
"MEMORY_COPY","MEMORY_COPY_HOST_TO_DEVICE",1,"Agent 0","Agent 1",1155218,25700126768362,25700126955364
"MEMORY_COPY","MEMORY_COPY_HOST_TO_DEVICE",1,"Agent 0","Agent 1",1155221,25700126972055,25700127178937
"MEMORY_COPY","MEMORY_COPY_HOST_TO_DEVICE",1,"Agent 0","Agent 1",1155224,25700127200027,25700127382749
"MEMORY_COPY","MEMORY_COPY_HOST_TO_DEVICE",1,"Agent 0","Agent 1",1155227,25700127403239,25700127603642
"MEMORY_COPY","MEMORY_COPY_HOST_TO_DEVICE",1,"Agent 0","Agent 1",1155230,25700127620342,25700127827904
"MEMORY_COPY","MEMORY_COPY_HOST_TO_DEVICE",1,"Agent 0","Agent 1",1155233,25700127844004,25700128016446
"MEMORY_COPY","MEMORY_COPY_HOST_TO_DEVICE",1,"Agent 0","Agent 1",1155236,25700128036686,25700128205608
"MEMORY_COPY","MEMORY_COPY_HOST_TO_DEVICE",1,"Agent 0","Agent 1",1155239,25700128227819,25700128405581
"MEMORY_COPY","MEMORY_COPY_HOST_TO_DEVICE",1,"Agent 0","Agent 1",1155242,25700128422641,25700128633243
"MEMORY_COPY","MEMORY_COPY_HOST_TO_DEVICE",1,"Agent 0","Agent 1",1155245,25700128653253,25700128853055
"MEMORY_COPY","MEMORY_COPY_HOST_TO_DEVICE",1,"Agent 0","Agent 1",1155248,25700128869046,25700129034128
"MEMORY_COPY","MEMORY_COPY_HOST_TO_DEVICE",1,"Agent 0","Agent 1",1155251,25700129050788,25700129218230
"MEMORY_COPY","MEMORY_COPY_HOST_TO_DEVICE",1,"Agent 0","Agent 1",1155254,25700129237830,25700129396272
"MEMORY_COPY","MEMORY_COPY_HOST_TO_DEVICE",1,"Agent 0","Agent 1",1155257,25700129411872,25700129585394
"MEMORY_COPY","MEMORY_COPY_HOST_TO_DEVICE",1,"Agent 0","Agent 1",1155260,25700129601174,25700129813096
"MEMORY_COPY","MEMORY_COPY_HOST_TO_DEVICE",1,"Agent 0","Agent 1",1155263,25700129833726,25700130026329
"MEMORY_COPY","MEMORY_COPY_HOST_TO_DEVICE",1,"Agent 0","Agent 1",1155266,25700130043819,25700130251381
"MEMORY_COPY","MEMORY_COPY_HOST_TO_DEVICE",1,"Agent 0","Agent 1",1155269,25700130282091,25700130461653
"MEMORY_COPY","MEMORY_COPY_HOST_TO_DEVICE",1,"Agent 0","Agent 1",1155272,25700130498724,25700130694086
"MEMORY_COPY","MEMORY_COPY_HOST_TO_DEVICE",1,"Agent 0","Agent 1",1155275,25700130718366,25700130910888
"MEMORY_COPY","MEMORY_COPY_HOST_TO_DEVICE",1,"Agent 0","Agent 1",1155278,25700130927899,25700131171421
"MEMORY_COPY","MEMORY_COPY_HOST_TO_DEVICE",1,"Agent 0","Agent 1",1155281,25700131196182,25700131387824
"MEMORY_COPY","MEMORY_COPY_HOST_TO_DEVICE",1,"Agent 0","Agent 1",1155284,25700131403954,25700131575356
"MEMORY_COPY","MEMORY_COPY_HOST_TO_DEVICE",1,"Agent 0","Agent 1",1155287,25700131591806,25700131758288
"MEMORY_COPY","MEMORY_COPY_HOST_TO_DEVICE",1,"Agent 0","Agent 1",1155290,25700131786648,25700131929850
"MEMORY_COPY","MEMORY_COPY_HOST_TO_DEVICE",1,"Agent 0","Agent 1",1155293,25700131946810,25700132105532
"MEMORY_COPY","MEMORY_COPY_HOST_TO_DEVICE",1,"Agent 0","Agent 1",1155296,25700132122652,25700132282974
"MEMORY_COPY","MEMORY_COPY_HOST_TO_DEVICE",1,"Agent 0","Agent 1",1155299,25700132303304,25700132464186
"MEMORY_COPY","MEMORY_COPY_HOST_TO_DEVICE",1,"Agent 0","Agent 1",1155302,25700132480316,25700132644798
"MEMORY_COPY","MEMORY_COPY_HOST_TO_DEVICE",1,"Agent 0","Agent 1",1155305,25700132660378,25700132824540
"MEMORY_COPY","MEMORY_COPY_HOST_TO_DEVICE",1,"Agent 0","Agent 1",1155308,25700132843610,25700132988532
"MEMORY_COPY","MEMORY_COPY_HOST_TO_DEVICE",1,"Agent 0","Agent 1",1155311,25700133007802,25700133153283
"MEMORY_COPY","MEMORY_COPY_HOST_TO_DEVICE",1,"Agent 0","Agent 1",1155314,25700133169814,25700133316775
"MEMORY_COPY","MEMORY_COPY_HOST_TO_DEVICE",1,"Agent 0","Agent 1",1155317,25700133335725,25700133490007
"MEMORY_COPY","MEMORY_COPY_HOST_TO_DEVICE",1,"Agent 0","Agent 1",1155320,25700133506037,25700133652159
"MEMORY_COPY","MEMORY_COPY_HOST_TO_DEVICE",1,"Agent 0","Agent 1",1155323,25700133668199,25700133812281
"MEMORY_COPY","MEMORY_COPY_HOST_TO_DEVICE",1,"Agent 0","Agent 1",1155326,25700133833441,25700134008923
"MEMORY_COPY","MEMORY_COPY_DEVICE_TO_HOST",1,"Agent 1","Agent 0",1155330,25700233081232,25700233089992
"MEMORY_COPY","MEMORY_COPY_DEVICE_TO_HOST",1,"Agent 1","Agent 0",1155333,25700233137302,25700233145462
"MEMORY_COPY","MEMORY_COPY_DEVICE_TO_HOST",1,"Agent 1","Agent 0",1155336,25700233181132,25700233189653
"MEMORY_COPY","MEMORY_COPY_DEVICE_TO_HOST",1,"Agent 1","Agent 0",1155339,25700233222743,25700233230863
"MEMORY_COPY","MEMORY_COPY_DEVICE_TO_HOST",1,"Agent 1","Agent 0",1155342,25700233260793,25700233268793
"MEMORY_COPY","MEMORY_COPY_DEVICE_TO_HOST",1,"Agent 1","Agent 0",1155345,25700233305814,25700233313934
"MEMORY_COPY","MEMORY_COPY_DEVICE_TO_HOST",1,"Agent 1","Agent 0",1155348,25700233342544,25700233350904
"MEMORY_COPY","MEMORY_COPY_DEVICE_TO_HOST",1,"Agent 1","Agent 0",1155351,25700233389435,25700233398035
"MEMORY_COPY","MEMORY_COPY_DEVICE_TO_HOST",1,"Agent 1","Agent 0",1155354,25700233569177,25700233577817
"MEMORY_COPY","MEMORY_COPY_DEVICE_TO_HOST",1,"Agent 1","Agent 0",1155357,25700233605797,25700233613877
"MEMORY_COPY","MEMORY_COPY_DEVICE_TO_HOST",1,"Agent 1","Agent 0",1155360,25700233644528,25700233652888
"MEMORY_COPY","MEMORY_COPY_DEVICE_TO_HOST",1,"Agent 1","Agent 0",1155363,25700233684538,25700233693138
"MEMORY_COPY","MEMORY_COPY_DEVICE_TO_HOST",1,"Agent 1","Agent 0",1155366,25700233719708,25700233727749
"MEMORY_COPY","MEMORY_COPY_DEVICE_TO_HOST",1,"Agent 1","Agent 0",1155369,25700233754229,25700233762389
"MEMORY_COPY","MEMORY_COPY_DEVICE_TO_HOST",1,"Agent 1","Agent 0",1155372,25700233793549,25700233801669
"MEMORY_COPY","MEMORY_COPY_DEVICE_TO_HOST",1,"Agent 1","Agent 0",1155375,25700233831220,25700233839340
"MEMORY_COPY","MEMORY_COPY_DEVICE_TO_HOST",1,"Agent 1","Agent 0",1155378,25700233871810,25700233879850
"MEMORY_COPY","MEMORY_COPY_DEVICE_TO_HOST",1,"Agent 1","Agent 0",1155381,25700233912791,25700233920791
"MEMORY_COPY","MEMORY_COPY_DEVICE_TO_HOST",1,"Agent 1","Agent 0",1155384,25700233948601,25700233956801
"MEMORY_COPY","MEMORY_COPY_DEVICE_TO_HOST",1,"Agent 1","Agent 0",1155387,25700233986001,25700233994202
"MEMORY_COPY","MEMORY_COPY_DEVICE_TO_HOST",1,"Agent 1","Agent 0",1155390,25700234042082,25700234050362
"MEMORY_COPY","MEMORY_COPY_DEVICE_TO_HOST",1,"Agent 1","Agent 0",1155393,25700234082002,25700234090283
"MEMORY_COPY","MEMORY_COPY_DEVICE_TO_HOST",1,"Agent 1","Agent 0",1155396,25700234118153,25700234126193
"MEMORY_COPY","MEMORY_COPY_DEVICE_TO_HOST",1,"Agent 1","Agent 0",1155399,25700234157483,25700234165603
"MEMORY_COPY","MEMORY_COPY_DEVICE_TO_HOST",1,"Agent 1","Agent 0",1155402,25700234194124,25700234202604
"MEMORY_COPY","MEMORY_COPY_DEVICE_TO_HOST",1,"Agent 1","Agent 0",1155405,25700234230774,25700234238854
"MEMORY_COPY","MEMORY_COPY_DEVICE_TO_HOST",1,"Agent 1","Agent 0",1155408,25700234273065,25700234281145
"MEMORY_COPY","MEMORY_COPY_DEVICE_TO_HOST",1,"Agent 1","Agent 0",1155411,25700234315295,25700234323735
"MEMORY_COPY","MEMORY_COPY_DEVICE_TO_HOST",1,"Agent 1","Agent 0",1155414,25700234356256,25700234364696
"MEMORY_COPY","MEMORY_COPY_DEVICE_TO_HOST",1,"Agent 1","Agent 0",1155417,25700234399196,25700234407596
"MEMORY_COPY","MEMORY_COPY_DEVICE_TO_HOST",1,"Agent 1","Agent 0",1155420,25700234436916,25700234445237
"MEMORY_COPY","MEMORY_COPY_DEVICE_TO_HOST",1,"Agent 1","Agent 0",1155423,25700234475427,25700234483547
"MEMORY_COPY","MEMORY_COPY_DEVICE_TO_HOST",1,"Agent 1","Agent 0",1155426,25700234522767,25700234530807
"MEMORY_COPY","MEMORY_COPY_DEVICE_TO_HOST",1,"Agent 1","Agent 0",1155429,25700234567678,25700234576118
"MEMORY_COPY","MEMORY_COPY_DEVICE_TO_HOST",1,"Agent 1","Agent 0",1155432,25700234614018,25700234622619
"MEMORY_COPY","MEMORY_COPY_DEVICE_TO_HOST",1,"Agent 1","Agent 0",1155435,25700234663129,25700234671209
"MEMORY_COPY","MEMORY_COPY_DEVICE_TO_HOST",1,"Agent 1","Agent 0",1155438,25700234707109,25700234715070
"MEMORY_COPY","MEMORY_COPY_DEVICE_TO_HOST",1,"Agent 1","Agent 0",1155441,25700234749720,25700234757840
"MEMORY_COPY","MEMORY_COPY_DEVICE_TO_HOST",1,"Agent 1","Agent 0",1155444,25700234799370,25700234809891
"MEMORY_COPY","MEMORY_COPY_DEVICE_TO_HOST",1,"Agent 1","Agent 0",1155447,25700234848991,25700234857431
"MEMORY_COPY","MEMORY_COPY_DEVICE_TO_HOST",1,"Agent 1","Agent 0",1155450,25700234885951,25700234894072
"MEMORY_COPY","MEMORY_COPY_DEVICE_TO_HOST",1,"Agent 1","Agent 0",1155453,25700234927412,25700234935452
"MEMORY_COPY","MEMORY_COPY_DEVICE_TO_HOST",1,"Agent 1","Agent 0",1155456,25700234963572,25700234971492
"MEMORY_COPY","MEMORY_COPY_DEVICE_TO_HOST",1,"Agent 1","Agent 0",1155459,25700235014473,25700235024353
"MEMORY_COPY","MEMORY_COPY_DEVICE_TO_HOST",1,"Agent 1","Agent 0",1155462,25700235252776,25700235261096
"MEMORY_COPY","MEMORY_COPY_DEVICE_TO_HOST",1,"Agent 1","Agent 0",1155465,25700235287576,25700235295656
"MEMORY_COPY","MEMORY_COPY_DEVICE_TO_HOST",1,"Agent 1","Agent 0",1155468,25700235323206,25700235331526
"MEMORY_COPY","MEMORY_COPY_DEVICE_TO_HOST",1,"Agent 1","Agent 0",1155471,25700235365467,25700235373667
"MEMORY_COPY","MEMORY_COPY_DEVICE_TO_HOST",1,"Agent 1","Agent 0",1155474,25700235497848,25700235650490
"MEMORY_COPY","MEMORY_COPY_DEVICE_TO_HOST",1,"Agent 1","Agent 0",1155477,25700235742751,25700235887393
"MEMORY_COPY","MEMORY_COPY_DEVICE_TO_HOST",1,"Agent 1","Agent 0",1155480,25700235974594,25700236138235
"MEMORY_COPY","MEMORY_COPY_DEVICE_TO_HOST",1,"Agent 1","Agent 0",1155483,25700236227386,25700236378428
"MEMORY_COPY","MEMORY_COPY_DEVICE_TO_HOST",1,"Agent 1","Agent 0",1155486,25700236462819,25700236634541
"MEMORY_COPY","MEMORY_COPY_DEVICE_TO_HOST",1,"Agent 1","Agent 0",1155489,25700236722352,25700236895154
"MEMORY_COPY","MEMORY_COPY_DEVICE_TO_HOST",1,"Agent 1","Agent 0",1155492,25700236982415,25700237174937
"MEMORY_COPY","MEMORY_COPY_DEVICE_TO_HOST",1,"Agent 1","Agent 0",1155495,25700237261918,25700237451040
"MEMORY_COPY","MEMORY_COPY_DEVICE_TO_HOST",1,"Agent 1","Agent 0",1155498,25700237592232,25700237791554
"MEMORY_COPY","MEMORY_COPY_DEVICE_TO_HOST",1,"Agent 1","Agent 0",1155501,25700237915945,25700238092587
"MEMORY_COPY","MEMORY_COPY_DEVICE_TO_HOST",1,"Agent 1","Agent 0",1155504,25700238185808,25700238359970
"MEMORY_COPY","MEMORY_COPY_DEVICE_TO_HOST",1,"Agent 1","Agent 0",1155507,25700238459141,25700238644103
"MEMORY_COPY","MEMORY_COPY_DEVICE_TO_HOST",1,"Agent 1","Agent 0",1155510,25700238731434,25700238876676
"MEMORY_COPY","MEMORY_COPY_DEVICE_TO_HOST",1,"Agent 1","Agent 0",1155513,25700238962307,25700239109509
"MEMORY_COPY","MEMORY_COPY_DEVICE_TO_HOST",1,"Agent 1","Agent 0",1155516,25700239200560,25700239382122
"MEMORY_COPY","MEMORY_COPY_DEVICE_TO_HOST",1,"Agent 1","Agent 0",1155519,25700239490313,25700239681755
"MEMORY_COPY","MEMORY_COPY_DEVICE_TO_HOST",1,"Agent 1","Agent 0",1155522,25700239770146,25700239950028
"MEMORY_COPY","MEMORY_COPY_DEVICE_TO_HOST",1,"Agent 1","Agent 0",1155525,25700240050219,25700240237661
"MEMORY_COPY","MEMORY_COPY_DEVICE_TO_HOST",1,"Agent 1","Agent 0",1155528,25700240327092,25700240533934
"MEMORY_COPY","MEMORY_COPY_DEVICE_TO_HOST",1,"Agent 1","Agent 0",1155531,25700240619955,25700240797157
"MEMORY_COPY","MEMORY_COPY_DEVICE_TO_HOST",1,"Agent 1","Agent 0",1155534,25700240885548,25700241038830
"MEMORY_COPY","MEMORY_COPY_DEVICE_TO_HOST",1,"Agent 1","Agent 0",1155537,25700241125791,25700241269193
"MEMORY_COPY","MEMORY_COPY_DEVICE_TO_HOST",1,"Agent 1","Agent 0",1155540,25700241356494,25700241521455
"MEMORY_COPY","MEMORY_COPY_DEVICE_TO_HOST",1,"Agent 1","Agent 0",1155543,25700241669437,25700241872079
"MEMORY_COPY","MEMORY_COPY_DEVICE_TO_HOST",1,"Agent 1","Agent 0",1155546,25700241971650,25700242144972
"MEMORY_COPY","MEMORY_COPY_DEVICE_TO_HOST",1,"Agent 1","Agent 0",1155549,25700242241753,25700242388515
"MEMORY_COPY","MEMORY_COPY_DEVICE_TO_HOST",1,"Agent 1","Agent 0",1155552,25700242477596,25700242623758
"MEMORY_COPY","MEMORY_COPY_DEVICE_TO_HOST",1,"Agent 1","Agent 0",1155555,25700242712719,25700242871960
"MEMORY_COPY","MEMORY_COPY_DEVICE_TO_HOST",1,"Agent 1","Agent 0",1155558,25700242956481,25700243103683
"MEMORY_COPY","MEMORY_COPY_DEVICE_TO_HOST",1,"Agent 1","Agent 0",1155561,25700243194374,25700243339536
"MEMORY_COPY","MEMORY_COPY_DEVICE_TO_HOST",1,"Agent 1","Agent 0",1155564,25700243425997,25700243608839
"MEMORY_COPY","MEMORY_COPY_DEVICE_TO_HOST",1,"Agent 1","Agent 0",1155567,25700243696470,25700243876152
"MEMORY_COPY","MEMORY_COPY_DEVICE_TO_HOST",1,"Agent 1","Agent 0",1155570,25700243965423,25700244144505
"MEMORY_COPY","MEMORY_COPY_DEVICE_TO_HOST",1,"Agent 1","Agent 0",1155573,25700244232316,25700244387437
"MEMORY_COPY","MEMORY_COPY_DEVICE_TO_HOST",1,"Agent 1","Agent 0",1155576,25700244471968,25700244621090
"MEMORY_COPY","MEMORY_COPY_DEVICE_TO_HOST",1,"Agent 1","Agent 0",1155579,25700244709771,25700244880493
"MEMORY_COPY","MEMORY_COPY_DEVICE_TO_HOST",1,"Agent 1","Agent 0",1155582,25700244965594,25700245112035
"MEMORY_COPY","MEMORY_COPY_DEVICE_TO_HOST",1,"Agent 1","Agent 0",1155585,25700245198726,25700245351648
"MEMORY_COPY","MEMORY_COPY_DEVICE_TO_HOST",1,"Agent 1","Agent 0",1155588,25700245445819,25700245587901
"MEMORY_COPY","MEMORY_COPY_DEVICE_TO_HOST",1,"Agent 1","Agent 0",1155591,25700245672262,25700245832663
"MEMORY_COPY","MEMORY_COPY_DEVICE_TO_HOST",1,"Agent 1","Agent 0",1155594,25700245914044,25700246101006
"MEMORY_COPY","MEMORY_COPY_DEVICE_TO_HOST",1,"Agent 1","Agent 0",1155597,25700246187407,25700246372929
"MEMORY_COPY","MEMORY_COPY_DEVICE_TO_HOST",1,"Agent 1","Agent 0",1155600,25700246503401,25700246719643
"MEMORY_COPY","MEMORY_COPY_DEVICE_TO_HOST",1,"Agent 1","Agent 0",1155603,25700247001606,25700247215729
"MEMORY_COPY","MEMORY_COPY_DEVICE_TO_HOST",1,"Agent 1","Agent 0",1155606,25700247502592,25700247721114
"MEMORY_COPY","MEMORY_COPY_DEVICE_TO_HOST",1,"Agent 1","Agent 0",1155609,25700248004108,25700248256190
"MEMORY_COPY","MEMORY_COPY_DEVICE_TO_HOST",1,"Agent 1","Agent 0",1155612,25700248555784,25700248787226
"MEMORY_COPY","MEMORY_COPY_DEVICE_TO_HOST",1,"Agent 1","Agent 0",1155615,25700249113040,25700249343163
"MEMORY_COPY","MEMORY_COPY_HOST_TO_DEVICE",1,"Agent 0","Agent 1",1155620,25700251390565,25700251399365
"MEMORY_COPY","MEMORY_COPY_HOST_TO_DEVICE",1,"Agent 0","Agent 1",1155635,25700251497577,25700251515297
"MEMORY_COPY","MEMORY_COPY_HOST_TO_DEVICE",1,"Agent 0","Agent 1",1155651,25700251622298,25700251650618
"MEMORY_COPY","MEMORY_COPY_DEVICE_TO_HOST",4,"Agent 1","Agent 0",1162389,25700340105891,25700340146692
"MEMORY_COPY","MEMORY_COPY_HOST_TO_DEVICE",1,"Agent 0","Agent 1",1162400,25700343358947,25700343364587
"MEMORY_COPY","MEMORY_COPY_HOST_TO_DEVICE",1,"Agent 0","Agent 1",1162415,25700343535029,25700343554070
"MEMORY_COPY","MEMORY_COPY_HOST_TO_DEVICE",1,"Agent 0","Agent 1",1162431,25700343656571,25700343668051
"MEMORY_COPY","MEMORY_COPY_DEVICE_TO_HOST",4,"Agent 1","Agent 0",1168017,25700432737159,25700432786600
"MEMORY_COPY","MEMORY_COPY_HOST_TO_DEVICE",1,"Agent 0","Agent 1",1168028,25700434009923,25700434015203
"MEMORY_COPY","MEMORY_COPY_HOST_TO_DEVICE",1,"Agent 0","Agent 1",1168043,25700434129745,25700434143825
"MEMORY_COPY","MEMORY_COPY_HOST_TO_DEVICE",1,"Agent 0","Agent 1",1168059,25700434243906,25700434254746
"MEMORY_COPY","MEMORY_COPY_DEVICE_TO_HOST",4,"Agent 1","Agent 0",1173650,25700544716910,25700544768110
"MEMORY_COPY","MEMORY_COPY_HOST_TO_DEVICE",1,"Agent 0","Agent 1",1173661,25700545663460,25700545668540
"MEMORY_COPY","MEMORY_COPY_HOST_TO_DEVICE",1,"Agent 0","Agent 1",1173676,25700545797832,25700545816592
"MEMORY_COPY","MEMORY_COPY_HOST_TO_DEVICE",1,"Agent 0","Agent 1",1173692,25700545917823,25700545928703
"MEMORY_COPY","MEMORY_COPY_DEVICE_TO_HOST",4,"Agent 1","Agent 0",1173700,25700632935309,25700632982429
"MEMORY_COPY","MEMORY_COPY_HOST_TO_DEVICE",1,"Agent 0","Agent 1",1173711,25700633763978,25700633769178
"MEMORY_COPY","MEMORY_COPY_HOST_TO_DEVICE",1,"Agent 0","Agent 1",1173726,25700633866299,25700633884859
"MEMORY_COPY","MEMORY_COPY_HOST_TO_DEVICE",1,"Agent 0","Agent 1",1173742,25700633986540,25700633997461
"MEMORY_COPY","MEMORY_COPY_DEVICE_TO_HOST",4,"Agent 1","Agent 0",1173750,25700721466742,25700721522503
"MEMORY_COPY","MEMORY_COPY_HOST_TO_DEVICE",1,"Agent 0","Agent 1",1173761,25700722456373,25700722461573
"MEMORY_COPY","MEMORY_COPY_HOST_TO_DEVICE",1,"Agent 0","Agent 1",1173776,25700722565064,25700722583945
"MEMORY_COPY","MEMORY_COPY_HOST_TO_DEVICE",1,"Agent 0","Agent 1",1173792,25700722683966,25700722695446
"MEMORY_COPY","MEMORY_COPY_DEVICE_TO_HOST",4,"Agent 1","Agent 0",1173800,25700810016737,25700810063537
"MEMORY_COPY","MEMORY_COPY_HOST_TO_DEVICE",1,"Agent 0","Agent 1",1173811,25700810928667,25700810933867
"MEMORY_COPY","MEMORY_COPY_HOST_TO_DEVICE",1,"Agent 0","Agent 1",1173826,25700811031148,25700811049708
"MEMORY_COPY","MEMORY_COPY_HOST_TO_DEVICE",1,"Agent 0","Agent 1",1173842,25700811150560,25700811161640
"MEMORY_COPY","MEMORY_COPY_DEVICE_TO_HOST",4,"Agent 1","Agent 0",1173850,25700898294396,25700898340076
"MEMORY_COPY","MEMORY_COPY_HOST_TO_DEVICE",1,"Agent 0","Agent 1",1173861,25700899129065,25700899134345
"MEMORY_COPY","MEMORY_COPY_HOST_TO_DEVICE",1,"Agent 0","Agent 1",1173876,25700899233576,25700899252216
"MEMORY_COPY","MEMORY_COPY_HOST_TO_DEVICE",1,"Agent 0","Agent 1",1173892,25700899370027,25700899381028
"MEMORY_COPY","MEMORY_COPY_DEVICE_TO_HOST",4,"Agent 1","Agent 0",1173900,25700986718005,25700986768646
"MEMORY_COPY","MEMORY_COPY_HOST_TO_DEVICE",1,"Agent 0","Agent 1",1173911,25700987543345,25700987548505
"MEMORY_COPY","MEMORY_COPY_HOST_TO_DEVICE",1,"Agent 0","Agent 1",1173926,25700987642566,25700987660926
"MEMORY_COPY","MEMORY_COPY_HOST_TO_DEVICE",1,"Agent 0","Agent 1",1173942,25700987761927,25700987772887
"MEMORY_COPY","MEMORY_COPY_DEVICE_TO_HOST",4,"Agent 1","Agent 0",1173950,25701075282799,25701075328720
"MEMORY_COPY","MEMORY_COPY_HOST_TO_DEVICE",1,"Agent 0","Agent 1",1173961,25701076225810,25701076231010
"MEMORY_COPY","MEMORY_COPY_HOST_TO_DEVICE",1,"Agent 0","Agent 1",1173976,25701076335621,25701076354181
"MEMORY_COPY","MEMORY_COPY_HOST_TO_DEVICE",1,"Agent 0","Agent 1",1173992,25701076455212,25701076466092
"MEMORY_COPY","MEMORY_COPY_DEVICE_TO_HOST",4,"Agent 1","Agent 0",1174000,25701163884367,25701163929528
"MEMORY_COPY","MEMORY_COPY_HOST_TO_DEVICE",1,"Agent 0","Agent 1",1174011,25701164750437,25701164755837
"MEMORY_COPY","MEMORY_COPY_HOST_TO_DEVICE",1,"Agent 0","Agent 1",1174026,25701164868518,25701164887398
"MEMORY_COPY","MEMORY_COPY_HOST_TO_DEVICE",1,"Agent 0","Agent 1",1174042,25701164986399,25701164997680
"MEMORY_COPY","MEMORY_COPY_DEVICE_TO_HOST",4,"Agent 1","Agent 0",1174050,25701251974331,25701252022732
"MEMORY_COPY","MEMORY_COPY_HOST_TO_DEVICE",1,"Agent 0","Agent 1",1174061,25701252826810,25701252831931
"MEMORY_COPY","MEMORY_COPY_HOST_TO_DEVICE",1,"Agent 0","Agent 1",1174076,25701252929652,25701252948092
"MEMORY_COPY","MEMORY_COPY_HOST_TO_DEVICE",1,"Agent 0","Agent 1",1174092,25701253054313,25701253065193
"MEMORY_COPY","MEMORY_COPY_DEVICE_TO_HOST",4,"Agent 1","Agent 0",1174100,25701340400902,25701340448062
"MEMORY_COPY","MEMORY_COPY_HOST_TO_DEVICE",1,"Agent 0","Agent 1",1174111,25701341302422,25701341307582
"MEMORY_COPY","MEMORY_COPY_HOST_TO_DEVICE",1,"Agent 0","Agent 1",1174126,25701341404923,25701341423443
"MEMORY_COPY","MEMORY_COPY_HOST_TO_DEVICE",1,"Agent 0","Agent 1",1174142,25701341521204,25701341532125
"MEMORY_COPY","MEMORY_COPY_DEVICE_TO_HOST",4,"Agent 1","Agent 0",1174150,25701428664606,25701428725846
"MEMORY_COPY","MEMORY_COPY_HOST_TO_DEVICE",1,"Agent 0","Agent 1",1174161,25701429530115,25701429535195
"MEMORY_COPY","MEMORY_COPY_HOST_TO_DEVICE",1,"Agent 0","Agent 1",1174176,25701429631187,25701429649947
"MEMORY_COPY","MEMORY_COPY_HOST_TO_DEVICE",1,"Agent 0","Agent 1",1174192,25701429763358,25701429774398
"MEMORY_COPY","MEMORY_COPY_DEVICE_TO_HOST",4,"Agent 1","Agent 0",1174200,25701517295604,25701517339404
"MEMORY_COPY","MEMORY_COPY_HOST_TO_DEVICE",1,"Agent 0","Agent 1",1174211,25701518105213,25701518110413
"MEMORY_COPY","MEMORY_COPY_HOST_TO_DEVICE",1,"Agent 0","Agent 1",1174226,25701518206434,25701518225034
"MEMORY_COPY","MEMORY_COPY_HOST_TO_DEVICE",1,"Agent 0","Agent 1",1174242,25701518325755,25701518336676
"MEMORY_COPY","MEMORY_COPY_DEVICE_TO_HOST",4,"Agent 1","Agent 0",1174250,25701605760227,25701605805828
"MEMORY_COPY","MEMORY_COPY_HOST_TO_DEVICE",1,"Agent 0","Agent 1",1174261,25701606687777,25701606692977
"MEMORY_COPY","MEMORY_COPY_HOST_TO_DEVICE",1,"Agent 0","Agent 1",1174276,25701606784488,25701606803009
"MEMORY_COPY","MEMORY_COPY_HOST_TO_DEVICE",1,"Agent 0","Agent 1",1174292,25701606902540,25701606913540
"MEMORY_COPY","MEMORY_COPY_DEVICE_TO_HOST",4,"Agent 1","Agent 0",1174300,25701694304372,25701694348292
"MEMORY_COPY","MEMORY_COPY_HOST_TO_DEVICE",1,"Agent 0","Agent 1",1174311,25701695153021,25701695158301
"MEMORY_COPY","MEMORY_COPY_HOST_TO_DEVICE",1,"Agent 0","Agent 1",1174326,25701695276153,25701695294713
"MEMORY_COPY","MEMORY_COPY_HOST_TO_DEVICE",1,"Agent 0","Agent 1",1174342,25701695407074,25701695418114
"MEMORY_COPY","MEMORY_COPY_DEVICE_TO_HOST",4,"Agent 1","Agent 0",1174350,25701783004226,25701783055146
"MEMORY_COPY","MEMORY_COPY_HOST_TO_DEVICE",1,"Agent 0","Agent 1",1174361,25701783877465,25701783882705
"MEMORY_COPY","MEMORY_COPY_HOST_TO_DEVICE",1,"Agent 0","Agent 1",1174376,25701783984486,25701784003727
"MEMORY_COPY","MEMORY_COPY_HOST_TO_DEVICE",1,"Agent 0","Agent 1",1174392,25701784117498,25701784129018
"MEMORY_COPY","MEMORY_COPY_DEVICE_TO_HOST",4,"Agent 1","Agent 0",1174400,25701871753143,25701871799384
"MEMORY_COPY","MEMORY_COPY_HOST_TO_DEVICE",1,"Agent 0","Agent 1",1174411,25701872699484,25701872704644
"MEMORY_COPY","MEMORY_COPY_HOST_TO_DEVICE",1,"Agent 0","Agent 1",1174426,25701872801715,25701872820355
"MEMORY_COPY","MEMORY_COPY_HOST_TO_DEVICE",1,"Agent 0","Agent 1",1174442,25701872925396,25701872937436
"MEMORY_COPY","MEMORY_COPY_DEVICE_TO_HOST",4,"Agent 1","Agent 0",1174450,25701960302131,25701960362651
"MEMORY_COPY","MEMORY_COPY_HOST_TO_DEVICE",1,"Agent 0","Agent 1",1174461,25701961155240,25701961160480
"MEMORY_COPY","MEMORY_COPY_HOST_TO_DEVICE",1,"Agent 0","Agent 1",1174476,25701961257251,25701961275692
"MEMORY_COPY","MEMORY_COPY_HOST_TO_DEVICE",1,"Agent 0","Agent 1",1174492,25701961373363,25701961384523
"MEMORY_COPY","MEMORY_COPY_DEVICE_TO_HOST",4,"Agent 1","Agent 0",1174500,25702048914372,25702048969533
"MEMORY_COPY","MEMORY_COPY_HOST_TO_DEVICE",1,"Agent 0","Agent 1",1174511,25702049760982,25702049766022
"MEMORY_COPY","MEMORY_COPY_HOST_TO_DEVICE",1,"Agent 0","Agent 1",1174526,25702049861133,25702049879693
"MEMORY_COPY","MEMORY_COPY_HOST_TO_DEVICE",1,"Agent 0","Agent 1",1174542,25702049981544,25702049992664
"MEMORY_COPY","MEMORY_COPY_DEVICE_TO_HOST",4,"Agent 1","Agent 0",1174550,25702137330637,25702137382678
"MEMORY_COPY","MEMORY_COPY_HOST_TO_DEVICE",1,"Agent 0","Agent 1",1174561,25702138271938,25702138277138
"MEMORY_COPY","MEMORY_COPY_HOST_TO_DEVICE",1,"Agent 0","Agent 1",1174576,25702138380549,25702138400029
"MEMORY_COPY","MEMORY_COPY_HOST_TO_DEVICE",1,"Agent 0","Agent 1",1174592,25702138506981,25702138518581
"MEMORY_COPY","MEMORY_COPY_DEVICE_TO_HOST",4,"Agent 1","Agent 0",1174600,25702225784136,25702225838697
"MEMORY_COPY","MEMORY_COPY_HOST_TO_DEVICE",1,"Agent 0","Agent 1",1174611,25702226722407,25702226727527
"MEMORY_COPY","MEMORY_COPY_HOST_TO_DEVICE",1,"Agent 0","Agent 1",1174626,25702226821528,25702226840048
"MEMORY_COPY","MEMORY_COPY_HOST_TO_DEVICE",1,"Agent 0","Agent 1",1174642,25702226939119,25702226949999
"MEMORY_COPY","MEMORY_COPY_DEVICE_TO_HOST",4,"Agent 1","Agent 0",1174650,25702314268676,25702314312917
"MEMORY_COPY","MEMORY_COPY_HOST_TO_DEVICE",1,"Agent 0","Agent 1",1174661,25702315090975,25702315096415
"MEMORY_COPY","MEMORY_COPY_HOST_TO_DEVICE",1,"Agent 0","Agent 1",1174676,25702315198547,25702315216947
"MEMORY_COPY","MEMORY_COPY_HOST_TO_DEVICE",1,"Agent 0","Agent 1",1174692,25702315318608,25702315329768
"MEMORY_COPY","MEMORY_COPY_DEVICE_TO_HOST",4,"Agent 1","Agent 0",1174700,25702402601512,25702402645832
"MEMORY_COPY","MEMORY_COPY_HOST_TO_DEVICE",1,"Agent 0","Agent 1",1174711,25702403461962,25702403467162
"MEMORY_COPY","MEMORY_COPY_HOST_TO_DEVICE",1,"Agent 0","Agent 1",1174726,25702403562263,25702403580663
"MEMORY_COPY","MEMORY_COPY_HOST_TO_DEVICE",1,"Agent 0","Agent 1",1174742,25702403680414,25702403691054
"MEMORY_COPY","MEMORY_COPY_DEVICE_TO_HOST",4,"Agent 1","Agent 0",1174750,25702491435594,25702491480355
"MEMORY_COPY","MEMORY_COPY_HOST_TO_DEVICE",1,"Agent 0","Agent 1",1174761,25702492409265,25702492414545
"MEMORY_COPY","MEMORY_COPY_HOST_TO_DEVICE",1,"Agent 0","Agent 1",1174776,25702492513816,25702492533176
"MEMORY_COPY","MEMORY_COPY_HOST_TO_DEVICE",1,"Agent 0","Agent 1",1174792,25702492663288,25702492677208
"MEMORY_COPY","MEMORY_COPY_DEVICE_TO_HOST",4,"Agent 1","Agent 0",1174800,25702579840951,25702579894072
"MEMORY_COPY","MEMORY_COPY_HOST_TO_DEVICE",1,"Agent 0","Agent 1",1174811,25702580715731,25702580720931
"MEMORY_COPY","MEMORY_COPY_HOST_TO_DEVICE",1,"Agent 0","Agent 1",1174826,25702580826702,25702580845382
"MEMORY_COPY","MEMORY_COPY_HOST_TO_DEVICE",1,"Agent 0","Agent 1",1174842,25702580945113,25702580956074
"MEMORY_COPY","MEMORY_COPY_DEVICE_TO_HOST",4,"Agent 1","Agent 0",1174850,25702668540937,25702668586138
"MEMORY_COPY","MEMORY_COPY_HOST_TO_DEVICE",1,"Agent 0","Agent 1",1174861,25702669476838,25702669482358
"MEMORY_COPY","MEMORY_COPY_HOST_TO_DEVICE",1,"Agent 0","Agent 1",1174876,25702669575779,25702669594739
"MEMORY_COPY","MEMORY_COPY_HOST_TO_DEVICE",1,"Agent 0","Agent 1",1174892,25702669714720,25702669725961
"MEMORY_COPY","MEMORY_COPY_DEVICE_TO_HOST",4,"Agent 1","Agent 0",1174900,25702756563412,25702756611613
"MEMORY_COPY","MEMORY_COPY_HOST_TO_DEVICE",1,"Agent 0","Agent 1",1174911,25702757530213,25702757535293
"MEMORY_COPY","MEMORY_COPY_HOST_TO_DEVICE",1,"Agent 0","Agent 1",1174926,25702757631594,25702757649914
"MEMORY_COPY","MEMORY_COPY_HOST_TO_DEVICE",1,"Agent 0","Agent 1",1174942,25702757749626,25702757760266
"MEMORY_COPY","MEMORY_COPY_DEVICE_TO_HOST",4,"Agent 1","Agent 0",1174950,25702843369141,25702843412301
"MEMORY_COPY","MEMORY_COPY_HOST_TO_DEVICE",1,"Agent 0","Agent 1",1174961,25702844195540,25702844200780
"MEMORY_COPY","MEMORY_COPY_HOST_TO_DEVICE",1,"Agent 0","Agent 1",1174976,25702844294341,25702844312621
"MEMORY_COPY","MEMORY_COPY_HOST_TO_DEVICE",1,"Agent 0","Agent 1",1174992,25702844423512,25702844434112
"MEMORY_COPY","MEMORY_COPY_DEVICE_TO_HOST",4,"Agent 1","Agent 0",1175000,25702931364962,25702931408682
"MEMORY_COPY","MEMORY_COPY_HOST_TO_DEVICE",1,"Agent 0","Agent 1",1175011,25702932214531,25702932219651
"MEMORY_COPY","MEMORY_COPY_HOST_TO_DEVICE",1,"Agent 0","Agent 1",1175026,25702932316522,25702932335042
"MEMORY_COPY","MEMORY_COPY_HOST_TO_DEVICE",1,"Agent 0","Agent 1",1175042,25702932434183,25702932445144
"MEMORY_COPY","MEMORY_COPY_DEVICE_TO_HOST",4,"Agent 1","Agent 0",1175050,25703019526895,25703019574055
"MEMORY_COPY","MEMORY_COPY_HOST_TO_DEVICE",1,"Agent 0","Agent 1",1175061,25703020560386,25703020565626
"MEMORY_COPY","MEMORY_COPY_HOST_TO_DEVICE",1,"Agent 0","Agent 1",1175076,25703020662767,25703020681287
"MEMORY_COPY","MEMORY_COPY_HOST_TO_DEVICE",1,"Agent 0","Agent 1",1175092,25703020792329,25703020804289
"MEMORY_COPY","MEMORY_COPY_DEVICE_TO_HOST",4,"Agent 1","Agent 0",1175100,25703108190863,25703108235463
"MEMORY_COPY","MEMORY_COPY_HOST_TO_DEVICE",1,"Agent 0","Agent 1",1175111,25703109089823,25703109095263
"MEMORY_COPY","MEMORY_COPY_HOST_TO_DEVICE",1,"Agent 0","Agent 1",1175126,25703109204544,25703109224344
"MEMORY_COPY","MEMORY_COPY_HOST_TO_DEVICE",1,"Agent 0","Agent 1",1175142,25703109348615,25703109362656
"MEMORY_COPY","MEMORY_COPY_DEVICE_TO_HOST",4,"Agent 1","Agent 0",1175150,25703196714287,25703196766848
"MEMORY_COPY","MEMORY_COPY_HOST_TO_DEVICE",1,"Agent 0","Agent 1",1175161,25703197627577,25703197632697
"MEMORY_COPY","MEMORY_COPY_HOST_TO_DEVICE",1,"Agent 0","Agent 1",1175176,25703197732188,25703197750709
"MEMORY_COPY","MEMORY_COPY_HOST_TO_DEVICE",1,"Agent 0","Agent 1",1175192,25703197851390,25703197862470
"MEMORY_COPY","MEMORY_COPY_DEVICE_TO_HOST",4,"Agent 1","Agent 0",1175200,25703285770695,25703285818775
"MEMORY_COPY","MEMORY_COPY_HOST_TO_DEVICE",1,"Agent 0","Agent 1",1175211,25703286806936,25703286812016
"MEMORY_COPY","MEMORY_COPY_HOST_TO_DEVICE",1,"Agent 0","Agent 1",1175226,25703286907097,25703286925337
"MEMORY_COPY","MEMORY_COPY_HOST_TO_DEVICE",1,"Agent 0","Agent 1",1175242,25703287025769,25703287036569
"MEMORY_COPY","MEMORY_COPY_DEVICE_TO_HOST",4,"Agent 1","Agent 0",1175250,25703373003673,25703373050354
"MEMORY_COPY","MEMORY_COPY_HOST_TO_DEVICE",1,"Agent 0","Agent 1",1175261,25703373850783,25703373855943
"MEMORY_COPY","MEMORY_COPY_HOST_TO_DEVICE",1,"Agent 0","Agent 1",1175276,25703373950554,25703373968874
"MEMORY_COPY","MEMORY_COPY_HOST_TO_DEVICE",1,"Agent 0","Agent 1",1175292,25703374077965,25703374088565
"MEMORY_COPY","MEMORY_COPY_DEVICE_TO_HOST",4,"Agent 1","Agent 0",1175300,25703460894858,25703460938619
"MEMORY_COPY","MEMORY_COPY_HOST_TO_DEVICE",1,"Agent 0","Agent 1",1175311,25703461721027,25703461726227
"MEMORY_COPY","MEMORY_COPY_HOST_TO_DEVICE",1,"Agent 0","Agent 1",1175326,25703461822478,25703461841039
"MEMORY_COPY","MEMORY_COPY_HOST_TO_DEVICE",1,"Agent 0","Agent 1",1175342,25703461941520,25703461952840
"MEMORY_COPY","MEMORY_COPY_DEVICE_TO_HOST",4,"Agent 1","Agent 0",1175350,25703549159886,25703549206007
"MEMORY_COPY","MEMORY_COPY_HOST_TO_DEVICE",1,"Agent 0","Agent 1",1175361,25703550096447,25703550101767
"MEMORY_COPY","MEMORY_COPY_HOST_TO_DEVICE",1,"Agent 0","Agent 1",1175376,25703550195888,25703550214368
"MEMORY_COPY","MEMORY_COPY_HOST_TO_DEVICE",1,"Agent 0","Agent 1",1175392,25703550312389,25703550323629
"MEMORY_COPY","MEMORY_COPY_DEVICE_TO_HOST",4,"Agent 1","Agent 0",1175400,25703637789616,25703637834097
"MEMORY_COPY","MEMORY_COPY_HOST_TO_DEVICE",1,"Agent 0","Agent 1",1175411,25703638617465,25703638622665
"MEMORY_COPY","MEMORY_COPY_HOST_TO_DEVICE",1,"Agent 0","Agent 1",1175426,25703638717926,25703638736487
"MEMORY_COPY","MEMORY_COPY_HOST_TO_DEVICE",1,"Agent 0","Agent 1",1175442,25703638838808,25703638851008
"MEMORY_COPY","MEMORY_COPY_DEVICE_TO_HOST",4,"Agent 1","Agent 0",1175450,25703725925298,25703725987379
"MEMORY_COPY","MEMORY_COPY_HOST_TO_DEVICE",1,"Agent 0","Agent 1",1175461,25703726784648,25703726789808
"MEMORY_COPY","MEMORY_COPY_HOST_TO_DEVICE",1,"Agent 0","Agent 1",1175476,25703726886009,25703726904849
"MEMORY_COPY","MEMORY_COPY_HOST_TO_DEVICE",1,"Agent 0","Agent 1",1175492,25703727014610,25703727026370
"MEMORY_COPY","MEMORY_COPY_DEVICE_TO_HOST",4,"Agent 1","Agent 0",1175500,25703814334912,25703814379753
"MEMORY_COPY","MEMORY_COPY_HOST_TO_DEVICE",1,"Agent 0","Agent 1",1175511,25703815141481,25703815146641
"MEMORY_COPY","MEMORY_COPY_HOST_TO_DEVICE",1,"Agent 0","Agent 1",1175526,25703815241662,25703815260063
"MEMORY_COPY","MEMORY_COPY_HOST_TO_DEVICE",1,"Agent 0","Agent 1",1175542,25703815361274,25703815372194
"MEMORY_COPY","MEMORY_COPY_DEVICE_TO_HOST",4,"Agent 1","Agent 0",1175550,25703902703637,25703902748518
"MEMORY_COPY","MEMORY_COPY_HOST_TO_DEVICE",1,"Agent 0","Agent 1",1175561,25703903543266,25703903548346
"MEMORY_COPY","MEMORY_COPY_HOST_TO_DEVICE",1,"Agent 0","Agent 1",1175576,25703903642557,25703903661238
"MEMORY_COPY","MEMORY_COPY_HOST_TO_DEVICE",1,"Agent 0","Agent 1",1175592,25703903769189,25703903783429
"MEMORY_COPY","MEMORY_COPY_DEVICE_TO_HOST",4,"Agent 1","Agent 0",1175600,25703991047427,25703991102027
"MEMORY_COPY","MEMORY_COPY_HOST_TO_DEVICE",1,"Agent 0","Agent 1",1175611,25703991900026,25703991905106
"MEMORY_COPY","MEMORY_COPY_HOST_TO_DEVICE",1,"Agent 0","Agent 1",1175626,25703992013578,25703992032138
"MEMORY_COPY","MEMORY_COPY_HOST_TO_DEVICE",1,"Agent 0","Agent 1",1175642,25703992132859,25703992143899
"MEMORY_COPY","MEMORY_COPY_DEVICE_TO_HOST",4,"Agent 1","Agent 0",1175650,25704079139156,25704079183316
"MEMORY_COPY","MEMORY_COPY_HOST_TO_DEVICE",1,"Agent 0","Agent 1",1175661,25704079953975,25704079959295
"MEMORY_COPY","MEMORY_COPY_HOST_TO_DEVICE",1,"Agent 0","Agent 1",1175676,25704080055836,25704080074636
"MEMORY_COPY","MEMORY_COPY_HOST_TO_DEVICE",1,"Agent 0","Agent 1",1175692,25704080181737,25704080192897
"MEMORY_COPY","MEMORY_COPY_DEVICE_TO_HOST",4,"Agent 1","Agent 0",1175700,25704167635296,25704167696377
"MEMORY_COPY","MEMORY_COPY_HOST_TO_DEVICE",1,"Agent 0","Agent 1",1175711,25704168666448,25704168671648
"MEMORY_COPY","MEMORY_COPY_HOST_TO_DEVICE",1,"Agent 0","Agent 1",1175726,25704168765419,25704168784059
"MEMORY_COPY","MEMORY_COPY_HOST_TO_DEVICE",1,"Agent 0","Agent 1",1175742,25704168880620,25704168891420
"MEMORY_COPY","MEMORY_COPY_DEVICE_TO_HOST",4,"Agent 1","Agent 0",1175750,25704256344576,25704256390256
"MEMORY_COPY","MEMORY_COPY_HOST_TO_DEVICE",1,"Agent 0","Agent 1",1175761,25704257224816,25704257229976
"MEMORY_COPY","MEMORY_COPY_HOST_TO_DEVICE",1,"Agent 0","Agent 1",1175776,25704257326127,25704257344887
"MEMORY_COPY","MEMORY_COPY_HOST_TO_DEVICE",1,"Agent 0","Agent 1",1175792,25704257459038,25704257470118
"MEMORY_COPY","MEMORY_COPY_DEVICE_TO_HOST",4,"Agent 1","Agent 0",1175800,25704344614265,25704344683066
"MEMORY_COPY","MEMORY_COPY_HOST_TO_DEVICE",1,"Agent 0","Agent 1",1175811,25704345648869,25704345654349
"MEMORY_COPY","MEMORY_COPY_HOST_TO_DEVICE",1,"Agent 0","Agent 1",1175826,25704345775083,25704345793523
"MEMORY_COPY","MEMORY_COPY_HOST_TO_DEVICE",1,"Agent 0","Agent 1",1175842,25704345914896,25704345927136
"MEMORY_COPY","MEMORY_COPY_DEVICE_TO_HOST",4,"Agent 1","Agent 0",1175850,25704432975379,25704433023380
"MEMORY_COPY","MEMORY_COPY_HOST_TO_DEVICE",1,"Agent 0","Agent 1",1175861,25704433910959,25704433916079
"MEMORY_COPY","MEMORY_COPY_HOST_TO_DEVICE",1,"Agent 0","Agent 1",1175876,25704434003790,25704434022471
"MEMORY_COPY","MEMORY_COPY_HOST_TO_DEVICE",1,"Agent 0","Agent 1",1175892,25704434120762,25704434131642
"MEMORY_COPY","MEMORY_COPY_DEVICE_TO_HOST",4,"Agent 1","Agent 0",1175900,25704521604749,25704521649869
"MEMORY_COPY","MEMORY_COPY_HOST_TO_DEVICE",1,"Agent 0","Agent 1",1175911,25704522472399,25704522477559
"MEMORY_COPY","MEMORY_COPY_HOST_TO_DEVICE",1,"Agent 0","Agent 1",1175926,25704522574870,25704522593430
"MEMORY_COPY","MEMORY_COPY_HOST_TO_DEVICE",1,"Agent 0","Agent 1",1175942,25704522707151,25704522718751
"MEMORY_COPY","MEMORY_COPY_DEVICE_TO_HOST",4,"Agent 1","Agent 0",1175950,25704610182221,25704610232182
"MEMORY_COPY","MEMORY_COPY_HOST_TO_DEVICE",1,"Agent 0","Agent 1",1175961,25704611051801,25704611056881
"MEMORY_COPY","MEMORY_COPY_HOST_TO_DEVICE",1,"Agent 0","Agent 1",1175976,25704611150252,25704611168612
"MEMORY_COPY","MEMORY_COPY_HOST_TO_DEVICE",1,"Agent 0","Agent 1",1175992,25704611268064,25704611279024
"MEMORY_COPY","MEMORY_COPY_DEVICE_TO_HOST",4,"Agent 1","Agent 0",1176000,25704698533862,25704698581262
"MEMORY_COPY","MEMORY_COPY_HOST_TO_DEVICE",1,"Agent 0","Agent 1",1176011,25704699437732,25704699442852
"MEMORY_COPY","MEMORY_COPY_HOST_TO_DEVICE",1,"Agent 0","Agent 1",1176026,25704699534763,25704699553323
"MEMORY_COPY","MEMORY_COPY_HOST_TO_DEVICE",1,"Agent 0","Agent 1",1176042,25704699654334,25704699665615
"MEMORY_COPY","MEMORY_COPY_DEVICE_TO_HOST",4,"Agent 1","Agent 0",1176050,25704786891444,25704786939485
"MEMORY_COPY","MEMORY_COPY_HOST_TO_DEVICE",1,"Agent 0","Agent 1",1176061,25704787716653,25704787721853
"MEMORY_COPY","MEMORY_COPY_HOST_TO_DEVICE",1,"Agent 0","Agent 1",1176076,25704787818285,25704787836845
"MEMORY_COPY","MEMORY_COPY_HOST_TO_DEVICE",1,"Agent 0","Agent 1",1176092,25704787935666,25704787946346
"MEMORY_COPY","MEMORY_COPY_DEVICE_TO_HOST",4,"Agent 1","Agent 0",1176100,25704875315742,25704875361903
"MEMORY_COPY","MEMORY_COPY_HOST_TO_DEVICE",1,"Agent 0","Agent 1",1176111,25704876143702,25704876149022
"MEMORY_COPY","MEMORY_COPY_HOST_TO_DEVICE",1,"Agent 0","Agent 1",1176126,25704876248153,25704876266953
"MEMORY_COPY","MEMORY_COPY_HOST_TO_DEVICE",1,"Agent 0","Agent 1",1176142,25704876372354,25704876384474
"MEMORY_COPY","MEMORY_COPY_DEVICE_TO_HOST",4,"Agent 1","Agent 0",1176150,25704963762885,25704963810365
"MEMORY_COPY","MEMORY_COPY_HOST_TO_DEVICE",1,"Agent 0","Agent 1",1176161,25704964712665,25704964717905
"MEMORY_COPY","MEMORY_COPY_HOST_TO_DEVICE",1,"Agent 0","Agent 1",1176176,25704964838587,25704964857387
"MEMORY_COPY","MEMORY_COPY_HOST_TO_DEVICE",1,"Agent 0","Agent 1",1176192,25704964978588,25704964991388
"MEMORY_COPY","MEMORY_COPY_DEVICE_TO_HOST",4,"Agent 1","Agent 0",1176200,25705052150909,25705052193550
"MEMORY_COPY","MEMORY_COPY_HOST_TO_DEVICE",1,"Agent 0","Agent 1",1176211,25705052975108,25705052980468
"MEMORY_COPY","MEMORY_COPY_HOST_TO_DEVICE",1,"Agent 0","Agent 1",1176226,25705053093490,25705053112130
"MEMORY_COPY","MEMORY_COPY_HOST_TO_DEVICE",1,"Agent 0","Agent 1",1176242,25705053275192,25705053286192
"MEMORY_COPY","MEMORY_COPY_DEVICE_TO_HOST",4,"Agent 1","Agent 0",1176250,25705140743108,25705140788109
"MEMORY_COPY","MEMORY_COPY_HOST_TO_DEVICE",1,"Agent 0","Agent 1",1176261,25705141571508,25705141576708
"MEMORY_COPY","MEMORY_COPY_HOST_TO_DEVICE",1,"Agent 0","Agent 1",1176276,25705141671149,25705141689709
"MEMORY_COPY","MEMORY_COPY_HOST_TO_DEVICE",1,"Agent 0","Agent 1",1176292,25705141788070,25705141798950
"MEMORY_COPY","MEMORY_COPY_DEVICE_TO_HOST",4,"Agent 1","Agent 0",1176300,25705229299909,25705229346549
"MEMORY_COPY","MEMORY_COPY_HOST_TO_DEVICE",1,"Agent 0","Agent 1",1176311,25705230281240,25705230286560
"MEMORY_COPY","MEMORY_COPY_HOST_TO_DEVICE",1,"Agent 0","Agent 1",1176326,25705230385513,25705230404313
"MEMORY_COPY","MEMORY_COPY_HOST_TO_DEVICE",1,"Agent 0","Agent 1",1176342,25705230506780,25705230518220
"MEMORY_COPY","MEMORY_COPY_DEVICE_TO_HOST",4,"Agent 1","Agent 0",1176350,25705317846745,25705317892025
"MEMORY_COPY","MEMORY_COPY_HOST_TO_DEVICE",1,"Agent 0","Agent 1",1176361,25705318666364,25705318671684
"MEMORY_COPY","MEMORY_COPY_HOST_TO_DEVICE",1,"Agent 0","Agent 1",1176376,25705318765305,25705318783865
"MEMORY_COPY","MEMORY_COPY_HOST_TO_DEVICE",1,"Agent 0","Agent 1",1176392,25705318884316,25705318895236
"MEMORY_COPY","MEMORY_COPY_DEVICE_TO_HOST",4,"Agent 1","Agent 0",1176400,25705406228301,25705406279661
"MEMORY_COPY","MEMORY_COPY_HOST_TO_DEVICE",1,"Agent 0","Agent 1",1176411,25705407111139,25705407116659
"MEMORY_COPY","MEMORY_COPY_HOST_TO_DEVICE",1,"Agent 0","Agent 1",1176426,25705407236694,25705407256174
"MEMORY_COPY","MEMORY_COPY_HOST_TO_DEVICE",1,"Agent 0","Agent 1",1176442,25705407367248,25705407379648
"MEMORY_COPY","MEMORY_COPY_DEVICE_TO_HOST",4,"Agent 1","Agent 0",1176450,25705495172551,25705495245672
"MEMORY_COPY","MEMORY_COPY_HOST_TO_DEVICE",1,"Agent 0","Agent 1",1176461,25705496477656,25705496483056
"MEMORY_COPY","MEMORY_COPY_HOST_TO_DEVICE",1,"Agent 0","Agent 1",1176476,25705496595507,25705496614427
"MEMORY_COPY","MEMORY_COPY_HOST_TO_DEVICE",1,"Agent 0","Agent 1",1176492,25705496719409,25705496731249
"MEMORY_COPY","MEMORY_COPY_DEVICE_TO_HOST",4,"Agent 1","Agent 0",1176500,25705583802671,25705583853551
"MEMORY_COPY","MEMORY_COPY_HOST_TO_DEVICE",1,"Agent 0","Agent 1",1176511,25705584703531,25705584708771
"MEMORY_COPY","MEMORY_COPY_HOST_TO_DEVICE",1,"Agent 0","Agent 1",1176526,25705584807682,25705584826202
"MEMORY_COPY","MEMORY_COPY_HOST_TO_DEVICE",1,"Agent 0","Agent 1",1176542,25705584926213,25705584937053
"MEMORY_COPY","MEMORY_COPY_DEVICE_TO_HOST",4,"Agent 1","Agent 0",1176550,25705671856256,25705671907456
"MEMORY_COPY","MEMORY_COPY_HOST_TO_DEVICE",1,"Agent 0","Agent 1",1176561,25705672731439,25705672736479
"MEMORY_COPY","MEMORY_COPY_HOST_TO_DEVICE",1,"Agent 0","Agent 1",1176576,25705672830753,25705672849273
"MEMORY_COPY","MEMORY_COPY_HOST_TO_DEVICE",1,"Agent 0","Agent 1",1176592,25705672959363,25705672970683
"MEMORY_COPY","MEMORY_COPY_DEVICE_TO_HOST",4,"Agent 1","Agent 0",1176600,25705760059862,25705760112742
"MEMORY_COPY","MEMORY_COPY_HOST_TO_DEVICE",1,"Agent 0","Agent 1",1176611,25705760973732,25705760978892
"MEMORY_COPY","MEMORY_COPY_HOST_TO_DEVICE",1,"Agent 0","Agent 1",1176626,25705761084853,25705761103613
"MEMORY_COPY","MEMORY_COPY_HOST_TO_DEVICE",1,"Agent 0","Agent 1",1176642,25705761205974,25705761217535
"MEMORY_COPY","MEMORY_COPY_DEVICE_TO_HOST",4,"Agent 1","Agent 0",1176650,25705848599091,25705848656971
"MEMORY_COPY","MEMORY_COPY_HOST_TO_DEVICE",1,"Agent 0","Agent 1",1176661,25705849662852,25705849668012
"MEMORY_COPY","MEMORY_COPY_HOST_TO_DEVICE",1,"Agent 0","Agent 1",1176676,25705849761083,25705849779404
"MEMORY_COPY","MEMORY_COPY_HOST_TO_DEVICE",1,"Agent 0","Agent 1",1176692,25705849878875,25705849889555
"MEMORY_COPY","MEMORY_COPY_DEVICE_TO_HOST",4,"Agent 1","Agent 0",1176700,25705937304069,25705937349949
"MEMORY_COPY","MEMORY_COPY_HOST_TO_DEVICE",1,"Agent 0","Agent 1",1176711,25705938145399,25705938150559
"MEMORY_COPY","MEMORY_COPY_HOST_TO_DEVICE",1,"Agent 0","Agent 1",1176726,25705938243540,25705938261860
"MEMORY_COPY","MEMORY_COPY_HOST_TO_DEVICE",1,"Agent 0","Agent 1",1176742,25705938402246,25705938412926
"MEMORY_COPY","MEMORY_COPY_DEVICE_TO_HOST",4,"Agent 1","Agent 0",1176750,25706025702744,25706025748064
"MEMORY_COPY","MEMORY_COPY_HOST_TO_DEVICE",1,"Agent 0","Agent 1",1176761,25706026562433,25706026567713
"MEMORY_COPY","MEMORY_COPY_HOST_TO_DEVICE",1,"Agent 0","Agent 1",1176776,25706026663424,25706026682065
"MEMORY_COPY","MEMORY_COPY_HOST_TO_DEVICE",1,"Agent 0","Agent 1",1176792,25706026781676,25706026792836
"MEMORY_COPY","MEMORY_COPY_DEVICE_TO_HOST",4,"Agent 1","Agent 0",1176800,25706114278798,25706114357719
"MEMORY_COPY","MEMORY_COPY_HOST_TO_DEVICE",1,"Agent 0","Agent 1",1176811,25706115414641,25706115419961
"MEMORY_COPY","MEMORY_COPY_HOST_TO_DEVICE",1,"Agent 0","Agent 1",1176826,25706115514152,25706115532792
"MEMORY_COPY","MEMORY_COPY_HOST_TO_DEVICE",1,"Agent 0","Agent 1",1176842,25706115636503,25706115648743
"MEMORY_COPY","MEMORY_COPY_DEVICE_TO_HOST",4,"Agent 1","Agent 0",1176850,25706203039223,25706203087783
"MEMORY_COPY","MEMORY_COPY_HOST_TO_DEVICE",1,"Agent 0","Agent 1",1176861,25706203906155,25706203911355
"MEMORY_COPY","MEMORY_COPY_HOST_TO_DEVICE",1,"Agent 0","Agent 1",1176876,25706204011350,25706204030190
"MEMORY_COPY","MEMORY_COPY_HOST_TO_DEVICE",1,"Agent 0","Agent 1",1176892,25706204130081,25706204140961
"MEMORY_COPY","MEMORY_COPY_DEVICE_TO_HOST",4,"Agent 1","Agent 0",1176900,25706291613897,25706291658138
"MEMORY_COPY","MEMORY_COPY_HOST_TO_DEVICE",1,"Agent 0","Agent 1",1176911,25706292446277,25706292451477
"MEMORY_COPY","MEMORY_COPY_HOST_TO_DEVICE",1,"Agent 0","Agent 1",1176926,25706292555058,25706292573458
"MEMORY_COPY","MEMORY_COPY_HOST_TO_DEVICE",1,"Agent 0","Agent 1",1176942,25706292712870,25706292723790
"MEMORY_COPY","MEMORY_COPY_DEVICE_TO_HOST",4,"Agent 1","Agent 0",1176950,25706379938588,25706379984749
"MEMORY_COPY","MEMORY_COPY_HOST_TO_DEVICE",1,"Agent 0","Agent 1",1176961,25706380876129,25706380881369
"MEMORY_COPY","MEMORY_COPY_HOST_TO_DEVICE",1,"Agent 0","Agent 1",1176976,25706380976960,25706380995320
"MEMORY_COPY","MEMORY_COPY_HOST_TO_DEVICE",1,"Agent 0","Agent 1",1176992,25706381103771,25706381114731
"MEMORY_COPY","MEMORY_COPY_DEVICE_TO_HOST",4,"Agent 1","Agent 0",1177000,25706468539404,25706468592524
"MEMORY_COPY","MEMORY_COPY_HOST_TO_DEVICE",1,"Agent 0","Agent 1",1177011,25706469383755,25706469389075
"MEMORY_COPY","MEMORY_COPY_HOST_TO_DEVICE",1,"Agent 0","Agent 1",1177026,25706469487427,25706469506027
"MEMORY_COPY","MEMORY_COPY_HOST_TO_DEVICE",1,"Agent 0","Agent 1",1177042,25706469608244,25706469620444
"MEMORY_COPY","MEMORY_COPY_DEVICE_TO_HOST",4,"Agent 1","Agent 0",1177050,25706556986731,25706557039331
"MEMORY_COPY","MEMORY_COPY_HOST_TO_DEVICE",1,"Agent 0","Agent 1",1177061,25706557870801,25706557876081
"MEMORY_COPY","MEMORY_COPY_HOST_TO_DEVICE",1,"Agent 0","Agent 1",1177076,25706557973442,25706557991882
"MEMORY_COPY","MEMORY_COPY_HOST_TO_DEVICE",1,"Agent 0","Agent 1",1177092,25706558094103,25706558105303
"MEMORY_COPY","MEMORY_COPY_DEVICE_TO_HOST",4,"Agent 1","Agent 0",1177100,25706645688810,25706645735211
"MEMORY_COPY","MEMORY_COPY_HOST_TO_DEVICE",1,"Agent 0","Agent 1",1177111,25706646636161,25706646641321
"MEMORY_COPY","MEMORY_COPY_HOST_TO_DEVICE",1,"Agent 0","Agent 1",1177126,25706646737572,25706646756172
"MEMORY_COPY","MEMORY_COPY_HOST_TO_DEVICE",1,"Agent 0","Agent 1",1177142,25706646855003,25706646865884
"MEMORY_COPY","MEMORY_COPY_DEVICE_TO_HOST",4,"Agent 1","Agent 0",1177150,25706734227646,25706734282246
"MEMORY_COPY","MEMORY_COPY_HOST_TO_DEVICE",1,"Agent 0","Agent 1",1177161,25706735137758,25706735142918
"MEMORY_COPY","MEMORY_COPY_HOST_TO_DEVICE",1,"Agent 0","Agent 1",1177176,25706735239858,25706735258898
"MEMORY_COPY","MEMORY_COPY_HOST_TO_DEVICE",1,"Agent 0","Agent 1",1177192,25706735359461,25706735371021
"MEMORY_COPY","MEMORY_COPY_DEVICE_TO_HOST",4,"Agent 1","Agent 0",1177200,25706822777731,25706822821731
"MEMORY_COPY","MEMORY_COPY_HOST_TO_DEVICE",1,"Agent 0","Agent 1",1177211,25706823532949,25706823538109
"MEMORY_COPY","MEMORY_COPY_HOST_TO_DEVICE",1,"Agent 0","Agent 1",1177226,25706823648851,25706823667771
"MEMORY_COPY","MEMORY_COPY_HOST_TO_DEVICE",1,"Agent 0","Agent 1",1177242,25706823772242,25706823783522
"MEMORY_COPY","MEMORY_COPY_DEVICE_TO_HOST",4,"Agent 1","Agent 0",1177250,25706910951776,25706911005136
"MEMORY_COPY","MEMORY_COPY_HOST_TO_DEVICE",1,"Agent 0","Agent 1",1177261,25706912030637,25706912035917
"MEMORY_COPY","MEMORY_COPY_HOST_TO_DEVICE",1,"Agent 0","Agent 1",1177276,25706912132909,25706912153789
"MEMORY_COPY","MEMORY_COPY_HOST_TO_DEVICE",1,"Agent 0","Agent 1",1177292,25706912259602,25706912271363
"MEMORY_COPY","MEMORY_COPY_DEVICE_TO_HOST",4,"Agent 1","Agent 0",1177300,25706999577528,25706999629888
"MEMORY_COPY","MEMORY_COPY_HOST_TO_DEVICE",1,"Agent 0","Agent 1",1177311,25707000488507,25707000493787
"MEMORY_COPY","MEMORY_COPY_HOST_TO_DEVICE",1,"Agent 0","Agent 1",1177326,25707000589274,25707000607874
"MEMORY_COPY","MEMORY_COPY_HOST_TO_DEVICE",1,"Agent 0","Agent 1",1177342,25707000708526,25707000719606
"MEMORY_COPY","MEMORY_COPY_DEVICE_TO_HOST",4,"Agent 1","Agent 0",1177350,25707088059951,25707088103912
"MEMORY_COPY","MEMORY_COPY_HOST_TO_DEVICE",1,"Agent 0","Agent 1",1177361,25707088856790,25707088861950
"MEMORY_COPY","MEMORY_COPY_HOST_TO_DEVICE",1,"Agent 0","Agent 1",1177376,25707088952761,25707088971321
"MEMORY_COPY","MEMORY_COPY_HOST_TO_DEVICE",1,"Agent 0","Agent 1",1177392,25707089090243,25707089100883
"MEMORY_COPY","MEMORY_COPY_DEVICE_TO_HOST",4,"Agent 1","Agent 0",1177400,25707176437914,25707176484354
"MEMORY_COPY","MEMORY_COPY_HOST_TO_DEVICE",1,"Agent 0","Agent 1",1177411,25707177355954,25707177361674
"MEMORY_COPY","MEMORY_COPY_HOST_TO_DEVICE",1,"Agent 0","Agent 1",1177426,25707177457925,25707177476405
"MEMORY_COPY","MEMORY_COPY_HOST_TO_DEVICE",1,"Agent 0","Agent 1",1177442,25707177578126,25707177589127
"MEMORY_COPY","MEMORY_COPY_DEVICE_TO_HOST",4,"Agent 1","Agent 0",1177450,25707264858670,25707264903270
"MEMORY_COPY","MEMORY_COPY_HOST_TO_DEVICE",1,"Agent 0","Agent 1",1177461,25707265680985,25707265686065
"MEMORY_COPY","MEMORY_COPY_HOST_TO_DEVICE",1,"Agent 0","Agent 1",1177476,25707265779768,25707265798368
"MEMORY_COPY","MEMORY_COPY_HOST_TO_DEVICE",1,"Agent 0","Agent 1",1177492,25707265899938,25707265914098
"MEMORY_COPY","MEMORY_COPY_DEVICE_TO_HOST",4,"Agent 1","Agent 0",1177500,25707353229737,25707353279537
"MEMORY_COPY","MEMORY_COPY_HOST_TO_DEVICE",1,"Agent 0","Agent 1",1177511,25707354134527,25707354139647
"MEMORY_COPY","MEMORY_COPY_HOST_TO_DEVICE",1,"Agent 0","Agent 1",1177526,25707354235738,25707354254418
"MEMORY_COPY","MEMORY_COPY_HOST_TO_DEVICE",1,"Agent 0","Agent 1",1177542,25707354364049,25707354375850
"MEMORY_COPY","MEMORY_COPY_DEVICE_TO_HOST",4,"Agent 1","Agent 0",1177550,25707441891901,25707441941261
"MEMORY_COPY","MEMORY_COPY_HOST_TO_DEVICE",1,"Agent 0","Agent 1",1177561,25707442886672,25707442891832
"MEMORY_COPY","MEMORY_COPY_HOST_TO_DEVICE",1,"Agent 0","Agent 1",1177576,25707442981793,25707443000313
"MEMORY_COPY","MEMORY_COPY_HOST_TO_DEVICE",1,"Agent 0","Agent 1",1177592,25707443103784,25707443114704
"MEMORY_COPY","MEMORY_COPY_DEVICE_TO_HOST",4,"Agent 1","Agent 0",1177600,25707530552482,25707530598762
"MEMORY_COPY","MEMORY_COPY_HOST_TO_DEVICE",1,"Agent 0","Agent 1",1177611,25707531342192,25707531347312
"MEMORY_COPY","MEMORY_COPY_HOST_TO_DEVICE",1,"Agent 0","Agent 1",1177626,25707531439132,25707531457692
"MEMORY_COPY","MEMORY_COPY_HOST_TO_DEVICE",1,"Agent 0","Agent 1",1177642,25707531556079,25707531567079
"MEMORY_COPY","MEMORY_COPY_DEVICE_TO_HOST",4,"Agent 1","Agent 0",1177650,25707618682646,25707618725726
"MEMORY_COPY","MEMORY_COPY_HOST_TO_DEVICE",1,"Agent 0","Agent 1",1177661,25707619524395,25707619529555
"MEMORY_COPY","MEMORY_COPY_HOST_TO_DEVICE",1,"Agent 0","Agent 1",1177676,25707619622156,25707619640636
"MEMORY_COPY","MEMORY_COPY_HOST_TO_DEVICE",1,"Agent 0","Agent 1",1177692,25707619740577,25707619751857
"MEMORY_COPY","MEMORY_COPY_DEVICE_TO_HOST",4,"Agent 1","Agent 0",1177700,25707707164696,25707707208216
"MEMORY_COPY","MEMORY_COPY_HOST_TO_DEVICE",1,"Agent 0","Agent 1",1177711,25707707936284,25707707941525
"MEMORY_COPY","MEMORY_COPY_HOST_TO_DEVICE",1,"Agent 0","Agent 1",1177726,25707708031296,25707708049896
"MEMORY_COPY","MEMORY_COPY_HOST_TO_DEVICE",1,"Agent 0","Agent 1",1177742,25707708146147,25707708157107
"MEMORY_COPY","MEMORY_COPY_DEVICE_TO_HOST",4,"Agent 1","Agent 0",1177750,25707795329314,25707795374114
"MEMORY_COPY","MEMORY_COPY_HOST_TO_DEVICE",1,"Agent 0","Agent 1",1177761,25707796235843,25707796241043
"MEMORY_COPY","MEMORY_COPY_HOST_TO_DEVICE",1,"Agent 0","Agent 1",1177776,25707796333173,25707796351693
"MEMORY_COPY","MEMORY_COPY_HOST_TO_DEVICE",1,"Agent 0","Agent 1",1177792,25707796449109,25707796460309
"MEMORY_COPY","MEMORY_COPY_DEVICE_TO_HOST",4,"Agent 1","Agent 0",1177800,25707883831455,25707883894496
"MEMORY_COPY","MEMORY_COPY_HOST_TO_DEVICE",1,"Agent 0","Agent 1",1177811,25707884848636,25707884853996
"MEMORY_COPY","MEMORY_COPY_HOST_TO_DEVICE",1,"Agent 0","Agent 1",1177826,25707884952627,25707884971268
"MEMORY_COPY","MEMORY_COPY_HOST_TO_DEVICE",1,"Agent 0","Agent 1",1177842,25707885076409,25707885088009
"MEMORY_COPY","MEMORY_COPY_DEVICE_TO_HOST",4,"Agent 1","Agent 0",1177850,25707972438375,25707972494816
"MEMORY_COPY","MEMORY_COPY_HOST_TO_DEVICE",1,"Agent 0","Agent 1",1177861,25707973284695,25707973289815
"MEMORY_COPY","MEMORY_COPY_HOST_TO_DEVICE",1,"Agent 0","Agent 1",1177876,25707973383236,25707973401916
"MEMORY_COPY","MEMORY_COPY_HOST_TO_DEVICE",1,"Agent 0","Agent 1",1177892,25707973500877,25707973511837
"MEMORY_COPY","MEMORY_COPY_DEVICE_TO_HOST",4,"Agent 1","Agent 0",1177900,25708060735915,25708060792356
"MEMORY_COPY","MEMORY_COPY_HOST_TO_DEVICE",1,"Agent 0","Agent 1",1177911,25708061790506,25708061795826
"MEMORY_COPY","MEMORY_COPY_HOST_TO_DEVICE",1,"Agent 0","Agent 1",1177926,25708061915967,25708061937768
"MEMORY_COPY","MEMORY_COPY_HOST_TO_DEVICE",1,"Agent 0","Agent 1",1177942,25708062073719,25708062089759
"MEMORY_COPY","MEMORY_COPY_DEVICE_TO_HOST",4,"Agent 1","Agent 0",1177950,25708150511021,25708150554381
"MEMORY_COPY","MEMORY_COPY_HOST_TO_DEVICE",1,"Agent 0","Agent 1",1177961,25708151349760,25708151355000
"MEMORY_COPY","MEMORY_COPY_HOST_TO_DEVICE",1,"Agent 0","Agent 1",1177976,25708151452411,25708151471571
"MEMORY_COPY","MEMORY_COPY_HOST_TO_DEVICE",1,"Agent 0","Agent 1",1177992,25708151592013,25708151603293
"MEMORY_COPY","MEMORY_COPY_DEVICE_TO_HOST",4,"Agent 1","Agent 0",1178000,25708239689692,25708239734333
"MEMORY_COPY","MEMORY_COPY_HOST_TO_DEVICE",1,"Agent 0","Agent 1",1178011,25708240554952,25708240560232
"MEMORY_COPY","MEMORY_COPY_HOST_TO_DEVICE",1,"Agent 0","Agent 1",1178026,25708240673003,25708240692083
"MEMORY_COPY","MEMORY_COPY_HOST_TO_DEVICE",1,"Agent 0","Agent 1",1178042,25708240795425,25708240807185
"MEMORY_COPY","MEMORY_COPY_DEVICE_TO_HOST",4,"Agent 1","Agent 0",1178050,25708328887466,25708328936627
"MEMORY_COPY","MEMORY_COPY_HOST_TO_DEVICE",1,"Agent 0","Agent 1",1178061,25708329933617,25708329938737
"MEMORY_COPY","MEMORY_COPY_HOST_TO_DEVICE",1,"Agent 0","Agent 1",1178076,25708330035828,25708330054788
"MEMORY_COPY","MEMORY_COPY_HOST_TO_DEVICE",1,"Agent 0","Agent 1",1178092,25708330155489,25708330167050
"MEMORY_COPY","MEMORY_COPY_DEVICE_TO_HOST",4,"Agent 1","Agent 0",1178100,25708417519134,25708417564135
"MEMORY_COPY","MEMORY_COPY_HOST_TO_DEVICE",1,"Agent 0","Agent 1",1178111,25708418330713,25708418335874
"MEMORY_COPY","MEMORY_COPY_HOST_TO_DEVICE",1,"Agent 0","Agent 1",1178126,25708418428765,25708418447005
"MEMORY_COPY","MEMORY_COPY_HOST_TO_DEVICE",1,"Agent 0","Agent 1",1178142,25708418545926,25708418557086
"MEMORY_COPY","MEMORY_COPY_DEVICE_TO_HOST",4,"Agent 1","Agent 0",1178150,25708505908515,25708505954155
"MEMORY_COPY","MEMORY_COPY_HOST_TO_DEVICE",1,"Agent 0","Agent 1",1178161,25708506853485,25708506858845
"MEMORY_COPY","MEMORY_COPY_HOST_TO_DEVICE",1,"Agent 0","Agent 1",1178176,25708506953166,25708506972006
"MEMORY_COPY","MEMORY_COPY_HOST_TO_DEVICE",1,"Agent 0","Agent 1",1178192,25708507087988,25708507099308
"MEMORY_COPY","MEMORY_COPY_DEVICE_TO_HOST",4,"Agent 1","Agent 0",1178200,25708595062443,25708595109203
"MEMORY_COPY","MEMORY_COPY_HOST_TO_DEVICE",1,"Agent 0","Agent 1",1178211,25708596028013,25708596033373
"MEMORY_COPY","MEMORY_COPY_HOST_TO_DEVICE",1,"Agent 0","Agent 1",1178226,25708596127924,25708596146644
"MEMORY_COPY","MEMORY_COPY_HOST_TO_DEVICE",1,"Agent 0","Agent 1",1178242,25708596246065,25708596256905
"MEMORY_COPY","MEMORY_COPY_DEVICE_TO_HOST",4,"Agent 1","Agent 0",1178250,25708684283063,25708684328223
"MEMORY_COPY","MEMORY_COPY_HOST_TO_DEVICE",1,"Agent 0","Agent 1",1178261,25708685101872,25708685107072
"MEMORY_COPY","MEMORY_COPY_HOST_TO_DEVICE",1,"Agent 0","Agent 1",1178276,25708685200433,25708685218993
"MEMORY_COPY","MEMORY_COPY_HOST_TO_DEVICE",1,"Agent 0","Agent 1",1178292,25708685316374,25708685327055
"MEMORY_COPY","MEMORY_COPY_DEVICE_TO_HOST",4,"Agent 1","Agent 0",1178300,25708772763811,25708772807532
"MEMORY_COPY","MEMORY_COPY_HOST_TO_DEVICE",1,"Agent 0","Agent 1",1178311,25708773572045,25708773577245
"MEMORY_COPY","MEMORY_COPY_HOST_TO_DEVICE",1,"Agent 0","Agent 1",1178326,25708773669876,25708773688516
"MEMORY_COPY","MEMORY_COPY_HOST_TO_DEVICE",1,"Agent 0","Agent 1",1178342,25708773800631,25708773812391
"MEMORY_COPY","MEMORY_COPY_DEVICE_TO_HOST",4,"Agent 1","Agent 0",1178350,25708861653654,25708861711295
"MEMORY_COPY","MEMORY_COPY_HOST_TO_DEVICE",1,"Agent 0","Agent 1",1178361,25708862628414,25708862633534
"MEMORY_COPY","MEMORY_COPY_HOST_TO_DEVICE",1,"Agent 0","Agent 1",1178376,25708862725185,25708862743505
"MEMORY_COPY","MEMORY_COPY_HOST_TO_DEVICE",1,"Agent 0","Agent 1",1178392,25708862840816,25708862851777
"MEMORY_COPY","MEMORY_COPY_DEVICE_TO_HOST",4,"Agent 1","Agent 0",1178400,25708950738632,25708950782593
"MEMORY_COPY","MEMORY_COPY_HOST_TO_DEVICE",1,"Agent 0","Agent 1",1178411,25708951533611,25708951538651
"MEMORY_COPY","MEMORY_COPY_HOST_TO_DEVICE",1,"Agent 0","Agent 1",1178426,25708951647312,25708951666393
"MEMORY_COPY","MEMORY_COPY_HOST_TO_DEVICE",1,"Agent 0","Agent 1",1178442,25708951778724,25708951792364
"MEMORY_COPY","MEMORY_COPY_DEVICE_TO_HOST",4,"Agent 1","Agent 0",1178450,25709039482835,25709039547875
"MEMORY_COPY","MEMORY_COPY_HOST_TO_DEVICE",1,"Agent 0","Agent 1",1178461,25709040435115,25709040440355
"MEMORY_COPY","MEMORY_COPY_HOST_TO_DEVICE",1,"Agent 0","Agent 1",1178476,25709040532836,25709040551437
"MEMORY_COPY","MEMORY_COPY_HOST_TO_DEVICE",1,"Agent 0","Agent 1",1178492,25709040654178,25709040666578
"MEMORY_COPY","MEMORY_COPY_DEVICE_TO_HOST",4,"Agent 1","Agent 0",1178500,25709128065080,25709128112960
"MEMORY_COPY","MEMORY_COPY_HOST_TO_DEVICE",1,"Agent 0","Agent 1",1178511,25709128985819,25709128991139
"MEMORY_COPY","MEMORY_COPY_HOST_TO_DEVICE",1,"Agent 0","Agent 1",1178526,25709129089280,25709129107840
"MEMORY_COPY","MEMORY_COPY_HOST_TO_DEVICE",1,"Agent 0","Agent 1",1178542,25709129205792,25709129216512
"MEMORY_COPY","MEMORY_COPY_DEVICE_TO_HOST",4,"Agent 1","Agent 0",1178550,25709217810650,25709217858371
"MEMORY_COPY","MEMORY_COPY_HOST_TO_DEVICE",1,"Agent 0","Agent 1",1178561,25709218673860,25709218679220
"MEMORY_COPY","MEMORY_COPY_HOST_TO_DEVICE",1,"Agent 0","Agent 1",1178576,25709218772821,25709218791421
"MEMORY_COPY","MEMORY_COPY_HOST_TO_DEVICE",1,"Agent 0","Agent 1",1178592,25709218892472,25709218903632
"MEMORY_COPY","MEMORY_COPY_DEVICE_TO_HOST",4,"Agent 1","Agent 0",1178600,25709307568998,25709307630799
"MEMORY_COPY","MEMORY_COPY_HOST_TO_DEVICE",1,"Agent 0","Agent 1",1178611,25709308548489,25709308553689
"MEMORY_COPY","MEMORY_COPY_HOST_TO_DEVICE",1,"Agent 0","Agent 1",1178626,25709308657410,25709308678770
"MEMORY_COPY","MEMORY_COPY_HOST_TO_DEVICE",1,"Agent 0","Agent 1",1178642,25709308790362,25709308802442
"MEMORY_COPY","MEMORY_COPY_DEVICE_TO_HOST",4,"Agent 1","Agent 0",1178650,25709396532119,25709396584039
"MEMORY_COPY","MEMORY_COPY_HOST_TO_DEVICE",1,"Agent 0","Agent 1",1178661,25709397273327,25709397278447
"MEMORY_COPY","MEMORY_COPY_HOST_TO_DEVICE",1,"Agent 0","Agent 1",1178676,25709397384524,25709397403444
"MEMORY_COPY","MEMORY_COPY_HOST_TO_DEVICE",1,"Agent 0","Agent 1",1178692,25709397499660,25709397512420
"MEMORY_COPY","MEMORY_COPY_DEVICE_TO_HOST",4,"Agent 1","Agent 0",1178700,25709485281937,25709485343178
"MEMORY_COPY","MEMORY_COPY_HOST_TO_DEVICE",1,"Agent 0","Agent 1",1178711,25709486180467,25709486185507
"MEMORY_COPY","MEMORY_COPY_HOST_TO_DEVICE",1,"Agent 0","Agent 1",1178726,25709486284588,25709486303468
"MEMORY_COPY","MEMORY_COPY_HOST_TO_DEVICE",1,"Agent 0","Agent 1",1178742,25709486412649,25709486424090
"MEMORY_COPY","MEMORY_COPY_DEVICE_TO_HOST",4,"Agent 1","Agent 0",1178750,25709574257944,25709574304064
"MEMORY_COPY","MEMORY_COPY_HOST_TO_DEVICE",1,"Agent 0","Agent 1",1178761,25709575081663,25709575086783
"MEMORY_COPY","MEMORY_COPY_HOST_TO_DEVICE",1,"Agent 0","Agent 1",1178776,25709575181264,25709575199824
"MEMORY_COPY","MEMORY_COPY_HOST_TO_DEVICE",1,"Agent 0","Agent 1",1178792,25709575297165,25709575308085
"MEMORY_COPY","MEMORY_COPY_DEVICE_TO_HOST",4,"Agent 1","Agent 0",1178800,25709662836248,25709662900088
"MEMORY_COPY","MEMORY_COPY_HOST_TO_DEVICE",1,"Agent 0","Agent 1",1178811,25709663684065,25709663689225
"MEMORY_COPY","MEMORY_COPY_HOST_TO_DEVICE",1,"Agent 0","Agent 1",1178826,25709663795992,25709663814352
"MEMORY_COPY","MEMORY_COPY_HOST_TO_DEVICE",1,"Agent 0","Agent 1",1178842,25709663912187,25709663922948
"MEMORY_COPY","MEMORY_COPY_DEVICE_TO_HOST",4,"Agent 1","Agent 0",1178850,25709751553793,25709751601233
"MEMORY_COPY","MEMORY_COPY_HOST_TO_DEVICE",1,"Agent 0","Agent 1",1178861,25709752424452,25709752429812
"MEMORY_COPY","MEMORY_COPY_HOST_TO_DEVICE",1,"Agent 0","Agent 1",1178876,25709752526289,25709752544810
"MEMORY_COPY","MEMORY_COPY_HOST_TO_DEVICE",1,"Agent 0","Agent 1",1178892,25709752644049,25709752655049
"MEMORY_COPY","MEMORY_COPY_DEVICE_TO_HOST",4,"Agent 1","Agent 0",1178900,25709839898201,25709839949122
"MEMORY_COPY","MEMORY_COPY_HOST_TO_DEVICE",1,"Agent 0","Agent 1",1178911,25709840724290,25709840729530
"MEMORY_COPY","MEMORY_COPY_HOST_TO_DEVICE",1,"Agent 0","Agent 1",1178926,25709840822781,25709840841182
"MEMORY_COPY","MEMORY_COPY_HOST_TO_DEVICE",1,"Agent 0","Agent 1",1178942,25709840938953,25709840949993
"MEMORY_COPY","MEMORY_COPY_DEVICE_TO_HOST",4,"Agent 1","Agent 0",1178950,25709928428359,25709928474279
"MEMORY_COPY","MEMORY_COPY_HOST_TO_DEVICE",1,"Agent 0","Agent 1",1178961,25709929254228,25709929259428
"MEMORY_COPY","MEMORY_COPY_HOST_TO_DEVICE",1,"Agent 0","Agent 1",1178976,25709929356839,25709929375839
"MEMORY_COPY","MEMORY_COPY_HOST_TO_DEVICE",1,"Agent 0","Agent 1",1178992,25709929491734,25709929504814
"MEMORY_COPY","MEMORY_COPY_DEVICE_TO_HOST",4,"Agent 1","Agent 0",1179000,25710017110511,25710017174792
"MEMORY_COPY","MEMORY_COPY_HOST_TO_DEVICE",1,"Agent 0","Agent 1",1179011,25710018160313,25710018165513
"MEMORY_COPY","MEMORY_COPY_HOST_TO_DEVICE",1,"Agent 0","Agent 1",1179026,25710018261024,25710018279744
"MEMORY_COPY","MEMORY_COPY_HOST_TO_DEVICE",1,"Agent 0","Agent 1",1179042,25710018378665,25710018389465
"MEMORY_COPY","MEMORY_COPY_DEVICE_TO_HOST",4,"Agent 1","Agent 0",1179050,25710105909172,25710105963573
"MEMORY_COPY","MEMORY_COPY_HOST_TO_DEVICE",1,"Agent 0","Agent 1",1179061,25710106707161,25710106712321
"MEMORY_COPY","MEMORY_COPY_HOST_TO_DEVICE",1,"Agent 0","Agent 1",1179076,25710106805552,25710106824233
"MEMORY_COPY","MEMORY_COPY_HOST_TO_DEVICE",1,"Agent 0","Agent 1",1179092,25710106922684,25710106934644
"MEMORY_COPY","MEMORY_COPY_DEVICE_TO_HOST",4,"Agent 1","Agent 0",1179100,25710194420547,25710194474027
"MEMORY_COPY","MEMORY_COPY_HOST_TO_DEVICE",1,"Agent 0","Agent 1",1179111,25710195285687,25710195290847
"MEMORY_COPY","MEMORY_COPY_HOST_TO_DEVICE",1,"Agent 0","Agent 1",1179126,25710195390772,25710195409372
"MEMORY_COPY","MEMORY_COPY_HOST_TO_DEVICE",1,"Agent 0","Agent 1",1179142,25710195522547,25710195533507
"MEMORY_COPY","MEMORY_COPY_DEVICE_TO_HOST",4,"Agent 1","Agent 0",1179150,25710283068332,25710283115652
"MEMORY_COPY","MEMORY_COPY_HOST_TO_DEVICE",1,"Agent 0","Agent 1",1179161,25710283997172,25710284002332
"MEMORY_COPY","MEMORY_COPY_HOST_TO_DEVICE",1,"Agent 0","Agent 1",1179176,25710284100833,25710284119233
"MEMORY_COPY","MEMORY_COPY_HOST_TO_DEVICE",1,"Agent 0","Agent 1",1179192,25710284216675,25710284227355
"MEMORY_COPY","MEMORY_COPY_DEVICE_TO_HOST",4,"Agent 1","Agent 0",1179200,25710371737705,25710371794306
"MEMORY_COPY","MEMORY_COPY_HOST_TO_DEVICE",1,"Agent 0","Agent 1",1179211,25710372616845,25710372622165
"MEMORY_COPY","MEMORY_COPY_HOST_TO_DEVICE",1,"Agent 0","Agent 1",1179226,25710372721996,25710372740516
"MEMORY_COPY","MEMORY_COPY_HOST_TO_DEVICE",1,"Agent 0","Agent 1",1179242,25710372841917,25710372854637
"MEMORY_COPY","MEMORY_COPY_DEVICE_TO_HOST",4,"Agent 1","Agent 0",1179250,25710460373814,25710460420414
"MEMORY_COPY","MEMORY_COPY_HOST_TO_DEVICE",1,"Agent 0","Agent 1",1179261,25710461199432,25710461204632
"MEMORY_COPY","MEMORY_COPY_HOST_TO_DEVICE",1,"Agent 0","Agent 1",1179276,25710461297553,25710461315953
"MEMORY_COPY","MEMORY_COPY_HOST_TO_DEVICE",1,"Agent 0","Agent 1",1179292,25710461414180,25710461425100
"MEMORY_COPY","MEMORY_COPY_DEVICE_TO_HOST",4,"Agent 1","Agent 0",1179300,25710548973466,25710549020466
"MEMORY_COPY","MEMORY_COPY_HOST_TO_DEVICE",1,"Agent 0","Agent 1",1179311,25710550057148,25710550062308
"MEMORY_COPY","MEMORY_COPY_HOST_TO_DEVICE",1,"Agent 0","Agent 1",1179326,25710550159569,25710550178289
"MEMORY_COPY","MEMORY_COPY_HOST_TO_DEVICE",1,"Agent 0","Agent 1",1179342,25710550278140,25710550289021
"MEMORY_COPY","MEMORY_COPY_DEVICE_TO_HOST",4,"Agent 1","Agent 0",1179350,25710637754058,25710637811579
"MEMORY_COPY","MEMORY_COPY_HOST_TO_DEVICE",1,"Agent 0","Agent 1",1179361,25710638627568,25710638632808
"MEMORY_COPY","MEMORY_COPY_HOST_TO_DEVICE",1,"Agent 0","Agent 1",1179376,25710638727889,25710638746369
"MEMORY_COPY","MEMORY_COPY_HOST_TO_DEVICE",1,"Agent 0","Agent 1",1179392,25710638844900,25710638856020
"MEMORY_COPY","MEMORY_COPY_DEVICE_TO_HOST",4,"Agent 1","Agent 0",1179400,25710726289312,25710726362632
"MEMORY_COPY","MEMORY_COPY_HOST_TO_DEVICE",1,"Agent 0","Agent 1",1179411,25710727234759,25710727241199
"MEMORY_COPY","MEMORY_COPY_HOST_TO_DEVICE",1,"Agent 0","Agent 1",1179426,25710727349691,25710727368491
"MEMORY_COPY","MEMORY_COPY_HOST_TO_DEVICE",1,"Agent 0","Agent 1",1179442,25710727482812,25710727500692
"MEMORY_COPY","MEMORY_COPY_DEVICE_TO_HOST",4,"Agent 1","Agent 0",1179450,25710819335462,25710819419423
"MEMORY_COPY","MEMORY_COPY_HOST_TO_DEVICE",1,"Agent 0","Agent 1",1179461,25710820637926,25710820643687
"MEMORY_COPY","MEMORY_COPY_HOST_TO_DEVICE",1,"Agent 0","Agent 1",1179476,25710820747838,25710820768038
"MEMORY_COPY","MEMORY_COPY_HOST_TO_DEVICE",1,"Agent 0","Agent 1",1179492,25710820874599,25710820886599
"MEMORY_COPY","MEMORY_COPY_DEVICE_TO_HOST",4,"Agent 1","Agent 0",1179500,25710913744313,25710913818474
"MEMORY_COPY","MEMORY_COPY_HOST_TO_DEVICE",1,"Agent 0","Agent 1",1179511,25710914887066,25710914892386
"MEMORY_COPY","MEMORY_COPY_HOST_TO_DEVICE",1,"Agent 0","Agent 1",1179526,25710915000687,25710915022608
"MEMORY_COPY","MEMORY_COPY_HOST_TO_DEVICE",1,"Agent 0","Agent 1",1179542,25710915127219,25710915138819
"MEMORY_COPY","MEMORY_COPY_DEVICE_TO_HOST",4,"Agent 1","Agent 0",1179550,25711006154968,25711006213448
"MEMORY_COPY","MEMORY_COPY_HOST_TO_DEVICE",1,"Agent 0","Agent 1",1179561,25711007137692,25711007142932
"MEMORY_COPY","MEMORY_COPY_HOST_TO_DEVICE",1,"Agent 0","Agent 1",1179576,25711007241994,25711007260755
"MEMORY_COPY","MEMORY_COPY_HOST_TO_DEVICE",1,"Agent 0","Agent 1",1179592,25711007363341,25711007374581
"MEMORY_COPY","MEMORY_COPY_DEVICE_TO_HOST",4,"Agent 1","Agent 0",1179600,25711138571328,25711138624569
"MEMORY_COPY","MEMORY_COPY_HOST_TO_DEVICE",1,"Agent 0","Agent 1",1179611,25711139512469,25711139518269
"MEMORY_COPY","MEMORY_COPY_HOST_TO_DEVICE",1,"Agent 0","Agent 1",1179626,25711139629650,25711139648050
"MEMORY_COPY","MEMORY_COPY_HOST_TO_DEVICE",1,"Agent 0","Agent 1",1179642,25711139746111,25711139757271
"MEMORY_COPY","MEMORY_COPY_DEVICE_TO_HOST",4,"Agent 1","Agent 0",1179650,25711227573808,25711227623448
"MEMORY_COPY","MEMORY_COPY_HOST_TO_DEVICE",1,"Agent 0","Agent 1",1179661,25711228448597,25711228453677
"MEMORY_COPY","MEMORY_COPY_HOST_TO_DEVICE",1,"Agent 0","Agent 1",1179676,25711228546278,25711228564799
"MEMORY_COPY","MEMORY_COPY_HOST_TO_DEVICE",1,"Agent 0","Agent 1",1179692,25711228662750,25711228673910
"MEMORY_COPY","MEMORY_COPY_DEVICE_TO_HOST",4,"Agent 1","Agent 0",1179700,25711316369169,25711316462010
"MEMORY_COPY","MEMORY_COPY_HOST_TO_DEVICE",1,"Agent 0","Agent 1",1179711,25711317662643,25711317668964
"MEMORY_COPY","MEMORY_COPY_HOST_TO_DEVICE",1,"Agent 0","Agent 1",1179726,25711317806215,25711317825375
"MEMORY_COPY","MEMORY_COPY_HOST_TO_DEVICE",1,"Agent 0","Agent 1",1179742,25711317943927,25711317957247
"MEMORY_COPY","MEMORY_COPY_DEVICE_TO_HOST",4,"Agent 1","Agent 0",1179750,25711405986782,25711406036063
"MEMORY_COPY","MEMORY_COPY_HOST_TO_DEVICE",1,"Agent 0","Agent 1",1179761,25711406948193,25711406953553
"MEMORY_COPY","MEMORY_COPY_HOST_TO_DEVICE",1,"Agent 0","Agent 1",1179776,25711407062134,25711407079015
"MEMORY_COPY","MEMORY_COPY_HOST_TO_DEVICE",1,"Agent 0","Agent 1",1179792,25711407191666,25711407203506
"MEMORY_COPY","MEMORY_COPY_DEVICE_TO_HOST",4,"Agent 1","Agent 0",1179800,25711494949525,25711495014485
"MEMORY_COPY","MEMORY_COPY_HOST_TO_DEVICE",1,"Agent 0","Agent 1",1179811,25711496035877,25711496040997
"MEMORY_COPY","MEMORY_COPY_HOST_TO_DEVICE",1,"Agent 0","Agent 1",1179826,25711496135148,25711496153908
"MEMORY_COPY","MEMORY_COPY_HOST_TO_DEVICE",1,"Agent 0","Agent 1",1179842,25711496252359,25711496263319
"MEMORY_COPY","MEMORY_COPY_DEVICE_TO_HOST",4,"Agent 1","Agent 0",1179850,25711583867015,25711583913695
"MEMORY_COPY","MEMORY_COPY_HOST_TO_DEVICE",1,"Agent 0","Agent 1",1179861,25711584730776,25711584736496
"MEMORY_COPY","MEMORY_COPY_HOST_TO_DEVICE",1,"Agent 0","Agent 1",1179876,25711584830029,25711584848389
"MEMORY_COPY","MEMORY_COPY_HOST_TO_DEVICE",1,"Agent 0","Agent 1",1179892,25711584946895,25711584957816
"MEMORY_COPY","MEMORY_COPY_DEVICE_TO_HOST",4,"Agent 1","Agent 0",1179900,25711672660332,25711672707053
"MEMORY_COPY","MEMORY_COPY_HOST_TO_DEVICE",1,"Agent 0","Agent 1",1179911,25711673522712,25711673528272
"MEMORY_COPY","MEMORY_COPY_HOST_TO_DEVICE",1,"Agent 0","Agent 1",1179926,25711673622155,25711673641595
"MEMORY_COPY","MEMORY_COPY_HOST_TO_DEVICE",1,"Agent 0","Agent 1",1179942,25711673748694,25711673759734
"MEMORY_COPY","MEMORY_COPY_DEVICE_TO_HOST",4,"Agent 1","Agent 0",1179950,25711761306866,25711761353746
"MEMORY_COPY","MEMORY_COPY_HOST_TO_DEVICE",1,"Agent 0","Agent 1",1179961,25711762259646,25711762264966
"MEMORY_COPY","MEMORY_COPY_HOST_TO_DEVICE",1,"Agent 0","Agent 1",1179976,25711762359387,25711762378068
"MEMORY_COPY","MEMORY_COPY_HOST_TO_DEVICE",1,"Agent 0","Agent 1",1179992,25711762475069,25711762485749
"MEMORY_COPY","MEMORY_COPY_DEVICE_TO_HOST",4,"Agent 1","Agent 0",1180000,25711850001989,25711850092669
"MEMORY_COPY","MEMORY_COPY_HOST_TO_DEVICE",1,"Agent 0","Agent 1",1180011,25711851215383,25711851220663
"MEMORY_COPY","MEMORY_COPY_HOST_TO_DEVICE",1,"Agent 0","Agent 1",1180026,25711851318924,25711851337685
"MEMORY_COPY","MEMORY_COPY_HOST_TO_DEVICE",1,"Agent 0","Agent 1",1180042,25711851439610,25711851451010
"MEMORY_COPY","MEMORY_COPY_DEVICE_TO_HOST",4,"Agent 1","Agent 0",1180050,25711939148846,25711939209327
"MEMORY_COPY","MEMORY_COPY_HOST_TO_DEVICE",1,"Agent 0","Agent 1",1180061,25711940082557,25711940087717
"MEMORY_COPY","MEMORY_COPY_HOST_TO_DEVICE",1,"Agent 0","Agent 1",1180076,25711940191328,25711940210648
"MEMORY_COPY","MEMORY_COPY_HOST_TO_DEVICE",1,"Agent 0","Agent 1",1180092,25711940316869,25711940330830
"MEMORY_COPY","MEMORY_COPY_DEVICE_TO_HOST",4,"Agent 1","Agent 0",1180100,25712027871787,25712027923067
"MEMORY_COPY","MEMORY_COPY_HOST_TO_DEVICE",1,"Agent 0","Agent 1",1180111,25712028981619,25712028987219
"MEMORY_COPY","MEMORY_COPY_HOST_TO_DEVICE",1,"Agent 0","Agent 1",1180126,25712029125371,25712029144811
"MEMORY_COPY","MEMORY_COPY_HOST_TO_DEVICE",1,"Agent 0","Agent 1",1180142,25712029259692,25712029271292
"MEMORY_COPY","MEMORY_COPY_DEVICE_TO_HOST",4,"Agent 1","Agent 0",1180150,25712117060150,25712117120150
"MEMORY_COPY","MEMORY_COPY_HOST_TO_DEVICE",1,"Agent 0","Agent 1",1180161,25712117987405,25712117992685
"MEMORY_COPY","MEMORY_COPY_HOST_TO_DEVICE",1,"Agent 0","Agent 1",1180176,25712118090556,25712118109116
"MEMORY_COPY","MEMORY_COPY_HOST_TO_DEVICE",1,"Agent 0","Agent 1",1180192,25712118208516,25712118219556
"MEMORY_COPY","MEMORY_COPY_DEVICE_TO_HOST",4,"Agent 1","Agent 0",1180200,25712205954028,25712206013068
"MEMORY_COPY","MEMORY_COPY_HOST_TO_DEVICE",1,"Agent 0","Agent 1",1180211,25712206783887,25712206789207
"MEMORY_COPY","MEMORY_COPY_HOST_TO_DEVICE",1,"Agent 0","Agent 1",1180226,25712206880818,25712206899218
"MEMORY_COPY","MEMORY_COPY_HOST_TO_DEVICE",1,"Agent 0","Agent 1",1180242,25712206998949,25712207011909
"MEMORY_COPY","MEMORY_COPY_DEVICE_TO_HOST",4,"Agent 1","Agent 0",1180250,25712294799277,25712294852758
"MEMORY_COPY","MEMORY_COPY_HOST_TO_DEVICE",1,"Agent 0","Agent 1",1180261,25712295807898,25712295813098
"MEMORY_COPY","MEMORY_COPY_HOST_TO_DEVICE",1,"Agent 0","Agent 1",1180276,25712295904699,25712295923260
"MEMORY_COPY","MEMORY_COPY_HOST_TO_DEVICE",1,"Agent 0","Agent 1",1180292,25712296023131,25712296034571
"MEMORY_COPY","MEMORY_COPY_DEVICE_TO_HOST",4,"Agent 1","Agent 0",1180300,25712383608799,25712383664079
"MEMORY_COPY","MEMORY_COPY_HOST_TO_DEVICE",1,"Agent 0","Agent 1",1180311,25712384440813,25712384446013
"MEMORY_COPY","MEMORY_COPY_HOST_TO_DEVICE",1,"Agent 0","Agent 1",1180326,25712384541980,25712384560660
"MEMORY_COPY","MEMORY_COPY_HOST_TO_DEVICE",1,"Agent 0","Agent 1",1180342,25712384658747,25712384669827
"MEMORY_COPY","MEMORY_COPY_DEVICE_TO_HOST",4,"Agent 1","Agent 0",1180350,25712472385347,25712472434588
"MEMORY_COPY","MEMORY_COPY_HOST_TO_DEVICE",1,"Agent 0","Agent 1",1180361,25712473256777,25712473261937
"MEMORY_COPY","MEMORY_COPY_HOST_TO_DEVICE",1,"Agent 0","Agent 1",1180376,25712473353578,25712473371978
"MEMORY_COPY","MEMORY_COPY_HOST_TO_DEVICE",1,"Agent 0","Agent 1",1180392,25712473469429,25712473480390
"MEMORY_COPY","MEMORY_COPY_DEVICE_TO_HOST",4,"Agent 1","Agent 0",1180400,25712561147274,25712561193994
"MEMORY_COPY","MEMORY_COPY_HOST_TO_DEVICE",1,"Agent 0","Agent 1",1180411,25712562099814,25712562105414
"MEMORY_COPY","MEMORY_COPY_HOST_TO_DEVICE",1,"Agent 0","Agent 1",1180426,25712562216826,25712562236586
"MEMORY_COPY","MEMORY_COPY_HOST_TO_DEVICE",1,"Agent 0","Agent 1",1180442,25712562348727,25712562364247
"MEMORY_COPY","MEMORY_COPY_DEVICE_TO_HOST",4,"Agent 1","Agent 0",1180450,25712650117521,25712650182801
"MEMORY_COPY","MEMORY_COPY_HOST_TO_DEVICE",1,"Agent 0","Agent 1",1180461,25712651131290,25712651136570
"MEMORY_COPY","MEMORY_COPY_HOST_TO_DEVICE",1,"Agent 0","Agent 1",1180476,25712651230213,25712651248853
"MEMORY_COPY","MEMORY_COPY_HOST_TO_DEVICE",1,"Agent 0","Agent 1",1180492,25712651348865,25712651360545
"MEMORY_COPY","MEMORY_COPY_DEVICE_TO_HOST",4,"Agent 1","Agent 0",1180500,25712738971171,25712739023531
"MEMORY_COPY","MEMORY_COPY_HOST_TO_DEVICE",1,"Agent 0","Agent 1",1180511,25712739747069,25712739752829
"MEMORY_COPY","MEMORY_COPY_HOST_TO_DEVICE",1,"Agent 0","Agent 1",1180526,25712739861071,25712739880351
"MEMORY_COPY","MEMORY_COPY_HOST_TO_DEVICE",1,"Agent 0","Agent 1",1180542,25712740015502,25712740029102
"MEMORY_COPY","MEMORY_COPY_DEVICE_TO_HOST",4,"Agent 1","Agent 0",1180550,25712827905026,25712827952746
"MEMORY_COPY","MEMORY_COPY_HOST_TO_DEVICE",1,"Agent 0","Agent 1",1180561,25712828881947,25712828887067
"MEMORY_COPY","MEMORY_COPY_HOST_TO_DEVICE",1,"Agent 0","Agent 1",1180576,25712828983958,25712829002358
"MEMORY_COPY","MEMORY_COPY_HOST_TO_DEVICE",1,"Agent 0","Agent 1",1180592,25712829124469,25712829136150
"MEMORY_COPY","MEMORY_COPY_DEVICE_TO_HOST",4,"Agent 1","Agent 0",1180600,25712916862567,25712916909447
"MEMORY_COPY","MEMORY_COPY_HOST_TO_DEVICE",1,"Agent 0","Agent 1",1180611,25712917724353,25712917729673
"MEMORY_COPY","MEMORY_COPY_HOST_TO_DEVICE",1,"Agent 0","Agent 1",1180626,25712917822805,25712917841565
"MEMORY_COPY","MEMORY_COPY_HOST_TO_DEVICE",1,"Agent 0","Agent 1",1180642,25712917940905,25712917952425
"MEMORY_COPY","MEMORY_COPY_DEVICE_TO_HOST",4,"Agent 1","Agent 0",1180650,25713005570055,25713005616736
"MEMORY_COPY","MEMORY_COPY_HOST_TO_DEVICE",1,"Agent 0","Agent 1",1180661,25713006412904,25713006418265
"MEMORY_COPY","MEMORY_COPY_HOST_TO_DEVICE",1,"Agent 0","Agent 1",1180676,25713006512356,25713006531196
"MEMORY_COPY","MEMORY_COPY_HOST_TO_DEVICE",1,"Agent 0","Agent 1",1180692,25713006629317,25713006640317
"MEMORY_COPY","MEMORY_COPY_DEVICE_TO_HOST",4,"Agent 1","Agent 0",1180700,25713094606020,25713094656580
"MEMORY_COPY","MEMORY_COPY_HOST_TO_DEVICE",1,"Agent 0","Agent 1",1180711,25713095897114,25713095902794
"MEMORY_COPY","MEMORY_COPY_HOST_TO_DEVICE",1,"Agent 0","Agent 1",1180726,25713096019495,25713096039056
"MEMORY_COPY","MEMORY_COPY_HOST_TO_DEVICE",1,"Agent 0","Agent 1",1180742,25713096156657,25713096168817
"MEMORY_COPY","MEMORY_COPY_DEVICE_TO_HOST",4,"Agent 1","Agent 0",1180750,25713183978023,25713184042263
"MEMORY_COPY","MEMORY_COPY_HOST_TO_DEVICE",1,"Agent 0","Agent 1",1180761,25713184815300,25713184820980
"MEMORY_COPY","MEMORY_COPY_HOST_TO_DEVICE",1,"Agent 0","Agent 1",1180776,25713184933785,25713184955465
"MEMORY_COPY","MEMORY_COPY_HOST_TO_DEVICE",1,"Agent 0","Agent 1",1180792,25713185068225,25713185081785
"MEMORY_COPY","MEMORY_COPY_DEVICE_TO_HOST",4,"Agent 1","Agent 0",1180800,25713273013624,25713273065905
"MEMORY_COPY","MEMORY_COPY_HOST_TO_DEVICE",1,"Agent 0","Agent 1",1180811,25713273906754,25713273911834
"MEMORY_COPY","MEMORY_COPY_HOST_TO_DEVICE",1,"Agent 0","Agent 1",1180826,25713274014705,25713274033706
"MEMORY_COPY","MEMORY_COPY_HOST_TO_DEVICE",1,"Agent 0","Agent 1",1180842,25713274134417,25713274146257
"MEMORY_COPY","MEMORY_COPY_DEVICE_TO_HOST",4,"Agent 1","Agent 0",1180850,25713363112209,25713363185250
"MEMORY_COPY","MEMORY_COPY_HOST_TO_DEVICE",1,"Agent 0","Agent 1",1180861,25713364145691,25713364151291
"MEMORY_COPY","MEMORY_COPY_HOST_TO_DEVICE",1,"Agent 0","Agent 1",1180876,25713364251682,25713364270522
"MEMORY_COPY","MEMORY_COPY_HOST_TO_DEVICE",1,"Agent 0","Agent 1",1180892,25713364379123,25713364390883
"MEMORY_COPY","MEMORY_COPY_DEVICE_TO_HOST",4,"Agent 1","Agent 0",1180900,25713452704676,25713452753316
"MEMORY_COPY","MEMORY_COPY_HOST_TO_DEVICE",1,"Agent 0","Agent 1",1180911,25713453774711,25713453780111
"MEMORY_COPY","MEMORY_COPY_HOST_TO_DEVICE",1,"Agent 0","Agent 1",1180926,25713453874223,25713453892624
"MEMORY_COPY","MEMORY_COPY_HOST_TO_DEVICE",1,"Agent 0","Agent 1",1180942,25713453992290,25713454003090
"MEMORY_COPY","MEMORY_COPY_DEVICE_TO_HOST",4,"Agent 1","Agent 0",1180950,25713603646490,25713603696731
"MEMORY_COPY","MEMORY_COPY_HOST_TO_DEVICE",1,"Agent 0","Agent 1",1180961,25713604617391,25713604623231
"MEMORY_COPY","MEMORY_COPY_HOST_TO_DEVICE",1,"Agent 0","Agent 1",1180976,25713604727332,25713604745812
"MEMORY_COPY","MEMORY_COPY_HOST_TO_DEVICE",1,"Agent 0","Agent 1",1180992,25713604849033,25713604861114
"MEMORY_COPY","MEMORY_COPY_DEVICE_TO_HOST",4,"Agent 1","Agent 0",1181000,25713795043240,25713795090320
"MEMORY_COPY","MEMORY_COPY_HOST_TO_DEVICE",1,"Agent 0","Agent 1",1181011,25713795889089,25713795894769
"MEMORY_COPY","MEMORY_COPY_HOST_TO_DEVICE",1,"Agent 0","Agent 1",1181026,25713795994410,25713796013771
"MEMORY_COPY","MEMORY_COPY_HOST_TO_DEVICE",1,"Agent 0","Agent 1",1181042,25713796113262,25713796124422
"MEMORY_COPY","MEMORY_COPY_DEVICE_TO_HOST",4,"Agent 1","Agent 0",1181050,25713884526869,25713884587590
"MEMORY_COPY","MEMORY_COPY_HOST_TO_DEVICE",1,"Agent 0","Agent 1",1181061,25713885719792,25713885724952
"MEMORY_COPY","MEMORY_COPY_HOST_TO_DEVICE",1,"Agent 0","Agent 1",1181076,25713885821593,25713885840354
"MEMORY_COPY","MEMORY_COPY_HOST_TO_DEVICE",1,"Agent 0","Agent 1",1181092,25713885942355,25713885953635
"MEMORY_COPY","MEMORY_COPY_DEVICE_TO_HOST",4,"Agent 1","Agent 0",1181100,25713973664192,25713973707992
"MEMORY_COPY","MEMORY_COPY_HOST_TO_DEVICE",1,"Agent 0","Agent 1",1181111,25713974495131,25713974500371
"MEMORY_COPY","MEMORY_COPY_HOST_TO_DEVICE",1,"Agent 0","Agent 1",1181126,25713974595752,25713974614392
"MEMORY_COPY","MEMORY_COPY_HOST_TO_DEVICE",1,"Agent 0","Agent 1",1181142,25713974713373,25713974724413
"MEMORY_COPY","MEMORY_COPY_DEVICE_TO_HOST",4,"Agent 1","Agent 0",1181150,25714061837052,25714061891372
"MEMORY_COPY","MEMORY_COPY_HOST_TO_DEVICE",1,"Agent 0","Agent 1",1181161,25714062678551,25714062683631
"MEMORY_COPY","MEMORY_COPY_HOST_TO_DEVICE",1,"Agent 0","Agent 1",1181176,25714062775632,25714062794192
"MEMORY_COPY","MEMORY_COPY_HOST_TO_DEVICE",1,"Agent 0","Agent 1",1181192,25714062892123,25714062903243
"MEMORY_COPY","MEMORY_COPY_DEVICE_TO_HOST",4,"Agent 1","Agent 0",1181200,25714150393729,25714150447490
"MEMORY_COPY","MEMORY_COPY_HOST_TO_DEVICE",1,"Agent 0","Agent 1",1181211,25714151358290,25714151363570
"MEMORY_COPY","MEMORY_COPY_HOST_TO_DEVICE",1,"Agent 0","Agent 1",1181226,25714151469161,25714151487801
"MEMORY_COPY","MEMORY_COPY_HOST_TO_DEVICE",1,"Agent 0","Agent 1",1181242,25714151587162,25714151598402
"MEMORY_COPY","MEMORY_COPY_DEVICE_TO_HOST",4,"Agent 1","Agent 0",1181250,25714238563609,25714238606970
"MEMORY_COPY","MEMORY_COPY_HOST_TO_DEVICE",1,"Agent 0","Agent 1",1181261,25714239451039,25714239456319
"MEMORY_COPY","MEMORY_COPY_HOST_TO_DEVICE",1,"Agent 0","Agent 1",1181276,25714239572651,25714239591251
"MEMORY_COPY","MEMORY_COPY_HOST_TO_DEVICE",1,"Agent 0","Agent 1",1181292,25714239690182,25714239701542
"MEMORY_COPY","MEMORY_COPY_DEVICE_TO_HOST",4,"Agent 1","Agent 0",1181300,25714326973322,25714327022122
"MEMORY_COPY","MEMORY_COPY_HOST_TO_DEVICE",1,"Agent 0","Agent 1",1181311,25714327805981,25714327811141
"MEMORY_COPY","MEMORY_COPY_HOST_TO_DEVICE",1,"Agent 0","Agent 1",1181326,25714327904672,25714327923232
"MEMORY_COPY","MEMORY_COPY_HOST_TO_DEVICE",1,"Agent 0","Agent 1",1181342,25714328022813,25714328033814
"MEMORY_COPY","MEMORY_COPY_DEVICE_TO_HOST",4,"Agent 1","Agent 0",1181350,25714415055065,25714415102665
"MEMORY_COPY","MEMORY_COPY_HOST_TO_DEVICE",1,"Agent 0","Agent 1",1181361,25714415981735,25714415986935
"MEMORY_COPY","MEMORY_COPY_HOST_TO_DEVICE",1,"Agent 0","Agent 1",1181376,25714416101406,25714416119767
"MEMORY_COPY","MEMORY_COPY_HOST_TO_DEVICE",1,"Agent 0","Agent 1",1181392,25714416256058,25714416267058
"MEMORY_COPY","MEMORY_COPY_DEVICE_TO_HOST",4,"Agent 1","Agent 0",1181400,25714503611443,25714503663883
"MEMORY_COPY","MEMORY_COPY_HOST_TO_DEVICE",1,"Agent 0","Agent 1",1181411,25714504559693,25714504565013
"MEMORY_COPY","MEMORY_COPY_HOST_TO_DEVICE",1,"Agent 0","Agent 1",1181426,25714504657394,25714504676035
"MEMORY_COPY","MEMORY_COPY_HOST_TO_DEVICE",1,"Agent 0","Agent 1",1181442,25714504775366,25714504787006
"MEMORY_COPY","MEMORY_COPY_DEVICE_TO_HOST",4,"Agent 1","Agent 0",1181450,25714591933346,25714591976266
"MEMORY_COPY","MEMORY_COPY_HOST_TO_DEVICE",1,"Agent 0","Agent 1",1181461,25714592743595,25714592748835
"MEMORY_COPY","MEMORY_COPY_HOST_TO_DEVICE",1,"Agent 0","Agent 1",1181476,25714592840396,25714592859076
"MEMORY_COPY","MEMORY_COPY_HOST_TO_DEVICE",1,"Agent 0","Agent 1",1181492,25714592956757,25714592968757
"MEMORY_COPY","MEMORY_COPY_DEVICE_TO_HOST",4,"Agent 1","Agent 0",1181500,25714680124799,25714680183000
"MEMORY_COPY","MEMORY_COPY_HOST_TO_DEVICE",1,"Agent 0","Agent 1",1181511,25714681202891,25714681208052
"MEMORY_COPY","MEMORY_COPY_HOST_TO_DEVICE",1,"Agent 0","Agent 1",1181526,25714681301843,25714681320243
"MEMORY_COPY","MEMORY_COPY_HOST_TO_DEVICE",1,"Agent 0","Agent 1",1181542,25714681431274,25714681442314
"MEMORY_COPY","MEMORY_COPY_DEVICE_TO_HOST",4,"Agent 1","Agent 0",1181550,25714768836588,25714768887469
"MEMORY_COPY","MEMORY_COPY_HOST_TO_DEVICE",1,"Agent 0","Agent 1",1181561,25714769720898,25714769726138
"MEMORY_COPY","MEMORY_COPY_HOST_TO_DEVICE",1,"Agent 0","Agent 1",1181576,25714769817829,25714769836149
"MEMORY_COPY","MEMORY_COPY_HOST_TO_DEVICE",1,"Agent 0","Agent 1",1181592,25714769933610,25714769944530
"MEMORY_COPY","MEMORY_COPY_DEVICE_TO_HOST",4,"Agent 1","Agent 0",1181600,25714856843491,25714856888452
"MEMORY_COPY","MEMORY_COPY_HOST_TO_DEVICE",1,"Agent 0","Agent 1",1181611,25714857656260,25714857661341
"MEMORY_COPY","MEMORY_COPY_HOST_TO_DEVICE",1,"Agent 0","Agent 1",1181626,25714857753492,25714857771972
"MEMORY_COPY","MEMORY_COPY_HOST_TO_DEVICE",1,"Agent 0","Agent 1",1181642,25714857869663,25714857880623
"MEMORY_COPY","MEMORY_COPY_DEVICE_TO_HOST",4,"Agent 1","Agent 0",1181650,25714944898930,25714944951530
"MEMORY_COPY","MEMORY_COPY_HOST_TO_DEVICE",1,"Agent 0","Agent 1",1181661,25714945871240,25714945876321
"MEMORY_COPY","MEMORY_COPY_HOST_TO_DEVICE",1,"Agent 0","Agent 1",1181676,25714945969852,25714945988212
"MEMORY_COPY","MEMORY_COPY_HOST_TO_DEVICE",1,"Agent 0","Agent 1",1181692,25714946088823,25714946100063
"MEMORY_COPY","MEMORY_COPY_DEVICE_TO_HOST",4,"Agent 1","Agent 0",1181700,25715033319231,25715033366752
"MEMORY_COPY","MEMORY_COPY_HOST_TO_DEVICE",1,"Agent 0","Agent 1",1181711,25715034145010,25715034150171
"MEMORY_COPY","MEMORY_COPY_HOST_TO_DEVICE",1,"Agent 0","Agent 1",1181726,25715034245682,25715034264122
"MEMORY_COPY","MEMORY_COPY_HOST_TO_DEVICE",1,"Agent 0","Agent 1",1181742,25715034365233,25715034376793
"MEMORY_COPY","MEMORY_COPY_DEVICE_TO_HOST",4,"Agent 1","Agent 0",1181750,25715121683886,25715121733606
"MEMORY_COPY","MEMORY_COPY_HOST_TO_DEVICE",1,"Agent 0","Agent 1",1181761,25715122480665,25715122486345
"MEMORY_COPY","MEMORY_COPY_HOST_TO_DEVICE",1,"Agent 0","Agent 1",1181776,25715122576706,25715122595266
"MEMORY_COPY","MEMORY_COPY_HOST_TO_DEVICE",1,"Agent 0","Agent 1",1181792,25715122691747,25715122703187
"MEMORY_COPY","MEMORY_COPY_DEVICE_TO_HOST",4,"Agent 1","Agent 0",1181800,25715209962259,25715210005940
"MEMORY_COPY","MEMORY_COPY_HOST_TO_DEVICE",1,"Agent 0","Agent 1",1181811,25715210808529,25715210814009
"MEMORY_COPY","MEMORY_COPY_HOST_TO_DEVICE",1,"Agent 0","Agent 1",1181826,25715210909250,25715210927850
"MEMORY_COPY","MEMORY_COPY_HOST_TO_DEVICE",1,"Agent 0","Agent 1",1181842,25715211029911,25715211041351
"MEMORY_COPY","MEMORY_COPY_DEVICE_TO_HOST",4,"Agent 1","Agent 0",1181850,25715297958340,25715298005421
"MEMORY_COPY","MEMORY_COPY_HOST_TO_DEVICE",1,"Agent 0","Agent 1",1181861,25715298801750,25715298806870
"MEMORY_COPY","MEMORY_COPY_HOST_TO_DEVICE",1,"Agent 0","Agent 1",1181876,25715298902371,25715298920971
"MEMORY_COPY","MEMORY_COPY_HOST_TO_DEVICE",1,"Agent 0","Agent 1",1181892,25715299116293,25715299127534
"MEMORY_COPY","MEMORY_COPY_DEVICE_TO_HOST",4,"Agent 1","Agent 0",1181900,25715386235342,25715386286103
"MEMORY_COPY","MEMORY_COPY_HOST_TO_DEVICE",1,"Agent 0","Agent 1",1181911,25715387142592,25715387147832
"MEMORY_COPY","MEMORY_COPY_HOST_TO_DEVICE",1,"Agent 0","Agent 1",1181926,25715387243963,25715387262403
"MEMORY_COPY","MEMORY_COPY_HOST_TO_DEVICE",1,"Agent 0","Agent 1",1181942,25715387366885,25715387378005
"MEMORY_COPY","MEMORY_COPY_DEVICE_TO_HOST",4,"Agent 1","Agent 0",1181950,25715474513740,25715474557820
"MEMORY_COPY","MEMORY_COPY_HOST_TO_DEVICE",1,"Agent 0","Agent 1",1181961,25715475467440,25715475472721
"MEMORY_COPY","MEMORY_COPY_HOST_TO_DEVICE",1,"Agent 0","Agent 1",1181976,25715475565682,25715475584042
"MEMORY_COPY","MEMORY_COPY_HOST_TO_DEVICE",1,"Agent 0","Agent 1",1181992,25715475682333,25715475693293
"MEMORY_COPY","MEMORY_COPY_DEVICE_TO_HOST",4,"Agent 1","Agent 0",1182000,25715563229606,25715563289967
"MEMORY_COPY","MEMORY_COPY_HOST_TO_DEVICE",1,"Agent 0","Agent 1",1182011,25715564278138,25715564283298
"MEMORY_COPY","MEMORY_COPY_HOST_TO_DEVICE",1,"Agent 0","Agent 1",1182026,25715564387401,25715564406041
"MEMORY_COPY","MEMORY_COPY_HOST_TO_DEVICE",1,"Agent 0","Agent 1",1182042,25715564504399,25715564516440
"MEMORY_COPY","MEMORY_COPY_DEVICE_TO_HOST",4,"Agent 1","Agent 0",1182050,25715653421835,25715653466355
"MEMORY_COPY","MEMORY_COPY_HOST_TO_DEVICE",1,"Agent 0","Agent 1",1182061,25715654237624,25715654242864
"MEMORY_COPY","MEMORY_COPY_HOST_TO_DEVICE",1,"Agent 0","Agent 1",1182076,25715654334225,25715654352785
"MEMORY_COPY","MEMORY_COPY_HOST_TO_DEVICE",1,"Agent 0","Agent 1",1182092,25715654452026,25715654463386
"MEMORY_COPY","MEMORY_COPY_DEVICE_TO_HOST",4,"Agent 1","Agent 0",1182100,25715741883269,25715741944389
"MEMORY_COPY","MEMORY_COPY_HOST_TO_DEVICE",1,"Agent 0","Agent 1",1182111,25715742776159,25715742781319
"MEMORY_COPY","MEMORY_COPY_HOST_TO_DEVICE",1,"Agent 0","Agent 1",1182126,25715742872900,25715742891540
"MEMORY_COPY","MEMORY_COPY_HOST_TO_DEVICE",1,"Agent 0","Agent 1",1182142,25715742988781,25715742999781
"MEMORY_COPY","MEMORY_COPY_DEVICE_TO_HOST",4,"Agent 1","Agent 0",1182150,25715830250623,25715830302783
"MEMORY_COPY","MEMORY_COPY_HOST_TO_DEVICE",1,"Agent 0","Agent 1",1182161,25715831758780,25715831764060
"MEMORY_COPY","MEMORY_COPY_HOST_TO_DEVICE",1,"Agent 0","Agent 1",1182176,25715831867691,25715831886051
"MEMORY_COPY","MEMORY_COPY_HOST_TO_DEVICE",1,"Agent 0","Agent 1",1182192,25715831996342,25715832008342
"MEMORY_COPY","MEMORY_COPY_DEVICE_TO_HOST",4,"Agent 1","Agent 0",1182200,25715919596950,25715919641751
"MEMORY_COPY","MEMORY_COPY_HOST_TO_DEVICE",1,"Agent 0","Agent 1",1182211,25715920389729,25715920395009
"MEMORY_COPY","MEMORY_COPY_HOST_TO_DEVICE",1,"Agent 0","Agent 1",1182226,25715920489430,25715920508151
"MEMORY_COPY","MEMORY_COPY_HOST_TO_DEVICE",1,"Agent 0","Agent 1",1182242,25715920644362,25715920655962
"MEMORY_COPY","MEMORY_COPY_DEVICE_TO_HOST",4,"Agent 1","Agent 0",1182250,25716009861401,25716009922721
"MEMORY_COPY","MEMORY_COPY_HOST_TO_DEVICE",1,"Agent 0","Agent 1",1182261,25716010859722,25716010865722
"MEMORY_COPY","MEMORY_COPY_HOST_TO_DEVICE",1,"Agent 0","Agent 1",1182276,25716010972583,25716010994023
"MEMORY_COPY","MEMORY_COPY_HOST_TO_DEVICE",1,"Agent 0","Agent 1",1182292,25716011113995,25716011127355
"MEMORY_COPY","MEMORY_COPY_DEVICE_TO_HOST",4,"Agent 1","Agent 0",1182300,25716098356609,25716098405730
"MEMORY_COPY","MEMORY_COPY_HOST_TO_DEVICE",1,"Agent 0","Agent 1",1182311,25716099382920,25716099388041
"MEMORY_COPY","MEMORY_COPY_HOST_TO_DEVICE",1,"Agent 0","Agent 1",1182326,25716099477192,25716099495752
"MEMORY_COPY","MEMORY_COPY_HOST_TO_DEVICE",1,"Agent 0","Agent 1",1182342,25716099603813,25716099614893
"MEMORY_COPY","MEMORY_COPY_DEVICE_TO_HOST",4,"Agent 1","Agent 0",1182350,25716265764743,25716265809823
"MEMORY_COPY","MEMORY_COPY_HOST_TO_DEVICE",1,"Agent 0","Agent 1",1182361,25716266656343,25716266662143
"MEMORY_COPY","MEMORY_COPY_HOST_TO_DEVICE",1,"Agent 0","Agent 1",1182376,25716266759524,25716266778164
"MEMORY_COPY","MEMORY_COPY_HOST_TO_DEVICE",1,"Agent 0","Agent 1",1182392,25716266875735,25716266886856
"MEMORY_COPY","MEMORY_COPY_DEVICE_TO_HOST",4,"Agent 1","Agent 0",1182400,25716354515445,25716354561205
"MEMORY_COPY","MEMORY_COPY_HOST_TO_DEVICE",1,"Agent 0","Agent 1",1182411,25716355503001,25716355508361
"MEMORY_COPY","MEMORY_COPY_HOST_TO_DEVICE",1,"Agent 0","Agent 1",1182426,25716355622056,25716355642576
"MEMORY_COPY","MEMORY_COPY_HOST_TO_DEVICE",1,"Agent 0","Agent 1",1182442,25716355768661,25716355782782
"MEMORY_COPY","MEMORY_COPY_DEVICE_TO_HOST",4,"Agent 1","Agent 0",1182450,25716442851482,25716442898482
"MEMORY_COPY","MEMORY_COPY_HOST_TO_DEVICE",1,"Agent 0","Agent 1",1182461,25716443748922,25716443754042
"MEMORY_COPY","MEMORY_COPY_HOST_TO_DEVICE",1,"Agent 0","Agent 1",1182476,25716443845113,25716443863473
"MEMORY_COPY","MEMORY_COPY_HOST_TO_DEVICE",1,"Agent 0","Agent 1",1182492,25716443960684,25716443971644
"MEMORY_COPY","MEMORY_COPY_DEVICE_TO_HOST",4,"Agent 1","Agent 0",1182500,25716531881250,25716531956051
"MEMORY_COPY","MEMORY_COPY_HOST_TO_DEVICE",1,"Agent 0","Agent 1",1182511,25716533835742,25716533840942
"MEMORY_COPY","MEMORY_COPY_HOST_TO_DEVICE",1,"Agent 0","Agent 1",1182526,25716533961553,25716533990834
"MEMORY_COPY","MEMORY_COPY_HOST_TO_DEVICE",1,"Agent 0","Agent 1",1182542,25716534095315,25716534106435
"MEMORY_COPY","MEMORY_COPY_DEVICE_TO_HOST",4,"Agent 1","Agent 0",1182550,25716622242787,25716622288507
"MEMORY_COPY","MEMORY_COPY_HOST_TO_DEVICE",1,"Agent 0","Agent 1",1182561,25716622972404,25716622977604
"MEMORY_COPY","MEMORY_COPY_HOST_TO_DEVICE",1,"Agent 0","Agent 1",1182576,25716623076507,25716623095107
"MEMORY_COPY","MEMORY_COPY_HOST_TO_DEVICE",1,"Agent 0","Agent 1",1182592,25716623196751,25716623207631
"MEMORY_COPY","MEMORY_COPY_DEVICE_TO_HOST",4,"Agent 1","Agent 0",1182600,25716710268436,25716710319917
"MEMORY_COPY","MEMORY_COPY_HOST_TO_DEVICE",1,"Agent 0","Agent 1",1182611,25716711251487,25716711256647
"MEMORY_COPY","MEMORY_COPY_HOST_TO_DEVICE",1,"Agent 0","Agent 1",1182626,25716711357818,25716711376219
"MEMORY_COPY","MEMORY_COPY_HOST_TO_DEVICE",1,"Agent 0","Agent 1",1182642,25716711477570,25716711488970
"MEMORY_COPY","MEMORY_COPY_DEVICE_TO_HOST",4,"Agent 1","Agent 0",1182650,25716798843676,25716798888156
"MEMORY_COPY","MEMORY_COPY_HOST_TO_DEVICE",1,"Agent 0","Agent 1",1182661,25716799673485,25716799678765
"MEMORY_COPY","MEMORY_COPY_HOST_TO_DEVICE",1,"Agent 0","Agent 1",1182676,25716799770826,25716799789147
"MEMORY_COPY","MEMORY_COPY_HOST_TO_DEVICE",1,"Agent 0","Agent 1",1182692,25716799886208,25716799897128
"MEMORY_COPY","MEMORY_COPY_DEVICE_TO_HOST",4,"Agent 1","Agent 0",1182700,25716889934616,25716889982656
"MEMORY_COPY","MEMORY_COPY_HOST_TO_DEVICE",1,"Agent 0","Agent 1",1182711,25716890755942,25716890761063
"MEMORY_COPY","MEMORY_COPY_HOST_TO_DEVICE",1,"Agent 0","Agent 1",1182726,25716890852181,25716890870781
"MEMORY_COPY","MEMORY_COPY_HOST_TO_DEVICE",1,"Agent 0","Agent 1",1182742,25716890967726,25716890978926
"MEMORY_COPY","MEMORY_COPY_DEVICE_TO_HOST",4,"Agent 1","Agent 0",1182750,25716978072450,25716978134291
"MEMORY_COPY","MEMORY_COPY_HOST_TO_DEVICE",1,"Agent 0","Agent 1",1182761,25716979104432,25716979109632
"MEMORY_COPY","MEMORY_COPY_HOST_TO_DEVICE",1,"Agent 0","Agent 1",1182776,25716979202903,25716979221583
"MEMORY_COPY","MEMORY_COPY_HOST_TO_DEVICE",1,"Agent 0","Agent 1",1182792,25716979320834,25716979331714
"MEMORY_COPY","MEMORY_COPY_DEVICE_TO_HOST",4,"Agent 1","Agent 0",1182800,25717066737282,25717066781762
"MEMORY_COPY","MEMORY_COPY_HOST_TO_DEVICE",1,"Agent 0","Agent 1",1182811,25717067520870,25717067526071
"MEMORY_COPY","MEMORY_COPY_HOST_TO_DEVICE",1,"Agent 0","Agent 1",1182826,25717067626552,25717067645152
"MEMORY_COPY","MEMORY_COPY_HOST_TO_DEVICE",1,"Agent 0","Agent 1",1182842,25717067742293,25717067752973
"MEMORY_COPY","MEMORY_COPY_DEVICE_TO_HOST",4,"Agent 1","Agent 0",1182850,25717157089774,25717157143534
"MEMORY_COPY","MEMORY_COPY_HOST_TO_DEVICE",1,"Agent 0","Agent 1",1182861,25717158206661,25717158212061
"MEMORY_COPY","MEMORY_COPY_HOST_TO_DEVICE",1,"Agent 0","Agent 1",1182876,25717158319464,25717158334944
"MEMORY_COPY","MEMORY_COPY_HOST_TO_DEVICE",1,"Agent 0","Agent 1",1182892,25717158437370,25717158448931
"MEMORY_COPY","MEMORY_COPY_DEVICE_TO_HOST",4,"Agent 1","Agent 0",1182900,25717245966193,25717246011033
"MEMORY_COPY","MEMORY_COPY_HOST_TO_DEVICE",1,"Agent 0","Agent 1",1182911,25717246930653,25717246935853
"MEMORY_COPY","MEMORY_COPY_HOST_TO_DEVICE",1,"Agent 0","Agent 1",1182926,25717247033925,25717247050325
"MEMORY_COPY","MEMORY_COPY_HOST_TO_DEVICE",1,"Agent 0","Agent 1",1182942,25717247148916,25717247159436
"MEMORY_COPY","MEMORY_COPY_DEVICE_TO_HOST",4,"Agent 1","Agent 0",1182950,25717334120486,25717334170526
"MEMORY_COPY","MEMORY_COPY_HOST_TO_DEVICE",1,"Agent 0","Agent 1",1182961,25717335111307,25717335116587
"MEMORY_COPY","MEMORY_COPY_HOST_TO_DEVICE",1,"Agent 0","Agent 1",1182976,25717335225398,25717335243958
"MEMORY_COPY","MEMORY_COPY_HOST_TO_DEVICE",1,"Agent 0","Agent 1",1182992,25717335354190,25717335365070
"MEMORY_COPY","MEMORY_COPY_DEVICE_TO_HOST",4,"Agent 1","Agent 0",1183000,25717422578942,25717422623382
"MEMORY_COPY","MEMORY_COPY_HOST_TO_DEVICE",1,"Agent 0","Agent 1",1183011,25717423403442,25717423408602
"MEMORY_COPY","MEMORY_COPY_HOST_TO_DEVICE",1,"Agent 0","Agent 1",1183026,25717423507675,25717423526355
"MEMORY_COPY","MEMORY_COPY_HOST_TO_DEVICE",1,"Agent 0","Agent 1",1183042,25717423628279,25717423639239
"MEMORY_COPY","MEMORY_COPY_DEVICE_TO_HOST",4,"Agent 1","Agent 0",1183050,25717511724246,25717511770126
"MEMORY_COPY","MEMORY_COPY_HOST_TO_DEVICE",1,"Agent 0","Agent 1",1183061,25717512566665,25717512572425
"MEMORY_COPY","MEMORY_COPY_HOST_TO_DEVICE",1,"Agent 0","Agent 1",1183076,25717512665476,25717512684197
"MEMORY_COPY","MEMORY_COPY_HOST_TO_DEVICE",1,"Agent 0","Agent 1",1183092,25717512793288,25717512804448
"MEMORY_COPY","MEMORY_COPY_DEVICE_TO_HOST",4,"Agent 1","Agent 0",1183100,25717600332096,25717600379417
"MEMORY_COPY","MEMORY_COPY_HOST_TO_DEVICE",1,"Agent 0","Agent 1",1183111,25717601255237,25717601260437
"MEMORY_COPY","MEMORY_COPY_HOST_TO_DEVICE",1,"Agent 0","Agent 1",1183126,25717601354548,25717601373028
"MEMORY_COPY","MEMORY_COPY_HOST_TO_DEVICE",1,"Agent 0","Agent 1",1183142,25717601483099,25717601494019
"MEMORY_COPY","MEMORY_COPY_DEVICE_TO_HOST",4,"Agent 1","Agent 0",1183150,25717688529515,25717688575075
"MEMORY_COPY","MEMORY_COPY_HOST_TO_DEVICE",1,"Agent 0","Agent 1",1183161,25717689373921,25717689379121
"MEMORY_COPY","MEMORY_COPY_HOST_TO_DEVICE",1,"Agent 0","Agent 1",1183176,25717689509162,25717689527723
"MEMORY_COPY","MEMORY_COPY_HOST_TO_DEVICE",1,"Agent 0","Agent 1",1183192,25717689625409,25717689636369
"MEMORY_COPY","MEMORY_COPY_DEVICE_TO_HOST",4,"Agent 1","Agent 0",1183200,25717776609363,25717776664364
"MEMORY_COPY","MEMORY_COPY_HOST_TO_DEVICE",1,"Agent 0","Agent 1",1183211,25717777524474,25717777529714
"MEMORY_COPY","MEMORY_COPY_HOST_TO_DEVICE",1,"Agent 0","Agent 1",1183226,25717777627615,25717777646095
"MEMORY_COPY","MEMORY_COPY_HOST_TO_DEVICE",1,"Agent 0","Agent 1",1183242,25717777750586,25717777762746
"MEMORY_COPY","MEMORY_COPY_DEVICE_TO_HOST",4,"Agent 1","Agent 0",1183250,25717865125093,25717865170734
"MEMORY_COPY","MEMORY_COPY_HOST_TO_DEVICE",1,"Agent 0","Agent 1",1183261,25717866049783,25717866054943
"MEMORY_COPY","MEMORY_COPY_HOST_TO_DEVICE",1,"Agent 0","Agent 1",1183276,25717866149334,25717866167895
"MEMORY_COPY","MEMORY_COPY_HOST_TO_DEVICE",1,"Agent 0","Agent 1",1183292,25717866265376,25717866276296
"MEMORY_COPY","MEMORY_COPY_DEVICE_TO_HOST",4,"Agent 1","Agent 0",1183300,25717953184791,25717953236911
"MEMORY_COPY","MEMORY_COPY_HOST_TO_DEVICE",1,"Agent 0","Agent 1",1183311,25717954137981,25717954143301
"MEMORY_COPY","MEMORY_COPY_HOST_TO_DEVICE",1,"Agent 0","Agent 1",1183326,25717954241091,25717954259611
"MEMORY_COPY","MEMORY_COPY_HOST_TO_DEVICE",1,"Agent 0","Agent 1",1183342,25717954369001,25717954380641
"MEMORY_COPY","MEMORY_COPY_DEVICE_TO_HOST",4,"Agent 1","Agent 0",1183350,25718041730155,25718041774355
"MEMORY_COPY","MEMORY_COPY_HOST_TO_DEVICE",1,"Agent 0","Agent 1",1183361,25718042550814,25718042556094
"MEMORY_COPY","MEMORY_COPY_HOST_TO_DEVICE",1,"Agent 0","Agent 1",1183376,25718042649465,25718042667825
"MEMORY_COPY","MEMORY_COPY_HOST_TO_DEVICE",1,"Agent 0","Agent 1",1183392,25718042772867,25718042783507
"MEMORY_COPY","MEMORY_COPY_DEVICE_TO_HOST",4,"Agent 1","Agent 0",1183400,25718129819971,25718129882812
"MEMORY_COPY","MEMORY_COPY_HOST_TO_DEVICE",1,"Agent 0","Agent 1",1183411,25718130875613,25718130880733
"MEMORY_COPY","MEMORY_COPY_HOST_TO_DEVICE",1,"Agent 0","Agent 1",1183426,25718130978564,25718130997244
"MEMORY_COPY","MEMORY_COPY_HOST_TO_DEVICE",1,"Agent 0","Agent 1",1183442,25718131140906,25718131152106
"MEMORY_COPY","MEMORY_COPY_DEVICE_TO_HOST",4,"Agent 1","Agent 0",1183450,25718218290436,25718218335916
"MEMORY_COPY","MEMORY_COPY_HOST_TO_DEVICE",1,"Agent 0","Agent 1",1183461,25718219151734,25718219156974
"MEMORY_COPY","MEMORY_COPY_HOST_TO_DEVICE",1,"Agent 0","Agent 1",1183476,25718219254805,25718219273525
"MEMORY_COPY","MEMORY_COPY_HOST_TO_DEVICE",1,"Agent 0","Agent 1",1183492,25718219373686,25718219385167
"MEMORY_COPY","MEMORY_COPY_DEVICE_TO_HOST",4,"Agent 1","Agent 0",1183500,25718306288042,25718306331082
"MEMORY_COPY","MEMORY_COPY_HOST_TO_DEVICE",1,"Agent 0","Agent 1",1183511,25718307125591,25718307130831
"MEMORY_COPY","MEMORY_COPY_HOST_TO_DEVICE",1,"Agent 0","Agent 1",1183526,25718307226382,25718307244903
"MEMORY_COPY","MEMORY_COPY_HOST_TO_DEVICE",1,"Agent 0","Agent 1",1183542,25718307342384,25718307353224
"MEMORY_COPY","MEMORY_COPY_DEVICE_TO_HOST",4,"Agent 1","Agent 0",1183550,25718394313243,25718394358124
"MEMORY_COPY","MEMORY_COPY_HOST_TO_DEVICE",1,"Agent 0","Agent 1",1183561,25718395236796,25718395242076
"MEMORY_COPY","MEMORY_COPY_HOST_TO_DEVICE",1,"Agent 0","Agent 1",1183576,25718395334974,25718395353295
"MEMORY_COPY","MEMORY_COPY_HOST_TO_DEVICE",1,"Agent 0","Agent 1",1183592,25718395451594,25718395462514
"MEMORY_COPY","MEMORY_COPY_DEVICE_TO_HOST",4,"Agent 1","Agent 0",1183600,25718483232980,25718483318100
"MEMORY_COPY","MEMORY_COPY_HOST_TO_DEVICE",1,"Agent 0","Agent 1",1183611,25718484573692,25718484578972
"MEMORY_COPY","MEMORY_COPY_HOST_TO_DEVICE",1,"Agent 0","Agent 1",1183626,25718484691100,25718484709980
"MEMORY_COPY","MEMORY_COPY_HOST_TO_DEVICE",1,"Agent 0","Agent 1",1183642,25718484810674,25718484822434
"MEMORY_COPY","MEMORY_COPY_DEVICE_TO_HOST",4,"Agent 1","Agent 0",1183650,25718572273836,25718572316557
"MEMORY_COPY","MEMORY_COPY_HOST_TO_DEVICE",1,"Agent 0","Agent 1",1183661,25718573090475,25718573095635
"MEMORY_COPY","MEMORY_COPY_HOST_TO_DEVICE",1,"Agent 0","Agent 1",1183676,25718573188896,25718573207217
"MEMORY_COPY","MEMORY_COPY_HOST_TO_DEVICE",1,"Agent 0","Agent 1",1183692,25718573305078,25718573316238
"MEMORY_COPY","MEMORY_COPY_DEVICE_TO_HOST",4,"Agent 1","Agent 0",1183700,25718660321753,25718660375313
"MEMORY_COPY","MEMORY_COPY_HOST_TO_DEVICE",1,"Agent 0","Agent 1",1183711,25718661302994,25718661308275
"MEMORY_COPY","MEMORY_COPY_HOST_TO_DEVICE",1,"Agent 0","Agent 1",1183726,25718661457855,25718661476255
"MEMORY_COPY","MEMORY_COPY_HOST_TO_DEVICE",1,"Agent 0","Agent 1",1183742,25718661576067,25718661587147
"MEMORY_COPY","MEMORY_COPY_DEVICE_TO_HOST",4,"Agent 1","Agent 0",1183750,25718748836518,25718748882878
"MEMORY_COPY","MEMORY_COPY_HOST_TO_DEVICE",1,"Agent 0","Agent 1",1183761,25718749640385,25718749645665
"MEMORY_COPY","MEMORY_COPY_HOST_TO_DEVICE",1,"Agent 0","Agent 1",1183776,25718749737784,25718749756345
"MEMORY_COPY","MEMORY_COPY_HOST_TO_DEVICE",1,"Agent 0","Agent 1",1183792,25718749866836,25718749877796
"MEMORY_COPY","MEMORY_COPY_DEVICE_TO_HOST",4,"Agent 1","Agent 0",1183800,25718836834163,25718836877444
"MEMORY_COPY","MEMORY_COPY_HOST_TO_DEVICE",1,"Agent 0","Agent 1",1183811,25718837653022,25718837658262
"MEMORY_COPY","MEMORY_COPY_HOST_TO_DEVICE",1,"Agent 0","Agent 1",1183826,25718837749433,25718837768034
"MEMORY_COPY","MEMORY_COPY_HOST_TO_DEVICE",1,"Agent 0","Agent 1",1183842,25718837865015,25718837875735
"MEMORY_COPY","MEMORY_COPY_DEVICE_TO_HOST",4,"Agent 1","Agent 0",1183850,25718924807229,25718924865110
"MEMORY_COPY","MEMORY_COPY_HOST_TO_DEVICE",1,"Agent 0","Agent 1",1183861,25718925656618,25718925661818
"MEMORY_COPY","MEMORY_COPY_HOST_TO_DEVICE",1,"Agent 0","Agent 1",1183876,25718926257955,25718926278075
"MEMORY_COPY","MEMORY_COPY_HOST_TO_DEVICE",1,"Agent 0","Agent 1",1183892,25718926382646,25718926395647
"MEMORY_COPY","MEMORY_COPY_DEVICE_TO_HOST",4,"Agent 1","Agent 0",1183900,25719013491339,25719013536579
"MEMORY_COPY","MEMORY_COPY_HOST_TO_DEVICE",1,"Agent 0","Agent 1",1183911,25719014292523,25719014297723
"MEMORY_COPY","MEMORY_COPY_HOST_TO_DEVICE",1,"Agent 0","Agent 1",1183926,25719014389541,25719014408102
"MEMORY_COPY","MEMORY_COPY_HOST_TO_DEVICE",1,"Agent 0","Agent 1",1183942,25719014516629,25719014527469
"MEMORY_COPY","MEMORY_COPY_DEVICE_TO_HOST",4,"Agent 1","Agent 0",1183950,25719101555870,25719101598911
"MEMORY_COPY","MEMORY_COPY_HOST_TO_DEVICE",1,"Agent 0","Agent 1",1183961,25719102347549,25719102352789
"MEMORY_COPY","MEMORY_COPY_HOST_TO_DEVICE",1,"Agent 0","Agent 1",1183976,25719102441670,25719102460030
"MEMORY_COPY","MEMORY_COPY_HOST_TO_DEVICE",1,"Agent 0","Agent 1",1183992,25719102557892,25719102568812
"MEMORY_COPY","MEMORY_COPY_DEVICE_TO_HOST",4,"Agent 1","Agent 0",1184000,25719189496468,25719189550828
"MEMORY_COPY","MEMORY_COPY_HOST_TO_DEVICE",1,"Agent 0","Agent 1",1184011,25719190415608,25719190421128
"MEMORY_COPY","MEMORY_COPY_HOST_TO_DEVICE",1,"Agent 0","Agent 1",1184026,25719190548749,25719190567430
"MEMORY_COPY","MEMORY_COPY_HOST_TO_DEVICE",1,"Agent 0","Agent 1",1184042,25719190690041,25719190704641
"MEMORY_COPY","MEMORY_COPY_DEVICE_TO_HOST",4,"Agent 1","Agent 0",1184050,25719278058726,25719278104526
"MEMORY_COPY","MEMORY_COPY_HOST_TO_DEVICE",1,"Agent 0","Agent 1",1184061,25719278987611,25719278992771
"MEMORY_COPY","MEMORY_COPY_HOST_TO_DEVICE",1,"Agent 0","Agent 1",1184076,25719279092415,25719279110975
"MEMORY_COPY","MEMORY_COPY_HOST_TO_DEVICE",1,"Agent 0","Agent 1",1184092,25719279207940,25719279218900
"MEMORY_COPY","MEMORY_COPY_DEVICE_TO_HOST",4,"Agent 1","Agent 0",1184100,25719366049638,25719366100399
"MEMORY_COPY","MEMORY_COPY_HOST_TO_DEVICE",1,"Agent 0","Agent 1",1184111,25719366869737,25719366874937
"MEMORY_COPY","MEMORY_COPY_HOST_TO_DEVICE",1,"Agent 0","Agent 1",1184126,25719366967398,25719366986079
"MEMORY_COPY","MEMORY_COPY_HOST_TO_DEVICE",1,"Agent 0","Agent 1",1184142,25719367084570,25719367095250
"MEMORY_COPY","MEMORY_COPY_DEVICE_TO_HOST",4,"Agent 1","Agent 0",1184150,25719454002682,25719454059483
"MEMORY_COPY","MEMORY_COPY_HOST_TO_DEVICE",1,"Agent 0","Agent 1",1184161,25719454783221,25719454788421
"MEMORY_COPY","MEMORY_COPY_HOST_TO_DEVICE",1,"Agent 0","Agent 1",1184176,25719454881752,25719454900312
"MEMORY_COPY","MEMORY_COPY_HOST_TO_DEVICE",1,"Agent 0","Agent 1",1184192,25719454998413,25719455011693
"MEMORY_COPY","MEMORY_COPY_DEVICE_TO_HOST",4,"Agent 1","Agent 0",1184200,25719541878508,25719541924988
"MEMORY_COPY","MEMORY_COPY_HOST_TO_DEVICE",1,"Agent 0","Agent 1",1184211,25719542790317,25719542795397
"MEMORY_COPY","MEMORY_COPY_HOST_TO_DEVICE",1,"Agent 0","Agent 1",1184226,25719542885848,25719542904208
"MEMORY_COPY","MEMORY_COPY_HOST_TO_DEVICE",1,"Agent 0","Agent 1",1184242,25719543002400,25719543014720
"MEMORY_COPY","MEMORY_COPY_DEVICE_TO_HOST",4,"Agent 1","Agent 0",1184250,25719629913372,25719629963253
"MEMORY_COPY","MEMORY_COPY_HOST_TO_DEVICE",1,"Agent 0","Agent 1",1184261,25719630735721,25719630741121
"MEMORY_COPY","MEMORY_COPY_HOST_TO_DEVICE",1,"Agent 0","Agent 1",1184276,25719630832852,25719630851533
"MEMORY_COPY","MEMORY_COPY_HOST_TO_DEVICE",1,"Agent 0","Agent 1",1184292,25719630951974,25719630963134
"MEMORY_COPY","MEMORY_COPY_DEVICE_TO_HOST",4,"Agent 1","Agent 0",1184300,25719717884752,25719717939513
"MEMORY_COPY","MEMORY_COPY_HOST_TO_DEVICE",1,"Agent 0","Agent 1",1184311,25719718775092,25719718780332
"MEMORY_COPY","MEMORY_COPY_HOST_TO_DEVICE",1,"Agent 0","Agent 1",1184326,25719718869463,25719718887783
"MEMORY_COPY","MEMORY_COPY_HOST_TO_DEVICE",1,"Agent 0","Agent 1",1184342,25719718984474,25719718995314
"MEMORY_COPY","MEMORY_COPY_DEVICE_TO_HOST",4,"Agent 1","Agent 0",1184350,25719805922235,25719805980195
"MEMORY_COPY","MEMORY_COPY_HOST_TO_DEVICE",1,"Agent 0","Agent 1",1184361,25719806900685,25719806905885
"MEMORY_COPY","MEMORY_COPY_HOST_TO_DEVICE",1,"Agent 0","Agent 1",1184376,25719807048406,25719807067046
"MEMORY_COPY","MEMORY_COPY_HOST_TO_DEVICE",1,"Agent 0","Agent 1",1184392,25719807168898,25719807179618
"MEMORY_COPY","MEMORY_COPY_DEVICE_TO_HOST",4,"Agent 1","Agent 0",1184400,25719894436206,25719894483607
"MEMORY_COPY","MEMORY_COPY_HOST_TO_DEVICE",1,"Agent 0","Agent 1",1184411,25719895259195,25719895264355
"MEMORY_COPY","MEMORY_COPY_HOST_TO_DEVICE",1,"Agent 0","Agent 1",1184426,25719895370541,25719895389102
"MEMORY_COPY","MEMORY_COPY_HOST_TO_DEVICE",1,"Agent 0","Agent 1",1184442,25719895487941,25719895499141
"MEMORY_COPY","MEMORY_COPY_DEVICE_TO_HOST",4,"Agent 1","Agent 0",1184450,25719982414463,25719982456943
"MEMORY_COPY","MEMORY_COPY_HOST_TO_DEVICE",1,"Agent 0","Agent 1",1184461,25719983231502,25719983236582
"MEMORY_COPY","MEMORY_COPY_HOST_TO_DEVICE",1,"Agent 0","Agent 1",1184476,25719983326563,25719983345123
"MEMORY_COPY","MEMORY_COPY_HOST_TO_DEVICE",1,"Agent 0","Agent 1",1184492,25719983447444,25719983459084
"MEMORY_COPY","MEMORY_COPY_DEVICE_TO_HOST",4,"Agent 1","Agent 0",1184500,25720070444895,25720070489575
"MEMORY_COPY","MEMORY_COPY_HOST_TO_DEVICE",1,"Agent 0","Agent 1",1184511,25720071370264,25720071375424
"MEMORY_COPY","MEMORY_COPY_HOST_TO_DEVICE",1,"Agent 0","Agent 1",1184526,25720071468035,25720071486596
"MEMORY_COPY","MEMORY_COPY_HOST_TO_DEVICE",1,"Agent 0","Agent 1",1184542,25720071584947,25720071595867
"MEMORY_COPY","MEMORY_COPY_DEVICE_TO_HOST",4,"Agent 1","Agent 0",1184550,25720158522789,25720158582270
"MEMORY_COPY","MEMORY_COPY_HOST_TO_DEVICE",1,"Agent 0","Agent 1",1184561,25720159498060,25720159503380
"MEMORY_COPY","MEMORY_COPY_HOST_TO_DEVICE",1,"Agent 0","Agent 1",1184576,25720159599301,25720159618061
"MEMORY_COPY","MEMORY_COPY_HOST_TO_DEVICE",1,"Agent 0","Agent 1",1184592,25720159731092,25720159742253
"MEMORY_COPY","MEMORY_COPY_DEVICE_TO_HOST",4,"Agent 1","Agent 0",1184600,25720246955604,25720247000245
"MEMORY_COPY","MEMORY_COPY_HOST_TO_DEVICE",1,"Agent 0","Agent 1",1184611,25720247790384,25720247795864
"MEMORY_COPY","MEMORY_COPY_HOST_TO_DEVICE",1,"Agent 0","Agent 1",1184626,25720247904325,25720247922845
"MEMORY_COPY","MEMORY_COPY_HOST_TO_DEVICE",1,"Agent 0","Agent 1",1184642,25720248023116,25720248033956
"MEMORY_COPY","MEMORY_COPY_DEVICE_TO_HOST",4,"Agent 1","Agent 0",1184650,25720334936928,25720334981488
"MEMORY_COPY","MEMORY_COPY_HOST_TO_DEVICE",1,"Agent 0","Agent 1",1184661,25720335860007,25720335865167
"MEMORY_COPY","MEMORY_COPY_HOST_TO_DEVICE",1,"Agent 0","Agent 1",1184676,25720335954898,25720335973219
"MEMORY_COPY","MEMORY_COPY_HOST_TO_DEVICE",1,"Agent 0","Agent 1",1184692,25720336074900,25720336085780
"MEMORY_COPY","MEMORY_COPY_DEVICE_TO_HOST",4,"Agent 1","Agent 0",1184700,25720422983747,25720423027748
"MEMORY_COPY","MEMORY_COPY_HOST_TO_DEVICE",1,"Agent 0","Agent 1",1184711,25720423899327,25720423904887
"MEMORY_COPY","MEMORY_COPY_HOST_TO_DEVICE",1,"Agent 0","Agent 1",1184726,25720424003849,25720424023249
"MEMORY_COPY","MEMORY_COPY_HOST_TO_DEVICE",1,"Agent 0","Agent 1",1184742,25720424139860,25720424152180
"MEMORY_COPY","MEMORY_COPY_DEVICE_TO_HOST",4,"Agent 1","Agent 0",1184750,25720511363688,25720511413448
"MEMORY_COPY","MEMORY_COPY_HOST_TO_DEVICE",1,"Agent 0","Agent 1",1184761,25720512226777,25720512231897
"MEMORY_COPY","MEMORY_COPY_HOST_TO_DEVICE",1,"Agent 0","Agent 1",1184776,25720512325808,25720512344449
"MEMORY_COPY","MEMORY_COPY_HOST_TO_DEVICE",1,"Agent 0","Agent 1",1184792,25720512440500,25720512451420
"MEMORY_COPY","MEMORY_COPY_DEVICE_TO_HOST",4,"Agent 1","Agent 0",1184800,25720599548343,25720599601064
"MEMORY_COPY","MEMORY_COPY_HOST_TO_DEVICE",1,"Agent 0","Agent 1",1184811,25720600602324,25720600607644
"MEMORY_COPY","MEMORY_COPY_HOST_TO_DEVICE",1,"Agent 0","Agent 1",1184826,25720600701145,25720600719825
"MEMORY_COPY","MEMORY_COPY_HOST_TO_DEVICE",1,"Agent 0","Agent 1",1184842,25720600818226,25720600829107
"MEMORY_COPY","MEMORY_COPY_DEVICE_TO_HOST",4,"Agent 1","Agent 0",1184850,25720688144708,25720688200748
"MEMORY_COPY","MEMORY_COPY_HOST_TO_DEVICE",1,"Agent 0","Agent 1",1184861,25720689113678,25720689118878
"MEMORY_COPY","MEMORY_COPY_HOST_TO_DEVICE",1,"Agent 0","Agent 1",1184876,25720689217749,25720689236430
"MEMORY_COPY","MEMORY_COPY_HOST_TO_DEVICE",1,"Agent 0","Agent 1",1184892,25720689334021,25720689345061
"MEMORY_COPY","MEMORY_COPY_DEVICE_TO_HOST",4,"Agent 1","Agent 0",1184900,25720776183946,25720776227187
"MEMORY_COPY","MEMORY_COPY_HOST_TO_DEVICE",1,"Agent 0","Agent 1",1184911,25720776999635,25720777005115
"MEMORY_COPY","MEMORY_COPY_HOST_TO_DEVICE",1,"Agent 0","Agent 1",1184926,25720777103856,25720777122417
"MEMORY_COPY","MEMORY_COPY_HOST_TO_DEVICE",1,"Agent 0","Agent 1",1184942,25720777220158,25720777231078
"MEMORY_COPY","MEMORY_COPY_DEVICE_TO_HOST",4,"Agent 1","Agent 0",1184950,25720864109269,25720864157070
"MEMORY_COPY","MEMORY_COPY_HOST_TO_DEVICE",1,"Agent 0","Agent 1",1184961,25720864919549,25720864924629
"MEMORY_COPY","MEMORY_COPY_HOST_TO_DEVICE",1,"Agent 0","Agent 1",1184976,25720865025960,25720865044560
"MEMORY_COPY","MEMORY_COPY_HOST_TO_DEVICE",1,"Agent 0","Agent 1",1184992,25720865144021,25720865154701
"MEMORY_COPY","MEMORY_COPY_DEVICE_TO_HOST",4,"Agent 1","Agent 0",1185000,25720952136005,25720952209726
"MEMORY_COPY","MEMORY_COPY_HOST_TO_DEVICE",1,"Agent 0","Agent 1",1185011,25720953282778,25720953288298
"MEMORY_COPY","MEMORY_COPY_HOST_TO_DEVICE",1,"Agent 0","Agent 1",1185026,25720953388879,25720953407599
"MEMORY_COPY","MEMORY_COPY_HOST_TO_DEVICE",1,"Agent 0","Agent 1",1185042,25720953506690,25720953517730
"MEMORY_COPY","MEMORY_COPY_DEVICE_TO_HOST",4,"Agent 1","Agent 0",1185050,25721040718895,25721040762416
"MEMORY_COPY","MEMORY_COPY_HOST_TO_DEVICE",1,"Agent 0","Agent 1",1185061,25721041549945,25721041555145
"MEMORY_COPY","MEMORY_COPY_HOST_TO_DEVICE",1,"Agent 0","Agent 1",1185076,25721041647916,25721041666316
"MEMORY_COPY","MEMORY_COPY_HOST_TO_DEVICE",1,"Agent 0","Agent 1",1185092,25721041761567,25721041772447
"MEMORY_COPY","MEMORY_COPY_DEVICE_TO_HOST",4,"Agent 1","Agent 0",1185100,25721128713693,25721128767853
"MEMORY_COPY","MEMORY_COPY_HOST_TO_DEVICE",1,"Agent 0","Agent 1",1185111,25721129563051,25721129568291
"MEMORY_COPY","MEMORY_COPY_HOST_TO_DEVICE",1,"Agent 0","Agent 1",1185126,25721129665110,25721129683470
"MEMORY_COPY","MEMORY_COPY_HOST_TO_DEVICE",1,"Agent 0","Agent 1",1185142,25721129781536,25721129792256
"MEMORY_COPY","MEMORY_COPY_DEVICE_TO_HOST",4,"Agent 1","Agent 0",1185150,25721216788760,25721216834201
"MEMORY_COPY","MEMORY_COPY_HOST_TO_DEVICE",1,"Agent 0","Agent 1",1185161,25721217759381,25721217764701
"MEMORY_COPY","MEMORY_COPY_HOST_TO_DEVICE",1,"Agent 0","Agent 1",1185176,25721217857192,25721217875792
"MEMORY_COPY","MEMORY_COPY_HOST_TO_DEVICE",1,"Agent 0","Agent 1",1185192,25721217975263,25721217986304
"MEMORY_COPY","MEMORY_COPY_DEVICE_TO_HOST",4,"Agent 1","Agent 0",1185200,25721305313567,25721305360208
"MEMORY_COPY","MEMORY_COPY_HOST_TO_DEVICE",1,"Agent 0","Agent 1",1185211,25721306144816,25721306149977
"MEMORY_COPY","MEMORY_COPY_HOST_TO_DEVICE",1,"Agent 0","Agent 1",1185226,25721306254938,25721306273578
"MEMORY_COPY","MEMORY_COPY_HOST_TO_DEVICE",1,"Agent 0","Agent 1",1185242,25721306373399,25721306384239
"MEMORY_COPY","MEMORY_COPY_DEVICE_TO_HOST",4,"Agent 1","Agent 0",1185250,25721393268794,25721393322914
"MEMORY_COPY","MEMORY_COPY_HOST_TO_DEVICE",1,"Agent 0","Agent 1",1185261,25721394124194,25721394129394
"MEMORY_COPY","MEMORY_COPY_HOST_TO_DEVICE",1,"Agent 0","Agent 1",1185276,25721394226514,25721394245354
"MEMORY_COPY","MEMORY_COPY_HOST_TO_DEVICE",1,"Agent 0","Agent 1",1185292,25721394342711,25721394354071
"MEMORY_COPY","MEMORY_COPY_DEVICE_TO_HOST",4,"Agent 1","Agent 0",1185300,25721481299148,25721481345669
"MEMORY_COPY","MEMORY_COPY_HOST_TO_DEVICE",1,"Agent 0","Agent 1",1185311,25721482224939,25721482230139
"MEMORY_COPY","MEMORY_COPY_HOST_TO_DEVICE",1,"Agent 0","Agent 1",1185326,25721482321980,25721482340580
"MEMORY_COPY","MEMORY_COPY_HOST_TO_DEVICE",1,"Agent 0","Agent 1",1185342,25721482438911,25721482450231
"MEMORY_COPY","MEMORY_COPY_DEVICE_TO_HOST",4,"Agent 1","Agent 0",1185350,25721569474612,25721569523412
"MEMORY_COPY","MEMORY_COPY_HOST_TO_DEVICE",1,"Agent 0","Agent 1",1185361,25721570340401,25721570345721
"MEMORY_COPY","MEMORY_COPY_HOST_TO_DEVICE",1,"Agent 0","Agent 1",1185376,25721570442062,25721570460943
"MEMORY_COPY","MEMORY_COPY_HOST_TO_DEVICE",1,"Agent 0","Agent 1",1185392,25721570610524,25721570622124
"MEMORY_COPY","MEMORY_COPY_DEVICE_TO_HOST",4,"Agent 1","Agent 0",1185400,25721657771882,25721657818042
"MEMORY_COPY","MEMORY_COPY_HOST_TO_DEVICE",1,"Agent 0","Agent 1",1185411,25721658607370,25721658612610
"MEMORY_COPY","MEMORY_COPY_HOST_TO_DEVICE",1,"Agent 0","Agent 1",1185426,25721658705802,25721658724362
"MEMORY_COPY","MEMORY_COPY_HOST_TO_DEVICE",1,"Agent 0","Agent 1",1185442,25721658822799,25721658833719
"MEMORY_COPY","MEMORY_COPY_DEVICE_TO_HOST",4,"Agent 1","Agent 0",1185450,25721745803039,25721745854599
"MEMORY_COPY","MEMORY_COPY_HOST_TO_DEVICE",1,"Agent 0","Agent 1",1185461,25721746824770,25721746830010
"MEMORY_COPY","MEMORY_COPY_HOST_TO_DEVICE",1,"Agent 0","Agent 1",1185476,25721746929361,25721746947922
"MEMORY_COPY","MEMORY_COPY_HOST_TO_DEVICE",1,"Agent 0","Agent 1",1185492,25721747053503,25721747065703
"MEMORY_COPY","MEMORY_COPY_DEVICE_TO_HOST",4,"Agent 1","Agent 0",1185500,25721834404145,25721834446306
"MEMORY_COPY","MEMORY_COPY_HOST_TO_DEVICE",1,"Agent 0","Agent 1",1185511,25721835228464,25721835233584
"MEMORY_COPY","MEMORY_COPY_HOST_TO_DEVICE",1,"Agent 0","Agent 1",1185526,25721835327435,25721835345996
"MEMORY_COPY","MEMORY_COPY_HOST_TO_DEVICE",1,"Agent 0","Agent 1",1185542,25721835457347,25721835468227
"MEMORY_COPY","MEMORY_COPY_DEVICE_TO_HOST",4,"Agent 1","Agent 0",1185550,25721922476910,25721922529270
"MEMORY_COPY","MEMORY_COPY_HOST_TO_DEVICE",1,"Agent 0","Agent 1",1185561,25721923454556,25721923459836
"MEMORY_COPY","MEMORY_COPY_HOST_TO_DEVICE",1,"Agent 0","Agent 1",1185576,25721923559490,25721923578130
"MEMORY_COPY","MEMORY_COPY_HOST_TO_DEVICE",1,"Agent 0","Agent 1",1185592,25721923692191,25721923704951
"MEMORY_COPY","MEMORY_COPY_DEVICE_TO_HOST",4,"Agent 1","Agent 0",1185600,25722010834686,25722010889126
"MEMORY_COPY","MEMORY_COPY_HOST_TO_DEVICE",1,"Agent 0","Agent 1",1185611,25722011833107,25722011838227
"MEMORY_COPY","MEMORY_COPY_HOST_TO_DEVICE",1,"Agent 0","Agent 1",1185626,25722011930738,25722011949338
"MEMORY_COPY","MEMORY_COPY_HOST_TO_DEVICE",1,"Agent 0","Agent 1",1185642,25722012051979,25722012062859
"MEMORY_COPY","MEMORY_COPY_DEVICE_TO_HOST",4,"Agent 1","Agent 0",1185650,25722099037511,25722099080232
"MEMORY_COPY","MEMORY_COPY_HOST_TO_DEVICE",1,"Agent 0","Agent 1",1185661,25722099847310,25722099852470
"MEMORY_COPY","MEMORY_COPY_HOST_TO_DEVICE",1,"Agent 0","Agent 1",1185676,25722099945131,25722099963932
"MEMORY_COPY","MEMORY_COPY_HOST_TO_DEVICE",1,"Agent 0","Agent 1",1185692,25722100093703,25722100105343
"MEMORY_COPY","MEMORY_COPY_DEVICE_TO_HOST",4,"Agent 1","Agent 0",1185700,25722187139793,25722187194873
"MEMORY_COPY","MEMORY_COPY_HOST_TO_DEVICE",1,"Agent 0","Agent 1",1185711,25722188040696,25722188045976
"MEMORY_COPY","MEMORY_COPY_HOST_TO_DEVICE",1,"Agent 0","Agent 1",1185726,25722188143507,25722188162387
"MEMORY_COPY","MEMORY_COPY_HOST_TO_DEVICE",1,"Agent 0","Agent 1",1185742,25722188264302,25722188275742
"MEMORY_COPY","MEMORY_COPY_DEVICE_TO_HOST",4,"Agent 1","Agent 0",1185750,25722275657777,25722275703778
"MEMORY_COPY","MEMORY_COPY_HOST_TO_DEVICE",1,"Agent 0","Agent 1",1185761,25722276556887,25722276562007
"MEMORY_COPY","MEMORY_COPY_HOST_TO_DEVICE",1,"Agent 0","Agent 1",1185776,25722276652018,25722276670339
"MEMORY_COPY","MEMORY_COPY_HOST_TO_DEVICE",1,"Agent 0","Agent 1",1185792,25722276767940,25722276779380
"MEMORY_COPY","MEMORY_COPY_DEVICE_TO_HOST",4,"Agent 1","Agent 0",1185800,25722363652918,25722363701919
"MEMORY_COPY","MEMORY_COPY_HOST_TO_DEVICE",1,"Agent 0","Agent 1",1185811,25722364498018,25722364503738
"MEMORY_COPY","MEMORY_COPY_HOST_TO_DEVICE",1,"Agent 0","Agent 1",1185826,25722364600519,25722364618959
"MEMORY_COPY","MEMORY_COPY_HOST_TO_DEVICE",1,"Agent 0","Agent 1",1185842,25722364720130,25722364731130
"MEMORY_COPY","MEMORY_COPY_DEVICE_TO_HOST",4,"Agent 1","Agent 0",1185850,25722451570257,25722451620817
"MEMORY_COPY","MEMORY_COPY_HOST_TO_DEVICE",1,"Agent 0","Agent 1",1185861,25722452433158,25722452438278
"MEMORY_COPY","MEMORY_COPY_HOST_TO_DEVICE",1,"Agent 0","Agent 1",1185876,25722452531049,25722452549569
"MEMORY_COPY","MEMORY_COPY_HOST_TO_DEVICE",1,"Agent 0","Agent 1",1185892,25722452646313,25722452657274
"MEMORY_COPY","MEMORY_COPY_DEVICE_TO_HOST",4,"Agent 1","Agent 0",1185900,25722539597715,25722539642596
"MEMORY_COPY","MEMORY_COPY_HOST_TO_DEVICE",1,"Agent 0","Agent 1",1185911,25722540526615,25722540531895
"MEMORY_COPY","MEMORY_COPY_HOST_TO_DEVICE",1,"Agent 0","Agent 1",1185926,25722540624136,25722540642696
"MEMORY_COPY","MEMORY_COPY_HOST_TO_DEVICE",1,"Agent 0","Agent 1",1185942,25722540740198,25722540751038
"MEMORY_COPY","MEMORY_COPY_DEVICE_TO_HOST",4,"Agent 1","Agent 0",1185950,25722627583015,25722627626536
"MEMORY_COPY","MEMORY_COPY_HOST_TO_DEVICE",1,"Agent 0","Agent 1",1185961,25722628419045,25722628424325
"MEMORY_COPY","MEMORY_COPY_HOST_TO_DEVICE",1,"Agent 0","Agent 1",1185976,25722628523186,25722628541786
"MEMORY_COPY","MEMORY_COPY_HOST_TO_DEVICE",1,"Agent 0","Agent 1",1185992,25722628640927,25722628652447
"MEMORY_COPY","MEMORY_COPY_DEVICE_TO_HOST",4,"Agent 1","Agent 0",1186000,25722715561388,25722715606348
"MEMORY_COPY","MEMORY_COPY_HOST_TO_DEVICE",1,"Agent 0","Agent 1",1186011,25722717628354,25722717633674
"MEMORY_COPY","MEMORY_COPY_HOST_TO_DEVICE",1,"Agent 0","Agent 1",1186026,25722717742768,25722717762488
"MEMORY_COPY","MEMORY_COPY_HOST_TO_DEVICE",1,"Agent 0","Agent 1",1186042,25722717860114,25722717870994
"MEMORY_COPY","MEMORY_COPY_DEVICE_TO_HOST",4,"Agent 1","Agent 0",1191628,25722807168508,25722807208188
"MEMORY_COPY","MEMORY_COPY_HOST_TO_DEVICE",1,"Agent 0","Agent 1",1191639,25722808193679,25722808198799
"MEMORY_COPY","MEMORY_COPY_HOST_TO_DEVICE",1,"Agent 0","Agent 1",1191654,25722808295820,25722808314380
"MEMORY_COPY","MEMORY_COPY_HOST_TO_DEVICE",1,"Agent 0","Agent 1",1191670,25722808412451,25722808423332
"MEMORY_COPY","MEMORY_COPY_DEVICE_TO_HOST",4,"Agent 1","Agent 0",1197261,25722919514592,25722919562392
"MEMORY_COPY","MEMORY_COPY_HOST_TO_DEVICE",1,"Agent 0","Agent 1",1197272,25722920466753,25722920471993
"MEMORY_COPY","MEMORY_COPY_HOST_TO_DEVICE",1,"Agent 0","Agent 1",1197287,25722920569804,25722920588124
"MEMORY_COPY","MEMORY_COPY_HOST_TO_DEVICE",1,"Agent 0","Agent 1",1197303,25722920688185,25722920699225
"MEMORY_COPY","MEMORY_COPY_DEVICE_TO_HOST",4,"Agent 1","Agent 0",1197311,25723008188469,25723008252829
"MEMORY_COPY","MEMORY_COPY_HOST_TO_DEVICE",1,"Agent 0","Agent 1",1197322,25723009173510,25723009178790
"MEMORY_COPY","MEMORY_COPY_HOST_TO_DEVICE",1,"Agent 0","Agent 1",1197337,25723009281941,25723009301661
"MEMORY_COPY","MEMORY_COPY_HOST_TO_DEVICE",1,"Agent 0","Agent 1",1197353,25723009558944,25723009571104
"MEMORY_COPY","MEMORY_COPY_DEVICE_TO_HOST",4,"Agent 1","Agent 0",1197361,25723096873918,25723096918838
"MEMORY_COPY","MEMORY_COPY_HOST_TO_DEVICE",1,"Agent 0","Agent 1",1197372,25723097658017,25723097663217
"MEMORY_COPY","MEMORY_COPY_HOST_TO_DEVICE",1,"Agent 0","Agent 1",1197387,25723097755728,25723097774328
"MEMORY_COPY","MEMORY_COPY_HOST_TO_DEVICE",1,"Agent 0","Agent 1",1197403,25723097873949,25723097884909
"MEMORY_COPY","MEMORY_COPY_DEVICE_TO_HOST",4,"Agent 1","Agent 0",1197411,25723185051455,25723185097735
"MEMORY_COPY","MEMORY_COPY_HOST_TO_DEVICE",1,"Agent 0","Agent 1",1197422,25723185888334,25723185893654
"MEMORY_COPY","MEMORY_COPY_HOST_TO_DEVICE",1,"Agent 0","Agent 1",1197437,25723185990705,25723186009946
"MEMORY_COPY","MEMORY_COPY_HOST_TO_DEVICE",1,"Agent 0","Agent 1",1197453,25723186110557,25723186121317
"MEMORY_COPY","MEMORY_COPY_DEVICE_TO_HOST",4,"Agent 1","Agent 0",1197461,25723273334127,25723273392007
"MEMORY_COPY","MEMORY_COPY_HOST_TO_DEVICE",1,"Agent 0","Agent 1",1197472,25723274193486,25723274198726
"MEMORY_COPY","MEMORY_COPY_HOST_TO_DEVICE",1,"Agent 0","Agent 1",1197487,25723274296457,25723274314818
"MEMORY_COPY","MEMORY_COPY_HOST_TO_DEVICE",1,"Agent 0","Agent 1",1197503,25723274427179,25723274438059
"MEMORY_COPY","MEMORY_COPY_DEVICE_TO_HOST",4,"Agent 1","Agent 0",1197511,25723361953741,25723362009741
"MEMORY_COPY","MEMORY_COPY_HOST_TO_DEVICE",1,"Agent 0","Agent 1",1197522,25723362788760,25723362794040
"MEMORY_COPY","MEMORY_COPY_HOST_TO_DEVICE",1,"Agent 0","Agent 1",1197537,25723362888951,25723362907551
"MEMORY_COPY","MEMORY_COPY_HOST_TO_DEVICE",1,"Agent 0","Agent 1",1197553,25723363023752,25723363036553
"MEMORY_COPY","MEMORY_COPY_DEVICE_TO_HOST",4,"Agent 1","Agent 0",1197561,25723450072526,25723450132727
"MEMORY_COPY","MEMORY_COPY_HOST_TO_DEVICE",1,"Agent 0","Agent 1",1197572,25723451103618,25723451108778
"MEMORY_COPY","MEMORY_COPY_HOST_TO_DEVICE",1,"Agent 0","Agent 1",1197587,25723451208759,25723451230559
"MEMORY_COPY","MEMORY_COPY_HOST_TO_DEVICE",1,"Agent 0","Agent 1",1197603,25723451334670,25723451346271
"MEMORY_COPY","MEMORY_COPY_DEVICE_TO_HOST",4,"Agent 1","Agent 0",1197611,25723538608703,25723538653023
"MEMORY_COPY","MEMORY_COPY_HOST_TO_DEVICE",1,"Agent 0","Agent 1",1197622,25723539423904,25723539429184
"MEMORY_COPY","MEMORY_COPY_HOST_TO_DEVICE",1,"Agent 0","Agent 1",1197637,25723539526223,25723539544783
"MEMORY_COPY","MEMORY_COPY_HOST_TO_DEVICE",1,"Agent 0","Agent 1",1197653,25723539644622,25723539655543
"MEMORY_COPY","MEMORY_COPY_DEVICE_TO_HOST",4,"Agent 1","Agent 0",1197661,25723627282951,25723627328671
"MEMORY_COPY","MEMORY_COPY_HOST_TO_DEVICE",1,"Agent 0","Agent 1",1197672,25723628094730,25723628099970
"MEMORY_COPY","MEMORY_COPY_HOST_TO_DEVICE",1,"Agent 0","Agent 1",1197687,25723628194201,25723628212561
"MEMORY_COPY","MEMORY_COPY_HOST_TO_DEVICE",1,"Agent 0","Agent 1",1197703,25723628446104,25723628456944
"MEMORY_COPY","MEMORY_COPY_DEVICE_TO_HOST",4,"Agent 1","Agent 0",1197711,25723715963806,25723716010807
"MEMORY_COPY","MEMORY_COPY_HOST_TO_DEVICE",1,"Agent 0","Agent 1",1197722,25723716984178,25723716989498
"MEMORY_COPY","MEMORY_COPY_HOST_TO_DEVICE",1,"Agent 0","Agent 1",1197737,25723717092259,25723717111019
"MEMORY_COPY","MEMORY_COPY_HOST_TO_DEVICE",1,"Agent 0","Agent 1",1197753,25723717213530,25723717225050
"MEMORY_COPY","MEMORY_COPY_DEVICE_TO_HOST",4,"Agent 1","Agent 0",1197761,25723804554507,25723804599028
"MEMORY_COPY","MEMORY_COPY_HOST_TO_DEVICE",1,"Agent 0","Agent 1",1197772,25723805476358,25723805481518
"MEMORY_COPY","MEMORY_COPY_HOST_TO_DEVICE",1,"Agent 0","Agent 1",1197787,25723805585528,25723805604368
"MEMORY_COPY","MEMORY_COPY_HOST_TO_DEVICE",1,"Agent 0","Agent 1",1197803,25723805708340,25723805720220
"MEMORY_COPY","MEMORY_COPY_DEVICE_TO_HOST",4,"Agent 1","Agent 0",1197811,25723893231199,25723893300680
"MEMORY_COPY","MEMORY_COPY_HOST_TO_DEVICE",1,"Agent 0","Agent 1",1197822,25723894521683,25723894527403
"MEMORY_COPY","MEMORY_COPY_HOST_TO_DEVICE",1,"Agent 0","Agent 1",1197837,25723894633694,25723894653015
"MEMORY_COPY","MEMORY_COPY_HOST_TO_DEVICE",1,"Agent 0","Agent 1",1197853,25723894760706,25723894772586
"MEMORY_COPY","MEMORY_COPY_DEVICE_TO_HOST",4,"Agent 1","Agent 0",1197861,25723981853075,25723981901035
"MEMORY_COPY","MEMORY_COPY_HOST_TO_DEVICE",1,"Agent 0","Agent 1",1197872,25723982803645,25723982808765
"MEMORY_COPY","MEMORY_COPY_HOST_TO_DEVICE",1,"Agent 0","Agent 1",1197887,25723982904346,25723982922787
"MEMORY_COPY","MEMORY_COPY_HOST_TO_DEVICE",1,"Agent 0","Agent 1",1197903,25723983024068,25723983034988
"MEMORY_COPY","MEMORY_COPY_DEVICE_TO_HOST",4,"Agent 1","Agent 0",1197911,25724070539417,25724070582937
"MEMORY_COPY","MEMORY_COPY_HOST_TO_DEVICE",1,"Agent 0","Agent 1",1197922,25724071367856,25724071373016
"MEMORY_COPY","MEMORY_COPY_HOST_TO_DEVICE",1,"Agent 0","Agent 1",1197937,25724071466727,25724071485367
"MEMORY_COPY","MEMORY_COPY_HOST_TO_DEVICE",1,"Agent 0","Agent 1",1197953,25724071588819,25724071599819
"MEMORY_COPY","MEMORY_COPY_DEVICE_TO_HOST",4,"Agent 1","Agent 0",1197961,25724159122493,25724159169374
"MEMORY_COPY","MEMORY_COPY_HOST_TO_DEVICE",1,"Agent 0","Agent 1",1197972,25724159937122,25724159942322
"MEMORY_COPY","MEMORY_COPY_HOST_TO_DEVICE",1,"Agent 0","Agent 1",1197987,25724160061414,25724160079774
"MEMORY_COPY","MEMORY_COPY_HOST_TO_DEVICE",1,"Agent 0","Agent 1",1198003,25724160180595,25724160191595
"MEMORY_COPY","MEMORY_COPY_DEVICE_TO_HOST",4,"Agent 1","Agent 0",1198011,25724247351321,25724247396241
"MEMORY_COPY","MEMORY_COPY_HOST_TO_DEVICE",1,"Agent 0","Agent 1",1198022,25724248325752,25724248331112
"MEMORY_COPY","MEMORY_COPY_HOST_TO_DEVICE",1,"Agent 0","Agent 1",1198037,25724248429363,25724248447923
"MEMORY_COPY","MEMORY_COPY_HOST_TO_DEVICE",1,"Agent 0","Agent 1",1198053,25724248682206,25724248693046
"MEMORY_COPY","MEMORY_COPY_DEVICE_TO_HOST",4,"Agent 1","Agent 0",1198061,25724335768170,25724335820771
"MEMORY_COPY","MEMORY_COPY_HOST_TO_DEVICE",1,"Agent 0","Agent 1",1198072,25724336649490,25724336654730
"MEMORY_COPY","MEMORY_COPY_HOST_TO_DEVICE",1,"Agent 0","Agent 1",1198087,25724336753231,25724336772031
"MEMORY_COPY","MEMORY_COPY_HOST_TO_DEVICE",1,"Agent 0","Agent 1",1198103,25724336875042,25724336886322
"MEMORY_COPY","MEMORY_COPY_DEVICE_TO_HOST",4,"Agent 1","Agent 0",1198111,25724424429381,25724424479421
"MEMORY_COPY","MEMORY_COPY_HOST_TO_DEVICE",1,"Agent 0","Agent 1",1198122,25724425363321,25724425368641
"MEMORY_COPY","MEMORY_COPY_HOST_TO_DEVICE",1,"Agent 0","Agent 1",1198137,25724425477093,25724425496013
"MEMORY_COPY","MEMORY_COPY_HOST_TO_DEVICE",1,"Agent 0","Agent 1",1198153,25724425629374,25724425640334
"MEMORY_COPY","MEMORY_COPY_DEVICE_TO_HOST",4,"Agent 1","Agent 0",1198161,25724512959276,25724513002396
"MEMORY_COPY","MEMORY_COPY_HOST_TO_DEVICE",1,"Agent 0","Agent 1",1198172,25724513785235,25724513790435
"MEMORY_COPY","MEMORY_COPY_HOST_TO_DEVICE",1,"Agent 0","Agent 1",1198187,25724513884726,25724513903126
"MEMORY_COPY","MEMORY_COPY_HOST_TO_DEVICE",1,"Agent 0","Agent 1",1198203,25724514003038,25724514014718
"MEMORY_COPY","MEMORY_COPY_DEVICE_TO_HOST",4,"Agent 1","Agent 0",1198211,25724601109411,25724601152972
"MEMORY_COPY","MEMORY_COPY_HOST_TO_DEVICE",1,"Agent 0","Agent 1",1198222,25724601944300,25724601949660
"MEMORY_COPY","MEMORY_COPY_HOST_TO_DEVICE",1,"Agent 0","Agent 1",1198237,25724602052662,25724602071182
"MEMORY_COPY","MEMORY_COPY_HOST_TO_DEVICE",1,"Agent 0","Agent 1",1198253,25724602178843,25724602189963
"MEMORY_COPY","MEMORY_COPY_DEVICE_TO_HOST",4,"Agent 1","Agent 0",1198261,25724689598012,25724689643853
"MEMORY_COPY","MEMORY_COPY_HOST_TO_DEVICE",1,"Agent 0","Agent 1",1198272,25724690473692,25724690478972
"MEMORY_COPY","MEMORY_COPY_HOST_TO_DEVICE",1,"Agent 0","Agent 1",1198287,25724690575603,25724690594124
"MEMORY_COPY","MEMORY_COPY_HOST_TO_DEVICE",1,"Agent 0","Agent 1",1198303,25724690706365,25724690717325
"MEMORY_COPY","MEMORY_COPY_DEVICE_TO_HOST",4,"Agent 1","Agent 0",1198311,25724777800097,25724777843697
"MEMORY_COPY","MEMORY_COPY_HOST_TO_DEVICE",1,"Agent 0","Agent 1",1198322,25724778635593,25724778640873
"MEMORY_COPY","MEMORY_COPY_HOST_TO_DEVICE",1,"Agent 0","Agent 1",1198337,25724778743613,25724778762173
"MEMORY_COPY","MEMORY_COPY_HOST_TO_DEVICE",1,"Agent 0","Agent 1",1198353,25724778861051,25724778872212
"MEMORY_COPY","MEMORY_COPY_DEVICE_TO_HOST",4,"Agent 1","Agent 0",1198361,25724866170604,25724866224365
"MEMORY_COPY","MEMORY_COPY_HOST_TO_DEVICE",1,"Agent 0","Agent 1",1198372,25724867168365,25724867173685
"MEMORY_COPY","MEMORY_COPY_HOST_TO_DEVICE",1,"Agent 0","Agent 1",1198387,25724867272296,25724867290897
"MEMORY_COPY","MEMORY_COPY_HOST_TO_DEVICE",1,"Agent 0","Agent 1",1198403,25724867528589,25724867539549
"MEMORY_COPY","MEMORY_COPY_DEVICE_TO_HOST",4,"Agent 1","Agent 0",1198411,25724954865333,25724954924254
"MEMORY_COPY","MEMORY_COPY_HOST_TO_DEVICE",1,"Agent 0","Agent 1",1198422,25724955916695,25724955922055
"MEMORY_COPY","MEMORY_COPY_HOST_TO_DEVICE",1,"Agent 0","Agent 1",1198437,25724956048407,25724956067367
"MEMORY_COPY","MEMORY_COPY_HOST_TO_DEVICE",1,"Agent 0","Agent 1",1198453,25724956191448,25724956203528
"MEMORY_COPY","MEMORY_COPY_DEVICE_TO_HOST",4,"Agent 1","Agent 0",1198461,25725043570783,25725043620264
"MEMORY_COPY","MEMORY_COPY_HOST_TO_DEVICE",1,"Agent 0","Agent 1",1198472,25725044397082,25725044402482
"MEMORY_COPY","MEMORY_COPY_HOST_TO_DEVICE",1,"Agent 0","Agent 1",1198487,25725044500283,25725044518804
"MEMORY_COPY","MEMORY_COPY_HOST_TO_DEVICE",1,"Agent 0","Agent 1",1198503,25725044619105,25725044630025
"MEMORY_COPY","MEMORY_COPY_DEVICE_TO_HOST",4,"Agent 1","Agent 0",1198511,25725132149813,25725132197174
"MEMORY_COPY","MEMORY_COPY_HOST_TO_DEVICE",1,"Agent 0","Agent 1",1198522,25725133160785,25725133166065
"MEMORY_COPY","MEMORY_COPY_HOST_TO_DEVICE",1,"Agent 0","Agent 1",1198537,25725133261716,25725133280316
"MEMORY_COPY","MEMORY_COPY_HOST_TO_DEVICE",1,"Agent 0","Agent 1",1198553,25725133380577,25725133391617
"MEMORY_COPY","MEMORY_COPY_DEVICE_TO_HOST",4,"Agent 1","Agent 0",1198561,25725220768598,25725220821239
"MEMORY_COPY","MEMORY_COPY_HOST_TO_DEVICE",1,"Agent 0","Agent 1",1198572,25725221753499,25725221758819
"MEMORY_COPY","MEMORY_COPY_HOST_TO_DEVICE",1,"Agent 0","Agent 1",1198587,25725221863330,25725221882051
"MEMORY_COPY","MEMORY_COPY_HOST_TO_DEVICE",1,"Agent 0","Agent 1",1198603,25725221996742,25725222011942
"MEMORY_COPY","MEMORY_COPY_DEVICE_TO_HOST",4,"Agent 1","Agent 0",1198611,25725309496124,25725309538964
"MEMORY_COPY","MEMORY_COPY_HOST_TO_DEVICE",1,"Agent 0","Agent 1",1198622,25725310323823,25725310328983
"MEMORY_COPY","MEMORY_COPY_HOST_TO_DEVICE",1,"Agent 0","Agent 1",1198637,25725310422404,25725310440964
"MEMORY_COPY","MEMORY_COPY_HOST_TO_DEVICE",1,"Agent 0","Agent 1",1198653,25725310540615,25725310551615
"MEMORY_COPY","MEMORY_COPY_DEVICE_TO_HOST",4,"Agent 1","Agent 0",1198661,25725397907003,25725397954363
"MEMORY_COPY","MEMORY_COPY_HOST_TO_DEVICE",1,"Agent 0","Agent 1",1198672,25725398877204,25725398882564
"MEMORY_COPY","MEMORY_COPY_HOST_TO_DEVICE",1,"Agent 0","Agent 1",1198687,25725398980115,25725398998675
"MEMORY_COPY","MEMORY_COPY_HOST_TO_DEVICE",1,"Agent 0","Agent 1",1198703,25725399106466,25725399117666
"MEMORY_COPY","MEMORY_COPY_DEVICE_TO_HOST",4,"Agent 1","Agent 0",1198711,25725486646492,25725486696293
"MEMORY_COPY","MEMORY_COPY_HOST_TO_DEVICE",1,"Agent 0","Agent 1",1198722,25725487477271,25725487482431
"MEMORY_COPY","MEMORY_COPY_HOST_TO_DEVICE",1,"Agent 0","Agent 1",1198737,25725487574412,25725487592973
"MEMORY_COPY","MEMORY_COPY_HOST_TO_DEVICE",1,"Agent 0","Agent 1",1198753,25725487827685,25725487838565
"MEMORY_COPY","MEMORY_COPY_DEVICE_TO_HOST",4,"Agent 1","Agent 0",1198761,25725575247073,25725575293114
"MEMORY_COPY","MEMORY_COPY_HOST_TO_DEVICE",1,"Agent 0","Agent 1",1198772,25725576072112,25725576077192
"MEMORY_COPY","MEMORY_COPY_HOST_TO_DEVICE",1,"Agent 0","Agent 1",1198787,25725576183314,25725576201914
"MEMORY_COPY","MEMORY_COPY_HOST_TO_DEVICE",1,"Agent 0","Agent 1",1198803,25725576301585,25725576312625
"MEMORY_COPY","MEMORY_COPY_DEVICE_TO_HOST",4,"Agent 1","Agent 0",1198811,25725663665189,25725663715589
"MEMORY_COPY","MEMORY_COPY_HOST_TO_DEVICE",1,"Agent 0","Agent 1",1198822,25725664720141,25725664725301
"MEMORY_COPY","MEMORY_COPY_HOST_TO_DEVICE",1,"Agent 0","Agent 1",1198837,25725664823302,25725664841862
"MEMORY_COPY","MEMORY_COPY_HOST_TO_DEVICE",1,"Agent 0","Agent 1",1198853,25725664941783,25725664952423
"MEMORY_COPY","MEMORY_COPY_DEVICE_TO_HOST",4,"Agent 1","Agent 0",1198861,25725752030519,25725752075160
"MEMORY_COPY","MEMORY_COPY_HOST_TO_DEVICE",1,"Agent 0","Agent 1",1198872,25725752865949,25725752871069
"MEMORY_COPY","MEMORY_COPY_HOST_TO_DEVICE",1,"Agent 0","Agent 1",1198887,25725752967000,25725752985520
"MEMORY_COPY","MEMORY_COPY_HOST_TO_DEVICE",1,"Agent 0","Agent 1",1198903,25725753087201,25725753098081
"MEMORY_COPY","MEMORY_COPY_DEVICE_TO_HOST",4,"Agent 1","Agent 0",1198911,25725840605164,25725840653684
"MEMORY_COPY","MEMORY_COPY_HOST_TO_DEVICE",1,"Agent 0","Agent 1",1198922,25725841465384,25725841470784
"MEMORY_COPY","MEMORY_COPY_HOST_TO_DEVICE",1,"Agent 0","Agent 1",1198937,25725841566735,25725841585375
"MEMORY_COPY","MEMORY_COPY_HOST_TO_DEVICE",1,"Agent 0","Agent 1",1198953,25725841699416,25725841710336
"MEMORY_COPY","MEMORY_COPY_DEVICE_TO_HOST",4,"Agent 1","Agent 0",1198961,25725929323870,25725929373271
"MEMORY_COPY","MEMORY_COPY_HOST_TO_DEVICE",1,"Agent 0","Agent 1",1198972,25725930271561,25725930276721
"MEMORY_COPY","MEMORY_COPY_HOST_TO_DEVICE",1,"Agent 0","Agent 1",1198987,25725930372312,25725930390832
"MEMORY_COPY","MEMORY_COPY_HOST_TO_DEVICE",1,"Agent 0","Agent 1",1199003,25725930490173,25725930500933
"MEMORY_COPY","MEMORY_COPY_DEVICE_TO_HOST",4,"Agent 1","Agent 0",1199011,25726017895461,25726017943982
"MEMORY_COPY","MEMORY_COPY_HOST_TO_DEVICE",1,"Agent 0","Agent 1",1199022,25726018784721,25726018790081
"MEMORY_COPY","MEMORY_COPY_HOST_TO_DEVICE",1,"Agent 0","Agent 1",1199037,25726018886972,25726018905532
"MEMORY_COPY","MEMORY_COPY_HOST_TO_DEVICE",1,"Agent 0","Agent 1",1199053,25726019004693,25726019016014
"MEMORY_COPY","MEMORY_COPY_DEVICE_TO_HOST",4,"Agent 1","Agent 0",1199061,25726106470148,25726106519708
"MEMORY_COPY","MEMORY_COPY_HOST_TO_DEVICE",1,"Agent 0","Agent 1",1199072,25726107351118,25726107356838
"MEMORY_COPY","MEMORY_COPY_HOST_TO_DEVICE",1,"Agent 0","Agent 1",1199087,25726107466689,25726107487529
"MEMORY_COPY","MEMORY_COPY_HOST_TO_DEVICE",1,"Agent 0","Agent 1",1199103,25726107753922,25726107768242
"MEMORY_COPY","MEMORY_COPY_DEVICE_TO_HOST",4,"Agent 1","Agent 0",1199111,25726195140698,25726195194459
"MEMORY_COPY","MEMORY_COPY_HOST_TO_DEVICE",1,"Agent 0","Agent 1",1199122,25726196136109,25726196141509
"MEMORY_COPY","MEMORY_COPY_HOST_TO_DEVICE",1,"Agent 0","Agent 1",1199137,25726196237241,25726196255641
"MEMORY_COPY","MEMORY_COPY_HOST_TO_DEVICE",1,"Agent 0","Agent 1",1199153,25726196393472,25726196404832
"MEMORY_COPY","MEMORY_COPY_DEVICE_TO_HOST",4,"Agent 1","Agent 0",1199161,25726283756388,25726283802189
"MEMORY_COPY","MEMORY_COPY_HOST_TO_DEVICE",1,"Agent 0","Agent 1",1199172,25726284568418,25726284573698
"MEMORY_COPY","MEMORY_COPY_HOST_TO_DEVICE",1,"Agent 0","Agent 1",1199187,25726284666489,25726284685089
"MEMORY_COPY","MEMORY_COPY_HOST_TO_DEVICE",1,"Agent 0","Agent 1",1199203,25726284784220,25726284795140
"MEMORY_COPY","MEMORY_COPY_DEVICE_TO_HOST",4,"Agent 1","Agent 0",1199211,25726372142904,25726372201065
"MEMORY_COPY","MEMORY_COPY_HOST_TO_DEVICE",1,"Agent 0","Agent 1",1199222,25726373064295,25726373069495
"MEMORY_COPY","MEMORY_COPY_HOST_TO_DEVICE",1,"Agent 0","Agent 1",1199237,25726373170446,25726373188966
"MEMORY_COPY","MEMORY_COPY_HOST_TO_DEVICE",1,"Agent 0","Agent 1",1199253,25726373291527,25726373302847
"MEMORY_COPY","MEMORY_COPY_DEVICE_TO_HOST",4,"Agent 1","Agent 0",1199261,25726460761458,25726460806458
"MEMORY_COPY","MEMORY_COPY_HOST_TO_DEVICE",1,"Agent 0","Agent 1",1199272,25726461602777,25726461608017
"MEMORY_COPY","MEMORY_COPY_HOST_TO_DEVICE",1,"Agent 0","Agent 1",1199287,25726461701228,25726461719789
"MEMORY_COPY","MEMORY_COPY_HOST_TO_DEVICE",1,"Agent 0","Agent 1",1199303,25726461820820,25726461831780
"MEMORY_COPY","MEMORY_COPY_DEVICE_TO_HOST",4,"Agent 1","Agent 0",1199311,25726549227347,25726549272507
"MEMORY_COPY","MEMORY_COPY_HOST_TO_DEVICE",1,"Agent 0","Agent 1",1199322,25726550162617,25726550167897
"MEMORY_COPY","MEMORY_COPY_HOST_TO_DEVICE",1,"Agent 0","Agent 1",1199337,25726550263589,25726550282149
"MEMORY_COPY","MEMORY_COPY_HOST_TO_DEVICE",1,"Agent 0","Agent 1",1199353,25726550382680,25726550394160
"MEMORY_COPY","MEMORY_COPY_DEVICE_TO_HOST",4,"Agent 1","Agent 0",1199361,25726637614712,25726637665432
"MEMORY_COPY","MEMORY_COPY_HOST_TO_DEVICE",1,"Agent 0","Agent 1",1199372,25726638498981,25726638504142
"MEMORY_COPY","MEMORY_COPY_HOST_TO_DEVICE",1,"Agent 0","Agent 1",1199387,25726638601563,25726638620083
"MEMORY_COPY","MEMORY_COPY_HOST_TO_DEVICE",1,"Agent 0","Agent 1",1199403,25726638720864,25726638731784
"MEMORY_COPY","MEMORY_COPY_DEVICE_TO_HOST",4,"Agent 1","Agent 0",1199411,25726726278436,25726726322517
"MEMORY_COPY","MEMORY_COPY_HOST_TO_DEVICE",1,"Agent 0","Agent 1",1199422,25726727087385,25726727092625
"MEMORY_COPY","MEMORY_COPY_HOST_TO_DEVICE",1,"Agent 0","Agent 1",1199437,25726727188016,25726727206617
"MEMORY_COPY","MEMORY_COPY_HOST_TO_DEVICE",1,"Agent 0","Agent 1",1199453,25726727441699,25726727452819
"MEMORY_COPY","MEMORY_COPY_DEVICE_TO_HOST",4,"Agent 1","Agent 0",1199461,25726814827802,25726814880763
"MEMORY_COPY","MEMORY_COPY_HOST_TO_DEVICE",1,"Agent 0","Agent 1",1199472,25726815750082,25726815755322
"MEMORY_COPY","MEMORY_COPY_HOST_TO_DEVICE",1,"Agent 0","Agent 1",1199487,25726815846123,25726815864644
"MEMORY_COPY","MEMORY_COPY_HOST_TO_DEVICE",1,"Agent 0","Agent 1",1199503,25726815964205,25726815975125
"MEMORY_COPY","MEMORY_COPY_DEVICE_TO_HOST",4,"Agent 1","Agent 0",1199511,25726903630906,25726903690306
"MEMORY_COPY","MEMORY_COPY_HOST_TO_DEVICE",1,"Agent 0","Agent 1",1199522,25726904640827,25726904646267
"MEMORY_COPY","MEMORY_COPY_HOST_TO_DEVICE",1,"Agent 0","Agent 1",1199537,25726904758798,25726904777158
"MEMORY_COPY","MEMORY_COPY_HOST_TO_DEVICE",1,"Agent 0","Agent 1",1199553,25726904882210,25726904893810
"MEMORY_COPY","MEMORY_COPY_DEVICE_TO_HOST",4,"Agent 1","Agent 0",1199561,25726992446876,25726992500196
"MEMORY_COPY","MEMORY_COPY_HOST_TO_DEVICE",1,"Agent 0","Agent 1",1199572,25726993369126,25726993374366
"MEMORY_COPY","MEMORY_COPY_HOST_TO_DEVICE",1,"Agent 0","Agent 1",1199587,25726993482277,25726993501077
"MEMORY_COPY","MEMORY_COPY_HOST_TO_DEVICE",1,"Agent 0","Agent 1",1199603,25726993602169,25726993613129
"MEMORY_COPY","MEMORY_COPY_DEVICE_TO_HOST",4,"Agent 1","Agent 0",1199611,25727081274194,25727081320794
"MEMORY_COPY","MEMORY_COPY_HOST_TO_DEVICE",1,"Agent 0","Agent 1",1199622,25727082227584,25727082232784
"MEMORY_COPY","MEMORY_COPY_HOST_TO_DEVICE",1,"Agent 0","Agent 1",1199637,25727082328285,25727082346926
"MEMORY_COPY","MEMORY_COPY_HOST_TO_DEVICE",1,"Agent 0","Agent 1",1199653,25727082446947,25727082457827
"MEMORY_COPY","MEMORY_COPY_DEVICE_TO_HOST",4,"Agent 1","Agent 0",1199661,25727170403742,25727170449342
"MEMORY_COPY","MEMORY_COPY_HOST_TO_DEVICE",1,"Agent 0","Agent 1",1199672,25727171245001,25727171250201
"MEMORY_COPY","MEMORY_COPY_HOST_TO_DEVICE",1,"Agent 0","Agent 1",1199687,25727171342382,25727171360942
"MEMORY_COPY","MEMORY_COPY_HOST_TO_DEVICE",1,"Agent 0","Agent 1",1199703,25727171459664,25727171470544
"MEMORY_COPY","MEMORY_COPY_DEVICE_TO_HOST",4,"Agent 1","Agent 0",1199711,25727259254960,25727259300720
"MEMORY_COPY","MEMORY_COPY_HOST_TO_DEVICE",1,"Agent 0","Agent 1",1199722,25727260091389,25727260096469
"MEMORY_COPY","MEMORY_COPY_HOST_TO_DEVICE",1,"Agent 0","Agent 1",1199737,25727260195580,25727260214541
"MEMORY_COPY","MEMORY_COPY_HOST_TO_DEVICE",1,"Agent 0","Agent 1",1199753,25727260331842,25727260343762
"MEMORY_COPY","MEMORY_COPY_DEVICE_TO_HOST",4,"Agent 1","Agent 0",1199761,25727347496770,25727347556211
"MEMORY_COPY","MEMORY_COPY_HOST_TO_DEVICE",1,"Agent 0","Agent 1",1199772,25727348569452,25727348574572
"MEMORY_COPY","MEMORY_COPY_HOST_TO_DEVICE",1,"Agent 0","Agent 1",1199787,25727348666693,25727348685293
"MEMORY_COPY","MEMORY_COPY_HOST_TO_DEVICE",1,"Agent 0","Agent 1",1199803,25727348922966,25727348933886
"MEMORY_COPY","MEMORY_COPY_DEVICE_TO_HOST",4,"Agent 1","Agent 0",1199811,25727436090096,25727436144976
"MEMORY_COPY","MEMORY_COPY_HOST_TO_DEVICE",1,"Agent 0","Agent 1",1199822,25727436970336,25727436975576
"MEMORY_COPY","MEMORY_COPY_HOST_TO_DEVICE",1,"Agent 0","Agent 1",1199837,25727437072967,25727437091567
"MEMORY_COPY","MEMORY_COPY_HOST_TO_DEVICE",1,"Agent 0","Agent 1",1199853,25727437190078,25727437201078
"MEMORY_COPY","MEMORY_COPY_DEVICE_TO_HOST",4,"Agent 1","Agent 0",1199861,25727524811720,25727524863720
"MEMORY_COPY","MEMORY_COPY_HOST_TO_DEVICE",1,"Agent 0","Agent 1",1199872,25727525778381,25727525783821
"MEMORY_COPY","MEMORY_COPY_HOST_TO_DEVICE",1,"Agent 0","Agent 1",1199887,25727525889122,25727525907722
"MEMORY_COPY","MEMORY_COPY_HOST_TO_DEVICE",1,"Agent 0","Agent 1",1199903,25727526034093,25727526045894
"MEMORY_COPY","MEMORY_COPY_DEVICE_TO_HOST",4,"Agent 1","Agent 0",1199911,25727614131891,25727614193491
"MEMORY_COPY","MEMORY_COPY_HOST_TO_DEVICE",1,"Agent 0","Agent 1",1199922,25727615159322,25727615164442
"MEMORY_COPY","MEMORY_COPY_HOST_TO_DEVICE",1,"Agent 0","Agent 1",1199937,25727615261493,25727615280174
"MEMORY_COPY","MEMORY_COPY_HOST_TO_DEVICE",1,"Agent 0","Agent 1",1199953,25727615381135,25727615391855
"MEMORY_COPY","MEMORY_COPY_DEVICE_TO_HOST",4,"Agent 1","Agent 0",1199961,25727703504216,25727703555137
"MEMORY_COPY","MEMORY_COPY_HOST_TO_DEVICE",1,"Agent 0","Agent 1",1199972,25727704370896,25727704376136
"MEMORY_COPY","MEMORY_COPY_HOST_TO_DEVICE",1,"Agent 0","Agent 1",1199987,25727704469337,25727704487657
"MEMORY_COPY","MEMORY_COPY_HOST_TO_DEVICE",1,"Agent 0","Agent 1",1200003,25727704585578,25727704596298
"MEMORY_COPY","MEMORY_COPY_DEVICE_TO_HOST",4,"Agent 1","Agent 0",1200011,25727792508481,25727792568881
"MEMORY_COPY","MEMORY_COPY_HOST_TO_DEVICE",1,"Agent 0","Agent 1",1200022,25727793597253,25727793602733
"MEMORY_COPY","MEMORY_COPY_HOST_TO_DEVICE",1,"Agent 0","Agent 1",1200037,25727793769425,25727793788425
"MEMORY_COPY","MEMORY_COPY_HOST_TO_DEVICE",1,"Agent 0","Agent 1",1200053,25727793898236,25727793911116
"MEMORY_COPY","MEMORY_COPY_DEVICE_TO_HOST",4,"Agent 1","Agent 0",1200061,25727881913907,25727881966468
"MEMORY_COPY","MEMORY_COPY_HOST_TO_DEVICE",1,"Agent 0","Agent 1",1200072,25727882910228,25727882915468
"MEMORY_COPY","MEMORY_COPY_HOST_TO_DEVICE",1,"Agent 0","Agent 1",1200087,25727883024689,25727883043850
"MEMORY_COPY","MEMORY_COPY_HOST_TO_DEVICE",1,"Agent 0","Agent 1",1200103,25727883155811,25727883169571
"MEMORY_COPY","MEMORY_COPY_DEVICE_TO_HOST",4,"Agent 1","Agent 0",1200111,25727971080557,25727971130277
"MEMORY_COPY","MEMORY_COPY_HOST_TO_DEVICE",1,"Agent 0","Agent 1",1200122,25727971887466,25727971892666
"MEMORY_COPY","MEMORY_COPY_HOST_TO_DEVICE",1,"Agent 0","Agent 1",1200137,25727971985357,25727972003877
"MEMORY_COPY","MEMORY_COPY_HOST_TO_DEVICE",1,"Agent 0","Agent 1",1200153,25727972260350,25727972271150
"MEMORY_COPY","MEMORY_COPY_DEVICE_TO_HOST",4,"Agent 1","Agent 0",1200161,25728059526588,25728059607549
"MEMORY_COPY","MEMORY_COPY_HOST_TO_DEVICE",1,"Agent 0","Agent 1",1200172,25728061363818,25728061369978
"MEMORY_COPY","MEMORY_COPY_HOST_TO_DEVICE",1,"Agent 0","Agent 1",1200187,25728061531410,25728061553690
"MEMORY_COPY","MEMORY_COPY_HOST_TO_DEVICE",1,"Agent 0","Agent 1",1200203,25728061716632,25728061730472
"MEMORY_COPY","MEMORY_COPY_DEVICE_TO_HOST",4,"Agent 1","Agent 0",1200211,25728152571938,25728152652819
"MEMORY_COPY","MEMORY_COPY_HOST_TO_DEVICE",1,"Agent 0","Agent 1",1200222,25728154487580,25728154496220
"MEMORY_COPY","MEMORY_COPY_HOST_TO_DEVICE",1,"Agent 0","Agent 1",1200237,25728154636481,25728154690482
"MEMORY_COPY","MEMORY_COPY_HOST_TO_DEVICE",1,"Agent 0","Agent 1",1200253,25728154831133,25728154849174
"MEMORY_COPY","MEMORY_COPY_DEVICE_TO_HOST",4,"Agent 1","Agent 0",1200261,25728243315298,25728243375938
"MEMORY_COPY","MEMORY_COPY_HOST_TO_DEVICE",1,"Agent 0","Agent 1",1200272,25728244180487,25728244185687
"MEMORY_COPY","MEMORY_COPY_HOST_TO_DEVICE",1,"Agent 0","Agent 1",1200287,25728244347099,25728244365699
"MEMORY_COPY","MEMORY_COPY_HOST_TO_DEVICE",1,"Agent 0","Agent 1",1200303,25728244464660,25728244475661
"MEMORY_COPY","MEMORY_COPY_DEVICE_TO_HOST",4,"Agent 1","Agent 0",1200311,25728332412782,25728332474503
"MEMORY_COPY","MEMORY_COPY_HOST_TO_DEVICE",1,"Agent 0","Agent 1",1200322,25728333344893,25728333350053
"MEMORY_COPY","MEMORY_COPY_HOST_TO_DEVICE",1,"Agent 0","Agent 1",1200337,25728333449004,25728333467684
"MEMORY_COPY","MEMORY_COPY_HOST_TO_DEVICE",1,"Agent 0","Agent 1",1200353,25728333572115,25728333583075
"MEMORY_COPY","MEMORY_COPY_DEVICE_TO_HOST",4,"Agent 1","Agent 0",1200361,25728421001990,25728421051390
"MEMORY_COPY","MEMORY_COPY_HOST_TO_DEVICE",1,"Agent 0","Agent 1",1200372,25728421810330,25728421815530
"MEMORY_COPY","MEMORY_COPY_HOST_TO_DEVICE",1,"Agent 0","Agent 1",1200387,25728421925564,25728421944244
"MEMORY_COPY","MEMORY_COPY_HOST_TO_DEVICE",1,"Agent 0","Agent 1",1200403,25728422057912,25728422069752
"MEMORY_COPY","MEMORY_COPY_DEVICE_TO_HOST",4,"Agent 1","Agent 0",1200411,25728509792357,25728509837598
"MEMORY_COPY","MEMORY_COPY_HOST_TO_DEVICE",1,"Agent 0","Agent 1",1200422,25728510700237,25728510705397
"MEMORY_COPY","MEMORY_COPY_HOST_TO_DEVICE",1,"Agent 0","Agent 1",1200437,25728510798358,25728510816718
"MEMORY_COPY","MEMORY_COPY_HOST_TO_DEVICE",1,"Agent 0","Agent 1",1200453,25728510916590,25728510927430
"MEMORY_COPY","MEMORY_COPY_DEVICE_TO_HOST",4,"Agent 1","Agent 0",1200461,25728598478139,25728598526619
"MEMORY_COPY","MEMORY_COPY_HOST_TO_DEVICE",1,"Agent 0","Agent 1",1200472,25728599422179,25728599427379
"MEMORY_COPY","MEMORY_COPY_HOST_TO_DEVICE",1,"Agent 0","Agent 1",1200487,25728599526560,25728599545281
"MEMORY_COPY","MEMORY_COPY_HOST_TO_DEVICE",1,"Agent 0","Agent 1",1200503,25728599792743,25728599804623
"MEMORY_COPY","MEMORY_COPY_DEVICE_TO_HOST",4,"Agent 1","Agent 0",1200511,25728687739275,25728687793675
"MEMORY_COPY","MEMORY_COPY_HOST_TO_DEVICE",1,"Agent 0","Agent 1",1200522,25728688592383,25728688597663
"MEMORY_COPY","MEMORY_COPY_HOST_TO_DEVICE",1,"Agent 0","Agent 1",1200537,25728688694251,25728688712891
"MEMORY_COPY","MEMORY_COPY_HOST_TO_DEVICE",1,"Agent 0","Agent 1",1200553,25728688825927,25728688836847
"MEMORY_COPY","MEMORY_COPY_DEVICE_TO_HOST",4,"Agent 1","Agent 0",1200561,25728776718369,25728776776049
"MEMORY_COPY","MEMORY_COPY_HOST_TO_DEVICE",1,"Agent 0","Agent 1",1200572,25728777790371,25728777795931
"MEMORY_COPY","MEMORY_COPY_HOST_TO_DEVICE",1,"Agent 0","Agent 1",1200587,25728777904002,25728777923482
"MEMORY_COPY","MEMORY_COPY_HOST_TO_DEVICE",1,"Agent 0","Agent 1",1200603,25728778030243,25728778043764
"MEMORY_COPY","MEMORY_COPY_DEVICE_TO_HOST",4,"Agent 1","Agent 0",1200611,25728865631514,25728865712155
"MEMORY_COPY","MEMORY_COPY_HOST_TO_DEVICE",1,"Agent 0","Agent 1",1200622,25728866892208,25728866898008
"MEMORY_COPY","MEMORY_COPY_HOST_TO_DEVICE",1,"Agent 0","Agent 1",1200637,25728867018460,25728867040300
"MEMORY_COPY","MEMORY_COPY_HOST_TO_DEVICE",1,"Agent 0","Agent 1",1200653,25728867147721,25728867159921
"MEMORY_COPY","MEMORY_COPY_DEVICE_TO_HOST",4,"Agent 1","Agent 0",1200661,25728954581495,25728954635695
"MEMORY_COPY","MEMORY_COPY_HOST_TO_DEVICE",1,"Agent 0","Agent 1",1200672,25728955541212,25728955546332
"MEMORY_COPY","MEMORY_COPY_HOST_TO_DEVICE",1,"Agent 0","Agent 1",1200687,25728955644023,25728955662863
"MEMORY_COPY","MEMORY_COPY_HOST_TO_DEVICE",1,"Agent 0","Agent 1",1200703,25728955778333,25728955789613
"MEMORY_COPY","MEMORY_COPY_DEVICE_TO_HOST",4,"Agent 1","Agent 0",1200711,25729043416055,25729043489695
"MEMORY_COPY","MEMORY_COPY_HOST_TO_DEVICE",1,"Agent 0","Agent 1",1200722,25729044747669,25729044752950
"MEMORY_COPY","MEMORY_COPY_HOST_TO_DEVICE",1,"Agent 0","Agent 1",1200737,25729044856421,25729044875861
"MEMORY_COPY","MEMORY_COPY_HOST_TO_DEVICE",1,"Agent 0","Agent 1",1200753,25729044991302,25729045004662
"MEMORY_COPY","MEMORY_COPY_DEVICE_TO_HOST",4,"Agent 1","Agent 0",1200761,25729132441252,25729132513292
"MEMORY_COPY","MEMORY_COPY_HOST_TO_DEVICE",1,"Agent 0","Agent 1",1200772,25729133591024,25729133596424
"MEMORY_COPY","MEMORY_COPY_HOST_TO_DEVICE",1,"Agent 0","Agent 1",1200787,25729133701106,25729133720026
"MEMORY_COPY","MEMORY_COPY_HOST_TO_DEVICE",1,"Agent 0","Agent 1",1200803,25729133825387,25729133837467
"MEMORY_COPY","MEMORY_COPY_DEVICE_TO_HOST",4,"Agent 1","Agent 0",1200811,25729223615741,25729223670261
"MEMORY_COPY","MEMORY_COPY_HOST_TO_DEVICE",1,"Agent 0","Agent 1",1200822,25729224553296,25729224558696
"MEMORY_COPY","MEMORY_COPY_HOST_TO_DEVICE",1,"Agent 0","Agent 1",1200837,25729224662219,25729224681659
"MEMORY_COPY","MEMORY_COPY_HOST_TO_DEVICE",1,"Agent 0","Agent 1",1200853,25729224939741,25729224951461
"MEMORY_COPY","MEMORY_COPY_DEVICE_TO_HOST",4,"Agent 1","Agent 0",1200861,25729312732664,25729312791265
"MEMORY_COPY","MEMORY_COPY_HOST_TO_DEVICE",1,"Agent 0","Agent 1",1200872,25729313986038,25729313992798
"MEMORY_COPY","MEMORY_COPY_HOST_TO_DEVICE",1,"Agent 0","Agent 1",1200887,25729314112959,25729314133080
"MEMORY_COPY","MEMORY_COPY_HOST_TO_DEVICE",1,"Agent 0","Agent 1",1200903,25729314257031,25729314271471
"MEMORY_COPY","MEMORY_COPY_DEVICE_TO_HOST",4,"Agent 1","Agent 0",1200911,25729402372353,25729402424673
"MEMORY_COPY","MEMORY_COPY_HOST_TO_DEVICE",1,"Agent 0","Agent 1",1200922,25729403165932,25729403171052
"MEMORY_COPY","MEMORY_COPY_HOST_TO_DEVICE",1,"Agent 0","Agent 1",1200937,25729403309843,25729403328923
"MEMORY_COPY","MEMORY_COPY_HOST_TO_DEVICE",1,"Agent 0","Agent 1",1200953,25729403427374,25729403438295
"MEMORY_COPY","MEMORY_COPY_DEVICE_TO_HOST",4,"Agent 1","Agent 0",1200961,25729490713012,25729490757492
"MEMORY_COPY","MEMORY_COPY_HOST_TO_DEVICE",1,"Agent 0","Agent 1",1200972,25729491571626,25729491576866
"MEMORY_COPY","MEMORY_COPY_HOST_TO_DEVICE",1,"Agent 0","Agent 1",1200987,25729491669367,25729491687967
"MEMORY_COPY","MEMORY_COPY_HOST_TO_DEVICE",1,"Agent 0","Agent 1",1201003,25729491787476,25729491798797
"MEMORY_COPY","MEMORY_COPY_DEVICE_TO_HOST",4,"Agent 1","Agent 0",1201011,25729579583996,25729579640596
"MEMORY_COPY","MEMORY_COPY_HOST_TO_DEVICE",1,"Agent 0","Agent 1",1201022,25729580625737,25729580630937
"MEMORY_COPY","MEMORY_COPY_HOST_TO_DEVICE",1,"Agent 0","Agent 1",1201037,25729580724488,25729580743049
"MEMORY_COPY","MEMORY_COPY_HOST_TO_DEVICE",1,"Agent 0","Agent 1",1201053,25729580842280,25729580853080
"MEMORY_COPY","MEMORY_COPY_DEVICE_TO_HOST",4,"Agent 1","Agent 0",1201061,25729668189340,25729668241140
"MEMORY_COPY","MEMORY_COPY_HOST_TO_DEVICE",1,"Agent 0","Agent 1",1201072,25729668934108,25729668939268
"MEMORY_COPY","MEMORY_COPY_HOST_TO_DEVICE",1,"Agent 0","Agent 1",1201087,25729669036959,25729669055439
"MEMORY_COPY","MEMORY_COPY_HOST_TO_DEVICE",1,"Agent 0","Agent 1",1201103,25729669165870,25729669177231
"MEMORY_COPY","MEMORY_COPY_DEVICE_TO_HOST",4,"Agent 1","Agent 0",1201111,25729756683768,25729756740208
"MEMORY_COPY","MEMORY_COPY_HOST_TO_DEVICE",1,"Agent 0","Agent 1",1201122,25729757577586,25729757582746
"MEMORY_COPY","MEMORY_COPY_HOST_TO_DEVICE",1,"Agent 0","Agent 1",1201137,25729757675757,25729757694478
"MEMORY_COPY","MEMORY_COPY_HOST_TO_DEVICE",1,"Agent 0","Agent 1",1201153,25729757793447,25729757804247
"MEMORY_COPY","MEMORY_COPY_DEVICE_TO_HOST",4,"Agent 1","Agent 0",1201161,25729845334394,25729845382874
"MEMORY_COPY","MEMORY_COPY_HOST_TO_DEVICE",1,"Agent 0","Agent 1",1201172,25729846216083,25729846221204
"MEMORY_COPY","MEMORY_COPY_HOST_TO_DEVICE",1,"Agent 0","Agent 1",1201187,25729846331845,25729846350405
"MEMORY_COPY","MEMORY_COPY_HOST_TO_DEVICE",1,"Agent 0","Agent 1",1201203,25729846587108,25729846597948
"MEMORY_COPY","MEMORY_COPY_DEVICE_TO_HOST",4,"Agent 1","Agent 0",1201211,25729933857369,25729933909489
"MEMORY_COPY","MEMORY_COPY_HOST_TO_DEVICE",1,"Agent 0","Agent 1",1201222,25729934692148,25729934697348
"MEMORY_COPY","MEMORY_COPY_HOST_TO_DEVICE",1,"Agent 0","Agent 1",1201237,25729934792869,25729934811430
"MEMORY_COPY","MEMORY_COPY_HOST_TO_DEVICE",1,"Agent 0","Agent 1",1201253,25729934911311,25729934922191
"MEMORY_COPY","MEMORY_COPY_DEVICE_TO_HOST",4,"Agent 1","Agent 0",1201261,25730022538521,25730022594801
"MEMORY_COPY","MEMORY_COPY_HOST_TO_DEVICE",1,"Agent 0","Agent 1",1201272,25730023621769,25730023627129
"MEMORY_COPY","MEMORY_COPY_HOST_TO_DEVICE",1,"Agent 0","Agent 1",1201287,25730023725090,25730023743570
"MEMORY_COPY","MEMORY_COPY_HOST_TO_DEVICE",1,"Agent 0","Agent 1",1201303,25730023845706,25730023857226
"MEMORY_COPY","MEMORY_COPY_DEVICE_TO_HOST",4,"Agent 1","Agent 0",1201311,25730111305737,25730111351977
"MEMORY_COPY","MEMORY_COPY_HOST_TO_DEVICE",1,"Agent 0","Agent 1",1201322,25730112132536,25730112137896
"MEMORY_COPY","MEMORY_COPY_HOST_TO_DEVICE",1,"Agent 0","Agent 1",1201337,25730112234037,25730112252597
"MEMORY_COPY","MEMORY_COPY_HOST_TO_DEVICE",1,"Agent 0","Agent 1",1201353,25730112362919,25730112373999
"MEMORY_COPY","MEMORY_COPY_DEVICE_TO_HOST",4,"Agent 1","Agent 0",1201361,25730199828030,25730199873871
"MEMORY_COPY","MEMORY_COPY_HOST_TO_DEVICE",1,"Agent 0","Agent 1",1201372,25730200645089,25730200650209
"MEMORY_COPY","MEMORY_COPY_HOST_TO_DEVICE",1,"Agent 0","Agent 1",1201387,25730200751551,25730200770191
"MEMORY_COPY","MEMORY_COPY_HOST_TO_DEVICE",1,"Agent 0","Agent 1",1201403,25730200963733,25730200974653
"MEMORY_COPY","MEMORY_COPY_DEVICE_TO_HOST",4,"Agent 1","Agent 0",1201411,25730288467755,25730288529275
"MEMORY_COPY","MEMORY_COPY_HOST_TO_DEVICE",1,"Agent 0","Agent 1",1201422,25730289416628,25730289421828
"MEMORY_COPY","MEMORY_COPY_HOST_TO_DEVICE",1,"Agent 0","Agent 1",1201437,25730289520260,25730289538900
"MEMORY_COPY","MEMORY_COPY_HOST_TO_DEVICE",1,"Agent 0","Agent 1",1201453,25730289644132,25730289655652
"MEMORY_COPY","MEMORY_COPY_DEVICE_TO_HOST",4,"Agent 1","Agent 0",1201461,25730377143497,25730377188538
"MEMORY_COPY","MEMORY_COPY_HOST_TO_DEVICE",1,"Agent 0","Agent 1",1201472,25730377969387,25730377974547
"MEMORY_COPY","MEMORY_COPY_HOST_TO_DEVICE",1,"Agent 0","Agent 1",1201487,25730378069938,25730378088498
"MEMORY_COPY","MEMORY_COPY_HOST_TO_DEVICE",1,"Agent 0","Agent 1",1201503,25730378201979,25730378212899
"MEMORY_COPY","MEMORY_COPY_DEVICE_TO_HOST",4,"Agent 1","Agent 0",1201511,25730465658411,25730465705332
"MEMORY_COPY","MEMORY_COPY_HOST_TO_DEVICE",1,"Agent 0","Agent 1",1201522,25730466679743,25730466685023
"MEMORY_COPY","MEMORY_COPY_HOST_TO_DEVICE",1,"Agent 0","Agent 1",1201537,25730466782144,25730466801464
"MEMORY_COPY","MEMORY_COPY_HOST_TO_DEVICE",1,"Agent 0","Agent 1",1201553,25730467087427,25730467098468
"MEMORY_COPY","MEMORY_COPY_DEVICE_TO_HOST",4,"Agent 1","Agent 0",1201561,25730554575096,25730554630976
"MEMORY_COPY","MEMORY_COPY_HOST_TO_DEVICE",1,"Agent 0","Agent 1",1201572,25730555497159,25730555502199
"MEMORY_COPY","MEMORY_COPY_HOST_TO_DEVICE",1,"Agent 0","Agent 1",1201587,25730555604519,25730555623199
"MEMORY_COPY","MEMORY_COPY_HOST_TO_DEVICE",1,"Agent 0","Agent 1",1201603,25730555731527,25730555743527
"MEMORY_COPY","MEMORY_COPY_DEVICE_TO_HOST",4,"Agent 1","Agent 0",1201611,25730643322261,25730643398902
"MEMORY_COPY","MEMORY_COPY_HOST_TO_DEVICE",1,"Agent 0","Agent 1",1201622,25730644263252,25730644268972
"MEMORY_COPY","MEMORY_COPY_HOST_TO_DEVICE",1,"Agent 0","Agent 1",1201637,25730644367433,25730644386153
"MEMORY_COPY","MEMORY_COPY_HOST_TO_DEVICE",1,"Agent 0","Agent 1",1201653,25730644483944,25730644495784
"MEMORY_COPY","MEMORY_COPY_DEVICE_TO_HOST",4,"Agent 1","Agent 0",1201661,25730737172941,25730737267182
"MEMORY_COPY","MEMORY_COPY_HOST_TO_DEVICE",1,"Agent 0","Agent 1",1201672,25730739569637,25730739576278
"MEMORY_COPY","MEMORY_COPY_HOST_TO_DEVICE",1,"Agent 0","Agent 1",1201687,25730739691549,25730739718789
"MEMORY_COPY","MEMORY_COPY_HOST_TO_DEVICE",1,"Agent 0","Agent 1",1201703,25730739834100,25730739848261
"MEMORY_COPY","MEMORY_COPY_DEVICE_TO_HOST",4,"Agent 1","Agent 0",1201711,25730834386457,25730834446017
"MEMORY_COPY","MEMORY_COPY_HOST_TO_DEVICE",1,"Agent 0","Agent 1",1201722,25730835554310,25730835559510
"MEMORY_COPY","MEMORY_COPY_HOST_TO_DEVICE",1,"Agent 0","Agent 1",1201737,25730835657951,25730835678191
"MEMORY_COPY","MEMORY_COPY_HOST_TO_DEVICE",1,"Agent 0","Agent 1",1201753,25730835779602,25730835790882
"MEMORY_COPY","MEMORY_COPY_DEVICE_TO_HOST",4,"Agent 1","Agent 0",1201761,25730926554264,25730926607704
"MEMORY_COPY","MEMORY_COPY_HOST_TO_DEVICE",1,"Agent 0","Agent 1",1201772,25730927435764,25730927441004
"MEMORY_COPY","MEMORY_COPY_HOST_TO_DEVICE",1,"Agent 0","Agent 1",1201787,25730927532355,25730927550995
"MEMORY_COPY","MEMORY_COPY_HOST_TO_DEVICE",1,"Agent 0","Agent 1",1201803,25730927649706,25730927660466
"MEMORY_COPY","MEMORY_COPY_DEVICE_TO_HOST",4,"Agent 1","Agent 0",1201811,25731014990373,25731015055893
"MEMORY_COPY","MEMORY_COPY_HOST_TO_DEVICE",1,"Agent 0","Agent 1",1201822,25731016050755,25731016056035
"MEMORY_COPY","MEMORY_COPY_HOST_TO_DEVICE",1,"Agent 0","Agent 1",1201837,25731016146236,25731016164756
"MEMORY_COPY","MEMORY_COPY_HOST_TO_DEVICE",1,"Agent 0","Agent 1",1201853,25731016260047,25731016270807
"MEMORY_COPY","MEMORY_COPY_DEVICE_TO_HOST",4,"Agent 1","Agent 0",1201861,25731104035352,25731104112033
"MEMORY_COPY","MEMORY_COPY_HOST_TO_DEVICE",1,"Agent 0","Agent 1",1201872,25731105048053,25731105053373
"MEMORY_COPY","MEMORY_COPY_HOST_TO_DEVICE",1,"Agent 0","Agent 1",1201887,25731105150874,25731105169955
"MEMORY_COPY","MEMORY_COPY_HOST_TO_DEVICE",1,"Agent 0","Agent 1",1201903,25731105406687,25731105418487
"MEMORY_COPY","MEMORY_COPY_DEVICE_TO_HOST",4,"Agent 1","Agent 0",1201911,25731193259332,25731193304893
"MEMORY_COPY","MEMORY_COPY_HOST_TO_DEVICE",1,"Agent 0","Agent 1",1201922,25731194033831,25731194039311
"MEMORY_COPY","MEMORY_COPY_HOST_TO_DEVICE",1,"Agent 0","Agent 1",1201937,25731194139587,25731194158227
"MEMORY_COPY","MEMORY_COPY_HOST_TO_DEVICE",1,"Agent 0","Agent 1",1201953,25731194257707,25731194269107
"MEMORY_COPY","MEMORY_COPY_DEVICE_TO_HOST",4,"Agent 1","Agent 0",1201961,25731282103359,25731282156720
"MEMORY_COPY","MEMORY_COPY_HOST_TO_DEVICE",1,"Agent 0","Agent 1",1201972,25731283158641,25731283163961
"MEMORY_COPY","MEMORY_COPY_HOST_TO_DEVICE",1,"Agent 0","Agent 1",1201987,25731283267432,25731283286032
"MEMORY_COPY","MEMORY_COPY_HOST_TO_DEVICE",1,"Agent 0","Agent 1",1202003,25731283383793,25731283394833
"MEMORY_COPY","MEMORY_COPY_DEVICE_TO_HOST",4,"Agent 1","Agent 0",1202011,25731371109758,25731371157718
"MEMORY_COPY","MEMORY_COPY_HOST_TO_DEVICE",1,"Agent 0","Agent 1",1202022,25731371972053,25731371977213
"MEMORY_COPY","MEMORY_COPY_HOST_TO_DEVICE",1,"Agent 0","Agent 1",1202037,25731372082187,25731372100667
"MEMORY_COPY","MEMORY_COPY_HOST_TO_DEVICE",1,"Agent 0","Agent 1",1202053,25731372199115,25731372209995
"MEMORY_COPY","MEMORY_COPY_DEVICE_TO_HOST",4,"Agent 1","Agent 0",1202061,25731460139901,25731460216782
"MEMORY_COPY","MEMORY_COPY_HOST_TO_DEVICE",1,"Agent 0","Agent 1",1202072,25731461324384,25731461329624
"MEMORY_COPY","MEMORY_COPY_HOST_TO_DEVICE",1,"Agent 0","Agent 1",1202087,25731461432215,25731461451335
"MEMORY_COPY","MEMORY_COPY_HOST_TO_DEVICE",1,"Agent 0","Agent 1",1202103,25731461555847,25731461568007
"MEMORY_COPY","MEMORY_COPY_DEVICE_TO_HOST",4,"Agent 1","Agent 0",1202111,25731549233208,25731549291648
"MEMORY_COPY","MEMORY_COPY_HOST_TO_DEVICE",1,"Agent 0","Agent 1",1202122,25731550370080,25731550375320
"MEMORY_COPY","MEMORY_COPY_HOST_TO_DEVICE",1,"Agent 0","Agent 1",1202137,25731550472961,25731550493202
"MEMORY_COPY","MEMORY_COPY_HOST_TO_DEVICE",1,"Agent 0","Agent 1",1202153,25731550617973,25731550629013
"MEMORY_COPY","MEMORY_COPY_DEVICE_TO_HOST",4,"Agent 1","Agent 0",1202161,25731638754992,25731638811272
"MEMORY_COPY","MEMORY_COPY_HOST_TO_DEVICE",1,"Agent 0","Agent 1",1202172,25731639735293,25731639740613
"MEMORY_COPY","MEMORY_COPY_HOST_TO_DEVICE",1,"Agent 0","Agent 1",1202187,25731639842944,25731639862664
"MEMORY_COPY","MEMORY_COPY_HOST_TO_DEVICE",1,"Agent 0","Agent 1",1202203,25731639982225,25731639996146
"MEMORY_COPY","MEMORY_COPY_DEVICE_TO_HOST",4,"Agent 1","Agent 0",1202211,25731728142217,25731728195298
"MEMORY_COPY","MEMORY_COPY_HOST_TO_DEVICE",1,"Agent 0","Agent 1",1202222,25731729046737,25731729051857
"MEMORY_COPY","MEMORY_COPY_HOST_TO_DEVICE",1,"Agent 0","Agent 1",1202237,25731729147648,25731729165969
"MEMORY_COPY","MEMORY_COPY_HOST_TO_DEVICE",1,"Agent 0","Agent 1",1202253,25731729413131,25731729424012
"MEMORY_COPY","MEMORY_COPY_DEVICE_TO_HOST",4,"Agent 1","Agent 0",1202261,25731816655835,25731816705636
"MEMORY_COPY","MEMORY_COPY_HOST_TO_DEVICE",1,"Agent 0","Agent 1",1202272,25731817706807,25731817711887
"MEMORY_COPY","MEMORY_COPY_HOST_TO_DEVICE",1,"Agent 0","Agent 1",1202287,25731817855811,25731817874371
"MEMORY_COPY","MEMORY_COPY_HOST_TO_DEVICE",1,"Agent 0","Agent 1",1202303,25731817985171,25731817995931
"MEMORY_COPY","MEMORY_COPY_DEVICE_TO_HOST",4,"Agent 1","Agent 0",1202311,25731905399818,25731905464859
"MEMORY_COPY","MEMORY_COPY_HOST_TO_DEVICE",1,"Agent 0","Agent 1",1202322,25731906409539,25731906414699
"MEMORY_COPY","MEMORY_COPY_HOST_TO_DEVICE",1,"Agent 0","Agent 1",1202337,25731906512451,25731906531251
"MEMORY_COPY","MEMORY_COPY_HOST_TO_DEVICE",1,"Agent 0","Agent 1",1202353,25731906631672,25731906643312
"MEMORY_COPY","MEMORY_COPY_DEVICE_TO_HOST",4,"Agent 1","Agent 0",1202361,25731994121587,25731994165388
"MEMORY_COPY","MEMORY_COPY_HOST_TO_DEVICE",1,"Agent 0","Agent 1",1202372,25731994952427,25731994957707
"MEMORY_COPY","MEMORY_COPY_HOST_TO_DEVICE",1,"Agent 0","Agent 1",1202387,25731995057458,25731995075938
"MEMORY_COPY","MEMORY_COPY_HOST_TO_DEVICE",1,"Agent 0","Agent 1",1202403,25731995175109,25731995185989
"MEMORY_COPY","MEMORY_COPY_DEVICE_TO_HOST",4,"Agent 1","Agent 0",1202411,25732082868855,25732082912175
"MEMORY_COPY","MEMORY_COPY_HOST_TO_DEVICE",1,"Agent 0","Agent 1",1202422,25732083822026,25732083827146
"MEMORY_COPY","MEMORY_COPY_HOST_TO_DEVICE",1,"Agent 0","Agent 1",1202437,25732083922677,25732083942797
"MEMORY_COPY","MEMORY_COPY_HOST_TO_DEVICE",1,"Agent 0","Agent 1",1202453,25732084049538,25732084061818
"MEMORY_COPY","MEMORY_COPY_DEVICE_TO_HOST",4,"Agent 1","Agent 0",1202461,25732171501271,25732171551431
"MEMORY_COPY","MEMORY_COPY_HOST_TO_DEVICE",1,"Agent 0","Agent 1",1202472,25732172482232,25732172487552
"MEMORY_COPY","MEMORY_COPY_HOST_TO_DEVICE",1,"Agent 0","Agent 1",1202487,25732172582953,25732172601393
"MEMORY_COPY","MEMORY_COPY_HOST_TO_DEVICE",1,"Agent 0","Agent 1",1202503,25732172702844,25732172715444
"MEMORY_COPY","MEMORY_COPY_DEVICE_TO_HOST",4,"Agent 1","Agent 0",1202511,25732260350675,25732260395916
"MEMORY_COPY","MEMORY_COPY_HOST_TO_DEVICE",1,"Agent 0","Agent 1",1202522,25732261130774,25732261136014
"MEMORY_COPY","MEMORY_COPY_HOST_TO_DEVICE",1,"Agent 0","Agent 1",1202537,25732261230205,25732261248725
"MEMORY_COPY","MEMORY_COPY_HOST_TO_DEVICE",1,"Agent 0","Agent 1",1202553,25732261348817,25732261360257
"MEMORY_COPY","MEMORY_COPY_DEVICE_TO_HOST",4,"Agent 1","Agent 0",1202561,25732348807525,25732348861646
"MEMORY_COPY","MEMORY_COPY_HOST_TO_DEVICE",1,"Agent 0","Agent 1",1202572,25732349985788,25732349992029
"MEMORY_COPY","MEMORY_COPY_HOST_TO_DEVICE",1,"Agent 0","Agent 1",1202587,25732350121540,25732350141500
"MEMORY_COPY","MEMORY_COPY_HOST_TO_DEVICE",1,"Agent 0","Agent 1",1202603,25732350384073,25732350397793
"MEMORY_COPY","MEMORY_COPY_DEVICE_TO_HOST",4,"Agent 1","Agent 0",1202611,25732439736572,25732439793012
"MEMORY_COPY","MEMORY_COPY_HOST_TO_DEVICE",1,"Agent 0","Agent 1",1202622,25732440774153,25732440779273
"MEMORY_COPY","MEMORY_COPY_HOST_TO_DEVICE",1,"Agent 0","Agent 1",1202637,25732440903255,25732440922975
"MEMORY_COPY","MEMORY_COPY_HOST_TO_DEVICE",1,"Agent 0","Agent 1",1202653,25732441045575,25732441059576
"MEMORY_COPY","MEMORY_COPY_DEVICE_TO_HOST",4,"Agent 1","Agent 0",1202661,25732529127238,25732529181798
"MEMORY_COPY","MEMORY_COPY_HOST_TO_DEVICE",1,"Agent 0","Agent 1",1202672,25732530071938,25732530077218
"MEMORY_COPY","MEMORY_COPY_HOST_TO_DEVICE",1,"Agent 0","Agent 1",1202687,25732530173802,25732530192323
"MEMORY_COPY","MEMORY_COPY_HOST_TO_DEVICE",1,"Agent 0","Agent 1",1202703,25732530291864,25732530303904
"MEMORY_COPY","MEMORY_COPY_DEVICE_TO_HOST",4,"Agent 1","Agent 0",1202711,25732618454915,25732618503755
"MEMORY_COPY","MEMORY_COPY_HOST_TO_DEVICE",1,"Agent 0","Agent 1",1202722,25732619588940,25732619594260
"MEMORY_COPY","MEMORY_COPY_HOST_TO_DEVICE",1,"Agent 0","Agent 1",1202737,25732619692748,25732619709429
"MEMORY_COPY","MEMORY_COPY_HOST_TO_DEVICE",1,"Agent 0","Agent 1",1202753,25732619815562,25732619827042
"MEMORY_COPY","MEMORY_COPY_DEVICE_TO_HOST",4,"Agent 1","Agent 0",1202761,25732707832501,25732707884021
"MEMORY_COPY","MEMORY_COPY_HOST_TO_DEVICE",1,"Agent 0","Agent 1",1202772,25732708908713,25732708914033
"MEMORY_COPY","MEMORY_COPY_HOST_TO_DEVICE",1,"Agent 0","Agent 1",1202787,25732709025324,25732709044164
"MEMORY_COPY","MEMORY_COPY_HOST_TO_DEVICE",1,"Agent 0","Agent 1",1202803,25732709142545,25732709153345
"MEMORY_COPY","MEMORY_COPY_DEVICE_TO_HOST",4,"Agent 1","Agent 0",1202811,25732796799854,25732796862135
"MEMORY_COPY","MEMORY_COPY_HOST_TO_DEVICE",1,"Agent 0","Agent 1",1202822,25732797809256,25732797814576
"MEMORY_COPY","MEMORY_COPY_HOST_TO_DEVICE",1,"Agent 0","Agent 1",1202837,25732797911767,25732797930687
"MEMORY_COPY","MEMORY_COPY_HOST_TO_DEVICE",1,"Agent 0","Agent 1",1202853,25732798047628,25732798059268
"MEMORY_COPY","MEMORY_COPY_DEVICE_TO_HOST",4,"Agent 1","Agent 0",1202861,25732885613422,25732885660383
"MEMORY_COPY","MEMORY_COPY_HOST_TO_DEVICE",1,"Agent 0","Agent 1",1202872,25732886581972,25732886587572
"MEMORY_COPY","MEMORY_COPY_HOST_TO_DEVICE",1,"Agent 0","Agent 1",1202887,25732886712629,25732886733910
"MEMORY_COPY","MEMORY_COPY_HOST_TO_DEVICE",1,"Agent 0","Agent 1",1202903,25732886862593,25732886877713
"MEMORY_COPY","MEMORY_COPY_DEVICE_TO_HOST",4,"Agent 1","Agent 0",1202911,25732975126884,25732975178684
"MEMORY_COPY","MEMORY_COPY_HOST_TO_DEVICE",1,"Agent 0","Agent 1",1202922,25732976306997,25732976313117
"MEMORY_COPY","MEMORY_COPY_HOST_TO_DEVICE",1,"Agent 0","Agent 1",1202937,25732976449409,25732976472049
"MEMORY_COPY","MEMORY_COPY_HOST_TO_DEVICE",1,"Agent 0","Agent 1",1202953,25732976769082,25732976784122
"MEMORY_COPY","MEMORY_COPY_DEVICE_TO_HOST",4,"Agent 1","Agent 0",1202961,25733064615088,25733064684329
"MEMORY_COPY","MEMORY_COPY_HOST_TO_DEVICE",1,"Agent 0","Agent 1",1202972,25733065992964,25733065998884
"MEMORY_COPY","MEMORY_COPY_HOST_TO_DEVICE",1,"Agent 0","Agent 1",1202987,25733066140065,25733066162386
"MEMORY_COPY","MEMORY_COPY_HOST_TO_DEVICE",1,"Agent 0","Agent 1",1203003,25733066271257,25733066284177
"MEMORY_COPY","MEMORY_COPY_DEVICE_TO_HOST",4,"Agent 1","Agent 0",1203011,25733154237263,25733154314424
"MEMORY_COPY","MEMORY_COPY_HOST_TO_DEVICE",1,"Agent 0","Agent 1",1203022,25733155568078,25733155574038
"MEMORY_COPY","MEMORY_COPY_HOST_TO_DEVICE",1,"Agent 0","Agent 1",1203037,25733155684709,25733155701430
"MEMORY_COPY","MEMORY_COPY_HOST_TO_DEVICE",1,"Agent 0","Agent 1",1203053,25733155806831,25733155818471
"MEMORY_COPY","MEMORY_COPY_DEVICE_TO_HOST",4,"Agent 1","Agent 0",1203061,25733243545172,25733243615573
"MEMORY_COPY","MEMORY_COPY_HOST_TO_DEVICE",1,"Agent 0","Agent 1",1203072,25733244778436,25733244783796
"MEMORY_COPY","MEMORY_COPY_HOST_TO_DEVICE",1,"Agent 0","Agent 1",1203087,25733244889067,25733244908427
"MEMORY_COPY","MEMORY_COPY_HOST_TO_DEVICE",1,"Agent 0","Agent 1",1203103,25733245028409,25733245040129
"MEMORY_COPY","MEMORY_COPY_DEVICE_TO_HOST",4,"Agent 1","Agent 0",1203111,25733332801214,25733332858255
"MEMORY_COPY","MEMORY_COPY_HOST_TO_DEVICE",1,"Agent 0","Agent 1",1203122,25733333899942,25733333905022
"MEMORY_COPY","MEMORY_COPY_HOST_TO_DEVICE",1,"Agent 0","Agent 1",1203137,25733334029518,25733334047878
"MEMORY_COPY","MEMORY_COPY_HOST_TO_DEVICE",1,"Agent 0","Agent 1",1203153,25733334161909,25733334175350
"MEMORY_COPY","MEMORY_COPY_DEVICE_TO_HOST",4,"Agent 1","Agent 0",1203161,25733422124906,25733422185146
"MEMORY_COPY","MEMORY_COPY_HOST_TO_DEVICE",1,"Agent 0","Agent 1",1203172,25733423260108,25733423265988
"MEMORY_COPY","MEMORY_COPY_HOST_TO_DEVICE",1,"Agent 0","Agent 1",1203187,25733423384170,25733423406970
"MEMORY_COPY","MEMORY_COPY_HOST_TO_DEVICE",1,"Agent 0","Agent 1",1203203,25733423514391,25733423526351
"MEMORY_COPY","MEMORY_COPY_DEVICE_TO_HOST",4,"Agent 1","Agent 0",1203211,25733511657884,25733511725844
"MEMORY_COPY","MEMORY_COPY_HOST_TO_DEVICE",1,"Agent 0","Agent 1",1203222,25733512804786,25733512810266
"MEMORY_COPY","MEMORY_COPY_HOST_TO_DEVICE",1,"Agent 0","Agent 1",1203237,25733512911918,25733512931398
"MEMORY_COPY","MEMORY_COPY_HOST_TO_DEVICE",1,"Agent 0","Agent 1",1203253,25733513046449,25733513057929
"MEMORY_COPY","MEMORY_COPY_DEVICE_TO_HOST",4,"Agent 1","Agent 0",1203261,25733601314708,25733601399149
"MEMORY_COPY","MEMORY_COPY_HOST_TO_DEVICE",1,"Agent 0","Agent 1",1203272,25733602598312,25733602604032
"MEMORY_COPY","MEMORY_COPY_HOST_TO_DEVICE",1,"Agent 0","Agent 1",1203287,25733602721024,25733602741224
"MEMORY_COPY","MEMORY_COPY_HOST_TO_DEVICE",1,"Agent 0","Agent 1",1203303,25733602995877,25733603012717
"MEMORY_COPY","MEMORY_COPY_DEVICE_TO_HOST",4,"Agent 1","Agent 0",1203311,25733691809263,25733691888024
"MEMORY_COPY","MEMORY_COPY_HOST_TO_DEVICE",1,"Agent 0","Agent 1",1203322,25733692999956,25733693009676
"MEMORY_COPY","MEMORY_COPY_HOST_TO_DEVICE",1,"Agent 0","Agent 1",1203337,25733693119798,25733693138438
"MEMORY_COPY","MEMORY_COPY_HOST_TO_DEVICE",1,"Agent 0","Agent 1",1203353,25733693244619,25733693258179
"MEMORY_COPY","MEMORY_COPY_DEVICE_TO_HOST",4,"Agent 1","Agent 0",1203361,25733783610305,25733783704426
"MEMORY_COPY","MEMORY_COPY_HOST_TO_DEVICE",1,"Agent 0","Agent 1",1203372,25733785745369,25733785751689
"MEMORY_COPY","MEMORY_COPY_HOST_TO_DEVICE",1,"Agent 0","Agent 1",1203387,25733786642219,25733786681699
"MEMORY_COPY","MEMORY_COPY_HOST_TO_DEVICE",1,"Agent 0","Agent 1",1203403,25733786823841,25733786843961
"MEMORY_COPY","MEMORY_COPY_DEVICE_TO_HOST",4,"Agent 1","Agent 0",1203411,25733879333219,25733879408420
"MEMORY_COPY","MEMORY_COPY_HOST_TO_DEVICE",1,"Agent 0","Agent 1",1203422,25733880590993,25733880596433
"MEMORY_COPY","MEMORY_COPY_HOST_TO_DEVICE",1,"Agent 0","Agent 1",1203437,25733880704804,25733880725124
"MEMORY_COPY","MEMORY_COPY_HOST_TO_DEVICE",1,"Agent 0","Agent 1",1203453,25733880833096,25733880847216
"MEMORY_COPY","MEMORY_COPY_DEVICE_TO_HOST",4,"Agent 1","Agent 0",1203461,25733983666250,25733983748251
"MEMORY_COPY","MEMORY_COPY_HOST_TO_DEVICE",1,"Agent 0","Agent 1",1203472,25733985124487,25733985131007
"MEMORY_COPY","MEMORY_COPY_HOST_TO_DEVICE",1,"Agent 0","Agent 1",1203487,25733985306435,25733985326115
"MEMORY_COPY","MEMORY_COPY_HOST_TO_DEVICE",1,"Agent 0","Agent 1",1203503,25733985464867,25733985479307
"MEMORY_COPY","MEMORY_COPY_DEVICE_TO_HOST",4,"Agent 1","Agent 0",1203511,25734073703480,25734073773201
"MEMORY_COPY","MEMORY_COPY_HOST_TO_DEVICE",1,"Agent 0","Agent 1",1203522,25734074984325,25734074990085
"MEMORY_COPY","MEMORY_COPY_HOST_TO_DEVICE",1,"Agent 0","Agent 1",1203537,25734075132116,25734075155436
"MEMORY_COPY","MEMORY_COPY_HOST_TO_DEVICE",1,"Agent 0","Agent 1",1203553,25734075278708,25734075291388
"MEMORY_COPY","MEMORY_COPY_DEVICE_TO_HOST",4,"Agent 1","Agent 0",1203561,25734164844490,25734164935811
"MEMORY_COPY","MEMORY_COPY_HOST_TO_DEVICE",1,"Agent 0","Agent 1",1203572,25734166652530,25734166657850
"MEMORY_COPY","MEMORY_COPY_HOST_TO_DEVICE",1,"Agent 0","Agent 1",1203587,25734166806802,25734166827562
"MEMORY_COPY","MEMORY_COPY_HOST_TO_DEVICE",1,"Agent 0","Agent 1",1203603,25734166980483,25734166996364
"MEMORY_COPY","MEMORY_COPY_DEVICE_TO_HOST",4,"Agent 1","Agent 0",1203611,25734255415383,25734255481423
"MEMORY_COPY","MEMORY_COPY_HOST_TO_DEVICE",1,"Agent 0","Agent 1",1203622,25734256433880,25734256439000
"MEMORY_COPY","MEMORY_COPY_HOST_TO_DEVICE",1,"Agent 0","Agent 1",1203637,25734256538385,25734256557865
"MEMORY_COPY","MEMORY_COPY_HOST_TO_DEVICE",1,"Agent 0","Agent 1",1203653,25734256800758,25734256812318
"MEMORY_COPY","MEMORY_COPY_DEVICE_TO_HOST",4,"Agent 1","Agent 0",1203661,25734344780539,25734344839620
