"Kind","Direction","Stream_Id","Source_Agent_Id","Destination_Agent_Id","Correlation_Id","Start_Timestamp","End_Timestamp"
"MEMORY_COPY","MEMORY_COPY_HOST_TO_DEVICE",2,"Agent 0","Agent 1",111,3039811400467,3039811406227
"MEMORY_COPY","MEMORY_COPY_HOST_TO_DEVICE",2,"Agent 0","Agent 1",114,3039812296069,3039814135395
"MEMORY_COPY","MEMORY_COPY_HOST_TO_DEVICE",2,"Agent 0","Agent 1",114,3039814141075,3039816096841
"MEMORY_COPY","MEMORY_COPY_HOST_TO_DEVICE",2,"Agent 0","Agent 1",114,3039816101761,3039818006167
"MEMORY_COPY","MEMORY_COPY_HOST_TO_DEVICE",2,"Agent 0","Agent 1",114,3039818010127,3039820190094
"MEMORY_COPY","MEMORY_COPY_HOST_TO_DEVICE",2,"Agent 0","Agent 1",114,3039820195854,3039822215541
"MEMORY_COPY","MEMORY_COPY_HOST_TO_DEVICE",2,"Agent 0","Agent 1",114,3039822258621,3039824360428
"MEMORY_COPY","MEMORY_COPY_HOST_TO_DEVICE",2,"Agent 0","Agent 1",114,3039824365028,3039826541555
"MEMORY_COPY","MEMORY_COPY_HOST_TO_DEVICE",2,"Agent 0","Agent 1",114,3039826546875,3039828553081
"MEMORY_COPY","MEMORY_COPY_HOST_TO_DEVICE",2,"Agent 0","Agent 1",114,3039828557441,3039830656928
"MEMORY_COPY","MEMORY_COPY_HOST_TO_DEVICE",2,"Agent 0","Agent 1",114,3039830662168,3039832804014
"MEMORY_COPY","MEMORY_COPY_HOST_TO_DEVICE",2,"Agent 0","Agent 1",114,3039832809254,3039835010621
"MEMORY_COPY","MEMORY_COPY_HOST_TO_DEVICE",2,"Agent 0","Agent 1",114,3039835019221,3039837205748
"MEMORY_COPY","MEMORY_COPY_HOST_TO_DEVICE",2,"Agent 0","Agent 1",114,3039837210948,3039839296795
"MEMORY_COPY","MEMORY_COPY_HOST_TO_DEVICE",2,"Agent 0","Agent 1",114,3039839302035,3039841363322
"MEMORY_COPY","MEMORY_COPY_HOST_TO_DEVICE",2,"Agent 0","Agent 1",114,3039841367682,3039843268248
"MEMORY_COPY","MEMORY_COPY_HOST_TO_DEVICE",2,"Agent 0","Agent 1",114,3039843272608,3039845107333
"MEMORY_COPY","MEMORY_COPY_HOST_TO_DEVICE",2,"Agent 0","Agent 1",114,3039845121894,3039845622095
"MEMORY_COPY","MEMORY_COPY_HOST_TO_DEVICE",2,"Agent 0","Agent 1",117,3039845718965,3039845724365
"MEMORY_COPY","MEMORY_COPY_HOST_TO_DEVICE",2,"Agent 0","Agent 1",120,3039845751666,3039845757066
"MEMORY_COPY","MEMORY_COPY_HOST_TO_DEVICE",2,"Agent 0","Agent 1",123,3039846081887,3039847146490
"MEMORY_COPY","MEMORY_COPY_HOST_TO_DEVICE",2,"Agent 0","Agent 1",126,3039847411431,3039848054953
"MEMORY_COPY","MEMORY_COPY_HOST_TO_DEVICE",2,"Agent 0","Agent 1",129,3039848099063,3039848112543
"MEMORY_COPY","MEMORY_COPY_HOST_TO_DEVICE",2,"Agent 0","Agent 1",138,3039848209553,3039848216793
"MEMORY_COPY","MEMORY_COPY_HOST_TO_DEVICE",2,"Agent 0","Agent 1",141,3039848239613,3039848246893
"MEMORY_COPY","MEMORY_COPY_HOST_TO_DEVICE",2,"Agent 0","Agent 1",147,3039848530414,3039849313937
"MEMORY_COPY","MEMORY_COPY_HOST_TO_DEVICE",2,"Agent 0","Agent 1",150,3039849939339,3039851878825
"MEMORY_COPY","MEMORY_COPY_HOST_TO_DEVICE",2,"Agent 0","Agent 1",150,3039851883225,3039851918705
"MEMORY_COPY","MEMORY_COPY_HOST_TO_DEVICE",2,"Agent 0","Agent 1",153,3039852252856,3039854243462
"MEMORY_COPY","MEMORY_COPY_HOST_TO_DEVICE",2,"Agent 0","Agent 1",153,3039854249983,3039854283143
"MEMORY_COPY","MEMORY_COPY_HOST_TO_DEVICE",2,"Agent 0","Agent 1",156,3039854912265,3039856776191
"MEMORY_COPY","MEMORY_COPY_HOST_TO_DEVICE",2,"Agent 0","Agent 1",156,3039856780391,3039856814391
"MEMORY_COPY","MEMORY_COPY_HOST_TO_DEVICE",2,"Agent 0","Agent 1",159,3039856839261,3039856844541
"MEMORY_COPY","MEMORY_COPY_HOST_TO_DEVICE",2,"Agent 0","Agent 1",162,3039856862011,3039856867491
"MEMORY_COPY","MEMORY_COPY_HOST_TO_DEVICE",2,"Agent 0","Agent 1",165,3039857232262,3039858288825
"MEMORY_COPY","MEMORY_COPY_HOST_TO_DEVICE",2,"Agent 0","Agent 1",168,3039858517566,3039859153048
"MEMORY_COPY","MEMORY_COPY_HOST_TO_DEVICE",2,"Agent 0","Agent 1",171,3039859189168,3039859202528
"MEMORY_COPY","MEMORY_COPY_HOST_TO_DEVICE",2,"Agent 0","Agent 1",180,3039859287008,3039859294249
"MEMORY_COPY","MEMORY_COPY_HOST_TO_DEVICE",2,"Agent 0","Agent 1",183,3039859313199,3039859320439
"MEMORY_COPY","MEMORY_COPY_HOST_TO_DEVICE",2,"Agent 0","Agent 1",189,3039859606650,3039860325212
"MEMORY_COPY","MEMORY_COPY_HOST_TO_DEVICE",2,"Agent 0","Agent 1",192,3039860943264,3039862805390
"MEMORY_COPY","MEMORY_COPY_HOST_TO_DEVICE",2,"Agent 0","Agent 1",192,3039862809590,3039862843790
"MEMORY_COPY","MEMORY_COPY_HOST_TO_DEVICE",2,"Agent 0","Agent 1",195,3039863257061,3039865085907
"MEMORY_COPY","MEMORY_COPY_HOST_TO_DEVICE",2,"Agent 0","Agent 1",195,3039865094187,3039865129907
"MEMORY_COPY","MEMORY_COPY_HOST_TO_DEVICE",2,"Agent 0","Agent 1",198,3039865754049,3039867679455
"MEMORY_COPY","MEMORY_COPY_HOST_TO_DEVICE",2,"Agent 0","Agent 1",198,3039867687775,3039867724855
"MEMORY_COPY","MEMORY_COPY_HOST_TO_DEVICE",2,"Agent 0","Agent 1",201,3039867751925,3039867757205
"MEMORY_COPY","MEMORY_COPY_HOST_TO_DEVICE",2,"Agent 0","Agent 1",204,3039867774165,3039867779605
"MEMORY_COPY","MEMORY_COPY_HOST_TO_DEVICE",2,"Agent 0","Agent 1",207,3039868085276,3039869211200
"MEMORY_COPY","MEMORY_COPY_HOST_TO_DEVICE",2,"Agent 0","Agent 1",210,3039869455781,3039870095183
"MEMORY_COPY","MEMORY_COPY_HOST_TO_DEVICE",2,"Agent 0","Agent 1",213,3039870149773,3039870163133
"MEMORY_COPY","MEMORY_COPY_HOST_TO_DEVICE",2,"Agent 0","Agent 1",222,3039870247093,3039870254253
"MEMORY_COPY","MEMORY_COPY_HOST_TO_DEVICE",2,"Agent 0","Agent 1",225,3039870272543,3039870279743
"MEMORY_COPY","MEMORY_COPY_HOST_TO_DEVICE",2,"Agent 0","Agent 1",231,3039870572694,3039871336777
"MEMORY_COPY","MEMORY_COPY_HOST_TO_DEVICE",2,"Agent 0","Agent 1",234,3039871750818,3039873730424
"MEMORY_COPY","MEMORY_COPY_HOST_TO_DEVICE",2,"Agent 0","Agent 1",234,3039873751624,3039873788625
"MEMORY_COPY","MEMORY_COPY_HOST_TO_DEVICE",2,"Agent 0","Agent 1",237,3039874417845,3039876335491
"MEMORY_COPY","MEMORY_COPY_HOST_TO_DEVICE",2,"Agent 0","Agent 1",237,3039876344811,3039876382331
"MEMORY_COPY","MEMORY_COPY_HOST_TO_DEVICE",2,"Agent 0","Agent 1",240,3039876980263,3039878847708
"MEMORY_COPY","MEMORY_COPY_HOST_TO_DEVICE",2,"Agent 0","Agent 1",240,3039878851908,3039878888989
"MEMORY_COPY","MEMORY_COPY_HOST_TO_DEVICE",2,"Agent 0","Agent 1",243,3039878912639,3039878917919
"MEMORY_COPY","MEMORY_COPY_HOST_TO_DEVICE",2,"Agent 0","Agent 1",246,3039878934289,3039878939529
"MEMORY_COPY","MEMORY_COPY_HOST_TO_DEVICE",2,"Agent 0","Agent 1",249,3039879322370,3039880772695
"MEMORY_COPY","MEMORY_COPY_HOST_TO_DEVICE",2,"Agent 0","Agent 1",252,3039880839605,3039880962685
"MEMORY_COPY","MEMORY_COPY_HOST_TO_DEVICE",2,"Agent 0","Agent 1",255,3039881039625,3039881189986
"MEMORY_COPY","MEMORY_COPY_HOST_TO_DEVICE",2,"Agent 0","Agent 1",258,3039881444117,3039882161799
"MEMORY_COPY","MEMORY_COPY_HOST_TO_DEVICE",2,"Agent 0","Agent 1",267,3039882857201,3039884708607
"MEMORY_COPY","MEMORY_COPY_HOST_TO_DEVICE",2,"Agent 0","Agent 1",267,3039884712727,3039884749087
"MEMORY_COPY","MEMORY_COPY_HOST_TO_DEVICE",2,"Agent 0","Agent 1",270,3039885175178,3039886989384
"MEMORY_COPY","MEMORY_COPY_HOST_TO_DEVICE",2,"Agent 0","Agent 1",270,3039886994424,3039887030624
"MEMORY_COPY","MEMORY_COPY_HOST_TO_DEVICE",2,"Agent 0","Agent 1",273,3039887649846,3039889546452
"MEMORY_COPY","MEMORY_COPY_HOST_TO_DEVICE",2,"Agent 0","Agent 1",273,3039889551292,3039889590772
"MEMORY_COPY","MEMORY_COPY_HOST_TO_DEVICE",2,"Agent 0","Agent 1",276,3039889615343,3039889620783
"MEMORY_COPY","MEMORY_COPY_HOST_TO_DEVICE",2,"Agent 0","Agent 1",279,3039889636823,3039889642103
"MEMORY_COPY","MEMORY_COPY_HOST_TO_DEVICE",2,"Agent 0","Agent 1",282,3039889952734,3039891120257
"MEMORY_COPY","MEMORY_COPY_HOST_TO_DEVICE",2,"Agent 0","Agent 1",285,3039891346228,3039892045150
"MEMORY_COPY","MEMORY_COPY_HOST_TO_DEVICE",2,"Agent 0","Agent 1",288,3039892087110,3039892100550
"MEMORY_COPY","MEMORY_COPY_HOST_TO_DEVICE",2,"Agent 0","Agent 1",297,3039892183441,3039892190721
"MEMORY_COPY","MEMORY_COPY_HOST_TO_DEVICE",2,"Agent 0","Agent 1",300,3039892209401,3039892216641
"MEMORY_COPY","MEMORY_COPY_HOST_TO_DEVICE",2,"Agent 0","Agent 1",306,3039892499842,3039892979203
"MEMORY_COPY","MEMORY_COPY_HOST_TO_DEVICE",2,"Agent 0","Agent 1",309,3039893605175,3039895285421
"MEMORY_COPY","MEMORY_COPY_HOST_TO_DEVICE",2,"Agent 0","Agent 1",309,3039895290461,3039895327101
"MEMORY_COPY","MEMORY_COPY_HOST_TO_DEVICE",2,"Agent 0","Agent 1",312,3039895712612,3039897530338
"MEMORY_COPY","MEMORY_COPY_HOST_TO_DEVICE",2,"Agent 0","Agent 1",312,3039897534458,3039897571538
"MEMORY_COPY","MEMORY_COPY_HOST_TO_DEVICE",2,"Agent 0","Agent 1",315,3039898200310,3039899560434
"MEMORY_COPY","MEMORY_COPY_HOST_TO_DEVICE",2,"Agent 0","Agent 1",315,3039899565514,3039899602194
"MEMORY_COPY","MEMORY_COPY_HOST_TO_DEVICE",2,"Agent 0","Agent 1",318,3039899627974,3039899633214
"MEMORY_COPY","MEMORY_COPY_HOST_TO_DEVICE",2,"Agent 0","Agent 1",321,3039899650144,3039899655424
"MEMORY_COPY","MEMORY_COPY_HOST_TO_DEVICE",2,"Agent 0","Agent 1",324,3039899984765,3039900694008
"MEMORY_COPY","MEMORY_COPY_HOST_TO_DEVICE",2,"Agent 0","Agent 1",327,3039900925588,3039901353710
"MEMORY_COPY","MEMORY_COPY_HOST_TO_DEVICE",2,"Agent 0","Agent 1",330,3039901388920,3039901402120
"MEMORY_COPY","MEMORY_COPY_HOST_TO_DEVICE",2,"Agent 0","Agent 1",339,3039901483260,3039901490300
"MEMORY_COPY","MEMORY_COPY_HOST_TO_DEVICE",2,"Agent 0","Agent 1",342,3039901508040,3039901515040
"MEMORY_COPY","MEMORY_COPY_HOST_TO_DEVICE",2,"Agent 0","Agent 1",348,3039901796421,3039902276023
"MEMORY_COPY","MEMORY_COPY_HOST_TO_DEVICE",2,"Agent 0","Agent 1",351,3039902876705,3039904075588
"MEMORY_COPY","MEMORY_COPY_HOST_TO_DEVICE",2,"Agent 0","Agent 1",351,3039904079788,3039904117028
"MEMORY_COPY","MEMORY_COPY_HOST_TO_DEVICE",2,"Agent 0","Agent 1",354,3039904507940,3039905697863
"MEMORY_COPY","MEMORY_COPY_HOST_TO_DEVICE",2,"Agent 0","Agent 1",354,3039905701223,3039905738904
"MEMORY_COPY","MEMORY_COPY_HOST_TO_DEVICE",2,"Agent 0","Agent 1",357,3039906367266,3039907680550
"MEMORY_COPY","MEMORY_COPY_HOST_TO_DEVICE",2,"Agent 0","Agent 1",357,3039907684710,3039907726590
"MEMORY_COPY","MEMORY_COPY_HOST_TO_DEVICE",2,"Agent 0","Agent 1",360,3039907748520,3039907753960
"MEMORY_COPY","MEMORY_COPY_HOST_TO_DEVICE",2,"Agent 0","Agent 1",363,3039907770420,3039907775820
"MEMORY_COPY","MEMORY_COPY_HOST_TO_DEVICE",2,"Agent 0","Agent 1",366,3039908142021,3039908857623
"MEMORY_COPY","MEMORY_COPY_HOST_TO_DEVICE",2,"Agent 0","Agent 1",369,3039909123594,3039909555076
"MEMORY_COPY","MEMORY_COPY_HOST_TO_DEVICE",2,"Agent 0","Agent 1",372,3039909588826,3039909602346
"MEMORY_COPY","MEMORY_COPY_HOST_TO_DEVICE",2,"Agent 0","Agent 1",381,3039909691006,3039909698126
"MEMORY_COPY","MEMORY_COPY_HOST_TO_DEVICE",2,"Agent 0","Agent 1",384,3039909715566,3039909722686
"MEMORY_COPY","MEMORY_COPY_HOST_TO_DEVICE",2,"Agent 0","Agent 1",390,3039910011177,3039910490579
"MEMORY_COPY","MEMORY_COPY_HOST_TO_DEVICE",2,"Agent 0","Agent 1",393,3039910916240,3039912141444
"MEMORY_COPY","MEMORY_COPY_HOST_TO_DEVICE",2,"Agent 0","Agent 1",393,3039912144804,3039912182444
"MEMORY_COPY","MEMORY_COPY_HOST_TO_DEVICE",2,"Agent 0","Agent 1",396,3039912813286,3039914177810
"MEMORY_COPY","MEMORY_COPY_HOST_TO_DEVICE",2,"Agent 0","Agent 1",396,3039914182050,3039914218930
"MEMORY_COPY","MEMORY_COPY_HOST_TO_DEVICE",2,"Agent 0","Agent 1",399,3039914690962,3039916150207
"MEMORY_COPY","MEMORY_COPY_HOST_TO_DEVICE",2,"Agent 0","Agent 1",399,3039916156047,3039916192727
"MEMORY_COPY","MEMORY_COPY_HOST_TO_DEVICE",2,"Agent 0","Agent 1",402,3039916214277,3039916219677
"MEMORY_COPY","MEMORY_COPY_HOST_TO_DEVICE",2,"Agent 0","Agent 1",405,3039916236117,3039916241437
"MEMORY_COPY","MEMORY_COPY_HOST_TO_DEVICE",2,"Agent 0","Agent 1",408,3039916654698,3039917611901
"MEMORY_COPY","MEMORY_COPY_HOST_TO_DEVICE",2,"Agent 0","Agent 1",411,3039917673311,3039917756952
"MEMORY_COPY","MEMORY_COPY_HOST_TO_DEVICE",2,"Agent 0","Agent 1",414,3039917912232,3039918015032
"MEMORY_COPY","MEMORY_COPY_HOST_TO_DEVICE",2,"Agent 0","Agent 1",417,3039918244963,3039918724445
"MEMORY_COPY","MEMORY_COPY_HOST_TO_DEVICE",2,"Agent 0","Agent 1",426,3039919413167,3039920663811
"MEMORY_COPY","MEMORY_COPY_HOST_TO_DEVICE",2,"Agent 0","Agent 1",426,3039920667971,3039920706491
"MEMORY_COPY","MEMORY_COPY_HOST_TO_DEVICE",2,"Agent 0","Agent 1",429,3039921255103,3039922446587
"MEMORY_COPY","MEMORY_COPY_HOST_TO_DEVICE",2,"Agent 0","Agent 1",429,3039922459027,3039922496187
"MEMORY_COPY","MEMORY_COPY_HOST_TO_DEVICE",2,"Agent 0","Agent 1",432,3039923124369,3039924324132
"MEMORY_COPY","MEMORY_COPY_HOST_TO_DEVICE",2,"Agent 0","Agent 1",432,3039924328372,3039924365813
"MEMORY_COPY","MEMORY_COPY_HOST_TO_DEVICE",2,"Agent 0","Agent 1",435,3039924386733,3039924392173
"MEMORY_COPY","MEMORY_COPY_HOST_TO_DEVICE",2,"Agent 0","Agent 1",438,3039924408283,3039924413643
"MEMORY_COPY","MEMORY_COPY_HOST_TO_DEVICE",2,"Agent 0","Agent 1",441,3039924774094,3039925483416
"MEMORY_COPY","MEMORY_COPY_HOST_TO_DEVICE",2,"Agent 0","Agent 1",444,3039925748497,3039926179138
"MEMORY_COPY","MEMORY_COPY_HOST_TO_DEVICE",2,"Agent 0","Agent 1",447,3039926220458,3039926234059
"MEMORY_COPY","MEMORY_COPY_HOST_TO_DEVICE",2,"Agent 0","Agent 1",456,3039926316349,3039926323509
"MEMORY_COPY","MEMORY_COPY_HOST_TO_DEVICE",2,"Agent 0","Agent 1",459,3039926341469,3039926348669
"MEMORY_COPY","MEMORY_COPY_HOST_TO_DEVICE",2,"Agent 0","Agent 1",465,3039926669800,3039927151041
"MEMORY_COPY","MEMORY_COPY_HOST_TO_DEVICE",2,"Agent 0","Agent 1",468,3039927807844,3039929084328
"MEMORY_COPY","MEMORY_COPY_HOST_TO_DEVICE",2,"Agent 0","Agent 1",468,3039929088608,3039929125968
"MEMORY_COPY","MEMORY_COPY_HOST_TO_DEVICE",2,"Agent 0","Agent 1",471,3039929753640,3039930956043
"MEMORY_COPY","MEMORY_COPY_HOST_TO_DEVICE",2,"Agent 0","Agent 1",471,3039930961083,3039930998204
"MEMORY_COPY","MEMORY_COPY_HOST_TO_DEVICE",2,"Agent 0","Agent 1",474,3039931472555,3039932679959
"MEMORY_COPY","MEMORY_COPY_HOST_TO_DEVICE",2,"Agent 0","Agent 1",474,3039932684119,3039932720639
"MEMORY_COPY","MEMORY_COPY_HOST_TO_DEVICE",2,"Agent 0","Agent 1",477,3039932740899,3039932746339
"MEMORY_COPY","MEMORY_COPY_HOST_TO_DEVICE",2,"Agent 0","Agent 1",480,3039932762559,3039932767959
"MEMORY_COPY","MEMORY_COPY_HOST_TO_DEVICE",2,"Agent 0","Agent 1",483,3039933067120,3039933784482
"MEMORY_COPY","MEMORY_COPY_HOST_TO_DEVICE",2,"Agent 0","Agent 1",486,3039934003453,3039934439975
"MEMORY_COPY","MEMORY_COPY_HOST_TO_DEVICE",2,"Agent 0","Agent 1",489,3039934475715,3039934489235
"MEMORY_COPY","MEMORY_COPY_HOST_TO_DEVICE",2,"Agent 0","Agent 1",498,3039934573185,3039934580345
"MEMORY_COPY","MEMORY_COPY_HOST_TO_DEVICE",2,"Agent 0","Agent 1",501,3039934600705,3039934607905
"MEMORY_COPY","MEMORY_COPY_HOST_TO_DEVICE",2,"Agent 0","Agent 1",507,3039934933976,3039935413938
"MEMORY_COPY","MEMORY_COPY_HOST_TO_DEVICE",2,"Agent 0","Agent 1",510,3039936042850,3039937233293
"MEMORY_COPY","MEMORY_COPY_HOST_TO_DEVICE",2,"Agent 0","Agent 1",510,3039937237453,3039937275133
"MEMORY_COPY","MEMORY_COPY_HOST_TO_DEVICE",2,"Agent 0","Agent 1",513,3039937663986,3039938858749
"MEMORY_COPY","MEMORY_COPY_HOST_TO_DEVICE",2,"Agent 0","Agent 1",513,3039938866989,3039938903789
"MEMORY_COPY","MEMORY_COPY_HOST_TO_DEVICE",2,"Agent 0","Agent 1",516,3039939531151,3039940723274
"MEMORY_COPY","MEMORY_COPY_HOST_TO_DEVICE",2,"Agent 0","Agent 1",516,3039940728194,3039940764194
"MEMORY_COPY","MEMORY_COPY_HOST_TO_DEVICE",2,"Agent 0","Agent 1",519,3039940784705,3039940790025
"MEMORY_COPY","MEMORY_COPY_HOST_TO_DEVICE",2,"Agent 0","Agent 1",522,3039940805185,3039940810425
"MEMORY_COPY","MEMORY_COPY_HOST_TO_DEVICE",2,"Agent 0","Agent 1",525,3039941164496,3039941873698
"MEMORY_COPY","MEMORY_COPY_HOST_TO_DEVICE",2,"Agent 0","Agent 1",528,3039942131249,3039942558610
"MEMORY_COPY","MEMORY_COPY_HOST_TO_DEVICE",2,"Agent 0","Agent 1",531,3039942595220,3039942608540
"MEMORY_COPY","MEMORY_COPY_HOST_TO_DEVICE",2,"Agent 0","Agent 1",540,3039942689061,3039942696061
"MEMORY_COPY","MEMORY_COPY_HOST_TO_DEVICE",2,"Agent 0","Agent 1",543,3039942713781,3039942721021
"MEMORY_COPY","MEMORY_COPY_HOST_TO_DEVICE",2,"Agent 0","Agent 1",549,3039943002362,3039943481883
"MEMORY_COPY","MEMORY_COPY_HOST_TO_DEVICE",2,"Agent 0","Agent 1",552,3039944099355,3039945292279
"MEMORY_COPY","MEMORY_COPY_HOST_TO_DEVICE",2,"Agent 0","Agent 1",552,3039945296439,3039945332839
"MEMORY_COPY","MEMORY_COPY_HOST_TO_DEVICE",2,"Agent 0","Agent 1",555,3039945770580,3039946957464
"MEMORY_COPY","MEMORY_COPY_HOST_TO_DEVICE",2,"Agent 0","Agent 1",555,3039946960824,3039946998024
"MEMORY_COPY","MEMORY_COPY_HOST_TO_DEVICE",2,"Agent 0","Agent 1",558,3039947431756,3039948630639
"MEMORY_COPY","MEMORY_COPY_HOST_TO_DEVICE",2,"Agent 0","Agent 1",558,3039948634799,3039948671559
"MEMORY_COPY","MEMORY_COPY_HOST_TO_DEVICE",2,"Agent 0","Agent 1",561,3039948695010,3039948700290
"MEMORY_COPY","MEMORY_COPY_HOST_TO_DEVICE",2,"Agent 0","Agent 1",564,3039948716590,3039948721990
"MEMORY_COPY","MEMORY_COPY_HOST_TO_DEVICE",2,"Agent 0","Agent 1",567,3039949082611,3039950049174
"MEMORY_COPY","MEMORY_COPY_HOST_TO_DEVICE",2,"Agent 0","Agent 1",570,3039950113114,3039950196794
"MEMORY_COPY","MEMORY_COPY_HOST_TO_DEVICE",2,"Agent 0","Agent 1",573,3039950352325,3039950455005
"MEMORY_COPY","MEMORY_COPY_HOST_TO_DEVICE",2,"Agent 0","Agent 1",576,3039950694736,3039951173817
"MEMORY_COPY","MEMORY_COPY_HOST_TO_DEVICE",2,"Agent 0","Agent 1",585,3039951665409,3039952868253
"MEMORY_COPY","MEMORY_COPY_HOST_TO_DEVICE",2,"Agent 0","Agent 1",585,3039952872413,3039952908613
"MEMORY_COPY","MEMORY_COPY_HOST_TO_DEVICE",2,"Agent 0","Agent 1",588,3039953537075,3039954724759
"MEMORY_COPY","MEMORY_COPY_HOST_TO_DEVICE",2,"Agent 0","Agent 1",588,3039954728959,3039954765919
"MEMORY_COPY","MEMORY_COPY_HOST_TO_DEVICE",2,"Agent 0","Agent 1",591,3039955164060,3039956351544
"MEMORY_COPY","MEMORY_COPY_HOST_TO_DEVICE",2,"Agent 0","Agent 1",591,3039956355704,3039956391704
"MEMORY_COPY","MEMORY_COPY_HOST_TO_DEVICE",2,"Agent 0","Agent 1",594,3039956411724,3039956417164
"MEMORY_COPY","MEMORY_COPY_HOST_TO_DEVICE",2,"Agent 0","Agent 1",597,3039956432494,3039956437974
"MEMORY_COPY","MEMORY_COPY_HOST_TO_DEVICE",2,"Agent 0","Agent 1",600,3039956785455,3039957494777
"MEMORY_COPY","MEMORY_COPY_HOST_TO_DEVICE",2,"Agent 0","Agent 1",603,3039957718088,3039958145849
"MEMORY_COPY","MEMORY_COPY_HOST_TO_DEVICE",2,"Agent 0","Agent 1",606,3039958178309,3039958191669
"MEMORY_COPY","MEMORY_COPY_HOST_TO_DEVICE",2,"Agent 0","Agent 1",615,3039958275620,3039958282660
"MEMORY_COPY","MEMORY_COPY_HOST_TO_DEVICE",2,"Agent 0","Agent 1",618,3039958301670,3039958308910
"MEMORY_COPY","MEMORY_COPY_HOST_TO_DEVICE",2,"Agent 0","Agent 1",624,3039958637971,3039959121452
"MEMORY_COPY","MEMORY_COPY_HOST_TO_DEVICE",2,"Agent 0","Agent 1",627,3039959539294,3039960728337
"MEMORY_COPY","MEMORY_COPY_HOST_TO_DEVICE",2,"Agent 0","Agent 1",627,3039960732618,3039960769858
"MEMORY_COPY","MEMORY_COPY_HOST_TO_DEVICE",2,"Agent 0","Agent 1",630,3039961156819,3039962348343
"MEMORY_COPY","MEMORY_COPY_HOST_TO_DEVICE",2,"Agent 0","Agent 1",630,3039962353343,3039962389503
"MEMORY_COPY","MEMORY_COPY_HOST_TO_DEVICE",2,"Agent 0","Agent 1",633,3039963019315,3039964212758
"MEMORY_COPY","MEMORY_COPY_HOST_TO_DEVICE",2,"Agent 0","Agent 1",633,3039964216878,3039964254199
"MEMORY_COPY","MEMORY_COPY_HOST_TO_DEVICE",2,"Agent 0","Agent 1",636,3039964274659,3039964279939
"MEMORY_COPY","MEMORY_COPY_HOST_TO_DEVICE",2,"Agent 0","Agent 1",639,3039964295349,3039964300789
"MEMORY_COPY","MEMORY_COPY_HOST_TO_DEVICE",2,"Agent 0","Agent 1",642,3039964629550,3039965344792
"MEMORY_COPY","MEMORY_COPY_HOST_TO_DEVICE",2,"Agent 0","Agent 1",645,3039965587093,3039966017974
"MEMORY_COPY","MEMORY_COPY_HOST_TO_DEVICE",2,"Agent 0","Agent 1",648,3039966052104,3039966065464
"MEMORY_COPY","MEMORY_COPY_HOST_TO_DEVICE",2,"Agent 0","Agent 1",657,3039966149545,3039966156785
"MEMORY_COPY","MEMORY_COPY_HOST_TO_DEVICE",2,"Agent 0","Agent 1",660,3039966174895,3039966182175
"MEMORY_COPY","MEMORY_COPY_HOST_TO_DEVICE",2,"Agent 0","Agent 1",666,3039966457166,3039966937487
"MEMORY_COPY","MEMORY_COPY_HOST_TO_DEVICE",2,"Agent 0","Agent 1",669,3039967563799,3039968756803
"MEMORY_COPY","MEMORY_COPY_HOST_TO_DEVICE",2,"Agent 0","Agent 1",669,3039968765843,3039968803683
"MEMORY_COPY","MEMORY_COPY_HOST_TO_DEVICE",2,"Agent 0","Agent 1",672,3039969237324,3039970424648
"MEMORY_COPY","MEMORY_COPY_HOST_TO_DEVICE",2,"Agent 0","Agent 1",672,3039970428808,3039970466088
"MEMORY_COPY","MEMORY_COPY_HOST_TO_DEVICE",2,"Agent 0","Agent 1",675,3039971093700,3039972283984
"MEMORY_COPY","MEMORY_COPY_HOST_TO_DEVICE",2,"Agent 0","Agent 1",675,3039972293824,3039972330624
"MEMORY_COPY","MEMORY_COPY_HOST_TO_DEVICE",2,"Agent 0","Agent 1",678,3039972354214,3039972359534
"MEMORY_COPY","MEMORY_COPY_HOST_TO_DEVICE",2,"Agent 0","Agent 1",681,3039972376004,3039972381284
"MEMORY_COPY","MEMORY_COPY_HOST_TO_DEVICE",2,"Agent 0","Agent 1",684,3039972731535,3039973441058
"MEMORY_COPY","MEMORY_COPY_HOST_TO_DEVICE",2,"Agent 0","Agent 1",687,3039973677528,3039974104970
"MEMORY_COPY","MEMORY_COPY_HOST_TO_DEVICE",2,"Agent 0","Agent 1",690,3039974137140,3039974150580
"MEMORY_COPY","MEMORY_COPY_HOST_TO_DEVICE",2,"Agent 0","Agent 1",699,3039974229390,3039974236670
"MEMORY_COPY","MEMORY_COPY_HOST_TO_DEVICE",2,"Agent 0","Agent 1",702,3039974405461,3039974412661
"MEMORY_COPY","MEMORY_COPY_HOST_TO_DEVICE",2,"Agent 0","Agent 1",708,3039974697762,3039975187123
"MEMORY_COPY","MEMORY_COPY_HOST_TO_DEVICE",2,"Agent 0","Agent 1",711,3039975815125,3039977014409
"MEMORY_COPY","MEMORY_COPY_HOST_TO_DEVICE",2,"Agent 0","Agent 1",711,3039977018569,3039977054809
"MEMORY_COPY","MEMORY_COPY_HOST_TO_DEVICE",2,"Agent 0","Agent 1",714,3039977477790,3039978675234
"MEMORY_COPY","MEMORY_COPY_HOST_TO_DEVICE",2,"Agent 0","Agent 1",714,3039978678594,3039978715754
"MEMORY_COPY","MEMORY_COPY_HOST_TO_DEVICE",2,"Agent 0","Agent 1",717,3039979316896,3039980516540
"MEMORY_COPY","MEMORY_COPY_HOST_TO_DEVICE",2,"Agent 0","Agent 1",717,3039980519940,3039980558460
"MEMORY_COPY","MEMORY_COPY_HOST_TO_DEVICE",2,"Agent 0","Agent 1",720,3039980578710,3039980584070
"MEMORY_COPY","MEMORY_COPY_HOST_TO_DEVICE",2,"Agent 0","Agent 1",723,3039980600680,3039980605960
"MEMORY_COPY","MEMORY_COPY_HOST_TO_DEVICE",2,"Agent 0","Agent 1",726,3039980980581,3039981939344
"MEMORY_COPY","MEMORY_COPY_HOST_TO_DEVICE",2,"Agent 0","Agent 1",729,3039982107095,3039982191175
"MEMORY_COPY","MEMORY_COPY_HOST_TO_DEVICE",2,"Agent 0","Agent 1",732,3039982325986,3039982428546
"MEMORY_COPY","MEMORY_COPY_HOST_TO_DEVICE",2,"Agent 0","Agent 1",735,3039982766477,3039983245759
"MEMORY_COPY","MEMORY_COPY_HOST_TO_DEVICE",2,"Agent 0","Agent 1",744,3039983741840,3039984929564
"MEMORY_COPY","MEMORY_COPY_HOST_TO_DEVICE",2,"Agent 0","Agent 1",744,3039984932924,3039984970564
"MEMORY_COPY","MEMORY_COPY_HOST_TO_DEVICE",2,"Agent 0","Agent 1",747,3039985400425,3039986594909
"MEMORY_COPY","MEMORY_COPY_HOST_TO_DEVICE",2,"Agent 0","Agent 1",747,3039986598269,3039986635189
"MEMORY_COPY","MEMORY_COPY_HOST_TO_DEVICE",2,"Agent 0","Agent 1",750,3039987058181,3039988245744
"MEMORY_COPY","MEMORY_COPY_HOST_TO_DEVICE",2,"Agent 0","Agent 1",750,3039988249024,3039988286824
"MEMORY_COPY","MEMORY_COPY_HOST_TO_DEVICE",2,"Agent 0","Agent 1",753,3039988307845,3039988313325
"MEMORY_COPY","MEMORY_COPY_HOST_TO_DEVICE",2,"Agent 0","Agent 1",756,3039988329325,3039988334565
"MEMORY_COPY","MEMORY_COPY_HOST_TO_DEVICE",2,"Agent 0","Agent 1",759,3039988635576,3039989344978
"MEMORY_COPY","MEMORY_COPY_HOST_TO_DEVICE",2,"Agent 0","Agent 1",762,3039989575699,3039990003860
"MEMORY_COPY","MEMORY_COPY_HOST_TO_DEVICE",2,"Agent 0","Agent 1",765,3039990041070,3039990054510
"MEMORY_COPY","MEMORY_COPY_HOST_TO_DEVICE",2,"Agent 0","Agent 1",774,3039990134860,3039990141940
"MEMORY_COPY","MEMORY_COPY_HOST_TO_DEVICE",2,"Agent 0","Agent 1",777,3039990159270,3039990166270
"MEMORY_COPY","MEMORY_COPY_HOST_TO_DEVICE",2,"Agent 0","Agent 1",783,3039990444591,3039990924593
"MEMORY_COPY","MEMORY_COPY_HOST_TO_DEVICE",2,"Agent 0","Agent 1",786,3039991499395,3039992712838
"MEMORY_COPY","MEMORY_COPY_HOST_TO_DEVICE",2,"Agent 0","Agent 1",786,3039992721998,3039992760959
"MEMORY_COPY","MEMORY_COPY_HOST_TO_DEVICE",2,"Agent 0","Agent 1",789,3039993161220,3039994367264
"MEMORY_COPY","MEMORY_COPY_HOST_TO_DEVICE",2,"Agent 0","Agent 1",789,3039994371504,3039994409944
"MEMORY_COPY","MEMORY_COPY_HOST_TO_DEVICE",2,"Agent 0","Agent 1",792,3039994805715,3039996009559
"MEMORY_COPY","MEMORY_COPY_HOST_TO_DEVICE",2,"Agent 0","Agent 1",792,3039996013839,3039996049999
"MEMORY_COPY","MEMORY_COPY_HOST_TO_DEVICE",2,"Agent 0","Agent 1",795,3039996070809,3039996076049
"MEMORY_COPY","MEMORY_COPY_HOST_TO_DEVICE",2,"Agent 0","Agent 1",798,3039996091629,3039996096909
"MEMORY_COPY","MEMORY_COPY_HOST_TO_DEVICE",2,"Agent 0","Agent 1",801,3039996447630,3039997167632
"MEMORY_COPY","MEMORY_COPY_HOST_TO_DEVICE",2,"Agent 0","Agent 1",804,3039997419353,3039997846995
"MEMORY_COPY","MEMORY_COPY_HOST_TO_DEVICE",2,"Agent 0","Agent 1",807,3039997881035,3039997894355
"MEMORY_COPY","MEMORY_COPY_HOST_TO_DEVICE",2,"Agent 0","Agent 1",816,3039997974975,3039997982055
"MEMORY_COPY","MEMORY_COPY_HOST_TO_DEVICE",2,"Agent 0","Agent 1",819,3039997999295,3039998006735
"MEMORY_COPY","MEMORY_COPY_HOST_TO_DEVICE",2,"Agent 0","Agent 1",825,3039998290126,3039998769328
"MEMORY_COPY","MEMORY_COPY_HOST_TO_DEVICE",2,"Agent 0","Agent 1",828,3039999197839,3040000386243
"MEMORY_COPY","MEMORY_COPY_HOST_TO_DEVICE",2,"Agent 0","Agent 1",828,3040000398923,3040000435963
"MEMORY_COPY","MEMORY_COPY_HOST_TO_DEVICE",2,"Agent 0","Agent 1",831,3040000826230,3040002024633
"MEMORY_COPY","MEMORY_COPY_HOST_TO_DEVICE",2,"Agent 0","Agent 1",831,3040002033782,3040002071222
"MEMORY_COPY","MEMORY_COPY_HOST_TO_DEVICE",2,"Agent 0","Agent 1",834,3040002677366,3040003872569
"MEMORY_COPY","MEMORY_COPY_HOST_TO_DEVICE",2,"Agent 0","Agent 1",834,3040003875897,3040003912738
"MEMORY_COPY","MEMORY_COPY_HOST_TO_DEVICE",2,"Agent 0","Agent 1",837,3040003935338,3040003940698
"MEMORY_COPY","MEMORY_COPY_HOST_TO_DEVICE",2,"Agent 0","Agent 1",840,3040003956138,3040003961458
"MEMORY_COPY","MEMORY_COPY_HOST_TO_DEVICE",2,"Agent 0","Agent 1",843,3040004311659,3040005020981
"MEMORY_COPY","MEMORY_COPY_HOST_TO_DEVICE",2,"Agent 0","Agent 1",846,3040005249832,3040005677313
"MEMORY_COPY","MEMORY_COPY_HOST_TO_DEVICE",2,"Agent 0","Agent 1",849,3040005709673,3040005722913
"MEMORY_COPY","MEMORY_COPY_HOST_TO_DEVICE",2,"Agent 0","Agent 1",858,3040005803784,3040005810784
"MEMORY_COPY","MEMORY_COPY_HOST_TO_DEVICE",2,"Agent 0","Agent 1",861,3040005828454,3040005835494
"MEMORY_COPY","MEMORY_COPY_HOST_TO_DEVICE",2,"Agent 0","Agent 1",867,3040006145295,3040006624576
"MEMORY_COPY","MEMORY_COPY_HOST_TO_DEVICE",2,"Agent 0","Agent 1",870,3040007226818,3040008423822
"MEMORY_COPY","MEMORY_COPY_HOST_TO_DEVICE",2,"Agent 0","Agent 1",870,3040008432822,3040008471182
"MEMORY_COPY","MEMORY_COPY_HOST_TO_DEVICE",2,"Agent 0","Agent 1",873,3040009042605,3040010243849
"MEMORY_COPY","MEMORY_COPY_HOST_TO_DEVICE",2,"Agent 0","Agent 1",873,3040010248108,3040010286108
"MEMORY_COPY","MEMORY_COPY_HOST_TO_DEVICE",2,"Agent 0","Agent 1",876,3040010914163,3040012114327
"MEMORY_COPY","MEMORY_COPY_HOST_TO_DEVICE",2,"Agent 0","Agent 1",876,3040012118584,3040012154504
"MEMORY_COPY","MEMORY_COPY_HOST_TO_DEVICE",2,"Agent 0","Agent 1",879,3040012178914,3040012184274
"MEMORY_COPY","MEMORY_COPY_HOST_TO_DEVICE",2,"Agent 0","Agent 1",882,3040012199844,3040012205204
"MEMORY_COPY","MEMORY_COPY_HOST_TO_DEVICE",2,"Agent 0","Agent 1",885,3040012610635,3040013564478
"MEMORY_COPY","MEMORY_COPY_HOST_TO_DEVICE",2,"Agent 0","Agent 1",888,3040013627419,3040013711019
"MEMORY_COPY","MEMORY_COPY_HOST_TO_DEVICE",2,"Agent 0","Agent 1",891,3040013772119,3040013874119
"MEMORY_COPY","MEMORY_COPY_HOST_TO_DEVICE",2,"Agent 0","Agent 1",894,3040014112900,3040014595782
"MEMORY_COPY","MEMORY_COPY_HOST_TO_DEVICE",2,"Agent 0","Agent 1",903,3040015294144,3040016513948
"MEMORY_COPY","MEMORY_COPY_HOST_TO_DEVICE",2,"Agent 0","Agent 1",903,3040016519828,3040016557828
"MEMORY_COPY","MEMORY_COPY_HOST_TO_DEVICE",2,"Agent 0","Agent 1",906,3040016972055,3040018264820
"MEMORY_COPY","MEMORY_COPY_HOST_TO_DEVICE",2,"Agent 0","Agent 1",906,3040018268984,3040018305584
"MEMORY_COPY","MEMORY_COPY_HOST_TO_DEVICE",2,"Agent 0","Agent 1",909,3040018933666,3040020133070
"MEMORY_COPY","MEMORY_COPY_HOST_TO_DEVICE",2,"Agent 0","Agent 1",909,3040020136510,3040020173790
"MEMORY_COPY","MEMORY_COPY_HOST_TO_DEVICE",2,"Agent 0","Agent 1",912,3040020195370,3040020200690
"MEMORY_COPY","MEMORY_COPY_HOST_TO_DEVICE",2,"Agent 0","Agent 1",915,3040020215970,3040020221290
"MEMORY_COPY","MEMORY_COPY_HOST_TO_DEVICE",2,"Agent 0","Agent 1",918,3040020639861,3040021352663
"MEMORY_COPY","MEMORY_COPY_HOST_TO_DEVICE",2,"Agent 0","Agent 1",921,3040021602674,3040022030156
"MEMORY_COPY","MEMORY_COPY_HOST_TO_DEVICE",2,"Agent 0","Agent 1",924,3040022063356,3040022076636
"MEMORY_COPY","MEMORY_COPY_HOST_TO_DEVICE",2,"Agent 0","Agent 1",933,3040022157176,3040022164216
"MEMORY_COPY","MEMORY_COPY_HOST_TO_DEVICE",2,"Agent 0","Agent 1",936,3040022182216,3040022189376
"MEMORY_COPY","MEMORY_COPY_HOST_TO_DEVICE",2,"Agent 0","Agent 1",942,3040022496087,3040022975289
"MEMORY_COPY","MEMORY_COPY_HOST_TO_DEVICE",2,"Agent 0","Agent 1",945,3040023602691,3040024797534
"MEMORY_COPY","MEMORY_COPY_HOST_TO_DEVICE",2,"Agent 0","Agent 1",945,3040024807494,3040024844735
"MEMORY_COPY","MEMORY_COPY_HOST_TO_DEVICE",2,"Agent 0","Agent 1",948,3040025240006,3040026428130
"MEMORY_COPY","MEMORY_COPY_HOST_TO_DEVICE",2,"Agent 0","Agent 1",948,3040026437490,3040026473530
"MEMORY_COPY","MEMORY_COPY_HOST_TO_DEVICE",2,"Agent 0","Agent 1",951,3040027101892,3040028296416
"MEMORY_COPY","MEMORY_COPY_HOST_TO_DEVICE",2,"Agent 0","Agent 1",951,3040028301376,3040028338336
"MEMORY_COPY","MEMORY_COPY_HOST_TO_DEVICE",2,"Agent 0","Agent 1",954,3040028358766,3040028364126
"MEMORY_COPY","MEMORY_COPY_HOST_TO_DEVICE",2,"Agent 0","Agent 1",957,3040028380066,3040028385426
"MEMORY_COPY","MEMORY_COPY_HOST_TO_DEVICE",2,"Agent 0","Agent 1",960,3040028720927,3040029430409
"MEMORY_COPY","MEMORY_COPY_HOST_TO_DEVICE",2,"Agent 0","Agent 1",963,3040029654680,3040030082281
"MEMORY_COPY","MEMORY_COPY_HOST_TO_DEVICE",2,"Agent 0","Agent 1",966,3040030115551,3040030128832
"MEMORY_COPY","MEMORY_COPY_HOST_TO_DEVICE",2,"Agent 0","Agent 1",975,3040030208902,3040030216062
"MEMORY_COPY","MEMORY_COPY_HOST_TO_DEVICE",2,"Agent 0","Agent 1",978,3040030233062,3040030240182
"MEMORY_COPY","MEMORY_COPY_HOST_TO_DEVICE",2,"Agent 0","Agent 1",984,3040030431802,3040030910804
"MEMORY_COPY","MEMORY_COPY_HOST_TO_DEVICE",2,"Agent 0","Agent 1",987,3040031536926,3040032728330
"MEMORY_COPY","MEMORY_COPY_HOST_TO_DEVICE",2,"Agent 0","Agent 1",987,3040032732650,3040032769810
"MEMORY_COPY","MEMORY_COPY_HOST_TO_DEVICE",2,"Agent 0","Agent 1",990,3040033403312,3040034591716
"MEMORY_COPY","MEMORY_COPY_HOST_TO_DEVICE",2,"Agent 0","Agent 1",990,3040034596316,3040034633876
"MEMORY_COPY","MEMORY_COPY_HOST_TO_DEVICE",2,"Agent 0","Agent 1",993,3040035247668,3040036445592
"MEMORY_COPY","MEMORY_COPY_HOST_TO_DEVICE",2,"Agent 0","Agent 1",993,3040036449832,3040036487712
"MEMORY_COPY","MEMORY_COPY_HOST_TO_DEVICE",2,"Agent 0","Agent 1",996,3040036508372,3040036513812
"MEMORY_COPY","MEMORY_COPY_HOST_TO_DEVICE",2,"Agent 0","Agent 1",999,3040036529582,3040036535022
"MEMORY_COPY","MEMORY_COPY_HOST_TO_DEVICE",2,"Agent 0","Agent 1",1002,3040036888163,3040037597845
"MEMORY_COPY","MEMORY_COPY_HOST_TO_DEVICE",2,"Agent 0","Agent 1",1005,3040037826776,3040038254978
"MEMORY_COPY","MEMORY_COPY_HOST_TO_DEVICE",2,"Agent 0","Agent 1",1008,3040038291608,3040038305128
"MEMORY_COPY","MEMORY_COPY_HOST_TO_DEVICE",2,"Agent 0","Agent 1",1017,3040038390928,3040038398128
"MEMORY_COPY","MEMORY_COPY_HOST_TO_DEVICE",2,"Agent 0","Agent 1",1020,3040038417008,3040038424248
"MEMORY_COPY","MEMORY_COPY_HOST_TO_DEVICE",2,"Agent 0","Agent 1",1026,3040038749179,3040039229661
"MEMORY_COPY","MEMORY_COPY_HOST_TO_DEVICE",2,"Agent 0","Agent 1",1029,3040039640202,3040040829126
"MEMORY_COPY","MEMORY_COPY_HOST_TO_DEVICE",2,"Agent 0","Agent 1",1029,3040040836726,3040040874646
"MEMORY_COPY","MEMORY_COPY_HOST_TO_DEVICE",2,"Agent 0","Agent 1",1032,3040041264747,3040042458031
"MEMORY_COPY","MEMORY_COPY_HOST_TO_DEVICE",2,"Agent 0","Agent 1",1032,3040042462311,3040042498831
"MEMORY_COPY","MEMORY_COPY_HOST_TO_DEVICE",2,"Agent 0","Agent 1",1035,3040043131023,3040044328427
"MEMORY_COPY","MEMORY_COPY_HOST_TO_DEVICE",2,"Agent 0","Agent 1",1035,3040044332587,3040044369907
"MEMORY_COPY","MEMORY_COPY_HOST_TO_DEVICE",2,"Agent 0","Agent 1",1038,3040044395247,3040044400767
"MEMORY_COPY","MEMORY_COPY_HOST_TO_DEVICE",2,"Agent 0","Agent 1",1041,3040044416597,3040044422077
"MEMORY_COPY","MEMORY_COPY_HOST_TO_DEVICE",2,"Agent 0","Agent 1",1044,3040044843569,3040045798412
"MEMORY_COPY","MEMORY_COPY_HOST_TO_DEVICE",2,"Agent 0","Agent 1",1047,3040045861162,3040045945042
"MEMORY_COPY","MEMORY_COPY_HOST_TO_DEVICE",2,"Agent 0","Agent 1",1050,3040046019232,3040046121673
"MEMORY_COPY","MEMORY_COPY_HOST_TO_DEVICE",2,"Agent 0","Agent 1",1053,3040046520544,3040046999946
"MEMORY_COPY","MEMORY_COPY_HOST_TO_DEVICE",2,"Agent 0","Agent 1",1062,3040047687238,3040048888522
"MEMORY_COPY","MEMORY_COPY_HOST_TO_DEVICE",2,"Agent 0","Agent 1",1062,3040048893642,3040048930562
"MEMORY_COPY","MEMORY_COPY_HOST_TO_DEVICE",2,"Agent 0","Agent 1",1065,3040049563524,3040050752728
"MEMORY_COPY","MEMORY_COPY_HOST_TO_DEVICE",2,"Agent 0","Agent 1",1065,3040050756968,3040050794568
"MEMORY_COPY","MEMORY_COPY_HOST_TO_DEVICE",2,"Agent 0","Agent 1",1068,3040051422990,3040052638594
"MEMORY_COPY","MEMORY_COPY_HOST_TO_DEVICE",2,"Agent 0","Agent 1",1068,3040052642954,3040052681434
"MEMORY_COPY","MEMORY_COPY_HOST_TO_DEVICE",2,"Agent 0","Agent 1",1071,3040052705554,3040052711034
"MEMORY_COPY","MEMORY_COPY_HOST_TO_DEVICE",2,"Agent 0","Agent 1",1074,3040052725714,3040052731194
"MEMORY_COPY","MEMORY_COPY_HOST_TO_DEVICE",2,"Agent 0","Agent 1",1077,3040053034485,3040053745767
"MEMORY_COPY","MEMORY_COPY_HOST_TO_DEVICE",2,"Agent 0","Agent 1",1080,3040053968718,3040054396479
"MEMORY_COPY","MEMORY_COPY_HOST_TO_DEVICE",2,"Agent 0","Agent 1",1083,3040054430329,3040054444009
"MEMORY_COPY","MEMORY_COPY_HOST_TO_DEVICE",2,"Agent 0","Agent 1",1092,3040054525740,3040054532940
"MEMORY_COPY","MEMORY_COPY_HOST_TO_DEVICE",2,"Agent 0","Agent 1",1095,3040054552010,3040054559250
"MEMORY_COPY","MEMORY_COPY_HOST_TO_DEVICE",2,"Agent 0","Agent 1",1101,3040054840291,3040055319892
"MEMORY_COPY","MEMORY_COPY_HOST_TO_DEVICE",2,"Agent 0","Agent 1",1104,3040055923234,3040057115518
"MEMORY_COPY","MEMORY_COPY_HOST_TO_DEVICE",2,"Agent 0","Agent 1",1104,3040057119798,3040057157638
"MEMORY_COPY","MEMORY_COPY_HOST_TO_DEVICE",2,"Agent 0","Agent 1",1107,3040057787170,3040058976974
"MEMORY_COPY","MEMORY_COPY_HOST_TO_DEVICE",2,"Agent 0","Agent 1",1107,3040058980414,3040059017494
"MEMORY_COPY","MEMORY_COPY_HOST_TO_DEVICE",2,"Agent 0","Agent 1",1110,3040059648716,3040060849480
"MEMORY_COPY","MEMORY_COPY_HOST_TO_DEVICE",2,"Agent 0","Agent 1",1110,3040060853000,3040060891080
"MEMORY_COPY","MEMORY_COPY_HOST_TO_DEVICE",2,"Agent 0","Agent 1",1113,3040060912180,3040060917740
"MEMORY_COPY","MEMORY_COPY_HOST_TO_DEVICE",2,"Agent 0","Agent 1",1116,3040060933280,3040060938800
"MEMORY_COPY","MEMORY_COPY_HOST_TO_DEVICE",2,"Agent 0","Agent 1",1119,3040061243381,3040061956544
"MEMORY_COPY","MEMORY_COPY_HOST_TO_DEVICE",2,"Agent 0","Agent 1",1122,3040062183654,3040062611496
"MEMORY_COPY","MEMORY_COPY_HOST_TO_DEVICE",2,"Agent 0","Agent 1",1125,3040062643886,3040062657486
"MEMORY_COPY","MEMORY_COPY_HOST_TO_DEVICE",2,"Agent 0","Agent 1",1134,3040062738666,3040062745986
"MEMORY_COPY","MEMORY_COPY_HOST_TO_DEVICE",2,"Agent 0","Agent 1",1137,3040062764976,3040062772256
"MEMORY_COPY","MEMORY_COPY_HOST_TO_DEVICE",2,"Agent 0","Agent 1",1143,3040063073507,3040063553229
"MEMORY_COPY","MEMORY_COPY_HOST_TO_DEVICE",2,"Agent 0","Agent 1",1146,3040063969159,3040065167642
"MEMORY_COPY","MEMORY_COPY_HOST_TO_DEVICE",2,"Agent 0","Agent 1",1146,3040065176162,3040065214162
"MEMORY_COPY","MEMORY_COPY_HOST_TO_DEVICE",2,"Agent 0","Agent 1",1149,3040065600683,3040066790327
"MEMORY_COPY","MEMORY_COPY_HOST_TO_DEVICE",2,"Agent 0","Agent 1",1149,3040066794647,3040066831207
"MEMORY_COPY","MEMORY_COPY_HOST_TO_DEVICE",2,"Agent 0","Agent 1",1152,3040067263268,3040068451472
"MEMORY_COPY","MEMORY_COPY_HOST_TO_DEVICE",2,"Agent 0","Agent 1",1152,3040068455832,3040068492032
"MEMORY_COPY","MEMORY_COPY_HOST_TO_DEVICE",2,"Agent 0","Agent 1",1155,3040068512742,3040068518302
"MEMORY_COPY","MEMORY_COPY_HOST_TO_DEVICE",2,"Agent 0","Agent 1",1158,3040068534202,3040068539682
"MEMORY_COPY","MEMORY_COPY_HOST_TO_DEVICE",2,"Agent 0","Agent 1",1161,3040068857973,3040069567575
"MEMORY_COPY","MEMORY_COPY_HOST_TO_DEVICE",2,"Agent 0","Agent 1",1164,3040069827626,3040070258828
"MEMORY_COPY","MEMORY_COPY_HOST_TO_DEVICE",2,"Agent 0","Agent 1",1167,3040070290478,3040070303918
"MEMORY_COPY","MEMORY_COPY_HOST_TO_DEVICE",2,"Agent 0","Agent 1",1176,3040070384128,3040070391408
"MEMORY_COPY","MEMORY_COPY_HOST_TO_DEVICE",2,"Agent 0","Agent 1",1179,3040070409368,3040070416688
"MEMORY_COPY","MEMORY_COPY_HOST_TO_DEVICE",2,"Agent 0","Agent 1",1185,3040070694719,3040071174360
"MEMORY_COPY","MEMORY_COPY_HOST_TO_DEVICE",2,"Agent 0","Agent 1",1188,3040071883363,3040073267687
"MEMORY_COPY","MEMORY_COPY_HOST_TO_DEVICE",2,"Agent 0","Agent 1",1188,3040073271927,3040073308447
"MEMORY_COPY","MEMORY_COPY_HOST_TO_DEVICE",2,"Agent 0","Agent 1",1191,3040073941409,3040075130373
"MEMORY_COPY","MEMORY_COPY_HOST_TO_DEVICE",2,"Agent 0","Agent 1",1191,3040075134693,3040075170933
"MEMORY_COPY","MEMORY_COPY_HOST_TO_DEVICE",2,"Agent 0","Agent 1",1194,3040075800115,3040076993759
"MEMORY_COPY","MEMORY_COPY_HOST_TO_DEVICE",2,"Agent 0","Agent 1",1194,3040076998879,3040077035799
"MEMORY_COPY","MEMORY_COPY_HOST_TO_DEVICE",2,"Agent 0","Agent 1",1197,3040077057139,3040077062739
"MEMORY_COPY","MEMORY_COPY_HOST_TO_DEVICE",2,"Agent 0","Agent 1",1200,3040077080019,3040077085539
"MEMORY_COPY","MEMORY_COPY_HOST_TO_DEVICE",2,"Agent 0","Agent 1",1203,3040077485040,3040078463484
"MEMORY_COPY","MEMORY_COPY_HOST_TO_DEVICE",2,"Agent 0","Agent 1",1206,3040078524434,3040078608194
"MEMORY_COPY","MEMORY_COPY_HOST_TO_DEVICE",2,"Agent 0","Agent 1",1209,3040078670804,3040078773125
"MEMORY_COPY","MEMORY_COPY_HOST_TO_DEVICE",2,"Agent 0","Agent 1",1212,3040079009115,3040079488717
"MEMORY_COPY","MEMORY_COPY_HOST_TO_DEVICE",2,"Agent 0","Agent 1",1221,3040080194589,3040081447793
"MEMORY_COPY","MEMORY_COPY_HOST_TO_DEVICE",2,"Agent 0","Agent 1",1221,3040081452073,3040081492473
"MEMORY_COPY","MEMORY_COPY_HOST_TO_DEVICE",2,"Agent 0","Agent 1",1224,3040082071995,3040083265319
"MEMORY_COPY","MEMORY_COPY_HOST_TO_DEVICE",2,"Agent 0","Agent 1",1224,3040083269679,3040083305719
"MEMORY_COPY","MEMORY_COPY_HOST_TO_DEVICE",2,"Agent 0","Agent 1",1227,3040083934941,3040085122625
"MEMORY_COPY","MEMORY_COPY_HOST_TO_DEVICE",2,"Agent 0","Agent 1",1227,3040085126905,3040085162945
"MEMORY_COPY","MEMORY_COPY_HOST_TO_DEVICE",2,"Agent 0","Agent 1",1230,3040085185165,3040085190885
"MEMORY_COPY","MEMORY_COPY_HOST_TO_DEVICE",2,"Agent 0","Agent 1",1233,3040085206885,3040085212445
"MEMORY_COPY","MEMORY_COPY_HOST_TO_DEVICE",2,"Agent 0","Agent 1",1236,3040085523346,3040086233548
"MEMORY_COPY","MEMORY_COPY_HOST_TO_DEVICE",2,"Agent 0","Agent 1",1239,3040086480659,3040086908660
"MEMORY_COPY","MEMORY_COPY_HOST_TO_DEVICE",2,"Agent 0","Agent 1",1242,3040086942100,3040086955620
"MEMORY_COPY","MEMORY_COPY_HOST_TO_DEVICE",2,"Agent 0","Agent 1",1251,3040087043981,3040087051181
"MEMORY_COPY","MEMORY_COPY_HOST_TO_DEVICE",2,"Agent 0","Agent 1",1254,3040087069661,3040087077021
"MEMORY_COPY","MEMORY_COPY_HOST_TO_DEVICE",2,"Agent 0","Agent 1",1260,3040087360472,3040087840113
"MEMORY_COPY","MEMORY_COPY_HOST_TO_DEVICE",2,"Agent 0","Agent 1",1263,3040088479615,3040089669699
"MEMORY_COPY","MEMORY_COPY_HOST_TO_DEVICE",2,"Agent 0","Agent 1",1263,3040089674899,3040089712619
"MEMORY_COPY","MEMORY_COPY_HOST_TO_DEVICE",2,"Agent 0","Agent 1",1266,3040090150231,3040091362274
"MEMORY_COPY","MEMORY_COPY_HOST_TO_DEVICE",2,"Agent 0","Agent 1",1266,3040091366634,3040091403394
"MEMORY_COPY","MEMORY_COPY_HOST_TO_DEVICE",2,"Agent 0","Agent 1",1269,3040092033986,3040093222310
"MEMORY_COPY","MEMORY_COPY_HOST_TO_DEVICE",2,"Agent 0","Agent 1",1269,3040093231630,3040093269430
"MEMORY_COPY","MEMORY_COPY_HOST_TO_DEVICE",2,"Agent 0","Agent 1",1272,3040093297240,3040093302960
"MEMORY_COPY","MEMORY_COPY_HOST_TO_DEVICE",2,"Agent 0","Agent 1",1275,3040093318791,3040093324391
"MEMORY_COPY","MEMORY_COPY_HOST_TO_DEVICE",2,"Agent 0","Agent 1",1278,3040093649922,3040094359764
"MEMORY_COPY","MEMORY_COPY_HOST_TO_DEVICE",2,"Agent 0","Agent 1",1281,3040094590335,3040095018256
"MEMORY_COPY","MEMORY_COPY_HOST_TO_DEVICE",2,"Agent 0","Agent 1",1284,3040095071106,3040095084866
"MEMORY_COPY","MEMORY_COPY_HOST_TO_DEVICE",2,"Agent 0","Agent 1",1293,3040095173706,3040095180986
"MEMORY_COPY","MEMORY_COPY_HOST_TO_DEVICE",2,"Agent 0","Agent 1",1296,3040095199206,3040095206687
"MEMORY_COPY","MEMORY_COPY_HOST_TO_DEVICE",2,"Agent 0","Agent 1",1302,3040095514207,3040095993769
"MEMORY_COPY","MEMORY_COPY_HOST_TO_DEVICE",2,"Agent 0","Agent 1",1305,3040096627091,3040097831895
"MEMORY_COPY","MEMORY_COPY_HOST_TO_DEVICE",2,"Agent 0","Agent 1",1305,3040097835375,3040097873215
"MEMORY_COPY","MEMORY_COPY_HOST_TO_DEVICE",2,"Agent 0","Agent 1",1308,3040098496457,3040099683341
"MEMORY_COPY","MEMORY_COPY_HOST_TO_DEVICE",2,"Agent 0","Agent 1",1308,3040099687661,3040099723821
"MEMORY_COPY","MEMORY_COPY_HOST_TO_DEVICE",2,"Agent 0","Agent 1",1311,3040100355463,3040101546747
"MEMORY_COPY","MEMORY_COPY_HOST_TO_DEVICE",2,"Agent 0","Agent 1",1311,3040101551027,3040101587467
"MEMORY_COPY","MEMORY_COPY_HOST_TO_DEVICE",2,"Agent 0","Agent 1",1314,3040101608637,3040101614397
"MEMORY_COPY","MEMORY_COPY_HOST_TO_DEVICE",2,"Agent 0","Agent 1",1317,3040101630187,3040101635907
"MEMORY_COPY","MEMORY_COPY_HOST_TO_DEVICE",2,"Agent 0","Agent 1",1320,3040102015878,3040102725480
"MEMORY_COPY","MEMORY_COPY_HOST_TO_DEVICE",2,"Agent 0","Agent 1",1323,3040103011351,3040103439313
"MEMORY_COPY","MEMORY_COPY_HOST_TO_DEVICE",2,"Agent 0","Agent 1",1326,3040103473473,3040103487273
"MEMORY_COPY","MEMORY_COPY_HOST_TO_DEVICE",2,"Agent 0","Agent 1",1335,3040103571683,3040103579163
"MEMORY_COPY","MEMORY_COPY_HOST_TO_DEVICE",2,"Agent 0","Agent 1",1338,3040103598623,3040103606103
"MEMORY_COPY","MEMORY_COPY_HOST_TO_DEVICE",2,"Agent 0","Agent 1",1344,3040103931614,3040104411216
"MEMORY_COPY","MEMORY_COPY_HOST_TO_DEVICE",2,"Agent 0","Agent 1",1347,3040104822237,3040106015521
"MEMORY_COPY","MEMORY_COPY_HOST_TO_DEVICE",2,"Agent 0","Agent 1",1347,3040106019081,3040106056281
"MEMORY_COPY","MEMORY_COPY_HOST_TO_DEVICE",2,"Agent 0","Agent 1",1350,3040106689203,3040107882327
"MEMORY_COPY","MEMORY_COPY_HOST_TO_DEVICE",2,"Agent 0","Agent 1",1350,3040107885727,3040107922887
"MEMORY_COPY","MEMORY_COPY_HOST_TO_DEVICE",2,"Agent 0","Agent 1",1353,3040108556109,3040109746072
"MEMORY_COPY","MEMORY_COPY_HOST_TO_DEVICE",2,"Agent 0","Agent 1",1353,3040109749553,3040109786673
"MEMORY_COPY","MEMORY_COPY_HOST_TO_DEVICE",2,"Agent 0","Agent 1",1356,3040109808163,3040109813963
"MEMORY_COPY","MEMORY_COPY_HOST_TO_DEVICE",2,"Agent 0","Agent 1",1359,3040109830053,3040109835693
"MEMORY_COPY","MEMORY_COPY_HOST_TO_DEVICE",2,"Agent 0","Agent 1",1362,3040110195884,3040111149647
"MEMORY_COPY","MEMORY_COPY_HOST_TO_DEVICE",2,"Agent 0","Agent 1",1365,3040111210827,3040111294587
"MEMORY_COPY","MEMORY_COPY_HOST_TO_DEVICE",2,"Agent 0","Agent 1",1368,3040111357198,3040111459678
"MEMORY_COPY","MEMORY_COPY_HOST_TO_DEVICE",2,"Agent 0","Agent 1",1371,3040111718239,3040112198120
"MEMORY_COPY","MEMORY_COPY_HOST_TO_DEVICE",2,"Agent 0","Agent 1",1380,3040112695662,3040113885626
"MEMORY_COPY","MEMORY_COPY_HOST_TO_DEVICE",2,"Agent 0","Agent 1",1380,3040113892506,3040113929346
"MEMORY_COPY","MEMORY_COPY_HOST_TO_DEVICE",2,"Agent 0","Agent 1",1383,3040114368057,3040115568901
"MEMORY_COPY","MEMORY_COPY_HOST_TO_DEVICE",2,"Agent 0","Agent 1",1383,3040115573221,3040115609661
"MEMORY_COPY","MEMORY_COPY_HOST_TO_DEVICE",2,"Agent 0","Agent 1",1386,3040116022742,3040117212706
"MEMORY_COPY","MEMORY_COPY_HOST_TO_DEVICE",2,"Agent 0","Agent 1",1386,3040117217066,3040117253546
"MEMORY_COPY","MEMORY_COPY_HOST_TO_DEVICE",2,"Agent 0","Agent 1",1389,3040117273996,3040117279716
"MEMORY_COPY","MEMORY_COPY_HOST_TO_DEVICE",2,"Agent 0","Agent 1",1392,3040117295846,3040117301566
"MEMORY_COPY","MEMORY_COPY_HOST_TO_DEVICE",2,"Agent 0","Agent 1",1395,3040117655988,3040118365470
"MEMORY_COPY","MEMORY_COPY_HOST_TO_DEVICE",2,"Agent 0","Agent 1",1398,3040118618651,3040119049932
"MEMORY_COPY","MEMORY_COPY_HOST_TO_DEVICE",2,"Agent 0","Agent 1",1401,3040119087822,3040119101782
"MEMORY_COPY","MEMORY_COPY_HOST_TO_DEVICE",2,"Agent 0","Agent 1",1410,3040119233373,3040119240693
"MEMORY_COPY","MEMORY_COPY_HOST_TO_DEVICE",2,"Agent 0","Agent 1",1413,3040119259063,3040119266503
"MEMORY_COPY","MEMORY_COPY_HOST_TO_DEVICE",2,"Agent 0","Agent 1",1419,3040119563144,3040120042665
"MEMORY_COPY","MEMORY_COPY_HOST_TO_DEVICE",2,"Agent 0","Agent 1",1422,3040120448896,3040121655740
"MEMORY_COPY","MEMORY_COPY_HOST_TO_DEVICE",2,"Agent 0","Agent 1",1422,3040121660060,3040121701820
"MEMORY_COPY","MEMORY_COPY_HOST_TO_DEVICE",2,"Agent 0","Agent 1",1425,3040122231732,3040123440256
"MEMORY_COPY","MEMORY_COPY_HOST_TO_DEVICE",2,"Agent 0","Agent 1",1425,3040123444696,3040123481536
"MEMORY_COPY","MEMORY_COPY_HOST_TO_DEVICE",2,"Agent 0","Agent 1",1428,3040124114368,3040125306252
"MEMORY_COPY","MEMORY_COPY_HOST_TO_DEVICE",2,"Agent 0","Agent 1",1428,3040125310532,3040125347852
"MEMORY_COPY","MEMORY_COPY_HOST_TO_DEVICE",2,"Agent 0","Agent 1",1431,3040125369202,3040125374802
"MEMORY_COPY","MEMORY_COPY_HOST_TO_DEVICE",2,"Agent 0","Agent 1",1434,3040125390792,3040125396432
"MEMORY_COPY","MEMORY_COPY_HOST_TO_DEVICE",2,"Agent 0","Agent 1",1437,3040125716963,3040126426325
"MEMORY_COPY","MEMORY_COPY_HOST_TO_DEVICE",2,"Agent 0","Agent 1",1440,3040126679906,3040127108387
"MEMORY_COPY","MEMORY_COPY_HOST_TO_DEVICE",2,"Agent 0","Agent 1",1443,3040127141828,3040127155388
"MEMORY_COPY","MEMORY_COPY_HOST_TO_DEVICE",2,"Agent 0","Agent 1",1452,3040127237638,3040127245118
"MEMORY_COPY","MEMORY_COPY_HOST_TO_DEVICE",2,"Agent 0","Agent 1",1455,3040127266248,3040127273688
"MEMORY_COPY","MEMORY_COPY_HOST_TO_DEVICE",2,"Agent 0","Agent 1",1461,3040127563117,3040128044238
"MEMORY_COPY","MEMORY_COPY_HOST_TO_DEVICE",2,"Agent 0","Agent 1",1464,3040128473039,3040129664523
"MEMORY_COPY","MEMORY_COPY_HOST_TO_DEVICE",2,"Agent 0","Agent 1",1464,3040129668963,3040129706163
"MEMORY_COPY","MEMORY_COPY_HOST_TO_DEVICE",2,"Agent 0","Agent 1",1467,3040130342265,3040131535228
"MEMORY_COPY","MEMORY_COPY_HOST_TO_DEVICE",2,"Agent 0","Agent 1",1467,3040131539548,3040131576349
"MEMORY_COPY","MEMORY_COPY_HOST_TO_DEVICE",2,"Agent 0","Agent 1",1470,3040132023710,3040133217554
"MEMORY_COPY","MEMORY_COPY_HOST_TO_DEVICE",2,"Agent 0","Agent 1",1470,3040133221074,3040133258514
"MEMORY_COPY","MEMORY_COPY_HOST_TO_DEVICE",2,"Agent 0","Agent 1",1473,3040133279364,3040133285044
"MEMORY_COPY","MEMORY_COPY_HOST_TO_DEVICE",2,"Agent 0","Agent 1",1476,3040133301004,3040133306684
"MEMORY_COPY","MEMORY_COPY_HOST_TO_DEVICE",2,"Agent 0","Agent 1",1479,3040133609235,3040134319357
"MEMORY_COPY","MEMORY_COPY_HOST_TO_DEVICE",2,"Agent 0","Agent 1",1482,3040134545868,3040134973869
"MEMORY_COPY","MEMORY_COPY_HOST_TO_DEVICE",2,"Agent 0","Agent 1",1485,3040135009729,3040135023289
"MEMORY_COPY","MEMORY_COPY_HOST_TO_DEVICE",2,"Agent 0","Agent 1",1494,3040135105700,3040135113140
"MEMORY_COPY","MEMORY_COPY_HOST_TO_DEVICE",2,"Agent 0","Agent 1",1497,3040135131390,3040135138830
"MEMORY_COPY","MEMORY_COPY_HOST_TO_DEVICE",2,"Agent 0","Agent 1",1503,3040135425281,3040135904842
"MEMORY_COPY","MEMORY_COPY_HOST_TO_DEVICE",2,"Agent 0","Agent 1",1506,3040136325274,3040137516157
"MEMORY_COPY","MEMORY_COPY_HOST_TO_DEVICE",2,"Agent 0","Agent 1",1506,3040137520237,3040137559077
"MEMORY_COPY","MEMORY_COPY_HOST_TO_DEVICE",2,"Agent 0","Agent 1",1509,3040137994569,3040139184613
"MEMORY_COPY","MEMORY_COPY_HOST_TO_DEVICE",2,"Agent 0","Agent 1",1509,3040139188773,3040139225133
"MEMORY_COPY","MEMORY_COPY_HOST_TO_DEVICE",2,"Agent 0","Agent 1",1512,3040139622734,3040140810818
"MEMORY_COPY","MEMORY_COPY_HOST_TO_DEVICE",2,"Agent 0","Agent 1",1512,3040140814938,3040140851058
"MEMORY_COPY","MEMORY_COPY_HOST_TO_DEVICE",2,"Agent 0","Agent 1",1515,3040140871178,3040140876578
"MEMORY_COPY","MEMORY_COPY_HOST_TO_DEVICE",2,"Agent 0","Agent 1",1518,3040140892238,3040140897758
"MEMORY_COPY","MEMORY_COPY_HOST_TO_DEVICE",2,"Agent 0","Agent 1",1521,3040141254929,3040142208452
"MEMORY_COPY","MEMORY_COPY_HOST_TO_DEVICE",2,"Agent 0","Agent 1",1524,3040142270092,3040142353773
"MEMORY_COPY","MEMORY_COPY_HOST_TO_DEVICE",2,"Agent 0","Agent 1",1527,3040142510393,3040142612873
"MEMORY_COPY","MEMORY_COPY_HOST_TO_DEVICE",2,"Agent 0","Agent 1",1530,3040142857264,3040143336466
"MEMORY_COPY","MEMORY_COPY_HOST_TO_DEVICE",2,"Agent 0","Agent 1",1539,3040143850617,3040145037781
"MEMORY_COPY","MEMORY_COPY_HOST_TO_DEVICE",2,"Agent 0","Agent 1",1539,3040145041861,3040145078661
"MEMORY_COPY","MEMORY_COPY_HOST_TO_DEVICE",2,"Agent 0","Agent 1",1542,3040145515603,3040146714206
"MEMORY_COPY","MEMORY_COPY_HOST_TO_DEVICE",2,"Agent 0","Agent 1",1542,3040146718366,3040146755566
"MEMORY_COPY","MEMORY_COPY_HOST_TO_DEVICE",2,"Agent 0","Agent 1",1545,3040147178088,3040148372612
"MEMORY_COPY","MEMORY_COPY_HOST_TO_DEVICE",2,"Agent 0","Agent 1",1545,3040148376852,3040148412812
"MEMORY_COPY","MEMORY_COPY_HOST_TO_DEVICE",2,"Agent 0","Agent 1",1548,3040148434352,3040148439752
"MEMORY_COPY","MEMORY_COPY_HOST_TO_DEVICE",2,"Agent 0","Agent 1",1551,3040148455802,3040148461402
"MEMORY_COPY","MEMORY_COPY_HOST_TO_DEVICE",2,"Agent 0","Agent 1",1554,3040148797393,3040149506875
"MEMORY_COPY","MEMORY_COPY_HOST_TO_DEVICE",2,"Agent 0","Agent 1",1557,3040149767436,3040150194757
"MEMORY_COPY","MEMORY_COPY_HOST_TO_DEVICE",2,"Agent 0","Agent 1",1560,3040150228087,3040150241647
"MEMORY_COPY","MEMORY_COPY_HOST_TO_DEVICE",2,"Agent 0","Agent 1",1569,3040150323688,3040150330928
"MEMORY_COPY","MEMORY_COPY_HOST_TO_DEVICE",2,"Agent 0","Agent 1",1572,3040150348828,3040150356068
"MEMORY_COPY","MEMORY_COPY_HOST_TO_DEVICE",2,"Agent 0","Agent 1",1578,3040150671739,3040151151420
"MEMORY_COPY","MEMORY_COPY_HOST_TO_DEVICE",2,"Agent 0","Agent 1",1581,3040151776602,3040152968646
"MEMORY_COPY","MEMORY_COPY_HOST_TO_DEVICE",2,"Agent 0","Agent 1",1581,3040152976166,3040153012846
"MEMORY_COPY","MEMORY_COPY_HOST_TO_DEVICE",2,"Agent 0","Agent 1",1584,3040153449548,3040154641391
"MEMORY_COPY","MEMORY_COPY_HOST_TO_DEVICE",2,"Agent 0","Agent 1",1584,3040154645631,3040154682511
"MEMORY_COPY","MEMORY_COPY_HOST_TO_DEVICE",2,"Agent 0","Agent 1",1587,3040155311913,3040156501917
"MEMORY_COPY","MEMORY_COPY_HOST_TO_DEVICE",2,"Agent 0","Agent 1",1587,3040156506117,3040156542237
"MEMORY_COPY","MEMORY_COPY_HOST_TO_DEVICE",2,"Agent 0","Agent 1",1590,3040156563307,3040156568547
"MEMORY_COPY","MEMORY_COPY_HOST_TO_DEVICE",2,"Agent 0","Agent 1",1593,3040156583467,3040156588707
"MEMORY_COPY","MEMORY_COPY_HOST_TO_DEVICE",2,"Agent 0","Agent 1",1596,3040156925698,3040157634941
"MEMORY_COPY","MEMORY_COPY_HOST_TO_DEVICE",2,"Agent 0","Agent 1",1599,3040157870021,3040158297383
"MEMORY_COPY","MEMORY_COPY_HOST_TO_DEVICE",2,"Agent 0","Agent 1",1602,3040158330323,3040158343683
"MEMORY_COPY","MEMORY_COPY_HOST_TO_DEVICE",2,"Agent 0","Agent 1",1611,3040158423133,3040158430133
"MEMORY_COPY","MEMORY_COPY_HOST_TO_DEVICE",2,"Agent 0","Agent 1",1614,3040158447713,3040158454953
"MEMORY_COPY","MEMORY_COPY_HOST_TO_DEVICE",2,"Agent 0","Agent 1",1620,3040158769234,3040159249476
"MEMORY_COPY","MEMORY_COPY_HOST_TO_DEVICE",2,"Agent 0","Agent 1",1623,3040159653957,3040160849521
"MEMORY_COPY","MEMORY_COPY_HOST_TO_DEVICE",2,"Agent 0","Agent 1",1623,3040160853681,3040160889841
"MEMORY_COPY","MEMORY_COPY_HOST_TO_DEVICE",2,"Agent 0","Agent 1",1626,3040161325532,3040162528896
"MEMORY_COPY","MEMORY_COPY_HOST_TO_DEVICE",2,"Agent 0","Agent 1",1626,3040162533016,3040162569896
"MEMORY_COPY","MEMORY_COPY_HOST_TO_DEVICE",2,"Agent 0","Agent 1",1629,3040162985468,3040164232952
"MEMORY_COPY","MEMORY_COPY_HOST_TO_DEVICE",2,"Agent 0","Agent 1",1629,3040164237112,3040164276392
"MEMORY_COPY","MEMORY_COPY_HOST_TO_DEVICE",2,"Agent 0","Agent 1",1632,3040164300802,3040164306322
"MEMORY_COPY","MEMORY_COPY_HOST_TO_DEVICE",2,"Agent 0","Agent 1",1635,3040164321882,3040164327242
"MEMORY_COPY","MEMORY_COPY_HOST_TO_DEVICE",2,"Agent 0","Agent 1",1638,3040164680833,3040165390475
"MEMORY_COPY","MEMORY_COPY_HOST_TO_DEVICE",2,"Agent 0","Agent 1",1641,3040165630916,3040166058357
"MEMORY_COPY","MEMORY_COPY_HOST_TO_DEVICE",2,"Agent 0","Agent 1",1644,3040166093027,3040166106587
"MEMORY_COPY","MEMORY_COPY_HOST_TO_DEVICE",2,"Agent 0","Agent 1",1653,3040166199138,3040166206418
"MEMORY_COPY","MEMORY_COPY_HOST_TO_DEVICE",2,"Agent 0","Agent 1",1656,3040166225208,3040166232448
"MEMORY_COPY","MEMORY_COPY_HOST_TO_DEVICE",2,"Agent 0","Agent 1",1662,3040166511549,3040166990750
"MEMORY_COPY","MEMORY_COPY_HOST_TO_DEVICE",2,"Agent 0","Agent 1",1665,3040167616982,3040168805426
"MEMORY_COPY","MEMORY_COPY_HOST_TO_DEVICE",2,"Agent 0","Agent 1",1665,3040168809666,3040168846266
"MEMORY_COPY","MEMORY_COPY_HOST_TO_DEVICE",2,"Agent 0","Agent 1",1668,3040169477968,3040170673252
"MEMORY_COPY","MEMORY_COPY_HOST_TO_DEVICE",2,"Agent 0","Agent 1",1668,3040170677452,3040170714292
"MEMORY_COPY","MEMORY_COPY_HOST_TO_DEVICE",2,"Agent 0","Agent 1",1671,3040171340614,3040172529858
"MEMORY_COPY","MEMORY_COPY_HOST_TO_DEVICE",2,"Agent 0","Agent 1",1671,3040172534058,3040172570578
"MEMORY_COPY","MEMORY_COPY_HOST_TO_DEVICE",2,"Agent 0","Agent 1",1674,3040172590878,3040172596198
"MEMORY_COPY","MEMORY_COPY_HOST_TO_DEVICE",2,"Agent 0","Agent 1",1677,3040172611808,3040172617048
"MEMORY_COPY","MEMORY_COPY_HOST_TO_DEVICE",2,"Agent 0","Agent 1",1680,3040173045019,3040173998782
"MEMORY_COPY","MEMORY_COPY_HOST_TO_DEVICE",2,"Agent 0","Agent 1",1683,3040174063132,3040174146653
"MEMORY_COPY","MEMORY_COPY_HOST_TO_DEVICE",2,"Agent 0","Agent 1",1686,3040174306483,3040174412524
"MEMORY_COPY","MEMORY_COPY_HOST_TO_DEVICE",2,"Agent 0","Agent 1",1689,3040174661234,3040175140756
"MEMORY_COPY","MEMORY_COPY_HOST_TO_DEVICE",2,"Agent 0","Agent 1",1698,3040175832478,3040177022282
"MEMORY_COPY","MEMORY_COPY_HOST_TO_DEVICE",2,"Agent 0","Agent 1",1698,3040177026522,3040177063722
"MEMORY_COPY","MEMORY_COPY_HOST_TO_DEVICE",2,"Agent 0","Agent 1",1701,3040177691224,3040178883628
"MEMORY_COPY","MEMORY_COPY_HOST_TO_DEVICE",2,"Agent 0","Agent 1",1701,3040178890348,3040178926428
"MEMORY_COPY","MEMORY_COPY_HOST_TO_DEVICE",2,"Agent 0","Agent 1",1704,3040179552520,3040180744484
"MEMORY_COPY","MEMORY_COPY_HOST_TO_DEVICE",2,"Agent 0","Agent 1",1704,3040180748604,3040180785964
"MEMORY_COPY","MEMORY_COPY_HOST_TO_DEVICE",2,"Agent 0","Agent 1",1707,3040180807054,3040180812454
"MEMORY_COPY","MEMORY_COPY_HOST_TO_DEVICE",2,"Agent 0","Agent 1",1710,3040180828994,3040180834514
"MEMORY_COPY","MEMORY_COPY_HOST_TO_DEVICE",2,"Agent 0","Agent 1",1713,3040181148975,3040181867657
"MEMORY_COPY","MEMORY_COPY_HOST_TO_DEVICE",2,"Agent 0","Agent 1",1716,3040182099228,3040182526829
"MEMORY_COPY","MEMORY_COPY_HOST_TO_DEVICE",2,"Agent 0","Agent 1",1719,3040182559809,3040182573089
"MEMORY_COPY","MEMORY_COPY_HOST_TO_DEVICE",2,"Agent 0","Agent 1",1728,3040182653380,3040182660460
"MEMORY_COPY","MEMORY_COPY_HOST_TO_DEVICE",2,"Agent 0","Agent 1",1731,3040182678150,3040182685190
"MEMORY_COPY","MEMORY_COPY_HOST_TO_DEVICE",2,"Agent 0","Agent 1",1737,3040182968281,3040183447682
"MEMORY_COPY","MEMORY_COPY_HOST_TO_DEVICE",2,"Agent 0","Agent 1",1740,3040183855023,3040185044027
"MEMORY_COPY","MEMORY_COPY_HOST_TO_DEVICE",2,"Agent 0","Agent 1",1740,3040185048227,3040185084827
"MEMORY_COPY","MEMORY_COPY_HOST_TO_DEVICE",2,"Agent 0","Agent 1",1743,3040185509159,3040186698122
"MEMORY_COPY","MEMORY_COPY_HOST_TO_DEVICE",2,"Agent 0","Agent 1",1743,3040186702362,3040186738162
"MEMORY_COPY","MEMORY_COPY_HOST_TO_DEVICE",2,"Agent 0","Agent 1",1746,3040187364814,3040188572298
"MEMORY_COPY","MEMORY_COPY_HOST_TO_DEVICE",2,"Agent 0","Agent 1",1746,3040188576578,3040188614818
"MEMORY_COPY","MEMORY_COPY_HOST_TO_DEVICE",2,"Agent 0","Agent 1",1749,3040188635158,3040188640558
"MEMORY_COPY","MEMORY_COPY_HOST_TO_DEVICE",2,"Agent 0","Agent 1",1752,3040188800009,3040188805409
"MEMORY_COPY","MEMORY_COPY_HOST_TO_DEVICE",2,"Agent 0","Agent 1",1755,3040189180330,3040189889652
"MEMORY_COPY","MEMORY_COPY_HOST_TO_DEVICE",2,"Agent 0","Agent 1",1758,3040190159129,3040190586730
"MEMORY_COPY","MEMORY_COPY_HOST_TO_DEVICE",2,"Agent 0","Agent 1",1761,3040190623110,3040190636470
"MEMORY_COPY","MEMORY_COPY_HOST_TO_DEVICE",2,"Agent 0","Agent 1",1770,3040190717670,3040190724790
"MEMORY_COPY","MEMORY_COPY_HOST_TO_DEVICE",2,"Agent 0","Agent 1",1773,3040190742650,3040190749770
"MEMORY_COPY","MEMORY_COPY_HOST_TO_DEVICE",2,"Agent 0","Agent 1",1779,3040191040451,3040191519812
"MEMORY_COPY","MEMORY_COPY_HOST_TO_DEVICE",2,"Agent 0","Agent 1",1782,3040191983324,3040193173568
"MEMORY_COPY","MEMORY_COPY_HOST_TO_DEVICE",2,"Agent 0","Agent 1",1782,3040193185328,3040193222408
"MEMORY_COPY","MEMORY_COPY_HOST_TO_DEVICE",2,"Agent 0","Agent 1",1785,3040193843220,3040195039664
"MEMORY_COPY","MEMORY_COPY_HOST_TO_DEVICE",2,"Agent 0","Agent 1",1785,3040195045704,3040195082824
"MEMORY_COPY","MEMORY_COPY_HOST_TO_DEVICE",2,"Agent 0","Agent 1",1788,3040195599265,3040196791949
"MEMORY_COPY","MEMORY_COPY_HOST_TO_DEVICE",2,"Agent 0","Agent 1",1788,3040196796109,3040196833629
"MEMORY_COPY","MEMORY_COPY_HOST_TO_DEVICE",2,"Agent 0","Agent 1",1791,3040196855309,3040196860629
"MEMORY_COPY","MEMORY_COPY_HOST_TO_DEVICE",2,"Agent 0","Agent 1",1794,3040196877729,3040196883129
"MEMORY_COPY","MEMORY_COPY_HOST_TO_DEVICE",2,"Agent 0","Agent 1",1797,3040197227080,3040197936643
"MEMORY_COPY","MEMORY_COPY_HOST_TO_DEVICE",2,"Agent 0","Agent 1",1800,3040198198963,3040198626525
"MEMORY_COPY","MEMORY_COPY_HOST_TO_DEVICE",2,"Agent 0","Agent 1",1803,3040198661425,3040198674665
"MEMORY_COPY","MEMORY_COPY_HOST_TO_DEVICE",2,"Agent 0","Agent 1",1812,3040198755255,3040198762375
"MEMORY_COPY","MEMORY_COPY_HOST_TO_DEVICE",2,"Agent 0","Agent 1",1815,3040198780395,3040198787515
"MEMORY_COPY","MEMORY_COPY_HOST_TO_DEVICE",2,"Agent 0","Agent 1",1821,3040199088206,3040199567488
"MEMORY_COPY","MEMORY_COPY_HOST_TO_DEVICE",2,"Agent 0","Agent 1",1824,3040200193110,3040201383953
"MEMORY_COPY","MEMORY_COPY_HOST_TO_DEVICE",2,"Agent 0","Agent 1",1824,3040201389033,3040201425914
"MEMORY_COPY","MEMORY_COPY_HOST_TO_DEVICE",2,"Agent 0","Agent 1",1827,3040201872005,3040203063049
"MEMORY_COPY","MEMORY_COPY_HOST_TO_DEVICE",2,"Agent 0","Agent 1",1827,3040203067289,3040203103929
"MEMORY_COPY","MEMORY_COPY_HOST_TO_DEVICE",2,"Agent 0","Agent 1",1830,3040203731071,3040204942595
"MEMORY_COPY","MEMORY_COPY_HOST_TO_DEVICE",2,"Agent 0","Agent 1",1830,3040204946755,3040204985715
"MEMORY_COPY","MEMORY_COPY_HOST_TO_DEVICE",2,"Agent 0","Agent 1",1833,3040205010115,3040205015435
"MEMORY_COPY","MEMORY_COPY_HOST_TO_DEVICE",2,"Agent 0","Agent 1",1836,3040205032465,3040205037865
"MEMORY_COPY","MEMORY_COPY_HOST_TO_DEVICE",2,"Agent 0","Agent 1",1839,3040205447426,3040206410669
"MEMORY_COPY","MEMORY_COPY_HOST_TO_DEVICE",2,"Agent 0","Agent 1",1842,3040206500330,3040206584210
"MEMORY_COPY","MEMORY_COPY_HOST_TO_DEVICE",2,"Agent 0","Agent 1",1845,3040206652240,3040206754520
"MEMORY_COPY","MEMORY_COPY_HOST_TO_DEVICE",2,"Agent 0","Agent 1",1848,3040206989771,3040207478413
"MEMORY_COPY","MEMORY_COPY_HOST_TO_DEVICE",2,"Agent 0","Agent 1",1857,3040208124335,3040209326658
"MEMORY_COPY","MEMORY_COPY_HOST_TO_DEVICE",2,"Agent 0","Agent 1",1857,3040209331698,3040209368299
"MEMORY_COPY","MEMORY_COPY_HOST_TO_DEVICE",2,"Agent 0","Agent 1",1860,3040209756130,3040210947094
"MEMORY_COPY","MEMORY_COPY_HOST_TO_DEVICE",2,"Agent 0","Agent 1",1860,3040210951334,3040210987374
"MEMORY_COPY","MEMORY_COPY_HOST_TO_DEVICE",2,"Agent 0","Agent 1",1863,3040211431215,3040212621579
"MEMORY_COPY","MEMORY_COPY_HOST_TO_DEVICE",2,"Agent 0","Agent 1",1863,3040212626059,3040212662459
"MEMORY_COPY","MEMORY_COPY_HOST_TO_DEVICE",2,"Agent 0","Agent 1",1866,3040212683649,3040212688969
"MEMORY_COPY","MEMORY_COPY_HOST_TO_DEVICE",2,"Agent 0","Agent 1",1869,3040212705149,3040212710509
"MEMORY_COPY","MEMORY_COPY_HOST_TO_DEVICE",2,"Agent 0","Agent 1",1872,3040213052350,3040213761832
"MEMORY_COPY","MEMORY_COPY_HOST_TO_DEVICE",2,"Agent 0","Agent 1",1875,3040213991323,3040214419405
"MEMORY_COPY","MEMORY_COPY_HOST_TO_DEVICE",2,"Agent 0","Agent 1",1878,3040214455595,3040214468955
"MEMORY_COPY","MEMORY_COPY_HOST_TO_DEVICE",2,"Agent 0","Agent 1",1887,3040214550715,3040214557835
"MEMORY_COPY","MEMORY_COPY_HOST_TO_DEVICE",2,"Agent 0","Agent 1",1890,3040214577025,3040214584145
"MEMORY_COPY","MEMORY_COPY_HOST_TO_DEVICE",2,"Agent 0","Agent 1",1896,3040214894436,3040215373838
"MEMORY_COPY","MEMORY_COPY_HOST_TO_DEVICE",2,"Agent 0","Agent 1",1899,3040215816379,3040217007543
"MEMORY_COPY","MEMORY_COPY_HOST_TO_DEVICE",2,"Agent 0","Agent 1",1899,3040217010903,3040217049343
"MEMORY_COPY","MEMORY_COPY_HOST_TO_DEVICE",2,"Agent 0","Agent 1",1902,3040217676665,3040218867709
"MEMORY_COPY","MEMORY_COPY_HOST_TO_DEVICE",2,"Agent 0","Agent 1",1902,3040218871869,3040218909149
"MEMORY_COPY","MEMORY_COPY_HOST_TO_DEVICE",2,"Agent 0","Agent 1",1905,3040219534961,3040220729324
"MEMORY_COPY","MEMORY_COPY_HOST_TO_DEVICE",2,"Agent 0","Agent 1",1905,3040220735204,3040220771485
"MEMORY_COPY","MEMORY_COPY_HOST_TO_DEVICE",2,"Agent 0","Agent 1",1908,3040220801365,3040220806685
"MEMORY_COPY","MEMORY_COPY_HOST_TO_DEVICE",2,"Agent 0","Agent 1",1911,3040220822985,3040220828345
"MEMORY_COPY","MEMORY_COPY_HOST_TO_DEVICE",2,"Agent 0","Agent 1",1914,3040221151626,3040221860988
"MEMORY_COPY","MEMORY_COPY_HOST_TO_DEVICE",2,"Agent 0","Agent 1",1917,3040222110699,3040222538260
"MEMORY_COPY","MEMORY_COPY_HOST_TO_DEVICE",2,"Agent 0","Agent 1",1920,3040222571810,3040222585170
"MEMORY_COPY","MEMORY_COPY_HOST_TO_DEVICE",2,"Agent 0","Agent 1",1929,3040222668650,3040222675891
"MEMORY_COPY","MEMORY_COPY_HOST_TO_DEVICE",2,"Agent 0","Agent 1",1932,3040222695051,3040222702211
"MEMORY_COPY","MEMORY_COPY_HOST_TO_DEVICE",2,"Agent 0","Agent 1",1938,3040223028532,3040223510653
"MEMORY_COPY","MEMORY_COPY_HOST_TO_DEVICE",2,"Agent 0","Agent 1",1941,3040224259835,3040225449679
"MEMORY_COPY","MEMORY_COPY_HOST_TO_DEVICE",2,"Agent 0","Agent 1",1941,3040225453119,3040225490679
"MEMORY_COPY","MEMORY_COPY_HOST_TO_DEVICE",2,"Agent 0","Agent 1",1944,3040225916851,3040227104894
"MEMORY_COPY","MEMORY_COPY_HOST_TO_DEVICE",2,"Agent 0","Agent 1",1944,3040227109134,3040227145575
"MEMORY_COPY","MEMORY_COPY_HOST_TO_DEVICE",2,"Agent 0","Agent 1",1947,3040227775617,3040228965340
"MEMORY_COPY","MEMORY_COPY_HOST_TO_DEVICE",2,"Agent 0","Agent 1",1947,3040228969620,3040229006180
"MEMORY_COPY","MEMORY_COPY_HOST_TO_DEVICE",2,"Agent 0","Agent 1",1950,3040229039251,3040229044651
"MEMORY_COPY","MEMORY_COPY_HOST_TO_DEVICE",2,"Agent 0","Agent 1",1953,3040229807843,3040229813403
"MEMORY_COPY","MEMORY_COPY_HOST_TO_DEVICE",2,"Agent 0","Agent 1",1956,3040230121384,3040230851066
"MEMORY_COPY","MEMORY_COPY_HOST_TO_DEVICE",2,"Agent 0","Agent 1",1959,3040231105817,3040231537978
"MEMORY_COPY","MEMORY_COPY_HOST_TO_DEVICE",2,"Agent 0","Agent 1",1962,3040231573659,3040231587739
"MEMORY_COPY","MEMORY_COPY_HOST_TO_DEVICE",2,"Agent 0","Agent 1",1971,3040231670069,3040231677269
"MEMORY_COPY","MEMORY_COPY_HOST_TO_DEVICE",2,"Agent 0","Agent 1",1974,3040231694959,3040231702159
"MEMORY_COPY","MEMORY_COPY_HOST_TO_DEVICE",2,"Agent 0","Agent 1",1980,3040232034180,3040232513781
"MEMORY_COPY","MEMORY_COPY_HOST_TO_DEVICE",2,"Agent 0","Agent 1",1983,3040233142833,3040234339757
"MEMORY_COPY","MEMORY_COPY_HOST_TO_DEVICE",2,"Agent 0","Agent 1",1983,3040234343077,3040234382677
"MEMORY_COPY","MEMORY_COPY_HOST_TO_DEVICE",2,"Agent 0","Agent 1",1986,3040234848759,3040236041443
"MEMORY_COPY","MEMORY_COPY_HOST_TO_DEVICE",2,"Agent 0","Agent 1",1986,3040236045603,3040236083123
"MEMORY_COPY","MEMORY_COPY_HOST_TO_DEVICE",2,"Agent 0","Agent 1",1989,3040236689085,3040237887808
"MEMORY_COPY","MEMORY_COPY_HOST_TO_DEVICE",2,"Agent 0","Agent 1",1989,3040237891208,3040237928289
"MEMORY_COPY","MEMORY_COPY_HOST_TO_DEVICE",2,"Agent 0","Agent 1",1992,3040237950409,3040237955929
"MEMORY_COPY","MEMORY_COPY_HOST_TO_DEVICE",2,"Agent 0","Agent 1",1995,3040237972099,3040237977579
"MEMORY_COPY","MEMORY_COPY_HOST_TO_DEVICE",2,"Agent 0","Agent 1",1998,3040238361230,3040239315273
"MEMORY_COPY","MEMORY_COPY_HOST_TO_DEVICE",2,"Agent 0","Agent 1",2001,3040239377873,3040239461953
"MEMORY_COPY","MEMORY_COPY_HOST_TO_DEVICE",2,"Agent 0","Agent 1",2004,3040239524444,3040239626684
"MEMORY_COPY","MEMORY_COPY_HOST_TO_DEVICE",2,"Agent 0","Agent 1",2007,3040239908185,3040240387786
"MEMORY_COPY","MEMORY_COPY_HOST_TO_DEVICE",2,"Agent 0","Agent 1",2016,3040241092308,3040242282472
"MEMORY_COPY","MEMORY_COPY_HOST_TO_DEVICE",2,"Agent 0","Agent 1",2016,3040242285912,3040242323632
"MEMORY_COPY","MEMORY_COPY_HOST_TO_DEVICE",2,"Agent 0","Agent 1",2019,3040242953554,3040244148278
"MEMORY_COPY","MEMORY_COPY_HOST_TO_DEVICE",2,"Agent 0","Agent 1",2019,3040244151678,3040244188638
"MEMORY_COPY","MEMORY_COPY_HOST_TO_DEVICE",2,"Agent 0","Agent 1",2022,3040244818100,3040246006384
"MEMORY_COPY","MEMORY_COPY_HOST_TO_DEVICE",2,"Agent 0","Agent 1",2022,3040246024904,3040246062784
"MEMORY_COPY","MEMORY_COPY_HOST_TO_DEVICE",2,"Agent 0","Agent 1",2025,3040246086034,3040246091594
"MEMORY_COPY","MEMORY_COPY_HOST_TO_DEVICE",2,"Agent 0","Agent 1",2028,3040246108664,3040246114184
"MEMORY_COPY","MEMORY_COPY_HOST_TO_DEVICE",2,"Agent 0","Agent 1",2031,3040246434645,3040247144448
"MEMORY_COPY","MEMORY_COPY_HOST_TO_DEVICE",2,"Agent 0","Agent 1",2034,3040247432578,3040247873660
"MEMORY_COPY","MEMORY_COPY_HOST_TO_DEVICE",2,"Agent 0","Agent 1",2037,3040247931830,3040247945470
"MEMORY_COPY","MEMORY_COPY_HOST_TO_DEVICE",2,"Agent 0","Agent 1",2046,3040248041860,3040248049020
"MEMORY_COPY","MEMORY_COPY_HOST_TO_DEVICE",2,"Agent 0","Agent 1",2049,3040248071970,3040248079250
"MEMORY_COPY","MEMORY_COPY_HOST_TO_DEVICE",2,"Agent 0","Agent 1",2055,3040248369781,3040248850743
"MEMORY_COPY","MEMORY_COPY_HOST_TO_DEVICE",2,"Agent 0","Agent 1",2058,3040249511625,3040250721909
"MEMORY_COPY","MEMORY_COPY_HOST_TO_DEVICE",2,"Agent 0","Agent 1",2058,3040250731229,3040250769549
"MEMORY_COPY","MEMORY_COPY_HOST_TO_DEVICE",2,"Agent 0","Agent 1",2061,3040251400461,3040252589705
"MEMORY_COPY","MEMORY_COPY_HOST_TO_DEVICE",2,"Agent 0","Agent 1",2061,3040252594105,3040252630065
"MEMORY_COPY","MEMORY_COPY_HOST_TO_DEVICE",2,"Agent 0","Agent 1",2064,3040253057426,3040254247229
"MEMORY_COPY","MEMORY_COPY_HOST_TO_DEVICE",2,"Agent 0","Agent 1",2064,3040254255629,3040254292029
"MEMORY_COPY","MEMORY_COPY_HOST_TO_DEVICE",2,"Agent 0","Agent 1",2067,3040254312949,3040254318349
"MEMORY_COPY","MEMORY_COPY_HOST_TO_DEVICE",2,"Agent 0","Agent 1",2070,3040254335689,3040254341329
"MEMORY_COPY","MEMORY_COPY_HOST_TO_DEVICE",2,"Agent 0","Agent 1",2073,3040254552139,3040255261382
"MEMORY_COPY","MEMORY_COPY_HOST_TO_DEVICE",2,"Agent 0","Agent 1",2076,3040255513962,3040255941764
"MEMORY_COPY","MEMORY_COPY_HOST_TO_DEVICE",2,"Agent 0","Agent 1",2079,3040255975284,3040255988804
"MEMORY_COPY","MEMORY_COPY_HOST_TO_DEVICE",2,"Agent 0","Agent 1",2088,3040256072084,3040256079404
"MEMORY_COPY","MEMORY_COPY_HOST_TO_DEVICE",2,"Agent 0","Agent 1",2091,3040256097324,3040256104644
"MEMORY_COPY","MEMORY_COPY_HOST_TO_DEVICE",2,"Agent 0","Agent 1",2097,3040256387825,3040256867587
"MEMORY_COPY","MEMORY_COPY_HOST_TO_DEVICE",2,"Agent 0","Agent 1",2100,3040257292188,3040258492992
"MEMORY_COPY","MEMORY_COPY_HOST_TO_DEVICE",2,"Agent 0","Agent 1",2100,3040258497232,3040258534952
"MEMORY_COPY","MEMORY_COPY_HOST_TO_DEVICE",2,"Agent 0","Agent 1",2103,3040259239204,3040260430888
"MEMORY_COPY","MEMORY_COPY_HOST_TO_DEVICE",2,"Agent 0","Agent 1",2103,3040260440128,3040260477928
"MEMORY_COPY","MEMORY_COPY_HOST_TO_DEVICE",2,"Agent 0","Agent 1",2106,3040260884879,3040262073803
"MEMORY_COPY","MEMORY_COPY_HOST_TO_DEVICE",2,"Agent 0","Agent 1",2106,3040262082403,3040262119443
"MEMORY_COPY","MEMORY_COPY_HOST_TO_DEVICE",2,"Agent 0","Agent 1",2109,3040262140053,3040262145573
"MEMORY_COPY","MEMORY_COPY_HOST_TO_DEVICE",2,"Agent 0","Agent 1",2112,3040262162083,3040262167683
"MEMORY_COPY","MEMORY_COPY_HOST_TO_DEVICE",2,"Agent 0","Agent 1",2115,3040262514025,3040263223707
"MEMORY_COPY","MEMORY_COPY_HOST_TO_DEVICE",2,"Agent 0","Agent 1",2118,3040263449317,3040263877239
"MEMORY_COPY","MEMORY_COPY_HOST_TO_DEVICE",2,"Agent 0","Agent 1",2121,3040263910489,3040263923929
"MEMORY_COPY","MEMORY_COPY_HOST_TO_DEVICE",2,"Agent 0","Agent 1",2130,3040264008039,3040264015319
"MEMORY_COPY","MEMORY_COPY_HOST_TO_DEVICE",2,"Agent 0","Agent 1",2133,3040264033949,3040264041269
"MEMORY_COPY","MEMORY_COPY_HOST_TO_DEVICE",2,"Agent 0","Agent 1",2139,3040264348230,3040264835792
"MEMORY_COPY","MEMORY_COPY_HOST_TO_DEVICE",2,"Agent 0","Agent 1",2142,3040265464914,3040266666998
"MEMORY_COPY","MEMORY_COPY_HOST_TO_DEVICE",2,"Agent 0","Agent 1",2142,3040266670478,3040266708118
"MEMORY_COPY","MEMORY_COPY_HOST_TO_DEVICE",2,"Agent 0","Agent 1",2145,3040267101209,3040268291693
"MEMORY_COPY","MEMORY_COPY_HOST_TO_DEVICE",2,"Agent 0","Agent 1",2145,3040268296093,3040268332573
"MEMORY_COPY","MEMORY_COPY_HOST_TO_DEVICE",2,"Agent 0","Agent 1",2148,3040268723504,3040269912388
"MEMORY_COPY","MEMORY_COPY_HOST_TO_DEVICE",2,"Agent 0","Agent 1",2148,3040269915868,3040269953148
"MEMORY_COPY","MEMORY_COPY_HOST_TO_DEVICE",2,"Agent 0","Agent 1",2151,3040269973578,3040269979058
"MEMORY_COPY","MEMORY_COPY_HOST_TO_DEVICE",2,"Agent 0","Agent 1",2154,3040269995598,3040270001078
"MEMORY_COPY","MEMORY_COPY_HOST_TO_DEVICE",2,"Agent 0","Agent 1",2157,3040270441810,3040271396013
"MEMORY_COPY","MEMORY_COPY_HOST_TO_DEVICE",2,"Agent 0","Agent 1",2160,3040271459013,3040271542853
"MEMORY_COPY","MEMORY_COPY_HOST_TO_DEVICE",2,"Agent 0","Agent 1",2163,3040271705174,3040271811094
"MEMORY_COPY","MEMORY_COPY_HOST_TO_DEVICE",2,"Agent 0","Agent 1",2166,3040272051715,3040272534996
"MEMORY_COPY","MEMORY_COPY_HOST_TO_DEVICE",2,"Agent 0","Agent 1",2175,3040273257558,3040274454922
"MEMORY_COPY","MEMORY_COPY_HOST_TO_DEVICE",2,"Agent 0","Agent 1",2175,3040274459202,3040274495642
"MEMORY_COPY","MEMORY_COPY_HOST_TO_DEVICE",2,"Agent 0","Agent 1",2178,3040274892974,3040276090457
"MEMORY_COPY","MEMORY_COPY_HOST_TO_DEVICE",2,"Agent 0","Agent 1",2178,3040276099817,3040276136337
"MEMORY_COPY","MEMORY_COPY_HOST_TO_DEVICE",2,"Agent 0","Agent 1",2181,3040276563029,3040277754873
"MEMORY_COPY","MEMORY_COPY_HOST_TO_DEVICE",2,"Agent 0","Agent 1",2181,3040277759233,3040277796473
"MEMORY_COPY","MEMORY_COPY_HOST_TO_DEVICE",2,"Agent 0","Agent 1",2184,3040277818633,3040277824313
"MEMORY_COPY","MEMORY_COPY_HOST_TO_DEVICE",2,"Agent 0","Agent 1",2187,3040277841753,3040277847473
"MEMORY_COPY","MEMORY_COPY_HOST_TO_DEVICE",2,"Agent 0","Agent 1",2190,3040278202364,3040278916286
"MEMORY_COPY","MEMORY_COPY_HOST_TO_DEVICE",2,"Agent 0","Agent 1",2193,3040279147557,3040279575398
"MEMORY_COPY","MEMORY_COPY_HOST_TO_DEVICE",2,"Agent 0","Agent 1",2196,3040279616508,3040279630029
"MEMORY_COPY","MEMORY_COPY_HOST_TO_DEVICE",2,"Agent 0","Agent 1",2205,3040279714689,3040279722089
"MEMORY_COPY","MEMORY_COPY_HOST_TO_DEVICE",2,"Agent 0","Agent 1",2208,3040279746369,3040279753769
"MEMORY_COPY","MEMORY_COPY_HOST_TO_DEVICE",2,"Agent 0","Agent 1",2214,3040280044610,3040280524331
"MEMORY_COPY","MEMORY_COPY_HOST_TO_DEVICE",2,"Agent 0","Agent 1",2217,3040280961313,3040282157316
"MEMORY_COPY","MEMORY_COPY_HOST_TO_DEVICE",2,"Agent 0","Agent 1",2217,3040282161516,3040282199237
"MEMORY_COPY","MEMORY_COPY_HOST_TO_DEVICE",2,"Agent 0","Agent 1",2220,3040282831179,3040284022022
"MEMORY_COPY","MEMORY_COPY_HOST_TO_DEVICE",2,"Agent 0","Agent 1",2220,3040284025462,3040284062542
"MEMORY_COPY","MEMORY_COPY_HOST_TO_DEVICE",2,"Agent 0","Agent 1",2223,3040284641734,3040285839338
"MEMORY_COPY","MEMORY_COPY_HOST_TO_DEVICE",2,"Agent 0","Agent 1",2223,3040285842818,3040285879778
"MEMORY_COPY","MEMORY_COPY_HOST_TO_DEVICE",2,"Agent 0","Agent 1",2226,3040285901988,3040285907628
"MEMORY_COPY","MEMORY_COPY_HOST_TO_DEVICE",2,"Agent 0","Agent 1",2229,3040285924168,3040285929808
"MEMORY_COPY","MEMORY_COPY_HOST_TO_DEVICE",2,"Agent 0","Agent 1",2232,3040286244689,3040286954292
"MEMORY_COPY","MEMORY_COPY_HOST_TO_DEVICE",2,"Agent 0","Agent 1",2235,3040287192582,3040287621184
"MEMORY_COPY","MEMORY_COPY_HOST_TO_DEVICE",2,"Agent 0","Agent 1",2238,3040287656034,3040287669514
"MEMORY_COPY","MEMORY_COPY_HOST_TO_DEVICE",2,"Agent 0","Agent 1",2247,3040287754684,3040287762084
"MEMORY_COPY","MEMORY_COPY_HOST_TO_DEVICE",2,"Agent 0","Agent 1",2250,3040287779944,3040287787224
"MEMORY_COPY","MEMORY_COPY_HOST_TO_DEVICE",2,"Agent 0","Agent 1",2256,3040288101925,3040288581847
"MEMORY_COPY","MEMORY_COPY_HOST_TO_DEVICE",2,"Agent 0","Agent 1",2259,3040289213369,3040290408212
"MEMORY_COPY","MEMORY_COPY_HOST_TO_DEVICE",2,"Agent 0","Agent 1",2259,3040290411692,3040290453613
"MEMORY_COPY","MEMORY_COPY_HOST_TO_DEVICE",2,"Agent 0","Agent 1",2262,3040290861734,3040292062458
"MEMORY_COPY","MEMORY_COPY_HOST_TO_DEVICE",2,"Agent 0","Agent 1",2262,3040292065938,3040292102898
"MEMORY_COPY","MEMORY_COPY_HOST_TO_DEVICE",2,"Agent 0","Agent 1",2265,3040292706940,3040293896943
"MEMORY_COPY","MEMORY_COPY_HOST_TO_DEVICE",2,"Agent 0","Agent 1",2265,3040293900503,3040293937264
"MEMORY_COPY","MEMORY_COPY_HOST_TO_DEVICE",2,"Agent 0","Agent 1",2268,3040293959294,3040293965054
"MEMORY_COPY","MEMORY_COPY_HOST_TO_DEVICE",2,"Agent 0","Agent 1",2271,3040293982094,3040293987734
"MEMORY_COPY","MEMORY_COPY_HOST_TO_DEVICE",2,"Agent 0","Agent 1",2274,3040294343455,3040295052777
"MEMORY_COPY","MEMORY_COPY_HOST_TO_DEVICE",2,"Agent 0","Agent 1",2277,3040295281828,3040295709629
"MEMORY_COPY","MEMORY_COPY_HOST_TO_DEVICE",2,"Agent 0","Agent 1",2280,3040295742419,3040295755979
"MEMORY_COPY","MEMORY_COPY_HOST_TO_DEVICE",2,"Agent 0","Agent 1",2289,3040295836780,3040295844180
"MEMORY_COPY","MEMORY_COPY_HOST_TO_DEVICE",2,"Agent 0","Agent 1",2292,3040295862570,3040295869890
"MEMORY_COPY","MEMORY_COPY_HOST_TO_DEVICE",2,"Agent 0","Agent 1",2298,3040296185711,3040296665192
"MEMORY_COPY","MEMORY_COPY_HOST_TO_DEVICE",2,"Agent 0","Agent 1",2301,3040297252944,3040298447028
"MEMORY_COPY","MEMORY_COPY_HOST_TO_DEVICE",2,"Agent 0","Agent 1",2301,3040298450548,3040298488268
"MEMORY_COPY","MEMORY_COPY_HOST_TO_DEVICE",2,"Agent 0","Agent 1",2304,3040298926849,3040300120493
"MEMORY_COPY","MEMORY_COPY_HOST_TO_DEVICE",2,"Agent 0","Agent 1",2304,3040300124013,3040300161453
"MEMORY_COPY","MEMORY_COPY_HOST_TO_DEVICE",2,"Agent 0","Agent 1",2307,3040300793525,3040301980129
"MEMORY_COPY","MEMORY_COPY_HOST_TO_DEVICE",2,"Agent 0","Agent 1",2307,3040301983569,3040302021249
"MEMORY_COPY","MEMORY_COPY_HOST_TO_DEVICE",2,"Agent 0","Agent 1",2310,3040302042969,3040302048729
"MEMORY_COPY","MEMORY_COPY_HOST_TO_DEVICE",2,"Agent 0","Agent 1",2313,3040302065019,3040302070659
"MEMORY_COPY","MEMORY_COPY_HOST_TO_DEVICE",2,"Agent 0","Agent 1",2316,3040302469081,3040303423124
"MEMORY_COPY","MEMORY_COPY_HOST_TO_DEVICE",2,"Agent 0","Agent 1",2319,3040303485374,3040303569374
"MEMORY_COPY","MEMORY_COPY_HOST_TO_DEVICE",2,"Agent 0","Agent 1",2322,3040303634414,3040303736935
"MEMORY_COPY","MEMORY_COPY_HOST_TO_DEVICE",2,"Agent 0","Agent 1",2325,3040304026975,3040304506777
"MEMORY_COPY","MEMORY_COPY_HOST_TO_DEVICE",2,"Agent 0","Agent 1",2334,3040305024419,3040306216142
"MEMORY_COPY","MEMORY_COPY_HOST_TO_DEVICE",2,"Agent 0","Agent 1",2334,3040306223982,3040306261622
"MEMORY_COPY","MEMORY_COPY_HOST_TO_DEVICE",2,"Agent 0","Agent 1",2337,3040306665084,3040307868368
"MEMORY_COPY","MEMORY_COPY_HOST_TO_DEVICE",2,"Agent 0","Agent 1",2337,3040307871928,3040307909568
"MEMORY_COPY","MEMORY_COPY_HOST_TO_DEVICE",2,"Agent 0","Agent 1",2340,3040308541670,3040309729193
"MEMORY_COPY","MEMORY_COPY_HOST_TO_DEVICE",2,"Agent 0","Agent 1",2340,3040309732753,3040309770034
"MEMORY_COPY","MEMORY_COPY_HOST_TO_DEVICE",2,"Agent 0","Agent 1",2343,3040309792264,3040309798024
"MEMORY_COPY","MEMORY_COPY_HOST_TO_DEVICE",2,"Agent 0","Agent 1",2346,3040309814284,3040309819924
"MEMORY_COPY","MEMORY_COPY_HOST_TO_DEVICE",2,"Agent 0","Agent 1",2349,3040310155565,3040310865167
"MEMORY_COPY","MEMORY_COPY_HOST_TO_DEVICE",2,"Agent 0","Agent 1",2352,3040311119978,3040311547939
"MEMORY_COPY","MEMORY_COPY_HOST_TO_DEVICE",2,"Agent 0","Agent 1",2355,3040311580759,3040311594359
"MEMORY_COPY","MEMORY_COPY_HOST_TO_DEVICE",2,"Agent 0","Agent 1",2364,3040311677040,3040311684480
"MEMORY_COPY","MEMORY_COPY_HOST_TO_DEVICE",2,"Agent 0","Agent 1",2367,3040311703030,3040311710430
"MEMORY_COPY","MEMORY_COPY_HOST_TO_DEVICE",2,"Agent 0","Agent 1",2373,3040311991451,3040312470932
"MEMORY_COPY","MEMORY_COPY_HOST_TO_DEVICE",2,"Agent 0","Agent 1",2376,3040313094744,3040314289148
"MEMORY_COPY","MEMORY_COPY_HOST_TO_DEVICE",2,"Agent 0","Agent 1",2376,3040314293468,3040314332468
"MEMORY_COPY","MEMORY_COPY_HOST_TO_DEVICE",2,"Agent 0","Agent 1",2379,3040314931920,3040316144084
"MEMORY_COPY","MEMORY_COPY_HOST_TO_DEVICE",2,"Agent 0","Agent 1",2379,3040316147604,3040316185924
"MEMORY_COPY","MEMORY_COPY_HOST_TO_DEVICE",2,"Agent 0","Agent 1",2382,3040316671322,3040317869725
"MEMORY_COPY","MEMORY_COPY_HOST_TO_DEVICE",2,"Agent 0","Agent 1",2382,3040317878805,3040317915405
"MEMORY_COPY","MEMORY_COPY_HOST_TO_DEVICE",2,"Agent 0","Agent 1",2385,3040317936435,3040317941755
"MEMORY_COPY","MEMORY_COPY_HOST_TO_DEVICE",2,"Agent 0","Agent 1",2388,3040317957025,3040317962505
"MEMORY_COPY","MEMORY_COPY_HOST_TO_DEVICE",2,"Agent 0","Agent 1",2391,3040318284586,3040318994548
"MEMORY_COPY","MEMORY_COPY_HOST_TO_DEVICE",2,"Agent 0","Agent 1",2394,3040319220059,3040319647420
"MEMORY_COPY","MEMORY_COPY_HOST_TO_DEVICE",2,"Agent 0","Agent 1",2397,3040319682170,3040319695610
"MEMORY_COPY","MEMORY_COPY_HOST_TO_DEVICE",2,"Agent 0","Agent 1",2406,3040319778241,3040319785481
"MEMORY_COPY","MEMORY_COPY_HOST_TO_DEVICE",2,"Agent 0","Agent 1",2409,3040319804451,3040319811651
"MEMORY_COPY","MEMORY_COPY_HOST_TO_DEVICE",2,"Agent 0","Agent 1",2415,3040320134952,3040320617873
"MEMORY_COPY","MEMORY_COPY_HOST_TO_DEVICE",2,"Agent 0","Agent 1",2418,3040321040955,3040322230638
"MEMORY_COPY","MEMORY_COPY_HOST_TO_DEVICE",2,"Agent 0","Agent 1",2418,3040322234878,3040322271598
"MEMORY_COPY","MEMORY_COPY_HOST_TO_DEVICE",2,"Agent 0","Agent 1",2421,3040322899640,3040324094124
"MEMORY_COPY","MEMORY_COPY_HOST_TO_DEVICE",2,"Agent 0","Agent 1",2421,3040324099084,3040324135924
"MEMORY_COPY","MEMORY_COPY_HOST_TO_DEVICE",2,"Agent 0","Agent 1",2424,3040324762016,3040325953140
"MEMORY_COPY","MEMORY_COPY_HOST_TO_DEVICE",2,"Agent 0","Agent 1",2424,3040325957420,3040325994180
"MEMORY_COPY","MEMORY_COPY_HOST_TO_DEVICE",2,"Agent 0","Agent 1",2427,3040326017950,3040326023390
"MEMORY_COPY","MEMORY_COPY_HOST_TO_DEVICE",2,"Agent 0","Agent 1",2430,3040326038510,3040326044030
"MEMORY_COPY","MEMORY_COPY_HOST_TO_DEVICE",2,"Agent 0","Agent 1",2433,3040326349851,3040327059054
"MEMORY_COPY","MEMORY_COPY_HOST_TO_DEVICE",2,"Agent 0","Agent 1",2436,3040327283584,3040327715146
"MEMORY_COPY","MEMORY_COPY_HOST_TO_DEVICE",2,"Agent 0","Agent 1",2439,3040327746356,3040327759716
"MEMORY_COPY","MEMORY_COPY_HOST_TO_DEVICE",2,"Agent 0","Agent 1",2448,3040327839306,3040327846546
"MEMORY_COPY","MEMORY_COPY_HOST_TO_DEVICE",2,"Agent 0","Agent 1",2451,3040327871426,3040327878426
"MEMORY_COPY","MEMORY_COPY_HOST_TO_DEVICE",2,"Agent 0","Agent 1",2457,3040328228347,3040328707349
"MEMORY_COPY","MEMORY_COPY_HOST_TO_DEVICE",2,"Agent 0","Agent 1",2460,3040329335081,3040330526525
"MEMORY_COPY","MEMORY_COPY_HOST_TO_DEVICE",2,"Agent 0","Agent 1",2460,3040330533125,3040330572045
"MEMORY_COPY","MEMORY_COPY_HOST_TO_DEVICE",2,"Agent 0","Agent 1",2463,3040331198407,3040332415451
"MEMORY_COPY","MEMORY_COPY_HOST_TO_DEVICE",2,"Agent 0","Agent 1",2463,3040332419611,3040332456731
"MEMORY_COPY","MEMORY_COPY_HOST_TO_DEVICE",2,"Agent 0","Agent 1",2466,3040332860432,3040334060716
"MEMORY_COPY","MEMORY_COPY_HOST_TO_DEVICE",2,"Agent 0","Agent 1",2466,3040334064916,3040334102516
"MEMORY_COPY","MEMORY_COPY_HOST_TO_DEVICE",2,"Agent 0","Agent 1",2469,3040334123756,3040334129196
"MEMORY_COPY","MEMORY_COPY_HOST_TO_DEVICE",2,"Agent 0","Agent 1",2472,3040334144446,3040334149686
"MEMORY_COPY","MEMORY_COPY_HOST_TO_DEVICE",2,"Agent 0","Agent 1",2475,3040334500317,3040335454520
"MEMORY_COPY","MEMORY_COPY_HOST_TO_DEVICE",2,"Agent 0","Agent 1",2478,3040335516790,3040335600551
"MEMORY_COPY","MEMORY_COPY_HOST_TO_DEVICE",2,"Agent 0","Agent 1",2481,3040335663731,3040335765811
"MEMORY_COPY","MEMORY_COPY_HOST_TO_DEVICE",2,"Agent 0","Agent 1",2484,3040335997952,3040336486273
"MEMORY_COPY","MEMORY_COPY_HOST_TO_DEVICE",2,"Agent 0","Agent 1",2493,3040337162696,3040338355299
"MEMORY_COPY","MEMORY_COPY_HOST_TO_DEVICE",2,"Agent 0","Agent 1",2493,3040338359499,3040338395779
"MEMORY_COPY","MEMORY_COPY_HOST_TO_DEVICE",2,"Agent 0","Agent 1",2496,3040339027341,3040340216905
"MEMORY_COPY","MEMORY_COPY_HOST_TO_DEVICE",2,"Agent 0","Agent 1",2496,3040340221945,3040340258145
"MEMORY_COPY","MEMORY_COPY_HOST_TO_DEVICE",2,"Agent 0","Agent 1",2499,3040340894087,3040342088251
"MEMORY_COPY","MEMORY_COPY_HOST_TO_DEVICE",2,"Agent 0","Agent 1",2499,3040342091571,3040342128771
"MEMORY_COPY","MEMORY_COPY_HOST_TO_DEVICE",2,"Agent 0","Agent 1",2502,3040342150731,3040342156091
"MEMORY_COPY","MEMORY_COPY_HOST_TO_DEVICE",2,"Agent 0","Agent 1",2505,3040342172351,3040342177631
"MEMORY_COPY","MEMORY_COPY_HOST_TO_DEVICE",2,"Agent 0","Agent 1",2508,3040342499562,3040343209645
"MEMORY_COPY","MEMORY_COPY_HOST_TO_DEVICE",2,"Agent 0","Agent 1",2511,3040343434255,3040343868057
"MEMORY_COPY","MEMORY_COPY_HOST_TO_DEVICE",2,"Agent 0","Agent 1",2514,3040343899117,3040343912357
"MEMORY_COPY","MEMORY_COPY_HOST_TO_DEVICE",2,"Agent 0","Agent 1",2523,3040343994277,3040344001357
"MEMORY_COPY","MEMORY_COPY_HOST_TO_DEVICE",2,"Agent 0","Agent 1",2526,3040344023887,3040344030927
"MEMORY_COPY","MEMORY_COPY_HOST_TO_DEVICE",2,"Agent 0","Agent 1",2532,3040344353028,3040344837390
"MEMORY_COPY","MEMORY_COPY_HOST_TO_DEVICE",2,"Agent 0","Agent 1",2535,3040345462822,3040346667666
"MEMORY_COPY","MEMORY_COPY_HOST_TO_DEVICE",2,"Agent 0","Agent 1",2535,3040346671906,3040346710306
"MEMORY_COPY","MEMORY_COPY_HOST_TO_DEVICE",2,"Agent 0","Agent 1",2538,3040347370878,3040348606922
"MEMORY_COPY","MEMORY_COPY_HOST_TO_DEVICE",2,"Agent 0","Agent 1",2538,3040348611962,3040348648362
"MEMORY_COPY","MEMORY_COPY_HOST_TO_DEVICE",2,"Agent 0","Agent 1",2541,3040349078663,3040350276707
"MEMORY_COPY","MEMORY_COPY_HOST_TO_DEVICE",2,"Agent 0","Agent 1",2541,3040350280067,3040350316627
"MEMORY_COPY","MEMORY_COPY_HOST_TO_DEVICE",2,"Agent 0","Agent 1",2544,3040350337547,3040350342827
"MEMORY_COPY","MEMORY_COPY_HOST_TO_DEVICE",2,"Agent 0","Agent 1",2547,3040350358427,3040350363747
"MEMORY_COPY","MEMORY_COPY_HOST_TO_DEVICE",2,"Agent 0","Agent 1",2550,3040350692118,3040351401281
"MEMORY_COPY","MEMORY_COPY_HOST_TO_DEVICE",2,"Agent 0","Agent 1",2553,3040351631061,3040352058503
"MEMORY_COPY","MEMORY_COPY_HOST_TO_DEVICE",2,"Agent 0","Agent 1",2556,3040352091083,3040352104363
"MEMORY_COPY","MEMORY_COPY_HOST_TO_DEVICE",2,"Agent 0","Agent 1",2565,3040352186073,3040352193153
"MEMORY_COPY","MEMORY_COPY_HOST_TO_DEVICE",2,"Agent 0","Agent 1",2568,3040352212043,3040352219163
"MEMORY_COPY","MEMORY_COPY_HOST_TO_DEVICE",2,"Agent 0","Agent 1",2574,3040352512194,3040352991316
"MEMORY_COPY","MEMORY_COPY_HOST_TO_DEVICE",2,"Agent 0","Agent 1",2577,3040353407657,3040354597821
"MEMORY_COPY","MEMORY_COPY_HOST_TO_DEVICE",2,"Agent 0","Agent 1",2577,3040354602061,3040354638941
"MEMORY_COPY","MEMORY_COPY_HOST_TO_DEVICE",2,"Agent 0","Agent 1",2580,3040355026572,3040356219496
"MEMORY_COPY","MEMORY_COPY_HOST_TO_DEVICE",2,"Agent 0","Agent 1",2580,3040356223776,3040356261376
"MEMORY_COPY","MEMORY_COPY_HOST_TO_DEVICE",2,"Agent 0","Agent 1",2583,3040356675477,3040357885241
"MEMORY_COPY","MEMORY_COPY_HOST_TO_DEVICE",2,"Agent 0","Agent 1",2583,3040357888601,3040357926161
"MEMORY_COPY","MEMORY_COPY_HOST_TO_DEVICE",2,"Agent 0","Agent 1",2586,3040357946921,3040357952241
"MEMORY_COPY","MEMORY_COPY_HOST_TO_DEVICE",2,"Agent 0","Agent 1",2589,3040357968071,3040357973391
"MEMORY_COPY","MEMORY_COPY_HOST_TO_DEVICE",2,"Agent 0","Agent 1",2592,3040358291822,3040359006465
"MEMORY_COPY","MEMORY_COPY_HOST_TO_DEVICE",2,"Agent 0","Agent 1",2595,3040359275576,3040359702977
"MEMORY_COPY","MEMORY_COPY_HOST_TO_DEVICE",2,"Agent 0","Agent 1",2598,3040359735877,3040359749157
"MEMORY_COPY","MEMORY_COPY_HOST_TO_DEVICE",2,"Agent 0","Agent 1",2607,3040359829957,3040359836997
"MEMORY_COPY","MEMORY_COPY_HOST_TO_DEVICE",2,"Agent 0","Agent 1",2610,3040359856037,3040359863077
"MEMORY_COPY","MEMORY_COPY_HOST_TO_DEVICE",2,"Agent 0","Agent 1",2616,3040360185068,3040360664390
"MEMORY_COPY","MEMORY_COPY_HOST_TO_DEVICE",2,"Agent 0","Agent 1",2619,3040361291172,3040362489656
"MEMORY_COPY","MEMORY_COPY_HOST_TO_DEVICE",2,"Agent 0","Agent 1",2619,3040362494736,3040362533016
"MEMORY_COPY","MEMORY_COPY_HOST_TO_DEVICE",2,"Agent 0","Agent 1",2622,3040362922117,3040364115681
"MEMORY_COPY","MEMORY_COPY_HOST_TO_DEVICE",2,"Agent 0","Agent 1",2622,3040364120001,3040364155961
"MEMORY_COPY","MEMORY_COPY_HOST_TO_DEVICE",2,"Agent 0","Agent 1",2625,3040364782293,3040365973937
"MEMORY_COPY","MEMORY_COPY_HOST_TO_DEVICE",2,"Agent 0","Agent 1",2625,3040365978257,3040366014457
"MEMORY_COPY","MEMORY_COPY_HOST_TO_DEVICE",2,"Agent 0","Agent 1",2628,3040366036087,3040366041487
"MEMORY_COPY","MEMORY_COPY_HOST_TO_DEVICE",2,"Agent 0","Agent 1",2631,3040366057667,3040366062987
"MEMORY_COPY","MEMORY_COPY_HOST_TO_DEVICE",2,"Agent 0","Agent 1",2634,3040366420438,3040367374081
"MEMORY_COPY","MEMORY_COPY_HOST_TO_DEVICE",2,"Agent 0","Agent 1",2637,3040367438221,3040367521902
"MEMORY_COPY","MEMORY_COPY_HOST_TO_DEVICE",2,"Agent 0","Agent 1",2640,3040367678422,3040367780982
"MEMORY_COPY","MEMORY_COPY_HOST_TO_DEVICE",2,"Agent 0","Agent 1",2643,3040368028533,3040368507735
"MEMORY_COPY","MEMORY_COPY_HOST_TO_DEVICE",2,"Agent 0","Agent 1",2652,3040369154297,3040370343141
"MEMORY_COPY","MEMORY_COPY_HOST_TO_DEVICE",2,"Agent 0","Agent 1",2652,3040370346501,3040370384341
"MEMORY_COPY","MEMORY_COPY_HOST_TO_DEVICE",2,"Agent 0","Agent 1",2655,3040371015833,3040372205836
"MEMORY_COPY","MEMORY_COPY_HOST_TO_DEVICE",2,"Agent 0","Agent 1",2655,3040372209956,3040372247157
"MEMORY_COPY","MEMORY_COPY_HOST_TO_DEVICE",2,"Agent 0","Agent 1",2658,3040372647948,3040373852632
"MEMORY_COPY","MEMORY_COPY_HOST_TO_DEVICE",2,"Agent 0","Agent 1",2658,3040373856872,3040373894512
"MEMORY_COPY","MEMORY_COPY_HOST_TO_DEVICE",2,"Agent 0","Agent 1",2661,3040373914982,3040373920302
"MEMORY_COPY","MEMORY_COPY_HOST_TO_DEVICE",2,"Agent 0","Agent 1",2664,3040373936772,3040373942012
"MEMORY_COPY","MEMORY_COPY_HOST_TO_DEVICE",2,"Agent 0","Agent 1",2667,3040374340283,3040375294766
"MEMORY_COPY","MEMORY_COPY_HOST_TO_DEVICE",2,"Agent 0","Agent 1",2670,3040375365426,3040375449307
"MEMORY_COPY","MEMORY_COPY_HOST_TO_DEVICE",2,"Agent 0","Agent 1",2673,3040375511137,3040375613257
"MEMORY_COPY","MEMORY_COPY_HOST_TO_DEVICE",2,"Agent 0","Agent 1",2676,3040375893348,3040376377790
"MEMORY_COPY","MEMORY_COPY_HOST_TO_DEVICE",2,"Agent 0","Agent 1",2685,3040376889521,3040378076165
"MEMORY_COPY","MEMORY_COPY_HOST_TO_DEVICE",2,"Agent 0","Agent 1",2685,3040378080765,3040378569207
"MEMORY_COPY","MEMORY_COPY_HOST_TO_DEVICE",2,"Agent 0","Agent 1",2688,3040379002658,3040380189062
"MEMORY_COPY","MEMORY_COPY_HOST_TO_DEVICE",2,"Agent 0","Agent 1",2688,3040380193618,3040380681819
"MEMORY_COPY","MEMORY_COPY_HOST_TO_DEVICE",2,"Agent 0","Agent 1",2691,3040381311330,3040382504094
"MEMORY_COPY","MEMORY_COPY_HOST_TO_DEVICE",2,"Agent 0","Agent 1",2691,3040382508654,3040382997096
"MEMORY_COPY","MEMORY_COPY_HOST_TO_DEVICE",2,"Agent 0","Agent 1",2694,3040383391067,3040384373310
"MEMORY_COPY","MEMORY_COPY_HOST_TO_DEVICE",2,"Agent 0","Agent 1",2697,3040384394720,3040384400360
"MEMORY_COPY","MEMORY_COPY_HOST_TO_DEVICE",2,"Agent 0","Agent 1",2700,3040384416070,3040384421350
"MEMORY_COPY","MEMORY_COPY_HOST_TO_DEVICE",2,"Agent 0","Agent 1",2703,3040384439110,3040384444430
"MEMORY_COPY","MEMORY_COPY_HOST_TO_DEVICE",2,"Agent 0","Agent 1",2734,3040653142855,3040653150015
"MEMORY_COPY","MEMORY_COPY_HOST_TO_DEVICE",2,"Agent 0","Agent 1",2749,3040653257315,3040653275276
"MEMORY_COPY","MEMORY_COPY_DEVICE_TO_HOST",5,"Agent 1","Agent 0",10379,3040788060168,3040788112208
"MEMORY_COPY","MEMORY_COPY_HOST_TO_DEVICE",2,"Agent 0","Agent 1",10415,3040825604961,3040825612001
"MEMORY_COPY","MEMORY_COPY_HOST_TO_DEVICE",2,"Agent 0","Agent 1",10430,3040825700491,3040825718371
"MEMORY_COPY","MEMORY_COPY_DEVICE_TO_HOST",5,"Agent 1","Agent 0",18053,3040914319978,3040914372818
"MEMORY_COPY","MEMORY_COPY_HOST_TO_DEVICE",2,"Agent 0","Agent 1",18080,3040948540236,3040948547556
"MEMORY_COPY","MEMORY_COPY_HOST_TO_DEVICE",2,"Agent 0","Agent 1",18084,3040948570866,3040948577506
"MEMORY_COPY","MEMORY_COPY_DEVICE_TO_HOST",5,"Agent 1","Agent 0",18234,3040951292095,3040951301575
"MEMORY_COPY","MEMORY_COPY_DEVICE_TO_HOST",5,"Agent 1","Agent 0",18235,3040951306055,3040951396415
"MEMORY_COPY","MEMORY_COPY_HOST_TO_DEVICE",2,"Agent 0","Agent 1",18248,3142802119157,3142802692838
"MEMORY_COPY","MEMORY_COPY_HOST_TO_DEVICE",2,"Agent 0","Agent 1",18263,3142802836011,3142802855131
"MEMORY_COPY","MEMORY_COPY_HOST_TO_DEVICE",2,"Agent 0","Agent 1",18279,3142802976419,3142803012499
"MEMORY_COPY","MEMORY_COPY_DEVICE_TO_HOST",5,"Agent 1","Agent 0",26713,3143749138354,3143749551196
"MEMORY_COPY","MEMORY_COPY_HOST_TO_DEVICE",2,"Agent 0","Agent 1",26717,3143749702186,3143750192987
"MEMORY_COPY","MEMORY_COPY_HOST_TO_DEVICE",2,"Agent 0","Agent 1",26732,3143750409438,3143750427398
"MEMORY_COPY","MEMORY_COPY_HOST_TO_DEVICE",2,"Agent 0","Agent 1",26748,3143750523328,3143750566728
"MEMORY_COPY","MEMORY_COPY_DEVICE_TO_HOST",5,"Agent 1","Agent 0",34866,3144646395843,3144646844204
"MEMORY_COPY","MEMORY_COPY_HOST_TO_DEVICE",2,"Agent 0","Agent 1",34870,3144646964255,3144647449776
"MEMORY_COPY","MEMORY_COPY_HOST_TO_DEVICE",2,"Agent 0","Agent 1",34885,3144647613946,3144647632027
"MEMORY_COPY","MEMORY_COPY_HOST_TO_DEVICE",2,"Agent 0","Agent 1",34901,3144647734477,3144647796757
"MEMORY_COPY","MEMORY_COPY_DEVICE_TO_HOST",5,"Agent 1","Agent 0",43019,3145555317632,3145555826673
"MEMORY_COPY","MEMORY_COPY_HOST_TO_DEVICE",2,"Agent 0","Agent 1",43023,3145555930063,3145556412345
"MEMORY_COPY","MEMORY_COPY_HOST_TO_DEVICE",2,"Agent 0","Agent 1",43038,3145556744946,3145556762866
"MEMORY_COPY","MEMORY_COPY_HOST_TO_DEVICE",2,"Agent 0","Agent 1",43054,3145556948626,3145557029586
"MEMORY_COPY","MEMORY_COPY_DEVICE_TO_HOST",5,"Agent 1","Agent 0",51172,3146477454467,3146478210709
"MEMORY_COPY","MEMORY_COPY_HOST_TO_DEVICE",2,"Agent 0","Agent 1",51177,3146521420064,3146522017225
"MEMORY_COPY","MEMORY_COPY_HOST_TO_DEVICE",2,"Agent 0","Agent 1",51181,3146522050615,3146522634896
"MEMORY_COPY","MEMORY_COPY_HOST_TO_DEVICE",2,"Agent 0","Agent 1",51197,3146522754696,3146522786537
"MEMORY_COPY","MEMORY_COPY_HOST_TO_DEVICE",2,"Agent 0","Agent 1",51334,3146537310156,3146537861518
"MEMORY_COPY","MEMORY_COPY_HOST_TO_DEVICE",2,"Agent 0","Agent 1",51338,3146537880678,3146538483079
"MEMORY_COPY","MEMORY_COPY_HOST_TO_DEVICE",2,"Agent 0","Agent 1",51354,3146538594510,3146538655990
"MEMORY_COPY","MEMORY_COPY_HOST_TO_DEVICE",2,"Agent 0","Agent 1",51485,3146554496653,3146554990534
"MEMORY_COPY","MEMORY_COPY_HOST_TO_DEVICE",2,"Agent 0","Agent 1",51489,3146555016094,3146555597736
"MEMORY_COPY","MEMORY_COPY_HOST_TO_DEVICE",2,"Agent 0","Agent 1",51505,3146555716816,3146555812776
"MEMORY_COPY","MEMORY_COPY_HOST_TO_DEVICE",2,"Agent 0","Agent 1",51636,3146572246521,3146572785242
"MEMORY_COPY","MEMORY_COPY_HOST_TO_DEVICE",2,"Agent 0","Agent 1",51640,3146572804092,3146573437214
"MEMORY_COPY","MEMORY_COPY_HOST_TO_DEVICE",2,"Agent 0","Agent 1",51656,3146573557165,3146573706245
"MEMORY_COPY","MEMORY_COPY_HOST_TO_DEVICE",2,"Agent 0","Agent 1",53835,3146607613540,3146608200142
"MEMORY_COPY","MEMORY_COPY_HOST_TO_DEVICE",2,"Agent 0","Agent 1",53850,3146608300942,3146608318862
"MEMORY_COPY","MEMORY_COPY_HOST_TO_DEVICE",2,"Agent 0","Agent 1",53866,3146608415243,3146608536283
"MEMORY_COPY","MEMORY_COPY_DEVICE_TO_HOST",5,"Agent 1","Agent 0",61984,3147546077295,3147546528297
"MEMORY_COPY","MEMORY_COPY_HOST_TO_DEVICE",2,"Agent 0","Agent 1",61988,3147546636907,3147547138388
"MEMORY_COPY","MEMORY_COPY_HOST_TO_DEVICE",2,"Agent 0","Agent 1",62003,3147547240849,3147547258849
"MEMORY_COPY","MEMORY_COPY_HOST_TO_DEVICE",2,"Agent 0","Agent 1",62019,3147547639550,3147547758630
"MEMORY_COPY","MEMORY_COPY_DEVICE_TO_HOST",5,"Agent 1","Agent 0",70137,3148488025173,3148488516335
"MEMORY_COPY","MEMORY_COPY_HOST_TO_DEVICE",2,"Agent 0","Agent 1",70141,3148488626675,3148489116476
"MEMORY_COPY","MEMORY_COPY_HOST_TO_DEVICE",2,"Agent 0","Agent 1",70156,3148489521517,3148489539477
"MEMORY_COPY","MEMORY_COPY_HOST_TO_DEVICE",2,"Agent 0","Agent 1",70172,3148489646868,3148489790388
"MEMORY_COPY","MEMORY_COPY_DEVICE_TO_HOST",5,"Agent 1","Agent 0",78290,3149446490152,3149446999514
"MEMORY_COPY","MEMORY_COPY_HOST_TO_DEVICE",2,"Agent 0","Agent 1",78294,3149447107454,3149447592655
"MEMORY_COPY","MEMORY_COPY_HOST_TO_DEVICE",2,"Agent 0","Agent 1",78309,3149447693016,3149447711296
"MEMORY_COPY","MEMORY_COPY_HOST_TO_DEVICE",2,"Agent 0","Agent 1",78325,3149447857546,3149448028867
"MEMORY_COPY","MEMORY_COPY_DEVICE_TO_HOST",5,"Agent 1","Agent 0",86443,3150406041141,3150406683663
"MEMORY_COPY","MEMORY_COPY_HOST_TO_DEVICE",2,"Agent 0","Agent 1",86448,3150430177847,3150430842329
"MEMORY_COPY","MEMORY_COPY_HOST_TO_DEVICE",2,"Agent 0","Agent 1",86452,3150431007459,3150431605461
"MEMORY_COPY","MEMORY_COPY_HOST_TO_DEVICE",2,"Agent 0","Agent 1",86468,3150431724291,3150431909652
"MEMORY_COPY","MEMORY_COPY_HOST_TO_DEVICE",2,"Agent 0","Agent 1",86599,3150449431239,3150449903121
"MEMORY_COPY","MEMORY_COPY_HOST_TO_DEVICE",2,"Agent 0","Agent 1",86603,3150449924881,3150450491122
"MEMORY_COPY","MEMORY_COPY_HOST_TO_DEVICE",2,"Agent 0","Agent 1",86619,3150450599952,3150450755393
"MEMORY_COPY","MEMORY_COPY_HOST_TO_DEVICE",2,"Agent 0","Agent 1",86750,3150469142641,3150469620602
"MEMORY_COPY","MEMORY_COPY_HOST_TO_DEVICE",2,"Agent 0","Agent 1",86754,3150469643782,3150470217183
"MEMORY_COPY","MEMORY_COPY_HOST_TO_DEVICE",2,"Agent 0","Agent 1",86770,3150470327904,3150470506424
"MEMORY_COPY","MEMORY_COPY_HOST_TO_DEVICE",2,"Agent 0","Agent 1",86901,3150488967084,3150489436966
"MEMORY_COPY","MEMORY_COPY_HOST_TO_DEVICE",2,"Agent 0","Agent 1",86905,3150489456376,3150490012777
"MEMORY_COPY","MEMORY_COPY_HOST_TO_DEVICE",2,"Agent 0","Agent 1",86921,3150490127757,3150490323398
"MEMORY_COPY","MEMORY_COPY_HOST_TO_DEVICE",2,"Agent 0","Agent 1",89100,3150506061221,3150506642462
"MEMORY_COPY","MEMORY_COPY_HOST_TO_DEVICE",2,"Agent 0","Agent 1",89115,3150506741903,3150506766503
"MEMORY_COPY","MEMORY_COPY_HOST_TO_DEVICE",2,"Agent 0","Agent 1",89131,3150506872103,3150507107064
"MEMORY_COPY","MEMORY_COPY_DEVICE_TO_HOST",5,"Agent 1","Agent 0",97249,3151476416680,3151476827801
"MEMORY_COPY","MEMORY_COPY_HOST_TO_DEVICE",2,"Agent 0","Agent 1",97253,3151476931701,3151477420903
"MEMORY_COPY","MEMORY_COPY_HOST_TO_DEVICE",2,"Agent 0","Agent 1",97268,3151477522403,3151477540323
"MEMORY_COPY","MEMORY_COPY_HOST_TO_DEVICE",2,"Agent 0","Agent 1",97284,3151477935724,3151478158725
"MEMORY_COPY","MEMORY_COPY_DEVICE_TO_HOST",5,"Agent 1","Agent 0",105402,3152459696352,3152460217553
"MEMORY_COPY","MEMORY_COPY_HOST_TO_DEVICE",2,"Agent 0","Agent 1",105406,3152460327123,3152460842285
"MEMORY_COPY","MEMORY_COPY_HOST_TO_DEVICE",2,"Agent 0","Agent 1",105421,3152461316006,3152461338206
"MEMORY_COPY","MEMORY_COPY_HOST_TO_DEVICE",2,"Agent 0","Agent 1",105437,3152461450106,3152461790987
"MEMORY_COPY","MEMORY_COPY_DEVICE_TO_HOST",5,"Agent 1","Agent 0",113555,3153451851131,3153452378492
"MEMORY_COPY","MEMORY_COPY_HOST_TO_DEVICE",2,"Agent 0","Agent 1",113559,3153452482457,3153452966738
"MEMORY_COPY","MEMORY_COPY_HOST_TO_DEVICE",2,"Agent 0","Agent 1",113574,3153453074718,3153453092878
"MEMORY_COPY","MEMORY_COPY_HOST_TO_DEVICE",2,"Agent 0","Agent 1",113590,3153453194668,3153453461069
"MEMORY_COPY","MEMORY_COPY_DEVICE_TO_HOST",5,"Agent 1","Agent 0",121708,3154462019790,3154462564712
"MEMORY_COPY","MEMORY_COPY_HOST_TO_DEVICE",2,"Agent 0","Agent 1",121713,3154481168611,3154481762812
"MEMORY_COPY","MEMORY_COPY_HOST_TO_DEVICE",2,"Agent 0","Agent 1",121717,3154481784998,3154482411719
"MEMORY_COPY","MEMORY_COPY_HOST_TO_DEVICE",2,"Agent 0","Agent 1",121733,3154482534820,3154482798460
"MEMORY_COPY","MEMORY_COPY_HOST_TO_DEVICE",2,"Agent 0","Agent 1",121864,3154502976042,3154503467524
"MEMORY_COPY","MEMORY_COPY_HOST_TO_DEVICE",2,"Agent 0","Agent 1",121868,3154503485519,3154504041960
"MEMORY_COPY","MEMORY_COPY_HOST_TO_DEVICE",2,"Agent 0","Agent 1",121884,3154504198567,3154504436807
"MEMORY_COPY","MEMORY_COPY_HOST_TO_DEVICE",2,"Agent 0","Agent 1",122015,3154525184857,3154525654898
"MEMORY_COPY","MEMORY_COPY_HOST_TO_DEVICE",2,"Agent 0","Agent 1",122019,3154525682808,3154526281369
"MEMORY_COPY","MEMORY_COPY_HOST_TO_DEVICE",2,"Agent 0","Agent 1",122035,3154526394370,3154526673170
"MEMORY_COPY","MEMORY_COPY_HOST_TO_DEVICE",2,"Agent 0","Agent 1",122166,3154547459107,3154547942148
"MEMORY_COPY","MEMORY_COPY_HOST_TO_DEVICE",2,"Agent 0","Agent 1",122170,3154547961858,3154548535380
"MEMORY_COPY","MEMORY_COPY_HOST_TO_DEVICE",2,"Agent 0","Agent 1",122186,3154548708670,3154548978791
"MEMORY_COPY","MEMORY_COPY_HOST_TO_DEVICE",2,"Agent 0","Agent 1",124365,3154564815134,3154565293055
"MEMORY_COPY","MEMORY_COPY_HOST_TO_DEVICE",2,"Agent 0","Agent 1",124380,3154565381616,3154565399656
"MEMORY_COPY","MEMORY_COPY_HOST_TO_DEVICE",2,"Agent 0","Agent 1",124396,3154565507976,3154565798697
"MEMORY_COPY","MEMORY_COPY_DEVICE_TO_HOST",5,"Agent 1","Agent 0",132514,3155586804440,3155587561002
"MEMORY_COPY","MEMORY_COPY_HOST_TO_DEVICE",2,"Agent 0","Agent 1",132518,3155587701083,3155588393365
"MEMORY_COPY","MEMORY_COPY_HOST_TO_DEVICE",2,"Agent 0","Agent 1",132533,3155588530695,3155588553735
"MEMORY_COPY","MEMORY_COPY_HOST_TO_DEVICE",2,"Agent 0","Agent 1",132549,3155589201917,3155589653558
"MEMORY_COPY","MEMORY_COPY_DEVICE_TO_HOST",5,"Agent 1","Agent 0",140667,3156619833267,3156620329669
"MEMORY_COPY","MEMORY_COPY_HOST_TO_DEVICE",2,"Agent 0","Agent 1",140671,3156620421479,3156620925120
"MEMORY_COPY","MEMORY_COPY_HOST_TO_DEVICE",2,"Agent 0","Agent 1",140686,3156621322262,3156621349742
"MEMORY_COPY","MEMORY_COPY_HOST_TO_DEVICE",2,"Agent 0","Agent 1",140702,3156621586142,3156621941383
"MEMORY_COPY","MEMORY_COPY_DEVICE_TO_HOST",5,"Agent 1","Agent 0",148820,3157661706302,3157662294063
"MEMORY_COPY","MEMORY_COPY_HOST_TO_DEVICE",2,"Agent 0","Agent 1",148824,3157662408083,3157662899925
"MEMORY_COPY","MEMORY_COPY_HOST_TO_DEVICE",2,"Agent 0","Agent 1",148839,3157663012985,3157663031705
"MEMORY_COPY","MEMORY_COPY_HOST_TO_DEVICE",2,"Agent 0","Agent 1",148855,3157663132975,3157663503896
"MEMORY_COPY","MEMORY_COPY_DEVICE_TO_HOST",5,"Agent 1","Agent 0",156973,3158718069308,3158718862910
"MEMORY_COPY","MEMORY_COPY_HOST_TO_DEVICE",2,"Agent 0","Agent 1",156978,3158738122633,3158738705314
"MEMORY_COPY","MEMORY_COPY_HOST_TO_DEVICE",2,"Agent 0","Agent 1",156982,3158738727144,3158739290546
"MEMORY_COPY","MEMORY_COPY_HOST_TO_DEVICE",2,"Agent 0","Agent 1",156998,3158739408156,3158739760837
"MEMORY_COPY","MEMORY_COPY_HOST_TO_DEVICE",2,"Agent 0","Agent 1",157129,3158763004801,3158763533122
"MEMORY_COPY","MEMORY_COPY_HOST_TO_DEVICE",2,"Agent 0","Agent 1",157133,3158763558932,3158764157094
"MEMORY_COPY","MEMORY_COPY_HOST_TO_DEVICE",2,"Agent 0","Agent 1",157149,3158764277644,3158764602605
"MEMORY_COPY","MEMORY_COPY_HOST_TO_DEVICE",2,"Agent 0","Agent 1",157280,3158788548443,3158789045684
"MEMORY_COPY","MEMORY_COPY_HOST_TO_DEVICE",2,"Agent 0","Agent 1",157284,3158789067584,3158789622666
"MEMORY_COPY","MEMORY_COPY_HOST_TO_DEVICE",2,"Agent 0","Agent 1",157300,3158789742326,3158790092247
"MEMORY_COPY","MEMORY_COPY_HOST_TO_DEVICE",2,"Agent 0","Agent 1",157431,3158813765642,3158814275204
"MEMORY_COPY","MEMORY_COPY_HOST_TO_DEVICE",2,"Agent 0","Agent 1",157435,3158814294564,3158814910205
"MEMORY_COPY","MEMORY_COPY_HOST_TO_DEVICE",2,"Agent 0","Agent 1",157451,3158815019616,3158815380177
"MEMORY_COPY","MEMORY_COPY_HOST_TO_DEVICE",2,"Agent 0","Agent 1",159630,3158830992129,3158831600571
"MEMORY_COPY","MEMORY_COPY_HOST_TO_DEVICE",2,"Agent 0","Agent 1",159645,3158831690451,3158831708651
"MEMORY_COPY","MEMORY_COPY_HOST_TO_DEVICE",2,"Agent 0","Agent 1",159661,3158831832612,3158832368653
"MEMORY_COPY","MEMORY_COPY_DEVICE_TO_HOST",5,"Agent 1","Agent 0",167779,3159896723680,3159897151842
"MEMORY_COPY","MEMORY_COPY_HOST_TO_DEVICE",2,"Agent 0","Agent 1",167783,3159897243262,3159897721823
"MEMORY_COPY","MEMORY_COPY_HOST_TO_DEVICE",2,"Agent 0","Agent 1",167798,3159898126214,3159898144414
"MEMORY_COPY","MEMORY_COPY_HOST_TO_DEVICE",2,"Agent 0","Agent 1",167814,3159898245225,3159898677346
"MEMORY_COPY","MEMORY_COPY_DEVICE_TO_HOST",5,"Agent 1","Agent 0",175932,3160971717355,3160972206397
"MEMORY_COPY","MEMORY_COPY_HOST_TO_DEVICE",2,"Agent 0","Agent 1",175936,3160972315987,3160972806308
"MEMORY_COPY","MEMORY_COPY_HOST_TO_DEVICE",2,"Agent 0","Agent 1",175951,3160973131489,3160973151409
"MEMORY_COPY","MEMORY_COPY_HOST_TO_DEVICE",2,"Agent 0","Agent 1",175967,3160973252360,3160973730161
"MEMORY_COPY","MEMORY_COPY_DEVICE_TO_HOST",5,"Agent 1","Agent 0",184085,3162053502396,3162054014557
"MEMORY_COPY","MEMORY_COPY_HOST_TO_DEVICE",2,"Agent 0","Agent 1",184089,3162054126467,3162054605749
"MEMORY_COPY","MEMORY_COPY_HOST_TO_DEVICE",2,"Agent 0","Agent 1",184104,3162054841149,3162054859069
"MEMORY_COPY","MEMORY_COPY_HOST_TO_DEVICE",2,"Agent 0","Agent 1",184120,3162054960940,3162055453461
"MEMORY_COPY","MEMORY_COPY_DEVICE_TO_HOST",5,"Agent 1","Agent 0",192238,3163142138242,3163142688043
"MEMORY_COPY","MEMORY_COPY_HOST_TO_DEVICE",2,"Agent 0","Agent 1",192243,3163161184994,3163161803156
"MEMORY_COPY","MEMORY_COPY_HOST_TO_DEVICE",2,"Agent 0","Agent 1",192247,3163161825276,3163162383678
"MEMORY_COPY","MEMORY_COPY_HOST_TO_DEVICE",2,"Agent 0","Agent 1",192263,3163162500698,3163162950619
"MEMORY_COPY","MEMORY_COPY_HOST_TO_DEVICE",2,"Agent 0","Agent 1",192394,3163188444060,3163188913221
"MEMORY_COPY","MEMORY_COPY_HOST_TO_DEVICE",2,"Agent 0","Agent 1",192398,3163188935241,3163189519323
"MEMORY_COPY","MEMORY_COPY_HOST_TO_DEVICE",2,"Agent 0","Agent 1",192414,3163189632183,3163190017144
"MEMORY_COPY","MEMORY_COPY_HOST_TO_DEVICE",2,"Agent 0","Agent 1",192545,3163215637582,3163216114544
"MEMORY_COPY","MEMORY_COPY_HOST_TO_DEVICE",2,"Agent 0","Agent 1",192549,3163216133014,3163216735455
"MEMORY_COPY","MEMORY_COPY_HOST_TO_DEVICE",2,"Agent 0","Agent 1",192565,3163216849756,3163217388277
"MEMORY_COPY","MEMORY_COPY_HOST_TO_DEVICE",2,"Agent 0","Agent 1",192696,3163243080798,3163243551520
"MEMORY_COPY","MEMORY_COPY_HOST_TO_DEVICE",2,"Agent 0","Agent 1",192700,3163243570240,3163244131201
"MEMORY_COPY","MEMORY_COPY_HOST_TO_DEVICE",2,"Agent 0","Agent 1",192716,3163244236512,3163244659913
"MEMORY_COPY","MEMORY_COPY_HOST_TO_DEVICE",2,"Agent 0","Agent 1",194895,3163260970728,3163261439489
"MEMORY_COPY","MEMORY_COPY_HOST_TO_DEVICE",2,"Agent 0","Agent 1",194910,3163261522570,3163261540770
"MEMORY_COPY","MEMORY_COPY_HOST_TO_DEVICE",2,"Agent 0","Agent 1",194926,3163261644850,3163262158211
"MEMORY_COPY","MEMORY_COPY_DEVICE_TO_HOST",5,"Agent 1","Agent 0",203044,3164360294446,3164360708767
"MEMORY_COPY","MEMORY_COPY_HOST_TO_DEVICE",2,"Agent 0","Agent 1",203048,3164360809677,3164361292558
"MEMORY_COPY","MEMORY_COPY_HOST_TO_DEVICE",2,"Agent 0","Agent 1",203063,3164361394629,3164361412589
"MEMORY_COPY","MEMORY_COPY_HOST_TO_DEVICE",2,"Agent 0","Agent 1",203079,3164361811730,3164362346291
"MEMORY_COPY","MEMORY_COPY_DEVICE_TO_HOST",5,"Agent 1","Agent 0",211197,3165464327517,3165464816478
"MEMORY_COPY","MEMORY_COPY_HOST_TO_DEVICE",2,"Agent 0","Agent 1",211201,3165465243439,3165465717321
"MEMORY_COPY","MEMORY_COPY_HOST_TO_DEVICE",2,"Agent 0","Agent 1",211216,3165465820451,3165465838491
"MEMORY_COPY","MEMORY_COPY_HOST_TO_DEVICE",2,"Agent 0","Agent 1",211232,3165465938091,3165466531733
"MEMORY_COPY","MEMORY_COPY_DEVICE_TO_HOST",5,"Agent 1","Agent 0",219350,3166578524570,3166579033331
"MEMORY_COPY","MEMORY_COPY_HOST_TO_DEVICE",2,"Agent 0","Agent 1",219354,3166579133772,3166579619733
"MEMORY_COPY","MEMORY_COPY_HOST_TO_DEVICE",2,"Agent 0","Agent 1",219369,3166579729573,3166579747773
"MEMORY_COPY","MEMORY_COPY_HOST_TO_DEVICE",2,"Agent 0","Agent 1",219385,3166579849344,3166580440385
"MEMORY_COPY","MEMORY_COPY_DEVICE_TO_HOST",5,"Agent 1","Agent 0",227503,3167703215595,3167703771596
"MEMORY_COPY","MEMORY_COPY_HOST_TO_DEVICE",2,"Agent 0","Agent 1",227508,3167723333201,3167724012523
"MEMORY_COPY","MEMORY_COPY_HOST_TO_DEVICE",2,"Agent 0","Agent 1",227512,3167724038403,3167724790405
"MEMORY_COPY","MEMORY_COPY_HOST_TO_DEVICE",2,"Agent 0","Agent 1",227528,3167724909806,3167725464527
"MEMORY_COPY","MEMORY_COPY_HOST_TO_DEVICE",2,"Agent 0","Agent 1",227659,3167753685156,3167754183318
"MEMORY_COPY","MEMORY_COPY_HOST_TO_DEVICE",2,"Agent 0","Agent 1",227663,3167754203608,3167754757169
"MEMORY_COPY","MEMORY_COPY_HOST_TO_DEVICE",2,"Agent 0","Agent 1",227679,3167754868720,3167755350281
"MEMORY_COPY","MEMORY_COPY_HOST_TO_DEVICE",2,"Agent 0","Agent 1",227810,3167783602159,3167784075480
"MEMORY_COPY","MEMORY_COPY_HOST_TO_DEVICE",2,"Agent 0","Agent 1",227814,3167784096430,3167784650352
"MEMORY_COPY","MEMORY_COPY_HOST_TO_DEVICE",2,"Agent 0","Agent 1",227830,3167784760102,3167785255103
"MEMORY_COPY","MEMORY_COPY_HOST_TO_DEVICE",2,"Agent 0","Agent 1",227961,3167813515423,3167813991824
"MEMORY_COPY","MEMORY_COPY_HOST_TO_DEVICE",2,"Agent 0","Agent 1",227965,3167814013824,3167814572186
"MEMORY_COPY","MEMORY_COPY_HOST_TO_DEVICE",2,"Agent 0","Agent 1",227981,3167814672816,3167815203257
"MEMORY_COPY","MEMORY_COPY_HOST_TO_DEVICE",2,"Agent 0","Agent 1",230160,3167831867281,3167832410922
"MEMORY_COPY","MEMORY_COPY_HOST_TO_DEVICE",2,"Agent 0","Agent 1",230175,3167832529443,3167832553323
"MEMORY_COPY","MEMORY_COPY_HOST_TO_DEVICE",2,"Agent 0","Agent 1",230191,3167832653483,3167833385485
"MEMORY_COPY","MEMORY_COPY_DEVICE_TO_HOST",5,"Agent 1","Agent 0",238309,3168973967747,3168974387988
"MEMORY_COPY","MEMORY_COPY_HOST_TO_DEVICE",2,"Agent 0","Agent 1",238313,3168974492359,3168974978880
"MEMORY_COPY","MEMORY_COPY_HOST_TO_DEVICE",2,"Agent 0","Agent 1",238328,3168975089330,3168975107450
"MEMORY_COPY","MEMORY_COPY_HOST_TO_DEVICE",2,"Agent 0","Agent 1",238344,3168975569152,3168976217953
"MEMORY_COPY","MEMORY_COPY_DEVICE_TO_HOST",5,"Agent 1","Agent 0",246462,3170119745527,3170120282289
"MEMORY_COPY","MEMORY_COPY_HOST_TO_DEVICE",2,"Agent 0","Agent 1",246466,3170120836700,3170121328142
"MEMORY_COPY","MEMORY_COPY_HOST_TO_DEVICE",2,"Agent 0","Agent 1",246481,3170121433812,3170121452572
"MEMORY_COPY","MEMORY_COPY_HOST_TO_DEVICE",2,"Agent 0","Agent 1",246497,3170121551812,3170122274174
"MEMORY_COPY","MEMORY_COPY_DEVICE_TO_HOST",5,"Agent 1","Agent 0",254615,3171275901320,3171276424842
"MEMORY_COPY","MEMORY_COPY_HOST_TO_DEVICE",2,"Agent 0","Agent 1",254619,3171276524292,3171277024453
"MEMORY_COPY","MEMORY_COPY_HOST_TO_DEVICE",2,"Agent 0","Agent 1",254634,3171277128944,3171277148984
"MEMORY_COPY","MEMORY_COPY_HOST_TO_DEVICE",2,"Agent 0","Agent 1",254650,3171277250504,3171277960066
"MEMORY_COPY","MEMORY_COPY_DEVICE_TO_HOST",5,"Agent 1","Agent 0",262768,3172447268677,3172447877159
"MEMORY_COPY","MEMORY_COPY_HOST_TO_DEVICE",2,"Agent 0","Agent 1",262773,3172465509799,3172466081081
"MEMORY_COPY","MEMORY_COPY_HOST_TO_DEVICE",2,"Agent 0","Agent 1",262777,3172466108541,3172466661942
"MEMORY_COPY","MEMORY_COPY_HOST_TO_DEVICE",2,"Agent 0","Agent 1",262793,3172466777183,3172467412585
"MEMORY_COPY","MEMORY_COPY_HOST_TO_DEVICE",2,"Agent 0","Agent 1",262924,3172498141762,3172498624603
"MEMORY_COPY","MEMORY_COPY_HOST_TO_DEVICE",2,"Agent 0","Agent 1",262928,3172498645623,3172499202865
"MEMORY_COPY","MEMORY_COPY_HOST_TO_DEVICE",2,"Agent 0","Agent 1",262944,3172499310845,3172499888647
"MEMORY_COPY","MEMORY_COPY_HOST_TO_DEVICE",2,"Agent 0","Agent 1",263075,3172530373028,3172530858189
"MEMORY_COPY","MEMORY_COPY_HOST_TO_DEVICE",2,"Agent 0","Agent 1",263079,3172530879349,3172531460871
"MEMORY_COPY","MEMORY_COPY_HOST_TO_DEVICE",2,"Agent 0","Agent 1",263095,3172531568931,3172532199693
"MEMORY_COPY","MEMORY_COPY_HOST_TO_DEVICE",2,"Agent 0","Agent 1",263226,3172562972003,3172563456084
"MEMORY_COPY","MEMORY_COPY_HOST_TO_DEVICE",2,"Agent 0","Agent 1",263230,3172563471644,3172564059166
"MEMORY_COPY","MEMORY_COPY_HOST_TO_DEVICE",2,"Agent 0","Agent 1",263246,3172564169236,3172564828118
"MEMORY_COPY","MEMORY_COPY_HOST_TO_DEVICE",2,"Agent 0","Agent 1",265425,3172581542706,3172582046827
"MEMORY_COPY","MEMORY_COPY_HOST_TO_DEVICE",2,"Agent 0","Agent 1",265440,3172582136667,3172582154747
"MEMORY_COPY","MEMORY_COPY_HOST_TO_DEVICE",2,"Agent 0","Agent 1",265456,3172582258308,3172583015470
"MEMORY_COPY","MEMORY_COPY_DEVICE_TO_HOST",5,"Agent 1","Agent 0",273574,3173767672005,3173768107167
"MEMORY_COPY","MEMORY_COPY_HOST_TO_DEVICE",2,"Agent 0","Agent 1",273578,3173768208307,3173768692468
"MEMORY_COPY","MEMORY_COPY_HOST_TO_DEVICE",2,"Agent 0","Agent 1",273593,3173768792579,3173768810899
"MEMORY_COPY","MEMORY_COPY_HOST_TO_DEVICE",2,"Agent 0","Agent 1",273609,3173769229670,3173769960752
"MEMORY_COPY","MEMORY_COPY_DEVICE_TO_HOST",5,"Agent 1","Agent 0",281727,3174955869432,3174956377953
"MEMORY_COPY","MEMORY_COPY_HOST_TO_DEVICE",2,"Agent 0","Agent 1",281731,3174956926995,3174957391356
"MEMORY_COPY","MEMORY_COPY_HOST_TO_DEVICE",2,"Agent 0","Agent 1",281746,3174957497466,3174957515466
"MEMORY_COPY","MEMORY_COPY_HOST_TO_DEVICE",2,"Agent 0","Agent 1",281762,3174957684477,3174958444679
"MEMORY_COPY","MEMORY_COPY_DEVICE_TO_HOST",5,"Agent 1","Agent 0",289880,3176154605815,3176155162616
"MEMORY_COPY","MEMORY_COPY_HOST_TO_DEVICE",2,"Agent 0","Agent 1",289884,3176155265587,3176155757468
"MEMORY_COPY","MEMORY_COPY_HOST_TO_DEVICE",2,"Agent 0","Agent 1",289899,3176155876448,3176155896248
"MEMORY_COPY","MEMORY_COPY_HOST_TO_DEVICE",2,"Agent 0","Agent 1",289915,3176156331230,3176157195152
"MEMORY_COPY","MEMORY_COPY_DEVICE_TO_HOST",5,"Agent 1","Agent 0",298033,3177366470792,3177367023833
"MEMORY_COPY","MEMORY_COPY_HOST_TO_DEVICE",2,"Agent 0","Agent 1",298038,3177387187002,3177387852884
"MEMORY_COPY","MEMORY_COPY_HOST_TO_DEVICE",2,"Agent 0","Agent 1",298042,3177387878324,3177388619526
"MEMORY_COPY","MEMORY_COPY_HOST_TO_DEVICE",2,"Agent 0","Agent 1",298058,3177388740126,3177389492248
"MEMORY_COPY","MEMORY_COPY_HOST_TO_DEVICE",2,"Agent 0","Agent 1",298189,3177423383227,3177423859829
"MEMORY_COPY","MEMORY_COPY_HOST_TO_DEVICE",2,"Agent 0","Agent 1",298193,3177423878479,3177424442920
"MEMORY_COPY","MEMORY_COPY_HOST_TO_DEVICE",2,"Agent 0","Agent 1",298209,3177424689361,3177425381363
"MEMORY_COPY","MEMORY_COPY_HOST_TO_DEVICE",2,"Agent 0","Agent 1",298340,3177458830530,3177459334371
"MEMORY_COPY","MEMORY_COPY_HOST_TO_DEVICE",2,"Agent 0","Agent 1",298344,3177459353931,3177459922013
"MEMORY_COPY","MEMORY_COPY_HOST_TO_DEVICE",2,"Agent 0","Agent 1",298360,3177460029003,3177460780566
"MEMORY_COPY","MEMORY_COPY_HOST_TO_DEVICE",2,"Agent 0","Agent 1",298491,3177494238121,3177494735683
"MEMORY_COPY","MEMORY_COPY_HOST_TO_DEVICE",2,"Agent 0","Agent 1",298495,3177494754763,3177495311404
"MEMORY_COPY","MEMORY_COPY_HOST_TO_DEVICE",2,"Agent 0","Agent 1",298511,3177495414305,3177496159347
"MEMORY_COPY","MEMORY_COPY_HOST_TO_DEVICE",2,"Agent 0","Agent 1",300690,3177513351866,3177513895068
"MEMORY_COPY","MEMORY_COPY_HOST_TO_DEVICE",2,"Agent 0","Agent 1",300705,3177513996348,3177514021708
"MEMORY_COPY","MEMORY_COPY_HOST_TO_DEVICE",2,"Agent 0","Agent 1",300721,3177514124309,3177515081872
"MEMORY_COPY","MEMORY_COPY_DEVICE_TO_HOST",5,"Agent 1","Agent 0",308839,3178743775090,3178744210051
"MEMORY_COPY","MEMORY_COPY_HOST_TO_DEVICE",2,"Agent 0","Agent 1",308843,3178744306422,3178744785183
"MEMORY_COPY","MEMORY_COPY_HOST_TO_DEVICE",2,"Agent 0","Agent 1",308858,3178745205434,3178745223354
"MEMORY_COPY","MEMORY_COPY_HOST_TO_DEVICE",2,"Agent 0","Agent 1",308874,3178745328005,3178746140727
"MEMORY_COPY","MEMORY_COPY_DEVICE_TO_HOST",5,"Agent 1","Agent 0",316992,3179974308754,3179974763035
"MEMORY_COPY","MEMORY_COPY_HOST_TO_DEVICE",2,"Agent 0","Agent 1",316996,3179974871456,3179975344377
"MEMORY_COPY","MEMORY_COPY_HOST_TO_DEVICE",2,"Agent 0","Agent 1",317011,3179975445947,3179975464147
"MEMORY_COPY","MEMORY_COPY_HOST_TO_DEVICE",2,"Agent 0","Agent 1",317027,3179975564898,3179976398100
"MEMORY_COPY","MEMORY_COPY_DEVICE_TO_HOST",5,"Agent 1","Agent 0",325145,3181214979371,3181215487973
"MEMORY_COPY","MEMORY_COPY_HOST_TO_DEVICE",2,"Agent 0","Agent 1",325149,3181216026084,3181216490126
"MEMORY_COPY","MEMORY_COPY_HOST_TO_DEVICE",2,"Agent 0","Agent 1",325164,3181216738096,3181216756576
"MEMORY_COPY","MEMORY_COPY_HOST_TO_DEVICE",2,"Agent 0","Agent 1",325180,3181216854107,3181217704309
"MEMORY_COPY","MEMORY_COPY_DEVICE_TO_HOST",5,"Agent 1","Agent 0",333298,3182470301644,3182470846326
"MEMORY_COPY","MEMORY_COPY_HOST_TO_DEVICE",2,"Agent 0","Agent 1",333303,3182490397723,3182491067005
"MEMORY_COPY","MEMORY_COPY_HOST_TO_DEVICE",2,"Agent 0","Agent 1",333307,3182491091175,3182491776497
"MEMORY_COPY","MEMORY_COPY_HOST_TO_DEVICE",2,"Agent 0","Agent 1",333323,3182491901728,3182492874091
"MEMORY_COPY","MEMORY_COPY_HOST_TO_DEVICE",2,"Agent 0","Agent 1",333454,3182529467203,3182529956885
"MEMORY_COPY","MEMORY_COPY_HOST_TO_DEVICE",2,"Agent 0","Agent 1",333458,3182529979705,3182530556507
"MEMORY_COPY","MEMORY_COPY_HOST_TO_DEVICE",2,"Agent 0","Agent 1",333474,3182530674857,3182531473299
"MEMORY_COPY","MEMORY_COPY_HOST_TO_DEVICE",2,"Agent 0","Agent 1",333605,3182567420845,3182567922607
"MEMORY_COPY","MEMORY_COPY_HOST_TO_DEVICE",2,"Agent 0","Agent 1",333609,3182567945837,3182568539878
"MEMORY_COPY","MEMORY_COPY_HOST_TO_DEVICE",2,"Agent 0","Agent 1",333625,3182568650889,3182569475571
"MEMORY_COPY","MEMORY_COPY_HOST_TO_DEVICE",2,"Agent 0","Agent 1",333756,3182605507309,3182605978350
"MEMORY_COPY","MEMORY_COPY_HOST_TO_DEVICE",2,"Agent 0","Agent 1",333760,3182606051240,3182606631122
"MEMORY_COPY","MEMORY_COPY_HOST_TO_DEVICE",2,"Agent 0","Agent 1",333776,3182606744362,3182607608725
"MEMORY_COPY","MEMORY_COPY_HOST_TO_DEVICE",2,"Agent 0","Agent 1",335955,3182624572965,3182625066246
"MEMORY_COPY","MEMORY_COPY_HOST_TO_DEVICE",2,"Agent 0","Agent 1",335970,3182625163407,3182625189087
"MEMORY_COPY","MEMORY_COPY_HOST_TO_DEVICE",2,"Agent 0","Agent 1",335986,3182625301127,3182626296130
"MEMORY_COPY","MEMORY_COPY_DEVICE_TO_HOST",5,"Agent 1","Agent 0",344104,3183900386386,3183900809548
"MEMORY_COPY","MEMORY_COPY_HOST_TO_DEVICE",2,"Agent 0","Agent 1",344108,3183900913228,3183901392349
"MEMORY_COPY","MEMORY_COPY_HOST_TO_DEVICE",2,"Agent 0","Agent 1",344123,3183901814911,3183901832991
"MEMORY_COPY","MEMORY_COPY_HOST_TO_DEVICE",2,"Agent 0","Agent 1",344139,3183901937361,3183902825644
"MEMORY_COPY","MEMORY_COPY_DEVICE_TO_HOST",5,"Agent 1","Agent 0",352257,3185174479048,3185174941689
"MEMORY_COPY","MEMORY_COPY_HOST_TO_DEVICE",2,"Agent 0","Agent 1",352261,3185175072859,3185175550981
"MEMORY_COPY","MEMORY_COPY_HOST_TO_DEVICE",2,"Agent 0","Agent 1",352276,3185175657791,3185175675711
"MEMORY_COPY","MEMORY_COPY_HOST_TO_DEVICE",2,"Agent 0","Agent 1",352292,3185175774602,3185176684164
"MEMORY_COPY","MEMORY_COPY_DEVICE_TO_HOST",5,"Agent 1","Agent 0",360410,3186456887587,3186457471309
"MEMORY_COPY","MEMORY_COPY_HOST_TO_DEVICE",2,"Agent 0","Agent 1",360414,3186457576559,3186458058720
"MEMORY_COPY","MEMORY_COPY_HOST_TO_DEVICE",2,"Agent 0","Agent 1",360429,3186458174051,3186458192131
"MEMORY_COPY","MEMORY_COPY_HOST_TO_DEVICE",2,"Agent 0","Agent 1",360445,3186458292551,3186459230234
"MEMORY_COPY","MEMORY_COPY_DEVICE_TO_HOST",5,"Agent 1","Agent 0",368563,3187754129695,3187754717617
"MEMORY_COPY","MEMORY_COPY_HOST_TO_DEVICE",2,"Agent 0","Agent 1",368568,3187777301454,3187777865336
"MEMORY_COPY","MEMORY_COPY_HOST_TO_DEVICE",2,"Agent 0","Agent 1",368572,3187777888706,3187778455388
"MEMORY_COPY","MEMORY_COPY_HOST_TO_DEVICE",2,"Agent 0","Agent 1",368588,3187778572378,3187779479221
"MEMORY_COPY","MEMORY_COPY_HOST_TO_DEVICE",2,"Agent 0","Agent 1",368719,3187819029855,3187819504897
"MEMORY_COPY","MEMORY_COPY_HOST_TO_DEVICE",2,"Agent 0","Agent 1",368723,3187819525707,3187820081509
"MEMORY_COPY","MEMORY_COPY_HOST_TO_DEVICE",2,"Agent 0","Agent 1",368739,3187820233319,3187821142442
"MEMORY_COPY","MEMORY_COPY_HOST_TO_DEVICE",2,"Agent 0","Agent 1",368870,3187859761188,3187860232709
"MEMORY_COPY","MEMORY_COPY_HOST_TO_DEVICE",2,"Agent 0","Agent 1",368874,3187860258319,3187860817921
"MEMORY_COPY","MEMORY_COPY_HOST_TO_DEVICE",2,"Agent 0","Agent 1",368890,3187860932071,3187861868074
"MEMORY_COPY","MEMORY_COPY_HOST_TO_DEVICE",2,"Agent 0","Agent 1",369021,3187900680998,3187901156280
"MEMORY_COPY","MEMORY_COPY_HOST_TO_DEVICE",2,"Agent 0","Agent 1",369025,3187901179180,3187901733061
"MEMORY_COPY","MEMORY_COPY_HOST_TO_DEVICE",2,"Agent 0","Agent 1",369041,3187901839112,3187902803594
"MEMORY_COPY","MEMORY_COPY_HOST_TO_DEVICE",2,"Agent 0","Agent 1",371220,3187920594698,3187921113219
"MEMORY_COPY","MEMORY_COPY_HOST_TO_DEVICE",2,"Agent 0","Agent 1",371235,3187921207780,3187921226140
"MEMORY_COPY","MEMORY_COPY_HOST_TO_DEVICE",2,"Agent 0","Agent 1",371251,3187921321460,3187922282983
"MEMORY_COPY","MEMORY_COPY_DEVICE_TO_HOST",5,"Agent 1","Agent 0",379369,3189240087953,3189240515234
"MEMORY_COPY","MEMORY_COPY_HOST_TO_DEVICE",2,"Agent 0","Agent 1",379373,3189240621635,3189241111396
"MEMORY_COPY","MEMORY_COPY_HOST_TO_DEVICE",2,"Agent 0","Agent 1",379388,3189241215326,3189241233326
"MEMORY_COPY","MEMORY_COPY_HOST_TO_DEVICE",2,"Agent 0","Agent 1",379404,3189241741078,3189242778801
"MEMORY_COPY","MEMORY_COPY_DEVICE_TO_HOST",5,"Agent 1","Agent 0",387522,3190554699547,3190555149428
"MEMORY_COPY","MEMORY_COPY_HOST_TO_DEVICE",2,"Agent 0","Agent 1",387526,3190555258289,3190555731450
"MEMORY_COPY","MEMORY_COPY_HOST_TO_DEVICE",2,"Agent 0","Agent 1",387541,3190555833301,3190555851261
"MEMORY_COPY","MEMORY_COPY_HOST_TO_DEVICE",2,"Agent 0","Agent 1",387557,3190555952321,3190556956204
"MEMORY_COPY","MEMORY_COPY_DEVICE_TO_HOST",5,"Agent 1","Agent 0",395675,3191877823757,3191878335959
"MEMORY_COPY","MEMORY_COPY_HOST_TO_DEVICE",2,"Agent 0","Agent 1",395679,3191878442339,3191878926740
"MEMORY_COPY","MEMORY_COPY_HOST_TO_DEVICE",2,"Agent 0","Agent 1",395694,3191879031021,3191879048981
"MEMORY_COPY","MEMORY_COPY_HOST_TO_DEVICE",2,"Agent 0","Agent 1",395710,3191879151511,3191880151434
"MEMORY_COPY","MEMORY_COPY_DEVICE_TO_HOST",5,"Agent 1","Agent 0",403828,3193218087740,3193218740822
"MEMORY_COPY","MEMORY_COPY_HOST_TO_DEVICE",2,"Agent 0","Agent 1",403833,3193238644603,3193239212205
"MEMORY_COPY","MEMORY_COPY_HOST_TO_DEVICE",2,"Agent 0","Agent 1",403837,3193239239955,3193239829917
"MEMORY_COPY","MEMORY_COPY_HOST_TO_DEVICE",2,"Agent 0","Agent 1",403853,3193239951757,3193241100240
"MEMORY_COPY","MEMORY_COPY_HOST_TO_DEVICE",2,"Agent 0","Agent 1",403984,3193283085669,3193283561351
"MEMORY_COPY","MEMORY_COPY_HOST_TO_DEVICE",2,"Agent 0","Agent 1",403988,3193283583991,3193284140073
"MEMORY_COPY","MEMORY_COPY_HOST_TO_DEVICE",2,"Agent 0","Agent 1",404004,3193284247453,3193285272616
"MEMORY_COPY","MEMORY_COPY_HOST_TO_DEVICE",2,"Agent 0","Agent 1",404135,3193326193121,3193326661882
"MEMORY_COPY","MEMORY_COPY_HOST_TO_DEVICE",2,"Agent 0","Agent 1",404139,3193326681832,3193327241314
"MEMORY_COPY","MEMORY_COPY_HOST_TO_DEVICE",2,"Agent 0","Agent 1",404155,3193327347135,3193328391778
"MEMORY_COPY","MEMORY_COPY_HOST_TO_DEVICE",2,"Agent 0","Agent 1",404286,3193369517689,3193369990691
"MEMORY_COPY","MEMORY_COPY_HOST_TO_DEVICE",2,"Agent 0","Agent 1",404290,3193370010541,3193370565343
"MEMORY_COPY","MEMORY_COPY_HOST_TO_DEVICE",2,"Agent 0","Agent 1",404306,3193370674663,3193371771106
"MEMORY_COPY","MEMORY_COPY_HOST_TO_DEVICE",2,"Agent 0","Agent 1",406485,3193389161789,3193389635271
"MEMORY_COPY","MEMORY_COPY_HOST_TO_DEVICE",2,"Agent 0","Agent 1",406500,3193389722951,3193389741151
"MEMORY_COPY","MEMORY_COPY_HOST_TO_DEVICE",2,"Agent 0","Agent 1",406516,3193389845992,3193390935235
"MEMORY_COPY","MEMORY_COPY_DEVICE_TO_HOST",5,"Agent 1","Agent 0",414634,3194752816983,3194753280824
"MEMORY_COPY","MEMORY_COPY_HOST_TO_DEVICE",2,"Agent 0","Agent 1",414638,3194753377844,3194753862246
"MEMORY_COPY","MEMORY_COPY_HOST_TO_DEVICE",2,"Agent 0","Agent 1",414653,3194753964396,3194753982636
"MEMORY_COPY","MEMORY_COPY_HOST_TO_DEVICE",2,"Agent 0","Agent 1",414669,3194754409657,3194755452661
"MEMORY_COPY","MEMORY_COPY_DEVICE_TO_HOST",5,"Agent 1","Agent 0",422787,3196109577426,3196110028707
"MEMORY_COPY","MEMORY_COPY_HOST_TO_DEVICE",2,"Agent 0","Agent 1",422791,3196110137677,3196110619279
"MEMORY_COPY","MEMORY_COPY_HOST_TO_DEVICE",2,"Agent 0","Agent 1",422806,3196110860860,3196110880100
"MEMORY_COPY","MEMORY_COPY_HOST_TO_DEVICE",2,"Agent 0","Agent 1",422822,3196110977760,3196112066083
"MEMORY_COPY","MEMORY_COPY_DEVICE_TO_HOST",5,"Agent 1","Agent 0",430940,3197477355316,3197477865357
"MEMORY_COPY","MEMORY_COPY_HOST_TO_DEVICE",2,"Agent 0","Agent 1",430944,3197477967948,3197478452829
"MEMORY_COPY","MEMORY_COPY_HOST_TO_DEVICE",2,"Agent 0","Agent 1",430959,3197478570489,3197478588810
"MEMORY_COPY","MEMORY_COPY_HOST_TO_DEVICE",2,"Agent 0","Agent 1",430975,3197479013251,3197480087734
"MEMORY_COPY","MEMORY_COPY_DEVICE_TO_HOST",5,"Agent 1","Agent 0",439093,3198861599377,3198862229139
"MEMORY_COPY","MEMORY_COPY_HOST_TO_DEVICE",2,"Agent 0","Agent 1",439098,3198884556669,3198885164231
"MEMORY_COPY","MEMORY_COPY_HOST_TO_DEVICE",2,"Agent 0","Agent 1",439102,3198885187571,3198885765052
"MEMORY_COPY","MEMORY_COPY_HOST_TO_DEVICE",2,"Agent 0","Agent 1",439118,3198885878953,3198887026996
"MEMORY_COPY","MEMORY_COPY_HOST_TO_DEVICE",2,"Agent 0","Agent 1",439249,3198932495583,3198932979464
"MEMORY_COPY","MEMORY_COPY_HOST_TO_DEVICE",2,"Agent 0","Agent 1",439253,3198933146175,3198933723337
"MEMORY_COPY","MEMORY_COPY_HOST_TO_DEVICE",2,"Agent 0","Agent 1",439269,3198933838307,3198935002071
"MEMORY_COPY","MEMORY_COPY_HOST_TO_DEVICE",2,"Agent 0","Agent 1",439400,3198979375609,3198979868770
"MEMORY_COPY","MEMORY_COPY_HOST_TO_DEVICE",2,"Agent 0","Agent 1",439404,3198979891300,3198980480822
"MEMORY_COPY","MEMORY_COPY_HOST_TO_DEVICE",2,"Agent 0","Agent 1",439420,3198980608882,3198981802566
"MEMORY_COPY","MEMORY_COPY_HOST_TO_DEVICE",2,"Agent 0","Agent 1",439551,3199026579610,3199027066292
"MEMORY_COPY","MEMORY_COPY_HOST_TO_DEVICE",2,"Agent 0","Agent 1",439555,3199027089162,3199027704884
"MEMORY_COPY","MEMORY_COPY_HOST_TO_DEVICE",2,"Agent 0","Agent 1",439571,3199027812234,3199029000518
"MEMORY_COPY","MEMORY_COPY_HOST_TO_DEVICE",2,"Agent 0","Agent 1",441750,3199046790143,3199047296584
"MEMORY_COPY","MEMORY_COPY_HOST_TO_DEVICE",2,"Agent 0","Agent 1",441765,3199047385585,3199047404505
"MEMORY_COPY","MEMORY_COPY_HOST_TO_DEVICE",2,"Agent 0","Agent 1",441781,3199047499694,3199048668857
"MEMORY_COPY","MEMORY_COPY_DEVICE_TO_HOST",5,"Agent 1","Agent 0",449899,3200454634406,3200455088927
"MEMORY_COPY","MEMORY_COPY_HOST_TO_DEVICE",2,"Agent 0","Agent 1",449903,3200455631429,3200456095351
"MEMORY_COPY","MEMORY_COPY_HOST_TO_DEVICE",2,"Agent 0","Agent 1",449918,3200456197501,3200456215741
"MEMORY_COPY","MEMORY_COPY_HOST_TO_DEVICE",2,"Agent 0","Agent 1",449934,3200456315241,3200457431725
"MEMORY_COPY","MEMORY_COPY_DEVICE_TO_HOST",5,"Agent 1","Agent 0",458052,3201853376135,3201853821777
"MEMORY_COPY","MEMORY_COPY_HOST_TO_DEVICE",2,"Agent 0","Agent 1",458056,3201853929327,3201854411608
"MEMORY_COPY","MEMORY_COPY_HOST_TO_DEVICE",2,"Agent 0","Agent 1",458071,3201854515279,3201854533439
"MEMORY_COPY","MEMORY_COPY_HOST_TO_DEVICE",2,"Agent 0","Agent 1",458087,3201854989650,3201856120974
"MEMORY_COPY","MEMORY_COPY_DEVICE_TO_HOST",5,"Agent 1","Agent 0",466205,3203261577001,3203262217443
"MEMORY_COPY","MEMORY_COPY_HOST_TO_DEVICE",2,"Agent 0","Agent 1",466209,3203262780265,3203263294027
"MEMORY_COPY","MEMORY_COPY_HOST_TO_DEVICE",2,"Agent 0","Agent 1",466224,3203263402357,3203263420917
"MEMORY_COPY","MEMORY_COPY_HOST_TO_DEVICE",2,"Agent 0","Agent 1",466240,3203263520857,3203264722701
"MEMORY_COPY","MEMORY_COPY_DEVICE_TO_HOST",5,"Agent 1","Agent 0",474358,3204685623810,3204686216452
"MEMORY_COPY","MEMORY_COPY_HOST_TO_DEVICE",2,"Agent 0","Agent 1",474363,3204706825728,3204707466810
"MEMORY_COPY","MEMORY_COPY_HOST_TO_DEVICE",2,"Agent 0","Agent 1",474367,3204707494550,3204708148512
"MEMORY_COPY","MEMORY_COPY_HOST_TO_DEVICE",2,"Agent 0","Agent 1",474383,3204708274032,3204709552716
"MEMORY_COPY","MEMORY_COPY_HOST_TO_DEVICE",2,"Agent 0","Agent 1",474514,3204757659286,3204758167168
"MEMORY_COPY","MEMORY_COPY_HOST_TO_DEVICE",2,"Agent 0","Agent 1",474518,3204758194768,3204758773490
"MEMORY_COPY","MEMORY_COPY_HOST_TO_DEVICE",2,"Agent 0","Agent 1",474534,3204758888650,3204760154614
"MEMORY_COPY","MEMORY_COPY_HOST_TO_DEVICE",2,"Agent 0","Agent 1",474665,3204807036462,3204807520704
"MEMORY_COPY","MEMORY_COPY_HOST_TO_DEVICE",2,"Agent 0","Agent 1",474669,3204807544184,3204808146466
"MEMORY_COPY","MEMORY_COPY_HOST_TO_DEVICE",2,"Agent 0","Agent 1",474685,3204808258196,3204809569680
"MEMORY_COPY","MEMORY_COPY_HOST_TO_DEVICE",2,"Agent 0","Agent 1",474816,3204856678597,3204857201439
"MEMORY_COPY","MEMORY_COPY_HOST_TO_DEVICE",2,"Agent 0","Agent 1",474820,3204857226639,3204857868841
"MEMORY_COPY","MEMORY_COPY_HOST_TO_DEVICE",2,"Agent 0","Agent 1",474836,3204857981711,3204859289956
"MEMORY_COPY","MEMORY_COPY_HOST_TO_DEVICE",2,"Agent 0","Agent 1",477015,3204876936420,3204877619022
"MEMORY_COPY","MEMORY_COPY_HOST_TO_DEVICE",2,"Agent 0","Agent 1",477030,3204877724382,3204877744062
"MEMORY_COPY","MEMORY_COPY_HOST_TO_DEVICE",2,"Agent 0","Agent 1",477046,3204877853862,3204879228867
"MEMORY_COPY","MEMORY_COPY_DEVICE_TO_HOST",5,"Agent 1","Agent 0",485164,3206336537097,3206337072618
"MEMORY_COPY","MEMORY_COPY_HOST_TO_DEVICE",2,"Agent 0","Agent 1",485168,3206337190659,3206337701780
"MEMORY_COPY","MEMORY_COPY_HOST_TO_DEVICE",2,"Agent 0","Agent 1",485183,3206338329232,3206338348272
"MEMORY_COPY","MEMORY_COPY_HOST_TO_DEVICE",2,"Agent 0","Agent 1",485199,3206338450173,3206339698897
"MEMORY_COPY","MEMORY_COPY_DEVICE_TO_HOST",5,"Agent 1","Agent 0",493317,3207779437349,3207779902390
"MEMORY_COPY","MEMORY_COPY_HOST_TO_DEVICE",2,"Agent 0","Agent 1",493321,3207780460732,3207780952853
"MEMORY_COPY","MEMORY_COPY_HOST_TO_DEVICE",2,"Agent 0","Agent 1",493336,3207781058794,3207781076994
"MEMORY_COPY","MEMORY_COPY_HOST_TO_DEVICE",2,"Agent 0","Agent 1",493352,3207781177304,3207782383308
"MEMORY_COPY","MEMORY_COPY_DEVICE_TO_HOST",5,"Agent 1","Agent 0",501470,3209229102225,3209229615546
"MEMORY_COPY","MEMORY_COPY_HOST_TO_DEVICE",2,"Agent 0","Agent 1",501474,3209229725787,3209230208988
"MEMORY_COPY","MEMORY_COPY_HOST_TO_DEVICE",2,"Agent 0","Agent 1",501489,3209230325089,3209230343129
"MEMORY_COPY","MEMORY_COPY_HOST_TO_DEVICE",2,"Agent 0","Agent 1",501505,3209230770170,3209232128695
"MEMORY_COPY","MEMORY_COPY_DEVICE_TO_HOST",5,"Agent 1","Agent 0",509623,3210702564504,3210703114786
"MEMORY_COPY","MEMORY_COPY_HOST_TO_DEVICE",2,"Agent 0","Agent 1",509628,3210725957379,3210726604181
"MEMORY_COPY","MEMORY_COPY_HOST_TO_DEVICE",2,"Agent 0","Agent 1",509632,3210726629242,3210727346524
"MEMORY_COPY","MEMORY_COPY_HOST_TO_DEVICE",2,"Agent 0","Agent 1",509648,3210727467084,3210728883089
"MEMORY_COPY","MEMORY_COPY_HOST_TO_DEVICE",2,"Agent 0","Agent 1",509779,3210778518900,3210778997101
"MEMORY_COPY","MEMORY_COPY_HOST_TO_DEVICE",2,"Agent 0","Agent 1",509783,3210779020581,3210779614183
"MEMORY_COPY","MEMORY_COPY_HOST_TO_DEVICE",2,"Agent 0","Agent 1",509799,3210779730824,3210781103668
"MEMORY_COPY","MEMORY_COPY_HOST_TO_DEVICE",2,"Agent 0","Agent 1",509930,3210829733215,3210830204536
"MEMORY_COPY","MEMORY_COPY_HOST_TO_DEVICE",2,"Agent 0","Agent 1",509934,3210830227156,3210830784598
"MEMORY_COPY","MEMORY_COPY_HOST_TO_DEVICE",2,"Agent 0","Agent 1",509950,3210830947722,3210832318726
"MEMORY_COPY","MEMORY_COPY_HOST_TO_DEVICE",2,"Agent 0","Agent 1",510081,3210881458554,3210881928235
"MEMORY_COPY","MEMORY_COPY_HOST_TO_DEVICE",2,"Agent 0","Agent 1",510085,3210881947345,3210882502627
"MEMORY_COPY","MEMORY_COPY_HOST_TO_DEVICE",2,"Agent 0","Agent 1",510101,3210882611768,3210884059732
"MEMORY_COPY","MEMORY_COPY_HOST_TO_DEVICE",2,"Agent 0","Agent 1",512280,3210902225136,3210902711377
"MEMORY_COPY","MEMORY_COPY_HOST_TO_DEVICE",2,"Agent 0","Agent 1",512295,3210902808817,3210902827217
"MEMORY_COPY","MEMORY_COPY_HOST_TO_DEVICE",2,"Agent 0","Agent 1",512311,3210902922257,3210904190261
"MEMORY_COPY","MEMORY_COPY_DEVICE_TO_HOST",5,"Agent 1","Agent 0",520429,3212397746460,3212398201822
"MEMORY_COPY","MEMORY_COPY_HOST_TO_DEVICE",2,"Agent 0","Agent 1",520433,3212398307682,3212398797244
"MEMORY_COPY","MEMORY_COPY_HOST_TO_DEVICE",2,"Agent 0","Agent 1",520448,3212398899984,3212398918184
"MEMORY_COPY","MEMORY_COPY_HOST_TO_DEVICE",2,"Agent 0","Agent 1",520464,3212399572976,3212400841020
"MEMORY_COPY","MEMORY_COPY_DEVICE_TO_HOST",5,"Agent 1","Agent 0",528582,3213879953866,3213880476108
"MEMORY_COPY","MEMORY_COPY_HOST_TO_DEVICE",2,"Agent 0","Agent 1",528586,3213880591758,3213881085360
"MEMORY_COPY","MEMORY_COPY_HOST_TO_DEVICE",2,"Agent 0","Agent 1",528601,3213881201110,3213881219350
"MEMORY_COPY","MEMORY_COPY_HOST_TO_DEVICE",2,"Agent 0","Agent 1",528617,3213881321231,3213882607235
"MEMORY_COPY","MEMORY_COPY_DEVICE_TO_HOST",5,"Agent 1","Agent 0",536735,3215371279341,3215371789623
"MEMORY_COPY","MEMORY_COPY_HOST_TO_DEVICE",2,"Agent 0","Agent 1",536739,3215371895803,3215372388965
"MEMORY_COPY","MEMORY_COPY_HOST_TO_DEVICE",2,"Agent 0","Agent 1",536754,3215372504505,3215372522385
"MEMORY_COPY","MEMORY_COPY_HOST_TO_DEVICE",2,"Agent 0","Agent 1",536770,3215372956207,3215374278451
"MEMORY_COPY","MEMORY_COPY_DEVICE_TO_HOST",5,"Agent 1","Agent 0",544888,3216880507720,3216881193642
"MEMORY_COPY","MEMORY_COPY_HOST_TO_DEVICE",2,"Agent 0","Agent 1",544893,3216902952223,3216903546145
"MEMORY_COPY","MEMORY_COPY_HOST_TO_DEVICE",2,"Agent 0","Agent 1",544897,3216903568955,3216904178437
"MEMORY_COPY","MEMORY_COPY_HOST_TO_DEVICE",2,"Agent 0","Agent 1",544913,3216904322588,3216905792713
"MEMORY_COPY","MEMORY_COPY_HOST_TO_DEVICE",2,"Agent 0","Agent 1",545044,3216958597555,3216959069397
"MEMORY_COPY","MEMORY_COPY_HOST_TO_DEVICE",2,"Agent 0","Agent 1",545048,3216959091887,3216959655009
"MEMORY_COPY","MEMORY_COPY_HOST_TO_DEVICE",2,"Agent 0","Agent 1",545064,3216959788049,3216961192414
"MEMORY_COPY","MEMORY_COPY_HOST_TO_DEVICE",2,"Agent 0","Agent 1",545195,3217012525971,3217012997332
"MEMORY_COPY","MEMORY_COPY_HOST_TO_DEVICE",2,"Agent 0","Agent 1",545199,3217013021733,3217013577134
"MEMORY_COPY","MEMORY_COPY_HOST_TO_DEVICE",2,"Agent 0","Agent 1",545215,3217013682145,3217015123309
"MEMORY_COPY","MEMORY_COPY_HOST_TO_DEVICE",2,"Agent 0","Agent 1",545346,3217066763999,3217067235400
"MEMORY_COPY","MEMORY_COPY_HOST_TO_DEVICE",2,"Agent 0","Agent 1",545350,3217067254000,3217067839642
"MEMORY_COPY","MEMORY_COPY_HOST_TO_DEVICE",2,"Agent 0","Agent 1",545366,3217067956923,3217069462368
"MEMORY_COPY","MEMORY_COPY_HOST_TO_DEVICE",2,"Agent 0","Agent 1",547545,3217088726358,3217089205279
"MEMORY_COPY","MEMORY_COPY_HOST_TO_DEVICE",2,"Agent 0","Agent 1",547560,3217089307039,3217089324999
"MEMORY_COPY","MEMORY_COPY_HOST_TO_DEVICE",2,"Agent 0","Agent 1",547576,3217089436279,3217090780884
"MEMORY_COPY","MEMORY_COPY_DEVICE_TO_HOST",5,"Agent 1","Agent 0",555694,3218626309503,3218626723944
"MEMORY_COPY","MEMORY_COPY_HOST_TO_DEVICE",2,"Agent 0","Agent 1",555698,3218626828624,3218627309466
"MEMORY_COPY","MEMORY_COPY_HOST_TO_DEVICE",2,"Agent 0","Agent 1",555713,3218627733977,3218627751778
"MEMORY_COPY","MEMORY_COPY_HOST_TO_DEVICE",2,"Agent 0","Agent 1",555729,3218627853278,3218629193562
"MEMORY_COPY","MEMORY_COPY_DEVICE_TO_HOST",5,"Agent 1","Agent 0",563847,3220149139143,3220149712145
"MEMORY_COPY","MEMORY_COPY_HOST_TO_DEVICE",2,"Agent 0","Agent 1",563851,3220150261085,3220150766846
"MEMORY_COPY","MEMORY_COPY_HOST_TO_DEVICE",2,"Agent 0","Agent 1",563866,3220150876920,3220150895520
"MEMORY_COPY","MEMORY_COPY_HOST_TO_DEVICE",2,"Agent 0","Agent 1",563882,3220150993448,3220152367413
"MEMORY_COPY","MEMORY_COPY_DEVICE_TO_HOST",5,"Agent 1","Agent 0",572000,3221682019149,3221682603751
"MEMORY_COPY","MEMORY_COPY_HOST_TO_DEVICE",2,"Agent 0","Agent 1",572004,3221682716773,3221683268615
"MEMORY_COPY","MEMORY_COPY_HOST_TO_DEVICE",2,"Agent 0","Agent 1",572019,3221683383579,3221683402459
"MEMORY_COPY","MEMORY_COPY_HOST_TO_DEVICE",2,"Agent 0","Agent 1",572035,3221683838865,3221685329150
"MEMORY_COPY","MEMORY_COPY_DEVICE_TO_HOST",5,"Agent 1","Agent 0",580153,3223232805300,3223233426542
"MEMORY_COPY","MEMORY_COPY_HOST_TO_DEVICE",2,"Agent 0","Agent 1",580158,3223256851240,3223257542603
"MEMORY_COPY","MEMORY_COPY_HOST_TO_DEVICE",2,"Agent 0","Agent 1",580162,3223257582693,3223258215735
"MEMORY_COPY","MEMORY_COPY_HOST_TO_DEVICE",2,"Agent 0","Agent 1",580178,3223258339115,3223259873880
"MEMORY_COPY","MEMORY_COPY_HOST_TO_DEVICE",2,"Agent 0","Agent 1",580309,3223315473228,3223315943069
"MEMORY_COPY","MEMORY_COPY_HOST_TO_DEVICE",2,"Agent 0","Agent 1",580313,3223315967359,3223316526361
"MEMORY_COPY","MEMORY_COPY_HOST_TO_DEVICE",2,"Agent 0","Agent 1",580329,3223316632562,3223318105607
"MEMORY_COPY","MEMORY_COPY_HOST_TO_DEVICE",2,"Agent 0","Agent 1",580460,3223371766579,3223372239700
"MEMORY_COPY","MEMORY_COPY_HOST_TO_DEVICE",2,"Agent 0","Agent 1",580464,3223372263370,3223372818092
"MEMORY_COPY","MEMORY_COPY_HOST_TO_DEVICE",2,"Agent 0","Agent 1",580480,3223372925122,3223374437647
"MEMORY_COPY","MEMORY_COPY_HOST_TO_DEVICE",2,"Agent 0","Agent 1",580611,3223428487388,3223428956349
"MEMORY_COPY","MEMORY_COPY_HOST_TO_DEVICE",2,"Agent 0","Agent 1",580615,3223428979969,3223429539291
"MEMORY_COPY","MEMORY_COPY_HOST_TO_DEVICE",2,"Agent 0","Agent 1",580631,3223429645272,3223431162957
"MEMORY_COPY","MEMORY_COPY_HOST_TO_DEVICE",2,"Agent 0","Agent 1",582810,3223449831323,3223450431445
"MEMORY_COPY","MEMORY_COPY_HOST_TO_DEVICE",2,"Agent 0","Agent 1",582825,3223450544885,3223450563645
"MEMORY_COPY","MEMORY_COPY_HOST_TO_DEVICE",2,"Agent 0","Agent 1",582841,3223450661406,3223452355691
"MEMORY_COPY","MEMORY_COPY_DEVICE_TO_HOST",5,"Agent 1","Agent 0",590959,3225032009478,3225032566200
"MEMORY_COPY","MEMORY_COPY_HOST_TO_DEVICE",2,"Agent 0","Agent 1",590963,3225033118762,3225033610483
"MEMORY_COPY","MEMORY_COPY_HOST_TO_DEVICE",2,"Agent 0","Agent 1",590978,3225033720974,3225033739294
"MEMORY_COPY","MEMORY_COPY_HOST_TO_DEVICE",2,"Agent 0","Agent 1",590994,3225033842884,3225035318249
"MEMORY_COPY","MEMORY_COPY_DEVICE_TO_HOST",5,"Agent 1","Agent 0",599112,3226597155568,3226597712930
"MEMORY_COPY","MEMORY_COPY_HOST_TO_DEVICE",2,"Agent 0","Agent 1",599116,3226597818979,3226598347380
"MEMORY_COPY","MEMORY_COPY_HOST_TO_DEVICE",2,"Agent 0","Agent 1",599131,3226598455318,3226598473318
"MEMORY_COPY","MEMORY_COPY_HOST_TO_DEVICE",2,"Agent 0","Agent 1",599147,3226598571190,3226600005515
"MEMORY_COPY","MEMORY_COPY_DEVICE_TO_HOST",5,"Agent 1","Agent 0",607265,3228171986201,3228172550562
"MEMORY_COPY","MEMORY_COPY_HOST_TO_DEVICE",2,"Agent 0","Agent 1",607269,3228172657746,3228173222228
"MEMORY_COPY","MEMORY_COPY_HOST_TO_DEVICE",2,"Agent 0","Agent 1",607284,3228173358380,3228173376460
"MEMORY_COPY","MEMORY_COPY_HOST_TO_DEVICE",2,"Agent 0","Agent 1",607300,3228173478232,3228174961797
"MEMORY_COPY","MEMORY_COPY_DEVICE_TO_HOST",5,"Agent 1","Agent 0",615418,3229765492899,3229766041501
"MEMORY_COPY","MEMORY_COPY_HOST_TO_DEVICE",2,"Agent 0","Agent 1",615423,3229787964845,3229788553567
"MEMORY_COPY","MEMORY_COPY_HOST_TO_DEVICE",2,"Agent 0","Agent 1",615427,3229788583177,3229789179659
"MEMORY_COPY","MEMORY_COPY_HOST_TO_DEVICE",2,"Agent 0","Agent 1",615443,3229789297789,3229791075475
"MEMORY_COPY","MEMORY_COPY_HOST_TO_DEVICE",2,"Agent 0","Agent 1",615574,3229849154828,3229849623590
"MEMORY_COPY","MEMORY_COPY_HOST_TO_DEVICE",2,"Agent 0","Agent 1",615578,3229849649270,3229850204912
"MEMORY_COPY","MEMORY_COPY_HOST_TO_DEVICE",2,"Agent 0","Agent 1",615594,3229850320742,3229851901108
"MEMORY_COPY","MEMORY_COPY_HOST_TO_DEVICE",2,"Agent 0","Agent 1",615725,3229908015026,3229908494628
"MEMORY_COPY","MEMORY_COPY_HOST_TO_DEVICE",2,"Agent 0","Agent 1",615729,3229908522788,3229909093590
"MEMORY_COPY","MEMORY_COPY_HOST_TO_DEVICE",2,"Agent 0","Agent 1",615745,3229909214510,3229910875716
"MEMORY_COPY","MEMORY_COPY_HOST_TO_DEVICE",2,"Agent 0","Agent 1",615876,3229967350859,3229967819461
"MEMORY_COPY","MEMORY_COPY_HOST_TO_DEVICE",2,"Agent 0","Agent 1",615880,3229967843901,3229968401382
"MEMORY_COPY","MEMORY_COPY_HOST_TO_DEVICE",2,"Agent 0","Agent 1",615896,3229968514223,3229970166308
"MEMORY_COPY","MEMORY_COPY_HOST_TO_DEVICE",2,"Agent 0","Agent 1",618075,3229988486381,3229989014782
"MEMORY_COPY","MEMORY_COPY_HOST_TO_DEVICE",2,"Agent 0","Agent 1",618090,3229989115503,3229989134703
"MEMORY_COPY","MEMORY_COPY_HOST_TO_DEVICE",2,"Agent 0","Agent 1",618106,3229989315263,3229990860629
"MEMORY_COPY","MEMORY_COPY_DEVICE_TO_HOST",5,"Agent 1","Agent 0",626224,3231616068505,3231616497826
"MEMORY_COPY","MEMORY_COPY_HOST_TO_DEVICE",2,"Agent 0","Agent 1",626228,3231616628667,3231617136588
"MEMORY_COPY","MEMORY_COPY_HOST_TO_DEVICE",2,"Agent 0","Agent 1",626243,3231617754070,3231617772551
"MEMORY_COPY","MEMORY_COPY_HOST_TO_DEVICE",2,"Agent 0","Agent 1",626259,3231617942641,3231619455446
"MEMORY_COPY","MEMORY_COPY_DEVICE_TO_HOST",5,"Agent 1","Agent 0",634377,3233223493239,3233224084281
"MEMORY_COPY","MEMORY_COPY_HOST_TO_DEVICE",2,"Agent 0","Agent 1",634381,3233224195583,3233224778225
"MEMORY_COPY","MEMORY_COPY_HOST_TO_DEVICE",2,"Agent 0","Agent 1",634396,3233224884561,3233224903161
"MEMORY_COPY","MEMORY_COPY_HOST_TO_DEVICE",2,"Agent 0","Agent 1",634412,3233225520116,3233227033441
"MEMORY_COPY","MEMORY_COPY_DEVICE_TO_HOST",5,"Agent 1","Agent 0",642530,3234839724011,3234840331453
"MEMORY_COPY","MEMORY_COPY_HOST_TO_DEVICE",2,"Agent 0","Agent 1",642534,3234840444568,3234840994410
"MEMORY_COPY","MEMORY_COPY_HOST_TO_DEVICE",2,"Agent 0","Agent 1",642549,3234841101818,3234841120018
"MEMORY_COPY","MEMORY_COPY_HOST_TO_DEVICE",2,"Agent 0","Agent 1",642565,3234841745388,3234843323993
"MEMORY_COPY","MEMORY_COPY_DEVICE_TO_HOST",5,"Agent 1","Agent 0",650683,3236473596855,3236474146057
"MEMORY_COPY","MEMORY_COPY_HOST_TO_DEVICE",2,"Agent 0","Agent 1",650688,3236496456004,3236497033206
"MEMORY_COPY","MEMORY_COPY_HOST_TO_DEVICE",2,"Agent 0","Agent 1",650692,3236497062916,3236497775318
"MEMORY_COPY","MEMORY_COPY_HOST_TO_DEVICE",2,"Agent 0","Agent 1",650708,3236497902869,3236499686595
"MEMORY_COPY","MEMORY_COPY_HOST_TO_DEVICE",2,"Agent 0","Agent 1",650839,3236560488449,3236560956851
"MEMORY_COPY","MEMORY_COPY_HOST_TO_DEVICE",2,"Agent 0","Agent 1",650843,3236560983421,3236561539463
"MEMORY_COPY","MEMORY_COPY_HOST_TO_DEVICE",2,"Agent 0","Agent 1",650859,3236561690073,3236563404959
"MEMORY_COPY","MEMORY_COPY_HOST_TO_DEVICE",2,"Agent 0","Agent 1",650990,3236622259525,3236622753686
"MEMORY_COPY","MEMORY_COPY_HOST_TO_DEVICE",2,"Agent 0","Agent 1",650994,3236622782537,3236623370379
"MEMORY_COPY","MEMORY_COPY_HOST_TO_DEVICE",2,"Agent 0","Agent 1",651010,3236623622369,3236625325095
"MEMORY_COPY","MEMORY_COPY_HOST_TO_DEVICE",2,"Agent 0","Agent 1",651141,3236684715016,3236685206137
"MEMORY_COPY","MEMORY_COPY_HOST_TO_DEVICE",2,"Agent 0","Agent 1",651145,3236685232817,3236685787299
"MEMORY_COPY","MEMORY_COPY_HOST_TO_DEVICE",2,"Agent 0","Agent 1",651161,3236685897660,3236687644426
"MEMORY_COPY","MEMORY_COPY_HOST_TO_DEVICE",2,"Agent 0","Agent 1",653340,3236706220710,3236706717151
"MEMORY_COPY","MEMORY_COPY_HOST_TO_DEVICE",2,"Agent 0","Agent 1",653355,3236706822952,3236706842352
"MEMORY_COPY","MEMORY_COPY_HOST_TO_DEVICE",2,"Agent 0","Agent 1",653371,3236706944552,3236708662518
"MEMORY_COPY","MEMORY_COPY_DEVICE_TO_HOST",5,"Agent 1","Agent 0",661489,3238376655471,3238377212353
"MEMORY_COPY","MEMORY_COPY_HOST_TO_DEVICE",2,"Agent 0","Agent 1",661493,3238377770803,3238378241445
"MEMORY_COPY","MEMORY_COPY_HOST_TO_DEVICE",2,"Agent 0","Agent 1",661508,3238378532840,3238378550920
"MEMORY_COPY","MEMORY_COPY_HOST_TO_DEVICE",2,"Agent 0","Agent 1",661524,3238378659238,3238380238884
"MEMORY_COPY","MEMORY_COPY_DEVICE_TO_HOST",5,"Agent 1","Agent 0",669642,3240026519275,3240027083717
"MEMORY_COPY","MEMORY_COPY_HOST_TO_DEVICE",2,"Agent 0","Agent 1",669646,3240027183232,3240027743714
"MEMORY_COPY","MEMORY_COPY_HOST_TO_DEVICE",2,"Agent 0","Agent 1",669661,3240027846232,3240027864072
"MEMORY_COPY","MEMORY_COPY_HOST_TO_DEVICE",2,"Agent 0","Agent 1",669677,3240028482922,3240030070408
"MEMORY_COPY","MEMORY_COPY_DEVICE_TO_HOST",5,"Agent 1","Agent 0",677795,3241685317562,3241685866123
"MEMORY_COPY","MEMORY_COPY_HOST_TO_DEVICE",2,"Agent 0","Agent 1",677799,3241685973994,3241686509116
"MEMORY_COPY","MEMORY_COPY_HOST_TO_DEVICE",2,"Agent 0","Agent 1",677814,3241686615626,3241686634586
"MEMORY_COPY","MEMORY_COPY_HOST_TO_DEVICE",2,"Agent 0","Agent 1",677830,3241687251788,3241688884794
"MEMORY_COPY","MEMORY_COPY_DEVICE_TO_HOST",5,"Agent 1","Agent 0",685948,3243362100665,3243362645787
"MEMORY_COPY","MEMORY_COPY_HOST_TO_DEVICE",2,"Agent 0","Agent 1",685953,3243384810855,3243385422377
"MEMORY_COPY","MEMORY_COPY_HOST_TO_DEVICE",2,"Agent 0","Agent 1",685957,3243385453147,3243386087469
"MEMORY_COPY","MEMORY_COPY_HOST_TO_DEVICE",2,"Agent 0","Agent 1",685973,3243386223750,3243388270717
"MEMORY_COPY","MEMORY_COPY_HOST_TO_DEVICE",2,"Agent 0","Agent 1",686104,3243451959398,3243452433159
"MEMORY_COPY","MEMORY_COPY_HOST_TO_DEVICE",2,"Agent 0","Agent 1",686108,3243452459350,3243453014431
"MEMORY_COPY","MEMORY_COPY_HOST_TO_DEVICE",2,"Agent 0","Agent 1",686124,3243453124772,3243454914218
"MEMORY_COPY","MEMORY_COPY_HOST_TO_DEVICE",2,"Agent 0","Agent 1",686255,3243516282822,3243516751344
"MEMORY_COPY","MEMORY_COPY_HOST_TO_DEVICE",2,"Agent 0","Agent 1",686259,3243516775504,3243517333746
"MEMORY_COPY","MEMORY_COPY_HOST_TO_DEVICE",2,"Agent 0","Agent 1",686275,3243517446767,3243519216933
"MEMORY_COPY","MEMORY_COPY_HOST_TO_DEVICE",2,"Agent 0","Agent 1",686406,3243581135015,3243581651617
"MEMORY_COPY","MEMORY_COPY_HOST_TO_DEVICE",2,"Agent 0","Agent 1",686410,3243581679427,3243582265789
"MEMORY_COPY","MEMORY_COPY_HOST_TO_DEVICE",2,"Agent 0","Agent 1",686426,3243582380770,3243584240936
"MEMORY_COPY","MEMORY_COPY_HOST_TO_DEVICE",2,"Agent 0","Agent 1",688605,3243603291173,3243603771334
"MEMORY_COPY","MEMORY_COPY_HOST_TO_DEVICE",2,"Agent 0","Agent 1",688620,3243603865415,3243603884415
"MEMORY_COPY","MEMORY_COPY_HOST_TO_DEVICE",2,"Agent 0","Agent 1",688636,3243603980535,3243605621461
"MEMORY_COPY","MEMORY_COPY_DEVICE_TO_HOST",5,"Agent 1","Agent 0",696754,3245318277899,3245318732540
"MEMORY_COPY","MEMORY_COPY_HOST_TO_DEVICE",2,"Agent 0","Agent 1",696758,3245318834771,3245319336092
"MEMORY_COPY","MEMORY_COPY_HOST_TO_DEVICE",2,"Agent 0","Agent 1",696773,3245320037815,3245320055815
"MEMORY_COPY","MEMORY_COPY_HOST_TO_DEVICE",2,"Agent 0","Agent 1",696789,3245320158845,3245321800011
"MEMORY_COPY","MEMORY_COPY_DEVICE_TO_HOST",5,"Agent 1","Agent 0",704907,3247009571970,3247010109492
"MEMORY_COPY","MEMORY_COPY_HOST_TO_DEVICE",2,"Agent 0","Agent 1",704911,3247010214620,3247010695262
"MEMORY_COPY","MEMORY_COPY_HOST_TO_DEVICE",2,"Agent 0","Agent 1",704926,3247010799594,3247010818954
"MEMORY_COPY","MEMORY_COPY_HOST_TO_DEVICE",2,"Agent 0","Agent 1",704942,3247010935208,3247012594854
"MEMORY_COPY","MEMORY_COPY_DEVICE_TO_HOST",5,"Agent 1","Agent 0",713060,3248708170255,3248708726937
"MEMORY_COPY","MEMORY_COPY_HOST_TO_DEVICE",2,"Agent 0","Agent 1",713064,3248708833180,3248709360222
"MEMORY_COPY","MEMORY_COPY_HOST_TO_DEVICE",2,"Agent 0","Agent 1",713079,3248709464845,3248709483805
"MEMORY_COPY","MEMORY_COPY_HOST_TO_DEVICE",2,"Agent 0","Agent 1",713095,3248709584713,3248711268319
"MEMORY_COPY","MEMORY_COPY_DEVICE_TO_HOST",5,"Agent 1","Agent 0",721213,3250426732168,3250427282370
"MEMORY_COPY","MEMORY_COPY_HOST_TO_DEVICE",2,"Agent 0","Agent 1",721218,3250451081714,3250451677316
"MEMORY_COPY","MEMORY_COPY_HOST_TO_DEVICE",2,"Agent 0","Agent 1",721222,3250451699926,3250452261288
"MEMORY_COPY","MEMORY_COPY_HOST_TO_DEVICE",2,"Agent 0","Agent 1",721238,3250452377099,3250454364826
"MEMORY_COPY","MEMORY_COPY_HOST_TO_DEVICE",2,"Agent 0","Agent 1",721369,3250520165092,3250520633894
"MEMORY_COPY","MEMORY_COPY_HOST_TO_DEVICE",2,"Agent 0","Agent 1",721373,3250520654384,3250521212986
"MEMORY_COPY","MEMORY_COPY_HOST_TO_DEVICE",2,"Agent 0","Agent 1",721389,3250521326826,3250523169913
"MEMORY_COPY","MEMORY_COPY_HOST_TO_DEVICE",2,"Agent 0","Agent 1",721520,3250587079009,3250587558371
"MEMORY_COPY","MEMORY_COPY_HOST_TO_DEVICE",2,"Agent 0","Agent 1",721524,3250587579081,3250588192483
"MEMORY_COPY","MEMORY_COPY_HOST_TO_DEVICE",2,"Agent 0","Agent 1",721540,3250588306543,3250590239190
"MEMORY_COPY","MEMORY_COPY_HOST_TO_DEVICE",2,"Agent 0","Agent 1",721671,3250654726589,3250655220111
"MEMORY_COPY","MEMORY_COPY_HOST_TO_DEVICE",2,"Agent 0","Agent 1",721675,3250655241681,3250655832523
"MEMORY_COPY","MEMORY_COPY_HOST_TO_DEVICE",2,"Agent 0","Agent 1",721691,3250655945013,3250657858220
"MEMORY_COPY","MEMORY_COPY_HOST_TO_DEVICE",2,"Agent 0","Agent 1",723870,3250677130718,3250677618080
"MEMORY_COPY","MEMORY_COPY_HOST_TO_DEVICE",2,"Agent 0","Agent 1",723885,3250677710240,3250677728480
"MEMORY_COPY","MEMORY_COPY_HOST_TO_DEVICE",2,"Agent 0","Agent 1",723901,3250677836201,3250679602807
"MEMORY_COPY","MEMORY_COPY_DEVICE_TO_HOST",5,"Agent 1","Agent 0",732019,3252436502786,3252437067588
"MEMORY_COPY","MEMORY_COPY_HOST_TO_DEVICE",2,"Agent 0","Agent 1",732023,3252437179899,3252437687261
"MEMORY_COPY","MEMORY_COPY_HOST_TO_DEVICE",2,"Agent 0","Agent 1",732038,3252437793896,3252437813016
"MEMORY_COPY","MEMORY_COPY_HOST_TO_DEVICE",2,"Agent 0","Agent 1",732054,3252438456283,3252440251650
"MEMORY_COPY","MEMORY_COPY_DEVICE_TO_HOST",5,"Agent 1","Agent 0",740172,3254169020845,3254169538727
"MEMORY_COPY","MEMORY_COPY_HOST_TO_DEVICE",2,"Agent 0","Agent 1",740176,3254169649608,3254170131409
"MEMORY_COPY","MEMORY_COPY_HOST_TO_DEVICE",2,"Agent 0","Agent 1",740191,3254170235920,3254170253720
"MEMORY_COPY","MEMORY_COPY_HOST_TO_DEVICE",2,"Agent 0","Agent 1",740207,3254170354060,3254172099506
"MEMORY_COPY","MEMORY_COPY_DEVICE_TO_HOST",5,"Agent 1","Agent 0",748325,3255911804250,3255912362572
"MEMORY_COPY","MEMORY_COPY_HOST_TO_DEVICE",2,"Agent 0","Agent 1",748329,3255912469979,3255913005381
"MEMORY_COPY","MEMORY_COPY_HOST_TO_DEVICE",2,"Agent 0","Agent 1",748344,3255913120273,3255913138633
"MEMORY_COPY","MEMORY_COPY_HOST_TO_DEVICE",2,"Agent 0","Agent 1",748360,3255913577165,3255915348731
"MEMORY_COPY","MEMORY_COPY_DEVICE_TO_HOST",5,"Agent 1","Agent 0",756478,3257671693202,3257672246284
"MEMORY_COPY","MEMORY_COPY_HOST_TO_DEVICE",2,"Agent 0","Agent 1",756483,3257695278536,3257695843858
"MEMORY_COPY","MEMORY_COPY_HOST_TO_DEVICE",2,"Agent 0","Agent 1",756487,3257695870988,3257696505190
"MEMORY_COPY","MEMORY_COPY_HOST_TO_DEVICE",2,"Agent 0","Agent 1",756503,3257696641491,3257698944299
"MEMORY_COPY","MEMORY_COPY_HOST_TO_DEVICE",2,"Agent 0","Agent 1",756634,3257767638216,3257768155057
"MEMORY_COPY","MEMORY_COPY_HOST_TO_DEVICE",2,"Agent 0","Agent 1",756638,3257768180017,3257768797380
"MEMORY_COPY","MEMORY_COPY_HOST_TO_DEVICE",2,"Agent 0","Agent 1",756654,3257768913740,3257770987508
"MEMORY_COPY","MEMORY_COPY_HOST_TO_DEVICE",2,"Agent 0","Agent 1",756785,3257837490247,3257837961849
"MEMORY_COPY","MEMORY_COPY_HOST_TO_DEVICE",2,"Agent 0","Agent 1",756789,3257837983649,3257838545131
"MEMORY_COPY","MEMORY_COPY_HOST_TO_DEVICE",2,"Agent 0","Agent 1",756805,3257838668361,3257840663329
"MEMORY_COPY","MEMORY_COPY_HOST_TO_DEVICE",2,"Agent 0","Agent 1",756936,3257907968823,3257908442265
"MEMORY_COPY","MEMORY_COPY_HOST_TO_DEVICE",2,"Agent 0","Agent 1",756940,3257908467095,3257909024737
"MEMORY_COPY","MEMORY_COPY_HOST_TO_DEVICE",2,"Agent 0","Agent 1",756956,3257909139888,3257911143975
"MEMORY_COPY","MEMORY_COPY_HOST_TO_DEVICE",2,"Agent 0","Agent 1",759135,3257930731565,3257931234007
"MEMORY_COPY","MEMORY_COPY_HOST_TO_DEVICE",2,"Agent 0","Agent 1",759150,3257931338407,3257931359647
"MEMORY_COPY","MEMORY_COPY_HOST_TO_DEVICE",2,"Agent 0","Agent 1",759166,3257931526408,3257933497455
"MEMORY_COPY","MEMORY_COPY_DEVICE_TO_HOST",5,"Agent 1","Agent 0",767284,3259734064275,3259734530157
"MEMORY_COPY","MEMORY_COPY_HOST_TO_DEVICE",2,"Agent 0","Agent 1",767288,3259734639092,3259735118693
"MEMORY_COPY","MEMORY_COPY_HOST_TO_DEVICE",2,"Agent 0","Agent 1",767303,3259735740606,3259735758566
"MEMORY_COPY","MEMORY_COPY_HOST_TO_DEVICE",2,"Agent 0","Agent 1",767319,3259735860786,3259737673232
"MEMORY_COPY","MEMORY_COPY_DEVICE_TO_HOST",5,"Agent 1","Agent 0",775437,3261509374942,3261510001984
"MEMORY_COPY","MEMORY_COPY_HOST_TO_DEVICE",2,"Agent 0","Agent 1",775441,3261510132364,3261510747047
"MEMORY_COPY","MEMORY_COPY_HOST_TO_DEVICE",2,"Agent 0","Agent 1",775456,3261510855767,3261510875647
"MEMORY_COPY","MEMORY_COPY_HOST_TO_DEVICE",2,"Agent 0","Agent 1",775472,3261510978626,3261512846793
"MEMORY_COPY","MEMORY_COPY_DEVICE_TO_HOST",5,"Agent 1","Agent 0",783590,3263293125883,3263293639725
"MEMORY_COPY","MEMORY_COPY_HOST_TO_DEVICE",2,"Agent 0","Agent 1",783594,3263294189507,3263294655108
"MEMORY_COPY","MEMORY_COPY_HOST_TO_DEVICE",2,"Agent 0","Agent 1",783609,3263294763119,3263294781319
"MEMORY_COPY","MEMORY_COPY_HOST_TO_DEVICE",2,"Agent 0","Agent 1",783625,3263294882679,3263296743926
"MEMORY_COPY","MEMORY_COPY_DEVICE_TO_HOST",5,"Agent 1","Agent 0",791743,3265097447074,3265098071636
"MEMORY_COPY","MEMORY_COPY_HOST_TO_DEVICE",2,"Agent 0","Agent 1",791748,3265123054717,3265123796920
"MEMORY_COPY","MEMORY_COPY_HOST_TO_DEVICE",2,"Agent 0","Agent 1",791752,3265123822850,3265124577292
"MEMORY_COPY","MEMORY_COPY_HOST_TO_DEVICE",2,"Agent 0","Agent 1",791768,3265124717983,3265126993831
"MEMORY_COPY","MEMORY_COPY_HOST_TO_DEVICE",2,"Agent 0","Agent 1",791899,3265198446559,3265198920201
"MEMORY_COPY","MEMORY_COPY_HOST_TO_DEVICE",2,"Agent 0","Agent 1",791903,3265198943591,3265199500073
"MEMORY_COPY","MEMORY_COPY_HOST_TO_DEVICE",2,"Agent 0","Agent 1",791919,3265199616623,3265201674831
"MEMORY_COPY","MEMORY_COPY_HOST_TO_DEVICE",2,"Agent 0","Agent 1",792050,3265270814458,3265271289299
"MEMORY_COPY","MEMORY_COPY_HOST_TO_DEVICE",2,"Agent 0","Agent 1",792054,3265271312229,3265271865352
"MEMORY_COPY","MEMORY_COPY_HOST_TO_DEVICE",2,"Agent 0","Agent 1",792070,3265271977562,3265274076450
"MEMORY_COPY","MEMORY_COPY_HOST_TO_DEVICE",2,"Agent 0","Agent 1",792201,3265343676752,3265344179553
"MEMORY_COPY","MEMORY_COPY_HOST_TO_DEVICE",2,"Agent 0","Agent 1",792205,3265344202594,3265344804076
"MEMORY_COPY","MEMORY_COPY_HOST_TO_DEVICE",2,"Agent 0","Agent 1",792221,3265344923116,3265347104324
"MEMORY_COPY","MEMORY_COPY_HOST_TO_DEVICE",2,"Agent 0","Agent 1",794400,3265366948976,3265367421658
"MEMORY_COPY","MEMORY_COPY_HOST_TO_DEVICE",2,"Agent 0","Agent 1",794415,3265367518538,3265367538218
"MEMORY_COPY","MEMORY_COPY_HOST_TO_DEVICE",2,"Agent 0","Agent 1",794431,3265367635139,3265369520345
"MEMORY_COPY","MEMORY_COPY_DEVICE_TO_HOST",5,"Agent 1","Agent 0",802549,3267214722647,3267215280409
"MEMORY_COPY","MEMORY_COPY_HOST_TO_DEVICE",2,"Agent 0","Agent 1",802553,3267216044922,3267216524924
"MEMORY_COPY","MEMORY_COPY_HOST_TO_DEVICE",2,"Agent 0","Agent 1",802568,3267216634936,3267216652936
"MEMORY_COPY","MEMORY_COPY_HOST_TO_DEVICE",2,"Agent 0","Agent 1",802584,3267216746879,3267218641766
"MEMORY_COPY","MEMORY_COPY_DEVICE_TO_HOST",5,"Agent 1","Agent 0",810702,3269032443936,3269032977458
"MEMORY_COPY","MEMORY_COPY_HOST_TO_DEVICE",2,"Agent 0","Agent 1",810706,3269033083772,3269033563133
"MEMORY_COPY","MEMORY_COPY_HOST_TO_DEVICE",2,"Agent 0","Agent 1",810721,3269033667431,3269033685391
"MEMORY_COPY","MEMORY_COPY_HOST_TO_DEVICE",2,"Agent 0","Agent 1",810737,3269034340675,3269036286922
"MEMORY_COPY","MEMORY_COPY_DEVICE_TO_HOST",5,"Agent 1","Agent 0",818855,3270858777187,3270859333309
"MEMORY_COPY","MEMORY_COPY_HOST_TO_DEVICE",2,"Agent 0","Agent 1",818859,3270859437367,3270859919808
"MEMORY_COPY","MEMORY_COPY_HOST_TO_DEVICE",2,"Agent 0","Agent 1",818874,3270860023008,3270860041328
"MEMORY_COPY","MEMORY_COPY_HOST_TO_DEVICE",2,"Agent 0","Agent 1",818890,3270860666986,3270862593753
"MEMORY_COPY","MEMORY_COPY_DEVICE_TO_HOST",5,"Agent 1","Agent 0",827008,3272704660580,3272705290502
"MEMORY_COPY","MEMORY_COPY_HOST_TO_DEVICE",2,"Agent 0","Agent 1",827013,3272727928525,3272728505927
"MEMORY_COPY","MEMORY_COPY_HOST_TO_DEVICE",2,"Agent 0","Agent 1",827017,3272728532077,3272729100439
"MEMORY_COPY","MEMORY_COPY_HOST_TO_DEVICE",2,"Agent 0","Agent 1",827033,3272729221470,3272731636159
"MEMORY_COPY","MEMORY_COPY_HOST_TO_DEVICE",2,"Agent 0","Agent 1",827164,3272805668351,3272806141913
"MEMORY_COPY","MEMORY_COPY_HOST_TO_DEVICE",2,"Agent 0","Agent 1",827168,3272806166863,3272806720025
"MEMORY_COPY","MEMORY_COPY_HOST_TO_DEVICE",2,"Agent 0","Agent 1",827184,3272806831636,3272809010204
"MEMORY_COPY","MEMORY_COPY_HOST_TO_DEVICE",2,"Agent 0","Agent 1",827315,3272880761024,3272881238866
"MEMORY_COPY","MEMORY_COPY_HOST_TO_DEVICE",2,"Agent 0","Agent 1",827319,3272881263296,3272881816578
"MEMORY_COPY","MEMORY_COPY_HOST_TO_DEVICE",2,"Agent 0","Agent 1",827335,3272881928888,3272884116496
"MEMORY_COPY","MEMORY_COPY_HOST_TO_DEVICE",2,"Agent 0","Agent 1",827466,3272956448016,3272956930258
"MEMORY_COPY","MEMORY_COPY_HOST_TO_DEVICE",2,"Agent 0","Agent 1",827470,3272956950698,3272957520340
"MEMORY_COPY","MEMORY_COPY_HOST_TO_DEVICE",2,"Agent 0","Agent 1",827486,3272957628770,3272959854259
"MEMORY_COPY","MEMORY_COPY_HOST_TO_DEVICE",2,"Agent 0","Agent 1",829665,3272979053539,3272979735022
"MEMORY_COPY","MEMORY_COPY_HOST_TO_DEVICE",2,"Agent 0","Agent 1",829680,3272979851102,3272979871662
"MEMORY_COPY","MEMORY_COPY_HOST_TO_DEVICE",2,"Agent 0","Agent 1",829696,3272979973102,3272982079830
"MEMORY_COPY","MEMORY_COPY_DEVICE_TO_HOST",5,"Agent 1","Agent 0",837814,3274873967342,3274874378744
"MEMORY_COPY","MEMORY_COPY_HOST_TO_DEVICE",2,"Agent 0","Agent 1",837818,3274874950466,3274875414308
"MEMORY_COPY","MEMORY_COPY_HOST_TO_DEVICE",2,"Agent 0","Agent 1",837833,3274875523118,3274875541078
"MEMORY_COPY","MEMORY_COPY_HOST_TO_DEVICE",2,"Agent 0","Agent 1",837849,3274875641589,3274877654076
"MEMORY_COPY","MEMORY_COPY_DEVICE_TO_HOST",5,"Agent 1","Agent 0",845967,3276732459557,3276733026199
"MEMORY_COPY","MEMORY_COPY_HOST_TO_DEVICE",2,"Agent 0","Agent 1",845971,3276733126726,3276733650128
"MEMORY_COPY","MEMORY_COPY_HOST_TO_DEVICE",2,"Agent 0","Agent 1",845986,3276733752926,3276733771167
"MEMORY_COPY","MEMORY_COPY_HOST_TO_DEVICE",2,"Agent 0","Agent 1",846002,3276733872850,3276735871057
"MEMORY_COPY","MEMORY_COPY_DEVICE_TO_HOST",5,"Agent 1","Agent 0",854120,3278601412748,3278601969430
"MEMORY_COPY","MEMORY_COPY_HOST_TO_DEVICE",2,"Agent 0","Agent 1",854124,3278602083850,3278602570532
"MEMORY_COPY","MEMORY_COPY_HOST_TO_DEVICE",2,"Agent 0","Agent 1",854139,3278602674777,3278602693018
"MEMORY_COPY","MEMORY_COPY_HOST_TO_DEVICE",2,"Agent 0","Agent 1",854155,3278603154954,3278605270722
"MEMORY_COPY","MEMORY_COPY_DEVICE_TO_HOST",5,"Agent 1","Agent 0",862273,3280490222973,3280490778335
"MEMORY_COPY","MEMORY_COPY_HOST_TO_DEVICE",2,"Agent 0","Agent 1",862278,3280516829382,3280517475464
"MEMORY_COPY","MEMORY_COPY_HOST_TO_DEVICE",2,"Agent 0","Agent 1",862282,3280517500374,3280518172577
"MEMORY_COPY","MEMORY_COPY_HOST_TO_DEVICE",2,"Agent 0","Agent 1",862298,3280518295727,3280520808936
"MEMORY_COPY","MEMORY_COPY_HOST_TO_DEVICE",2,"Agent 0","Agent 1",862429,3280597741764,3280598214886
"MEMORY_COPY","MEMORY_COPY_HOST_TO_DEVICE",2,"Agent 0","Agent 1",862433,3280598237366,3280598840209
"MEMORY_COPY","MEMORY_COPY_HOST_TO_DEVICE",2,"Agent 0","Agent 1",862449,3280598966369,3280601239657
"MEMORY_COPY","MEMORY_COPY_HOST_TO_DEVICE",2,"Agent 0","Agent 1",862580,3280675355578,3280675828380
"MEMORY_COPY","MEMORY_COPY_HOST_TO_DEVICE",2,"Agent 0","Agent 1",862584,3280675849320,3280676405442
"MEMORY_COPY","MEMORY_COPY_HOST_TO_DEVICE",2,"Agent 0","Agent 1",862600,3280676516333,3280678825101
"MEMORY_COPY","MEMORY_COPY_HOST_TO_DEVICE",2,"Agent 0","Agent 1",862731,3280753639149,3280754173231
"MEMORY_COPY","MEMORY_COPY_HOST_TO_DEVICE",2,"Agent 0","Agent 1",862735,3280754193361,3280754812924
"MEMORY_COPY","MEMORY_COPY_HOST_TO_DEVICE",2,"Agent 0","Agent 1",862751,3280754944624,3280757368233
"MEMORY_COPY","MEMORY_COPY_HOST_TO_DEVICE",2,"Agent 0","Agent 1",864930,3280777592788,3280778097030
"MEMORY_COPY","MEMORY_COPY_HOST_TO_DEVICE",2,"Agent 0","Agent 1",864945,3280778191710,3280778212190
"MEMORY_COPY","MEMORY_COPY_HOST_TO_DEVICE",2,"Agent 0","Agent 1",864961,3280778310831,3280780467199
"MEMORY_COPY","MEMORY_COPY_DEVICE_TO_HOST",5,"Agent 1","Agent 0",873079,3282714438036,3282714972958
"MEMORY_COPY","MEMORY_COPY_HOST_TO_DEVICE",2,"Agent 0","Agent 1",873083,3282715085126,3282715582928
"MEMORY_COPY","MEMORY_COPY_HOST_TO_DEVICE",2,"Agent 0","Agent 1",873098,3282716096012,3282716114892
"MEMORY_COPY","MEMORY_COPY_HOST_TO_DEVICE",2,"Agent 0","Agent 1",873114,3282716216891,3282718301698
"MEMORY_COPY","MEMORY_COPY_DEVICE_TO_HOST",5,"Agent 1","Agent 0",881232,3284614553422,3284615113584
"MEMORY_COPY","MEMORY_COPY_HOST_TO_DEVICE",2,"Agent 0","Agent 1",881236,3284615221621,3284615743462
"MEMORY_COPY","MEMORY_COPY_HOST_TO_DEVICE",2,"Agent 0","Agent 1",881251,3284615849427,3284615867827
"MEMORY_COPY","MEMORY_COPY_HOST_TO_DEVICE",2,"Agent 0","Agent 1",881267,3284615969494,3284618060502
"MEMORY_COPY","MEMORY_COPY_DEVICE_TO_HOST",5,"Agent 1","Agent 0",889385,3286525354076,3286525963358
"MEMORY_COPY","MEMORY_COPY_HOST_TO_DEVICE",2,"Agent 0","Agent 1",889389,3286526079369,3286526562211
"MEMORY_COPY","MEMORY_COPY_HOST_TO_DEVICE",2,"Agent 0","Agent 1",889404,3286526666436,3286526684756
"MEMORY_COPY","MEMORY_COPY_HOST_TO_DEVICE",2,"Agent 0","Agent 1",889420,3286527129416,3286529302184
"MEMORY_COPY","MEMORY_COPY_DEVICE_TO_HOST",5,"Agent 1","Agent 0",897538,3288456418688,3288457088411
"MEMORY_COPY","MEMORY_COPY_HOST_TO_DEVICE",2,"Agent 0","Agent 1",897543,3288480019171,3288480591293
"MEMORY_COPY","MEMORY_COPY_HOST_TO_DEVICE",2,"Agent 0","Agent 1",897547,3288480614314,3288481179956
"MEMORY_COPY","MEMORY_COPY_HOST_TO_DEVICE",2,"Agent 0","Agent 1",897563,3288481295538,3288483979588
"MEMORY_COPY","MEMORY_COPY_HOST_TO_DEVICE",2,"Agent 0","Agent 1",897694,3288563271051,3288563741573
"MEMORY_COPY","MEMORY_COPY_HOST_TO_DEVICE",2,"Agent 0","Agent 1",897698,3288563765433,3288564321075
"MEMORY_COPY","MEMORY_COPY_HOST_TO_DEVICE",2,"Agent 0","Agent 1",897714,3288564433575,3288566813064
"MEMORY_COPY","MEMORY_COPY_HOST_TO_DEVICE",2,"Agent 0","Agent 1",897845,3288643813467,3288644282988
"MEMORY_COPY","MEMORY_COPY_HOST_TO_DEVICE",2,"Agent 0","Agent 1",897849,3288644304738,3288644857861
"MEMORY_COPY","MEMORY_COPY_HOST_TO_DEVICE",2,"Agent 0","Agent 1",897865,3288644965011,3288647394260
"MEMORY_COPY","MEMORY_COPY_HOST_TO_DEVICE",2,"Agent 0","Agent 1",897996,3288724854687,3288725325328
"MEMORY_COPY","MEMORY_COPY_HOST_TO_DEVICE",2,"Agent 0","Agent 1",898000,3288725346698,3288725916541
"MEMORY_COPY","MEMORY_COPY_HOST_TO_DEVICE",2,"Agent 0","Agent 1",898016,3288726040381,3288728467470
"MEMORY_COPY","MEMORY_COPY_HOST_TO_DEVICE",2,"Agent 0","Agent 1",900195,3288748712666,3288749213068
"MEMORY_COPY","MEMORY_COPY_HOST_TO_DEVICE",2,"Agent 0","Agent 1",900210,3288749377189,3288749395909
"MEMORY_COPY","MEMORY_COPY_HOST_TO_DEVICE",2,"Agent 0","Agent 1",900226,3288749486709,3288751755237
"MEMORY_COPY","MEMORY_COPY_DEVICE_TO_HOST",5,"Agent 1","Agent 0",908344,3290737623583,3290738047425
"MEMORY_COPY","MEMORY_COPY_HOST_TO_DEVICE",2,"Agent 0","Agent 1",908348,3290738153795,3290738645237
"MEMORY_COPY","MEMORY_COPY_HOST_TO_DEVICE",2,"Agent 0","Agent 1",908363,3290739243669,3290739261709
"MEMORY_COPY","MEMORY_COPY_HOST_TO_DEVICE",2,"Agent 0","Agent 1",908379,3290739361010,3290741538978
"MEMORY_COPY","MEMORY_COPY_DEVICE_TO_HOST",5,"Agent 1","Agent 0",916497,3292695135917,3292695692759
"MEMORY_COPY","MEMORY_COPY_HOST_TO_DEVICE",2,"Agent 0","Agent 1",916501,3292695799770,3292696297412
"MEMORY_COPY","MEMORY_COPY_HOST_TO_DEVICE",2,"Agent 0","Agent 1",916516,3292696402032,3292696419992
"MEMORY_COPY","MEMORY_COPY_HOST_TO_DEVICE",2,"Agent 0","Agent 1",916532,3292696521321,3292698703009
"MEMORY_COPY","MEMORY_COPY_DEVICE_TO_HOST",5,"Agent 1","Agent 0",924650,3294649805731,3294650316453
"MEMORY_COPY","MEMORY_COPY_HOST_TO_DEVICE",2,"Agent 0","Agent 1",924654,3294650425914,3294650910156
"MEMORY_COPY","MEMORY_COPY_HOST_TO_DEVICE",2,"Agent 0","Agent 1",924669,3294651015566,3294651033726
"MEMORY_COPY","MEMORY_COPY_HOST_TO_DEVICE",2,"Agent 0","Agent 1",924685,3294651479508,3294653692236
"MEMORY_COPY","MEMORY_COPY_DEVICE_TO_HOST",5,"Agent 1","Agent 0",932803,3296623143217,3296623776219
"MEMORY_COPY","MEMORY_COPY_HOST_TO_DEVICE",2,"Agent 0","Agent 1",932808,3296648294512,3296648859874
"MEMORY_COPY","MEMORY_COPY_HOST_TO_DEVICE",2,"Agent 0","Agent 1",932812,3296648883634,3296649440196
"MEMORY_COPY","MEMORY_COPY_HOST_TO_DEVICE",2,"Agent 0","Agent 1",932828,3296649556447,3296652090857
"MEMORY_COPY","MEMORY_COPY_HOST_TO_DEVICE",2,"Agent 0","Agent 1",932959,3296733931425,3296734400507
"MEMORY_COPY","MEMORY_COPY_HOST_TO_DEVICE",2,"Agent 0","Agent 1",932963,3296734422277,3296734976239
"MEMORY_COPY","MEMORY_COPY_HOST_TO_DEVICE",2,"Agent 0","Agent 1",932979,3296735088120,3296737574689
"MEMORY_COPY","MEMORY_COPY_HOST_TO_DEVICE",2,"Agent 0","Agent 1",933110,3296817177209,3296817646411
"MEMORY_COPY","MEMORY_COPY_HOST_TO_DEVICE",2,"Agent 0","Agent 1",933114,3296817668021,3296818222903
"MEMORY_COPY","MEMORY_COPY_HOST_TO_DEVICE",2,"Agent 0","Agent 1",933130,3296818332763,3296820851813
"MEMORY_COPY","MEMORY_COPY_HOST_TO_DEVICE",2,"Agent 0","Agent 1",933261,3296900951564,3296901420486
"MEMORY_COPY","MEMORY_COPY_HOST_TO_DEVICE",2,"Agent 0","Agent 1",933265,3296901444266,3296901998868
"MEMORY_COPY","MEMORY_COPY_HOST_TO_DEVICE",2,"Agent 0","Agent 1",933281,3296902114089,3296904644978
"MEMORY_COPY","MEMORY_COPY_HOST_TO_DEVICE",2,"Agent 0","Agent 1",935460,3296924766564,3296925250086
"MEMORY_COPY","MEMORY_COPY_HOST_TO_DEVICE",2,"Agent 0","Agent 1",935475,3296925338126,3296925356486
"MEMORY_COPY","MEMORY_COPY_HOST_TO_DEVICE",2,"Agent 0","Agent 1",935491,3296925450447,3296927866136
"MEMORY_COPY","MEMORY_COPY_DEVICE_TO_HOST",5,"Agent 1","Agent 0",943609,3298951194444,3298951604285
"MEMORY_COPY","MEMORY_COPY_HOST_TO_DEVICE",2,"Agent 0","Agent 1",943613,3298951717466,3298952199667
"MEMORY_COPY","MEMORY_COPY_HOST_TO_DEVICE",2,"Agent 0","Agent 1",943628,3298952305438,3298952323278
"MEMORY_COPY","MEMORY_COPY_HOST_TO_DEVICE",2,"Agent 0","Agent 1",943644,3298952785420,3298955060908
"MEMORY_COPY","MEMORY_COPY_DEVICE_TO_HOST",5,"Agent 1","Agent 0",951762,3300937347319,3300937906681
"MEMORY_COPY","MEMORY_COPY_HOST_TO_DEVICE",2,"Agent 0","Agent 1",951766,3300938060007,3300938588249
"MEMORY_COPY","MEMORY_COPY_HOST_TO_DEVICE",2,"Agent 0","Agent 1",951781,3300938692250,3300938710250
"MEMORY_COPY","MEMORY_COPY_HOST_TO_DEVICE",2,"Agent 0","Agent 1",951797,3300938812263,3300941123552
"MEMORY_COPY","MEMORY_COPY_DEVICE_TO_HOST",5,"Agent 1","Agent 0",959915,3302931845478,3302932476040
"MEMORY_COPY","MEMORY_COPY_HOST_TO_DEVICE",2,"Agent 0","Agent 1",959919,3302932584230,3302933076512
"MEMORY_COPY","MEMORY_COPY_HOST_TO_DEVICE",2,"Agent 0","Agent 1",959934,3302933180621,3302933198621
"MEMORY_COPY","MEMORY_COPY_HOST_TO_DEVICE",2,"Agent 0","Agent 1",959950,3302933818748,3302936132397
"MEMORY_COPY","MEMORY_COPY_DEVICE_TO_HOST",5,"Agent 1","Agent 0",968068,3304946849644,3304947463166
"MEMORY_COPY","MEMORY_COPY_HOST_TO_DEVICE",2,"Agent 0","Agent 1",968073,3304970038112,3304970607114
"MEMORY_COPY","MEMORY_COPY_HOST_TO_DEVICE",2,"Agent 0","Agent 1",968077,3304970630625,3304971187107
"MEMORY_COPY","MEMORY_COPY_HOST_TO_DEVICE",2,"Agent 0","Agent 1",968093,3304971333379,3304974369671
"MEMORY_COPY","MEMORY_COPY_HOST_TO_DEVICE",2,"Agent 0","Agent 1",968224,3305058994380,3305059468742
"MEMORY_COPY","MEMORY_COPY_HOST_TO_DEVICE",2,"Agent 0","Agent 1",968228,3305059493912,3305060056234
"MEMORY_COPY","MEMORY_COPY_HOST_TO_DEVICE",2,"Agent 0","Agent 1",968244,3305060166605,3305062791255
"MEMORY_COPY","MEMORY_COPY_HOST_TO_DEVICE",2,"Agent 0","Agent 1",968375,3305144905485,3305145408127
"MEMORY_COPY","MEMORY_COPY_HOST_TO_DEVICE",2,"Agent 0","Agent 1",968379,3305145432567,3305146052650
"MEMORY_COPY","MEMORY_COPY_HOST_TO_DEVICE",2,"Agent 0","Agent 1",968395,3305146166860,3305148810750
"MEMORY_COPY","MEMORY_COPY_HOST_TO_DEVICE",2,"Agent 0","Agent 1",968526,3305231723133,3305232202255
"MEMORY_COPY","MEMORY_COPY_HOST_TO_DEVICE",2,"Agent 0","Agent 1",968530,3305232223235,3305232777437
"MEMORY_COPY","MEMORY_COPY_HOST_TO_DEVICE",2,"Agent 0","Agent 1",968546,3305232887708,3305235516958
"MEMORY_COPY","MEMORY_COPY_HOST_TO_DEVICE",2,"Agent 0","Agent 1",970725,3305256043856,3305256515658
"MEMORY_COPY","MEMORY_COPY_HOST_TO_DEVICE",2,"Agent 0","Agent 1",970740,3305256617058,3305256635378
"MEMORY_COPY","MEMORY_COPY_HOST_TO_DEVICE",2,"Agent 0","Agent 1",970756,3305256766979,3305259481749
"MEMORY_COPY","MEMORY_COPY_DEVICE_TO_HOST",5,"Agent 1","Agent 0",978874,3307326540924,3307327098686
"MEMORY_COPY","MEMORY_COPY_HOST_TO_DEVICE",2,"Agent 0","Agent 1",978878,3307327205336,3307327734578
"MEMORY_COPY","MEMORY_COPY_HOST_TO_DEVICE",2,"Agent 0","Agent 1",978893,3307328333218,3307328351218
"MEMORY_COPY","MEMORY_COPY_HOST_TO_DEVICE",2,"Agent 0","Agent 1",978909,3307328452248,3307330794817
"MEMORY_COPY","MEMORY_COPY_DEVICE_TO_HOST",5,"Agent 1","Agent 0",987027,3309353871162,3309354359364
"MEMORY_COPY","MEMORY_COPY_HOST_TO_DEVICE",2,"Agent 0","Agent 1",987031,3309354468514,3309354953636
"MEMORY_COPY","MEMORY_COPY_HOST_TO_DEVICE",2,"Agent 0","Agent 1",987046,3309355062367,3309355081487
"MEMORY_COPY","MEMORY_COPY_HOST_TO_DEVICE",2,"Agent 0","Agent 1",987062,3309355194377,3309357625346
"MEMORY_COPY","MEMORY_COPY_DEVICE_TO_HOST",5,"Agent 1","Agent 0",995180,3311395347606,3311395908048
"MEMORY_COPY","MEMORY_COPY_HOST_TO_DEVICE",2,"Agent 0","Agent 1",995184,3311396016769,3311396542931
"MEMORY_COPY","MEMORY_COPY_HOST_TO_DEVICE",2,"Agent 0","Agent 1",995199,3311396647035,3311396665075
"MEMORY_COPY","MEMORY_COPY_HOST_TO_DEVICE",2,"Agent 0","Agent 1",995215,3311397140596,3311399575005
"MEMORY_COPY","MEMORY_COPY_DEVICE_TO_HOST",5,"Agent 1","Agent 0",1003333,3313451410028,3313452040710
"MEMORY_COPY","MEMORY_COPY_HOST_TO_DEVICE",2,"Agent 0","Agent 1",1003338,3313477442178,3313478046300
"MEMORY_COPY","MEMORY_COPY_HOST_TO_DEVICE",2,"Agent 0","Agent 1",1003342,3313478069890,3313478655573
"MEMORY_COPY","MEMORY_COPY_HOST_TO_DEVICE",2,"Agent 0","Agent 1",1003358,3313478771523,3313481836455
"MEMORY_COPY","MEMORY_COPY_HOST_TO_DEVICE",2,"Agent 0","Agent 1",1003489,3313568899535,3313569370456
"MEMORY_COPY","MEMORY_COPY_HOST_TO_DEVICE",2,"Agent 0","Agent 1",1003493,3313569394767,3313570012009
"MEMORY_COPY","MEMORY_COPY_HOST_TO_DEVICE",2,"Agent 0","Agent 1",1003509,3313570131859,3313572896630
"MEMORY_COPY","MEMORY_COPY_HOST_TO_DEVICE",2,"Agent 0","Agent 1",1003640,3313657484232,3313657974233
"MEMORY_COPY","MEMORY_COPY_HOST_TO_DEVICE",2,"Agent 0","Agent 1",1003644,3313657997364,3313658570766
"MEMORY_COPY","MEMORY_COPY_HOST_TO_DEVICE",2,"Agent 0","Agent 1",1003660,3313658743806,3313661447697
"MEMORY_COPY","MEMORY_COPY_HOST_TO_DEVICE",2,"Agent 0","Agent 1",1003791,3313746722879,3313747226401
"MEMORY_COPY","MEMORY_COPY_HOST_TO_DEVICE",2,"Agent 0","Agent 1",1003795,3313747253381,3313747834104
"MEMORY_COPY","MEMORY_COPY_HOST_TO_DEVICE",2,"Agent 0","Agent 1",1003811,3313748074055,3313750953506
"MEMORY_COPY","MEMORY_COPY_HOST_TO_DEVICE",2,"Agent 0","Agent 1",1005990,3313771495215,3313772077097
"MEMORY_COPY","MEMORY_COPY_HOST_TO_DEVICE",2,"Agent 0","Agent 1",1006005,3313772185017,3313772204937
"MEMORY_COPY","MEMORY_COPY_HOST_TO_DEVICE",2,"Agent 0","Agent 1",1006021,3313772335618,3313775263509
"MEMORY_COPY","MEMORY_COPY_DEVICE_TO_HOST",5,"Agent 1","Agent 0",1014139,3315886696426,3315887255868
"MEMORY_COPY","MEMORY_COPY_HOST_TO_DEVICE",2,"Agent 0","Agent 1",1014143,3315887369120,3315887928162
"MEMORY_COPY","MEMORY_COPY_HOST_TO_DEVICE",2,"Agent 0","Agent 1",1014158,3315888529082,3315888547362
"MEMORY_COPY","MEMORY_COPY_HOST_TO_DEVICE",2,"Agent 0","Agent 1",1014174,3315888647454,3315891102863
"MEMORY_COPY","MEMORY_COPY_DEVICE_TO_HOST",5,"Agent 1","Agent 0",1022292,3317957376085,3317957878167
"MEMORY_COPY","MEMORY_COPY_HOST_TO_DEVICE",2,"Agent 0","Agent 1",1022296,3317957987308,3317958499270
"MEMORY_COPY","MEMORY_COPY_HOST_TO_DEVICE",2,"Agent 0","Agent 1",1022311,3317958605330,3317958624490
"MEMORY_COPY","MEMORY_COPY_HOST_TO_DEVICE",2,"Agent 0","Agent 1",1022327,3317958727241,3317961208210
"MEMORY_COPY","MEMORY_COPY_DEVICE_TO_HOST",5,"Agent 1","Agent 0",1030445,3320035927755,3320036525397
"MEMORY_COPY","MEMORY_COPY_HOST_TO_DEVICE",2,"Agent 0","Agent 1",1030449,3320036642651,3320037169293
"MEMORY_COPY","MEMORY_COPY_HOST_TO_DEVICE",2,"Agent 0","Agent 1",1030464,3320037287903,3320037306903
"MEMORY_COPY","MEMORY_COPY_HOST_TO_DEVICE",2,"Agent 0","Agent 1",1030480,3320037815652,3320040329462
"MEMORY_COPY","MEMORY_COPY_DEVICE_TO_HOST",5,"Agent 1","Agent 0",1038598,3322135766466,3322136364989
"MEMORY_COPY","MEMORY_COPY_HOST_TO_DEVICE",2,"Agent 0","Agent 1",1038603,3322160662633,3322161247275
"MEMORY_COPY","MEMORY_COPY_HOST_TO_DEVICE",2,"Agent 0","Agent 1",1038607,3322161271505,3322161825027
"MEMORY_COPY","MEMORY_COPY_HOST_TO_DEVICE",2,"Agent 0","Agent 1",1038623,3322161940978,3322165061990
"MEMORY_COPY","MEMORY_COPY_HOST_TO_DEVICE",2,"Agent 0","Agent 1",1038754,3322254879224,3322255369706
"MEMORY_COPY","MEMORY_COPY_HOST_TO_DEVICE",2,"Agent 0","Agent 1",1038758,3322255391546,3322255945748
"MEMORY_COPY","MEMORY_COPY_HOST_TO_DEVICE",2,"Agent 0","Agent 1",1038774,3322256058449,3322258818099
"MEMORY_COPY","MEMORY_COPY_HOST_TO_DEVICE",2,"Agent 0","Agent 1",1038905,3322345949025,3322346418587
"MEMORY_COPY","MEMORY_COPY_HOST_TO_DEVICE",2,"Agent 0","Agent 1",1038909,3322346439807,3322346994249
"MEMORY_COPY","MEMORY_COPY_HOST_TO_DEVICE",2,"Agent 0","Agent 1",1038925,3322347117259,3322349871830
"MEMORY_COPY","MEMORY_COPY_HOST_TO_DEVICE",2,"Agent 0","Agent 1",1039056,3322437625842,3322438100883
"MEMORY_COPY","MEMORY_COPY_HOST_TO_DEVICE",2,"Agent 0","Agent 1",1039060,3322438123063,3322438740586
"MEMORY_COPY","MEMORY_COPY_HOST_TO_DEVICE",2,"Agent 0","Agent 1",1039076,3322438857026,3322441815238
"MEMORY_COPY","MEMORY_COPY_HOST_TO_DEVICE",2,"Agent 0","Agent 1",1041255,3322463377281,3322463937523
"MEMORY_COPY","MEMORY_COPY_HOST_TO_DEVICE",2,"Agent 0","Agent 1",1041270,3322464048444,3322464068844
"MEMORY_COPY","MEMORY_COPY_HOST_TO_DEVICE",2,"Agent 0","Agent 1",1041286,3322464174884,3322466994455
"MEMORY_COPY","MEMORY_COPY_DEVICE_TO_HOST",5,"Agent 1","Agent 0",1049404,3324620135888,3324620638009
"MEMORY_COPY","MEMORY_COPY_HOST_TO_DEVICE",2,"Agent 0","Agent 1",1049408,3324620747090,3324621229972
"MEMORY_COPY","MEMORY_COPY_HOST_TO_DEVICE",2,"Agent 0","Agent 1",1049423,3324621622889,3324621641009
"MEMORY_COPY","MEMORY_COPY_HOST_TO_DEVICE",2,"Agent 0","Agent 1",1049439,3324621741336,3324624300426
"MEMORY_COPY","MEMORY_COPY_DEVICE_TO_HOST",5,"Agent 1","Agent 0",1057557,3326730598996,3326731161999
"MEMORY_COPY","MEMORY_COPY_HOST_TO_DEVICE",2,"Agent 0","Agent 1",1057561,3326731274339,3326731796581
"MEMORY_COPY","MEMORY_COPY_HOST_TO_DEVICE",2,"Agent 0","Agent 1",1057576,3326731902232,3326731920072
"MEMORY_COPY","MEMORY_COPY_HOST_TO_DEVICE",2,"Agent 0","Agent 1",1057592,3326732021448,3326734578418
"MEMORY_COPY","MEMORY_COPY_DEVICE_TO_HOST",5,"Agent 1","Agent 0",1065710,3328852777897,3328853335939
"MEMORY_COPY","MEMORY_COPY_HOST_TO_DEVICE",2,"Agent 0","Agent 1",1065714,3328853445977,3328853940459
"MEMORY_COPY","MEMORY_COPY_HOST_TO_DEVICE",2,"Agent 0","Agent 1",1065729,3328854049148,3328854067148
"MEMORY_COPY","MEMORY_COPY_HOST_TO_DEVICE",2,"Agent 0","Agent 1",1065745,3328854168138,3328856791268
"MEMORY_COPY","MEMORY_COPY_DEVICE_TO_HOST",5,"Agent 1","Agent 0",1073863,3330993773688,3330994468970
"MEMORY_COPY","MEMORY_COPY_HOST_TO_DEVICE",2,"Agent 0","Agent 1",1073868,3331019541268,3331020167030
"MEMORY_COPY","MEMORY_COPY_HOST_TO_DEVICE",2,"Agent 0","Agent 1",1073872,3331020191980,3331020874423
"MEMORY_COPY","MEMORY_COPY_HOST_TO_DEVICE",2,"Agent 0","Agent 1",1073888,3331021013754,3331024158966
"MEMORY_COPY","MEMORY_COPY_HOST_TO_DEVICE",2,"Agent 0","Agent 1",1074019,3331116766948,3331117259950
"MEMORY_COPY","MEMORY_COPY_HOST_TO_DEVICE",2,"Agent 0","Agent 1",1074023,3331117283550,3331117908953
"MEMORY_COPY","MEMORY_COPY_HOST_TO_DEVICE",2,"Agent 0","Agent 1",1074039,3331118025453,3331121099625
"MEMORY_COPY","MEMORY_COPY_HOST_TO_DEVICE",2,"Agent 0","Agent 1",1074170,3331211274224,3331211746546
"MEMORY_COPY","MEMORY_COPY_HOST_TO_DEVICE",2,"Agent 0","Agent 1",1074174,3331211767616,3331212327738
"MEMORY_COPY","MEMORY_COPY_HOST_TO_DEVICE",2,"Agent 0","Agent 1",1074190,3331212438958,3331215253609
"MEMORY_COPY","MEMORY_COPY_HOST_TO_DEVICE",2,"Agent 0","Agent 1",1074321,3331305961267,3331306430389
"MEMORY_COPY","MEMORY_COPY_HOST_TO_DEVICE",2,"Agent 0","Agent 1",1074325,3331306453069,3331307017671
"MEMORY_COPY","MEMORY_COPY_HOST_TO_DEVICE",2,"Agent 0","Agent 1",1074341,3331307129142,3331310026633
"MEMORY_COPY","MEMORY_COPY_HOST_TO_DEVICE",2,"Agent 0","Agent 1",1076520,3331331239446,3331331722207
"MEMORY_COPY","MEMORY_COPY_HOST_TO_DEVICE",2,"Agent 0","Agent 1",1076535,3331331818928,3331331836968
"MEMORY_COPY","MEMORY_COPY_HOST_TO_DEVICE",2,"Agent 0","Agent 1",1076551,3331331930528,3331334678419
"MEMORY_COPY","MEMORY_COPY_DEVICE_TO_HOST",5,"Agent 1","Agent 0",1084669,3333533426356,3333533988878
"MEMORY_COPY","MEMORY_COPY_HOST_TO_DEVICE",2,"Agent 0","Agent 1",1084673,3333534584430,3333535076032
"MEMORY_COPY","MEMORY_COPY_HOST_TO_DEVICE",2,"Agent 0","Agent 1",1084688,3333535188253,3333535209093
"MEMORY_COPY","MEMORY_COPY_HOST_TO_DEVICE",2,"Agent 0","Agent 1",1084704,3333535316553,3333537965443
"MEMORY_COPY","MEMORY_COPY_DEVICE_TO_HOST",5,"Agent 1","Agent 0",1092822,3335686025166,3335686604648
"MEMORY_COPY","MEMORY_COPY_HOST_TO_DEVICE",2,"Agent 0","Agent 1",1092826,3335686706500,3335687183102
"MEMORY_COPY","MEMORY_COPY_HOST_TO_DEVICE",2,"Agent 0","Agent 1",1092841,3335687281823,3335687300023
"MEMORY_COPY","MEMORY_COPY_HOST_TO_DEVICE",2,"Agent 0","Agent 1",1092857,3335687400570,3335690012580
"MEMORY_COPY","MEMORY_COPY_DEVICE_TO_HOST",5,"Agent 1","Agent 0",1100975,3337849620918,3337850182600
"MEMORY_COPY","MEMORY_COPY_HOST_TO_DEVICE",2,"Agent 0","Agent 1",1100979,3337850287600,3337850297641
"MEMORY_COPY","MEMORY_COPY_HOST_TO_DEVICE",2,"Agent 0","Agent 1",1100994,3337851021673,3337851039473
"MEMORY_COPY","MEMORY_COPY_HOST_TO_DEVICE",2,"Agent 0","Agent 1",1101010,3337851142444,3337851171124
"MEMORY_COPY","MEMORY_COPY_DEVICE_TO_HOST",5,"Agent 1","Agent 0",1108312,3337957119657,3337957126897
"MEMORY_COPY","MEMORY_COPY_HOST_TO_DEVICE",2,"Agent 0","Agent 1",1108317,3337979029335,3337979776458
"MEMORY_COPY","MEMORY_COPY_HOST_TO_DEVICE",2,"Agent 0","Agent 1",1108321,3337979814168,3337980482610
"MEMORY_COPY","MEMORY_COPY_HOST_TO_DEVICE",2,"Agent 0","Agent 1",1108337,3337980641271,3337983985764
"MEMORY_COPY","MEMORY_COPY_HOST_TO_DEVICE",2,"Agent 0","Agent 1",1108468,3338078958822,3338079427984
"MEMORY_COPY","MEMORY_COPY_HOST_TO_DEVICE",2,"Agent 0","Agent 1",1108472,3338079449274,3338080010717
"MEMORY_COPY","MEMORY_COPY_HOST_TO_DEVICE",2,"Agent 0","Agent 1",1108488,3338080171497,3338083096429
"MEMORY_COPY","MEMORY_COPY_HOST_TO_DEVICE",2,"Agent 0","Agent 1",1108619,3338175714759,3338176188921
"MEMORY_COPY","MEMORY_COPY_HOST_TO_DEVICE",2,"Agent 0","Agent 1",1108623,3338176216191,3338176769953
"MEMORY_COPY","MEMORY_COPY_HOST_TO_DEVICE",2,"Agent 0","Agent 1",1108639,3338176880824,3338179774915
"MEMORY_COPY","MEMORY_COPY_HOST_TO_DEVICE",2,"Agent 0","Agent 1",1108770,3338272908986,3338272915786
"MEMORY_COPY","MEMORY_COPY_HOST_TO_DEVICE",2,"Agent 0","Agent 1",1108774,3338272938576,3338272946217
"MEMORY_COPY","MEMORY_COPY_HOST_TO_DEVICE",2,"Agent 0","Agent 1",1108790,3338273057647,3338273081927
"MEMORY_COPY","MEMORY_COPY_DEVICE_TO_HOST",2,"Agent 1","Agent 0",1110445,3338348814022,3338348822462
"MEMORY_COPY","MEMORY_COPY_DEVICE_TO_HOST",2,"Agent 1","Agent 0",1110448,3338348863342,3338348871462
"MEMORY_COPY","MEMORY_COPY_DEVICE_TO_HOST",2,"Agent 1","Agent 0",1110451,3338348902352,3338348910512
"MEMORY_COPY","MEMORY_COPY_DEVICE_TO_HOST",2,"Agent 1","Agent 0",1110454,3338348939432,3338348947512
"MEMORY_COPY","MEMORY_COPY_DEVICE_TO_HOST",2,"Agent 1","Agent 0",1110457,3338348976702,3338348984822
"MEMORY_COPY","MEMORY_COPY_DEVICE_TO_HOST",2,"Agent 1","Agent 0",1110460,3338349020372,3338349028492
"MEMORY_COPY","MEMORY_COPY_DEVICE_TO_HOST",2,"Agent 1","Agent 0",1110463,3338349054642,3338349063002
"MEMORY_COPY","MEMORY_COPY_DEVICE_TO_HOST",2,"Agent 1","Agent 0",1110466,3338349089213,3338349097413
"MEMORY_COPY","MEMORY_COPY_DEVICE_TO_HOST",2,"Agent 1","Agent 0",1110469,3338349127243,3338349135363
"MEMORY_COPY","MEMORY_COPY_DEVICE_TO_HOST",2,"Agent 1","Agent 0",1110472,3338349161203,3338349169323
"MEMORY_COPY","MEMORY_COPY_DEVICE_TO_HOST",2,"Agent 1","Agent 0",1110475,3338349195473,3338349203873
"MEMORY_COPY","MEMORY_COPY_DEVICE_TO_HOST",2,"Agent 1","Agent 0",1110478,3338349233543,3338349242183
"MEMORY_COPY","MEMORY_COPY_DEVICE_TO_HOST",2,"Agent 1","Agent 0",1110481,3338349267143,3338349275663
"MEMORY_COPY","MEMORY_COPY_DEVICE_TO_HOST",2,"Agent 1","Agent 0",1110484,3338349301643,3338349310043
"MEMORY_COPY","MEMORY_COPY_DEVICE_TO_HOST",2,"Agent 1","Agent 0",1110487,3338349340014,3338349348414
"MEMORY_COPY","MEMORY_COPY_DEVICE_TO_HOST",2,"Agent 1","Agent 0",1110490,3338349374294,3338349382414
"MEMORY_COPY","MEMORY_COPY_DEVICE_TO_HOST",2,"Agent 1","Agent 0",1110493,3338349408614,3338349416934
"MEMORY_COPY","MEMORY_COPY_DEVICE_TO_HOST",2,"Agent 1","Agent 0",1110496,3338349448014,3338349456374
"MEMORY_COPY","MEMORY_COPY_DEVICE_TO_HOST",2,"Agent 1","Agent 0",1110499,3338349482944,3338349491064
"MEMORY_COPY","MEMORY_COPY_DEVICE_TO_HOST",2,"Agent 1","Agent 0",1110502,3338349517794,3338349525954
"MEMORY_COPY","MEMORY_COPY_DEVICE_TO_HOST",2,"Agent 1","Agent 0",1110505,3338349556214,3338349564334
"MEMORY_COPY","MEMORY_COPY_DEVICE_TO_HOST",2,"Agent 1","Agent 0",1110508,3338349589634,3338349597715
"MEMORY_COPY","MEMORY_COPY_DEVICE_TO_HOST",2,"Agent 1","Agent 0",1110511,3338349622825,3338349630985
"MEMORY_COPY","MEMORY_COPY_DEVICE_TO_HOST",2,"Agent 1","Agent 0",1110514,3338349661445,3338349669925
"MEMORY_COPY","MEMORY_COPY_DEVICE_TO_HOST",2,"Agent 1","Agent 0",1110517,3338349695415,3338349703535
"MEMORY_COPY","MEMORY_COPY_DEVICE_TO_HOST",2,"Agent 1","Agent 0",1110520,3338349728245,3338349736685
"MEMORY_COPY","MEMORY_COPY_DEVICE_TO_HOST",2,"Agent 1","Agent 0",1110523,3338349765955,3338349774115
"MEMORY_COPY","MEMORY_COPY_DEVICE_TO_HOST",2,"Agent 1","Agent 0",1110526,3338349799795,3338349808035
"MEMORY_COPY","MEMORY_COPY_DEVICE_TO_HOST",2,"Agent 1","Agent 0",1110529,3338349834015,3338349842255
"MEMORY_COPY","MEMORY_COPY_DEVICE_TO_HOST",2,"Agent 1","Agent 0",1110532,3338349871696,3338349879816
"MEMORY_COPY","MEMORY_COPY_DEVICE_TO_HOST",2,"Agent 1","Agent 0",1110535,3338349905356,3338349913476
"MEMORY_COPY","MEMORY_COPY_DEVICE_TO_HOST",2,"Agent 1","Agent 0",1110538,3338349939276,3338349947436
"MEMORY_COPY","MEMORY_COPY_DEVICE_TO_HOST",2,"Agent 1","Agent 0",1110541,3338349976686,3338349985246
"MEMORY_COPY","MEMORY_COPY_DEVICE_TO_HOST",2,"Agent 1","Agent 0",1110544,3338350013726,3338350021846
"MEMORY_COPY","MEMORY_COPY_DEVICE_TO_HOST",2,"Agent 1","Agent 0",1110547,3338350047606,3338350055766
"MEMORY_COPY","MEMORY_COPY_DEVICE_TO_HOST",2,"Agent 1","Agent 0",1110550,3338350084096,3338350093056
"MEMORY_COPY","MEMORY_COPY_DEVICE_TO_HOST",2,"Agent 1","Agent 0",1110553,3338350261107,3338350269147
"MEMORY_COPY","MEMORY_COPY_DEVICE_TO_HOST",2,"Agent 1","Agent 0",1110556,3338350294457,3338350302657
"MEMORY_COPY","MEMORY_COPY_DEVICE_TO_HOST",2,"Agent 1","Agent 0",1110559,3338350330547,3338350338707
"MEMORY_COPY","MEMORY_COPY_DEVICE_TO_HOST",2,"Agent 1","Agent 0",1110562,3338350362948,3338350371068
"MEMORY_COPY","MEMORY_COPY_DEVICE_TO_HOST",2,"Agent 1","Agent 0",1110565,3338350395618,3338350403738
"MEMORY_COPY","MEMORY_COPY_DEVICE_TO_HOST",2,"Agent 1","Agent 0",1110568,3338350431678,3338350439798
"MEMORY_COPY","MEMORY_COPY_DEVICE_TO_HOST",2,"Agent 1","Agent 0",1110571,3338350465168,3338350473288
"MEMORY_COPY","MEMORY_COPY_DEVICE_TO_HOST",2,"Agent 1","Agent 0",1110574,3338350498348,3338350506588
"MEMORY_COPY","MEMORY_COPY_DEVICE_TO_HOST",2,"Agent 1","Agent 0",1110577,3338350535158,3338350543318
"MEMORY_COPY","MEMORY_COPY_DEVICE_TO_HOST",2,"Agent 1","Agent 0",1110580,3338350569318,3338350577398
"MEMORY_COPY","MEMORY_COPY_DEVICE_TO_HOST",2,"Agent 1","Agent 0",1110583,3338350601748,3338350609868
"MEMORY_COPY","MEMORY_COPY_DEVICE_TO_HOST",2,"Agent 1","Agent 0",1110586,3338350638539,3338350646699
"MEMORY_COPY","MEMORY_COPY_DEVICE_TO_HOST",2,"Agent 1","Agent 0",1110589,3338350916400,3338351031200
"MEMORY_COPY","MEMORY_COPY_DEVICE_TO_HOST",2,"Agent 1","Agent 0",1110592,3338351150661,3338351269501
"MEMORY_COPY","MEMORY_COPY_DEVICE_TO_HOST",2,"Agent 1","Agent 0",1110595,3338351362981,3338351477422
"MEMORY_COPY","MEMORY_COPY_DEVICE_TO_HOST",2,"Agent 1","Agent 0",1110598,3338351547342,3338351661863
"MEMORY_COPY","MEMORY_COPY_DEVICE_TO_HOST",2,"Agent 1","Agent 0",1110601,3338351728213,3338351859973
"MEMORY_COPY","MEMORY_COPY_DEVICE_TO_HOST",2,"Agent 1","Agent 0",1110604,3338351916894,3338352031054
"MEMORY_COPY","MEMORY_COPY_DEVICE_TO_HOST",2,"Agent 1","Agent 0",1110607,3338352094734,3338352209575
"MEMORY_COPY","MEMORY_COPY_DEVICE_TO_HOST",2,"Agent 1","Agent 0",1110610,3338352273255,3338352387695
"MEMORY_COPY","MEMORY_COPY_DEVICE_TO_HOST",2,"Agent 1","Agent 0",1110613,3338352447246,3338352561526
"MEMORY_COPY","MEMORY_COPY_DEVICE_TO_HOST",2,"Agent 1","Agent 0",1110616,3338352726447,3338352841447
"MEMORY_COPY","MEMORY_COPY_DEVICE_TO_HOST",2,"Agent 1","Agent 0",1110619,3338352896327,3338353011008
"MEMORY_COPY","MEMORY_COPY_DEVICE_TO_HOST",2,"Agent 1","Agent 0",1110622,3338353079368,3338353193969
"MEMORY_COPY","MEMORY_COPY_DEVICE_TO_HOST",2,"Agent 1","Agent 0",1110625,3338353251599,3338353366319
"MEMORY_COPY","MEMORY_COPY_DEVICE_TO_HOST",2,"Agent 1","Agent 0",1110628,3338353518440,3338353633120
"MEMORY_COPY","MEMORY_COPY_DEVICE_TO_HOST",2,"Agent 1","Agent 0",1110631,3338353702611,3338353817411
"MEMORY_COPY","MEMORY_COPY_DEVICE_TO_HOST",2,"Agent 1","Agent 0",1110634,3338353958332,3338354073052
"MEMORY_COPY","MEMORY_COPY_DEVICE_TO_HOST",2,"Agent 1","Agent 0",1110637,3338354224623,3338354339383
"MEMORY_COPY","MEMORY_COPY_DEVICE_TO_HOST",2,"Agent 1","Agent 0",1110640,3338354493464,3338354608064
"MEMORY_COPY","MEMORY_COPY_DEVICE_TO_HOST",2,"Agent 1","Agent 0",1110643,3338354662104,3338354776505
"MEMORY_COPY","MEMORY_COPY_DEVICE_TO_HOST",2,"Agent 1","Agent 0",1110646,3338354921265,3338355036146
"MEMORY_COPY","MEMORY_COPY_DEVICE_TO_HOST",2,"Agent 1","Agent 0",1110649,3338355195186,3338355310027
"MEMORY_COPY","MEMORY_COPY_DEVICE_TO_HOST",2,"Agent 1","Agent 0",1110652,3338355466037,3338355580918
"MEMORY_COPY","MEMORY_COPY_DEVICE_TO_HOST",2,"Agent 1","Agent 0",1110655,3338355654298,3338355768939
"MEMORY_COPY","MEMORY_COPY_DEVICE_TO_HOST",2,"Agent 1","Agent 0",1110658,3338355823629,3338355937909
"MEMORY_COPY","MEMORY_COPY_DEVICE_TO_HOST",2,"Agent 1","Agent 0",1110661,3338356076120,3338356190960
"MEMORY_COPY","MEMORY_COPY_DEVICE_TO_HOST",2,"Agent 1","Agent 0",1110664,3338356342341,3338356457061
"MEMORY_COPY","MEMORY_COPY_DEVICE_TO_HOST",2,"Agent 1","Agent 0",1110667,3338356524452,3338356639212
"MEMORY_COPY","MEMORY_COPY_DEVICE_TO_HOST",2,"Agent 1","Agent 0",1110670,3338356690692,3338356817413
"MEMORY_COPY","MEMORY_COPY_DEVICE_TO_HOST",2,"Agent 1","Agent 0",1110673,3338356862473,3338357085234
"MEMORY_COPY","MEMORY_COPY_DEVICE_TO_HOST",2,"Agent 1","Agent 0",1110676,3338357228054,3338357441735
"MEMORY_COPY","MEMORY_COPY_DEVICE_TO_HOST",2,"Agent 1","Agent 0",1110679,3338357515716,3338357656076
"MEMORY_COPY","MEMORY_COPY_DEVICE_TO_HOST",2,"Agent 1","Agent 0",1110682,3338357717836,3338357832597
"MEMORY_COPY","MEMORY_COPY_DEVICE_TO_HOST",2,"Agent 1","Agent 0",1110685,3338357893437,3338358008197
"MEMORY_COPY","MEMORY_COPY_DEVICE_TO_HOST",2,"Agent 1","Agent 0",1110688,3338358157308,3338358272228
"MEMORY_COPY","MEMORY_COPY_DEVICE_TO_HOST",2,"Agent 1","Agent 0",1110691,3338358354519,3338358469079
"MEMORY_COPY","MEMORY_COPY_DEVICE_TO_HOST",2,"Agent 1","Agent 0",1110694,3338358524249,3338358650610
"MEMORY_COPY","MEMORY_COPY_DEVICE_TO_HOST",2,"Agent 1","Agent 0",1110697,3338358786430,3338358959111
"MEMORY_COPY","MEMORY_COPY_DEVICE_TO_HOST",2,"Agent 1","Agent 0",1110700,3338359125482,3338359299363
"MEMORY_COPY","MEMORY_COPY_DEVICE_TO_HOST",2,"Agent 1","Agent 0",1110703,3338359488763,3338359657124
"MEMORY_COPY","MEMORY_COPY_DEVICE_TO_HOST",2,"Agent 1","Agent 0",1110706,3338359739434,3338359907435
"MEMORY_COPY","MEMORY_COPY_DEVICE_TO_HOST",2,"Agent 1","Agent 0",1110709,3338359967295,3338360137216
"MEMORY_COPY","MEMORY_COPY_DEVICE_TO_HOST",2,"Agent 1","Agent 0",1110712,3338360292106,3338360410227
"MEMORY_COPY","MEMORY_COPY_DEVICE_TO_HOST",2,"Agent 1","Agent 0",1110715,3338360483087,3338360669688
"MEMORY_COPY","MEMORY_COPY_DEVICE_TO_HOST",2,"Agent 1","Agent 0",1110718,3338360734328,3338360967249
"MEMORY_COPY","MEMORY_COPY_DEVICE_TO_HOST",2,"Agent 1","Agent 0",1110721,3338361021809,3338361206210
"MEMORY_COPY","MEMORY_COPY_DEVICE_TO_HOST",2,"Agent 1","Agent 0",1110724,3338361353891,3338361538131
"MEMORY_COPY","MEMORY_COPY_DEVICE_TO_HOST",2,"Agent 1","Agent 0",1110727,3338361602772,3338361788012
"MEMORY_COPY","MEMORY_COPY_DEVICE_TO_HOST",2,"Agent 1","Agent 0",1110730,3338361858123,3338362055803
"MEMORY_COPY","MEMORY_COPY_DEVICE_TO_HOST",2,"Agent 1","Agent 0",1110734,3338477300855,3338478524140
"MEMORY_COPY","MEMORY_COPY_DEVICE_TO_HOST",2,"Agent 1","Agent 0",1110734,3338478530580,3338480104826
"MEMORY_COPY","MEMORY_COPY_DEVICE_TO_HOST",2,"Agent 1","Agent 0",1110734,3338480109826,3338481426911
"MEMORY_COPY","MEMORY_COPY_DEVICE_TO_HOST",2,"Agent 1","Agent 0",1110734,3338481430471,3338482426555
"MEMORY_COPY","MEMORY_COPY_DEVICE_TO_HOST",2,"Agent 1","Agent 0",1110737,3338483059858,3338484268023
"MEMORY_COPY","MEMORY_COPY_DEVICE_TO_HOST",2,"Agent 1","Agent 0",1110737,3338484272023,3338485454507
"MEMORY_COPY","MEMORY_COPY_DEVICE_TO_HOST",2,"Agent 1","Agent 0",1110737,3338485458427,3338486639072
"MEMORY_COPY","MEMORY_COPY_DEVICE_TO_HOST",2,"Agent 1","Agent 0",1110737,3338486643472,3338487646756
"MEMORY_COPY","MEMORY_COPY_HOST_TO_DEVICE",2,"Agent 0","Agent 1",1110742,3338497953226,3338498608909
"MEMORY_COPY","MEMORY_COPY_HOST_TO_DEVICE",2,"Agent 0","Agent 1",1110757,3338498726089,3338498750409
"MEMORY_COPY","MEMORY_COPY_HOST_TO_DEVICE",2,"Agent 0","Agent 1",1110773,3338498857060,3338501703351
"MEMORY_COPY","MEMORY_COPY_DEVICE_TO_HOST",5,"Agent 1","Agent 0",1118891,3340677308867,3340677854189
"MEMORY_COPY","MEMORY_COPY_HOST_TO_DEVICE",2,"Agent 0","Agent 1",1118896,3340692906458,3340693569621
"MEMORY_COPY","MEMORY_COPY_HOST_TO_DEVICE",2,"Agent 0","Agent 1",1118900,3340693598871,3340694238673
"MEMORY_COPY","MEMORY_COPY_HOST_TO_DEVICE",2,"Agent 0","Agent 1",1118916,3340694364124,3340697645737
"MEMORY_COPY","MEMORY_COPY_DEVICE_TO_HOST",2,"Agent 1","Agent 0",1119558,3340775704292,3340775712772
"MEMORY_COPY","MEMORY_COPY_DEVICE_TO_HOST",2,"Agent 1","Agent 0",1119561,3340775752012,3340775760172
"MEMORY_COPY","MEMORY_COPY_DEVICE_TO_HOST",2,"Agent 1","Agent 0",1119564,3340775788692,3340775796772
"MEMORY_COPY","MEMORY_COPY_DEVICE_TO_HOST",2,"Agent 1","Agent 0",1119567,3340775827972,3340775836252
"MEMORY_COPY","MEMORY_COPY_DEVICE_TO_HOST",2,"Agent 1","Agent 0",1119570,3340775861492,3340775869452
"MEMORY_COPY","MEMORY_COPY_DEVICE_TO_HOST",2,"Agent 1","Agent 0",1119573,3340775899252,3340775907572
"MEMORY_COPY","MEMORY_COPY_DEVICE_TO_HOST",2,"Agent 1","Agent 0",1119576,3340775933012,3340775941252
"MEMORY_COPY","MEMORY_COPY_DEVICE_TO_HOST",2,"Agent 1","Agent 0",1119579,3340775967092,3340775975333
"MEMORY_COPY","MEMORY_COPY_DEVICE_TO_HOST",2,"Agent 1","Agent 0",1119582,3340776010013,3340776018013
"MEMORY_COPY","MEMORY_COPY_DEVICE_TO_HOST",2,"Agent 1","Agent 0",1119585,3340776044293,3340776052653
"MEMORY_COPY","MEMORY_COPY_DEVICE_TO_HOST",2,"Agent 1","Agent 0",1119588,3340776096533,3340776105413
"MEMORY_COPY","MEMORY_COPY_DEVICE_TO_HOST",2,"Agent 1","Agent 0",1119591,3340776136173,3340776144293
"MEMORY_COPY","MEMORY_COPY_DEVICE_TO_HOST",2,"Agent 1","Agent 0",1119594,3340776170613,3340776179253
"MEMORY_COPY","MEMORY_COPY_DEVICE_TO_HOST",2,"Agent 1","Agent 0",1119597,3340776204853,3340776213013
"MEMORY_COPY","MEMORY_COPY_DEVICE_TO_HOST",2,"Agent 1","Agent 0",1119600,3340776243814,3340776252174
"MEMORY_COPY","MEMORY_COPY_DEVICE_TO_HOST",2,"Agent 1","Agent 0",1119603,3340776277094,3340776285254
"MEMORY_COPY","MEMORY_COPY_DEVICE_TO_HOST",2,"Agent 1","Agent 0",1119606,3340776310334,3340776318574
"MEMORY_COPY","MEMORY_COPY_DEVICE_TO_HOST",2,"Agent 1","Agent 0",1119609,3340776347894,3340776356094
"MEMORY_COPY","MEMORY_COPY_DEVICE_TO_HOST",2,"Agent 1","Agent 0",1119612,3340776379614,3340776387734
"MEMORY_COPY","MEMORY_COPY_DEVICE_TO_HOST",2,"Agent 1","Agent 0",1119615,3340776412534,3340776422494
"MEMORY_COPY","MEMORY_COPY_DEVICE_TO_HOST",2,"Agent 1","Agent 0",1119618,3340776452054,3340776460094
"MEMORY_COPY","MEMORY_COPY_DEVICE_TO_HOST",2,"Agent 1","Agent 0",1119621,3340776484735,3340776492975
"MEMORY_COPY","MEMORY_COPY_DEVICE_TO_HOST",2,"Agent 1","Agent 0",1119624,3340776516895,3340776525255
"MEMORY_COPY","MEMORY_COPY_DEVICE_TO_HOST",2,"Agent 1","Agent 0",1119627,3340776553455,3340776561575
"MEMORY_COPY","MEMORY_COPY_DEVICE_TO_HOST",2,"Agent 1","Agent 0",1119630,3340776586215,3340776594375
"MEMORY_COPY","MEMORY_COPY_DEVICE_TO_HOST",2,"Agent 1","Agent 0",1119633,3340776619095,3340776627175
"MEMORY_COPY","MEMORY_COPY_DEVICE_TO_HOST",2,"Agent 1","Agent 0",1119636,3340776656455,3340776664615
"MEMORY_COPY","MEMORY_COPY_DEVICE_TO_HOST",2,"Agent 1","Agent 0",1119639,3340776690735,3340776701255
"MEMORY_COPY","MEMORY_COPY_DEVICE_TO_HOST",2,"Agent 1","Agent 0",1119642,3340776726135,3340776734375
"MEMORY_COPY","MEMORY_COPY_DEVICE_TO_HOST",2,"Agent 1","Agent 0",1119645,3340776763216,3340776771136
"MEMORY_COPY","MEMORY_COPY_DEVICE_TO_HOST",2,"Agent 1","Agent 0",1119648,3340776795896,3340776804096
"MEMORY_COPY","MEMORY_COPY_DEVICE_TO_HOST",2,"Agent 1","Agent 0",1119651,3340776832936,3340776841456
"MEMORY_COPY","MEMORY_COPY_DEVICE_TO_HOST",2,"Agent 1","Agent 0",1119654,3340776944536,3340776952576
"MEMORY_COPY","MEMORY_COPY_DEVICE_TO_HOST",2,"Agent 1","Agent 0",1119657,3340776982016,3340776990296
"MEMORY_COPY","MEMORY_COPY_DEVICE_TO_HOST",2,"Agent 1","Agent 0",1119660,3340777210977,3340777219137
"MEMORY_COPY","MEMORY_COPY_DEVICE_TO_HOST",2,"Agent 1","Agent 0",1119663,3340777248338,3340777256618
"MEMORY_COPY","MEMORY_COPY_DEVICE_TO_HOST",2,"Agent 1","Agent 0",1119666,3340777280498,3340777288778
"MEMORY_COPY","MEMORY_COPY_DEVICE_TO_HOST",2,"Agent 1","Agent 0",1119669,3340777346818,3340777355258
"MEMORY_COPY","MEMORY_COPY_DEVICE_TO_HOST",2,"Agent 1","Agent 0",1119672,3340777382338,3340777390538
"MEMORY_COPY","MEMORY_COPY_DEVICE_TO_HOST",2,"Agent 1","Agent 0",1119675,3340777415298,3340777423658
"MEMORY_COPY","MEMORY_COPY_DEVICE_TO_HOST",2,"Agent 1","Agent 0",1119678,3340777448818,3340777457098
"MEMORY_COPY","MEMORY_COPY_DEVICE_TO_HOST",2,"Agent 1","Agent 0",1119681,3340777485778,3340777494018
"MEMORY_COPY","MEMORY_COPY_DEVICE_TO_HOST",2,"Agent 1","Agent 0",1119684,3340777519179,3340777527499
"MEMORY_COPY","MEMORY_COPY_DEVICE_TO_HOST",2,"Agent 1","Agent 0",1119687,3340777552379,3340777561939
"MEMORY_COPY","MEMORY_COPY_DEVICE_TO_HOST",2,"Agent 1","Agent 0",1119690,3340777591139,3340777599299
"MEMORY_COPY","MEMORY_COPY_DEVICE_TO_HOST",2,"Agent 1","Agent 0",1119693,3340777622699,3340777631219
"MEMORY_COPY","MEMORY_COPY_DEVICE_TO_HOST",2,"Agent 1","Agent 0",1119696,3340777655819,3340777663779
"MEMORY_COPY","MEMORY_COPY_DEVICE_TO_HOST",2,"Agent 1","Agent 0",1119699,3340777692539,3340777700939
"MEMORY_COPY","MEMORY_COPY_DEVICE_TO_HOST",2,"Agent 1","Agent 0",1119702,3340777854540,3340778010260
"MEMORY_COPY","MEMORY_COPY_DEVICE_TO_HOST",2,"Agent 1","Agent 0",1119705,3340778202861,3340778317782
"MEMORY_COPY","MEMORY_COPY_DEVICE_TO_HOST",2,"Agent 1","Agent 0",1119708,3340778488982,3340778604223
"MEMORY_COPY","MEMORY_COPY_DEVICE_TO_HOST",2,"Agent 1","Agent 0",1119711,3340778702103,3340778817304
"MEMORY_COPY","MEMORY_COPY_DEVICE_TO_HOST",2,"Agent 1","Agent 0",1119714,3340778902944,3340779018224
"MEMORY_COPY","MEMORY_COPY_DEVICE_TO_HOST",2,"Agent 1","Agent 0",1119717,3340779077985,3340779193385
"MEMORY_COPY","MEMORY_COPY_DEVICE_TO_HOST",2,"Agent 1","Agent 0",1119720,3340779357666,3340779472506
"MEMORY_COPY","MEMORY_COPY_DEVICE_TO_HOST",2,"Agent 1","Agent 0",1119723,3340779536626,3340779651267
"MEMORY_COPY","MEMORY_COPY_DEVICE_TO_HOST",2,"Agent 1","Agent 0",1119726,3340779798788,3340779913508
"MEMORY_COPY","MEMORY_COPY_DEVICE_TO_HOST",2,"Agent 1","Agent 0",1119729,3340779966788,3340780081189
"MEMORY_COPY","MEMORY_COPY_DEVICE_TO_HOST",2,"Agent 1","Agent 0",1119732,3340780237669,3340780352190
"MEMORY_COPY","MEMORY_COPY_DEVICE_TO_HOST",2,"Agent 1","Agent 0",1119735,3340780406470,3340780521150
"MEMORY_COPY","MEMORY_COPY_DEVICE_TO_HOST",2,"Agent 1","Agent 0",1119738,3340780670111,3340780794951
"MEMORY_COPY","MEMORY_COPY_DEVICE_TO_HOST",2,"Agent 1","Agent 0",1119741,3340780859392,3340780980832
"MEMORY_COPY","MEMORY_COPY_DEVICE_TO_HOST",2,"Agent 1","Agent 0",1119744,3340781130073,3340781253353
"MEMORY_COPY","MEMORY_COPY_DEVICE_TO_HOST",2,"Agent 1","Agent 0",1119747,3340781307273,3340781421594
"MEMORY_COPY","MEMORY_COPY_DEVICE_TO_HOST",2,"Agent 1","Agent 0",1119750,3340781502034,3340781619275
"MEMORY_COPY","MEMORY_COPY_DEVICE_TO_HOST",2,"Agent 1","Agent 0",1119753,3340781684395,3340781799035
"MEMORY_COPY","MEMORY_COPY_DEVICE_TO_HOST",2,"Agent 1","Agent 0",1119756,3340781953836,3340782068356
"MEMORY_COPY","MEMORY_COPY_DEVICE_TO_HOST",2,"Agent 1","Agent 0",1119759,3340782122717,3340782237597
"MEMORY_COPY","MEMORY_COPY_DEVICE_TO_HOST",2,"Agent 1","Agent 0",1119762,3340782301877,3340782416238
"MEMORY_COPY","MEMORY_COPY_DEVICE_TO_HOST",2,"Agent 1","Agent 0",1119765,3340782477078,3340782595038
"MEMORY_COPY","MEMORY_COPY_DEVICE_TO_HOST",2,"Agent 1","Agent 0",1119768,3340782726839,3340782841439
"MEMORY_COPY","MEMORY_COPY_DEVICE_TO_HOST",2,"Agent 1","Agent 0",1119771,3340782908840,3340783023360
"MEMORY_COPY","MEMORY_COPY_DEVICE_TO_HOST",2,"Agent 1","Agent 0",1119774,3340783095640,3340783213881
"MEMORY_COPY","MEMORY_COPY_DEVICE_TO_HOST",2,"Agent 1","Agent 0",1119777,3340783275841,3340783390362
"MEMORY_COPY","MEMORY_COPY_DEVICE_TO_HOST",2,"Agent 1","Agent 0",1119780,3340783527842,3340783642643
"MEMORY_COPY","MEMORY_COPY_DEVICE_TO_HOST",2,"Agent 1","Agent 0",1119783,3340783706083,3340783820483
"MEMORY_COPY","MEMORY_COPY_DEVICE_TO_HOST",2,"Agent 1","Agent 0",1119786,3340783891044,3340784006084
"MEMORY_COPY","MEMORY_COPY_DEVICE_TO_HOST",2,"Agent 1","Agent 0",1119789,3340784075604,3340784190165
"MEMORY_COPY","MEMORY_COPY_DEVICE_TO_HOST",2,"Agent 1","Agent 0",1119792,3340784339605,3340784454446
"MEMORY_COPY","MEMORY_COPY_DEVICE_TO_HOST",2,"Agent 1","Agent 0",1119795,3340784517126,3340784631806
"MEMORY_COPY","MEMORY_COPY_DEVICE_TO_HOST",2,"Agent 1","Agent 0",1119798,3340784714047,3340784829607
"MEMORY_COPY","MEMORY_COPY_DEVICE_TO_HOST",2,"Agent 1","Agent 0",1119801,3340784881127,3340784995728
"MEMORY_COPY","MEMORY_COPY_DEVICE_TO_HOST",2,"Agent 1","Agent 0",1119804,3340785145928,3340785264529
"MEMORY_COPY","MEMORY_COPY_DEVICE_TO_HOST",2,"Agent 1","Agent 0",1119807,3340785331609,3340785450490
"MEMORY_COPY","MEMORY_COPY_DEVICE_TO_HOST",2,"Agent 1","Agent 0",1119810,3340785522290,3340785636890
"MEMORY_COPY","MEMORY_COPY_DEVICE_TO_HOST",2,"Agent 1","Agent 0",1119813,3340785687891,3340785804411
"MEMORY_COPY","MEMORY_COPY_DEVICE_TO_HOST",2,"Agent 1","Agent 0",1119816,3340785952812,3340786067652
"MEMORY_COPY","MEMORY_COPY_DEVICE_TO_HOST",2,"Agent 1","Agent 0",1119819,3340786132892,3340786249133
"MEMORY_COPY","MEMORY_COPY_DEVICE_TO_HOST",2,"Agent 1","Agent 0",1119822,3340786312133,3340786429334
"MEMORY_COPY","MEMORY_COPY_DEVICE_TO_HOST",2,"Agent 1","Agent 0",1119825,3340786494094,3340786611334
"MEMORY_COPY","MEMORY_COPY_DEVICE_TO_HOST",2,"Agent 1","Agent 0",1119828,3340786769055,3340786884055
"MEMORY_COPY","MEMORY_COPY_DEVICE_TO_HOST",2,"Agent 1","Agent 0",1119831,3340786936776,3340787051536
"MEMORY_COPY","MEMORY_COPY_DEVICE_TO_HOST",2,"Agent 1","Agent 0",1119834,3340787125136,3340787239937
"MEMORY_COPY","MEMORY_COPY_DEVICE_TO_HOST",2,"Agent 1","Agent 0",1119837,3340787301537,3340787416377
"MEMORY_COPY","MEMORY_COPY_DEVICE_TO_HOST",2,"Agent 1","Agent 0",1119840,3340787565658,3340787681818
"MEMORY_COPY","MEMORY_COPY_DEVICE_TO_HOST",2,"Agent 1","Agent 0",1119843,3340787748219,3340787862859
"MEMORY_COPY","MEMORY_COPY_DEVICE_TO_HOST",2,"Agent 1","Agent 0",1119847,3340903652489,3340904883614
"MEMORY_COPY","MEMORY_COPY_DEVICE_TO_HOST",2,"Agent 1","Agent 0",1119847,3340904891814,3340906086699
"MEMORY_COPY","MEMORY_COPY_DEVICE_TO_HOST",2,"Agent 1","Agent 0",1119847,3340906091539,3340907278584
"MEMORY_COPY","MEMORY_COPY_DEVICE_TO_HOST",2,"Agent 1","Agent 0",1119847,3340907282984,3340908316188
"MEMORY_COPY","MEMORY_COPY_DEVICE_TO_HOST",2,"Agent 1","Agent 0",1119850,3340908952480,3340910152285
"MEMORY_COPY","MEMORY_COPY_DEVICE_TO_HOST",2,"Agent 1","Agent 0",1119850,3340910157045,3340911341330
"MEMORY_COPY","MEMORY_COPY_DEVICE_TO_HOST",2,"Agent 1","Agent 0",1119850,3340911345290,3340912529414
"MEMORY_COPY","MEMORY_COPY_DEVICE_TO_HOST",2,"Agent 1","Agent 0",1119850,3340912532934,3340913566018
"MEMORY_COPY","MEMORY_COPY_HOST_TO_DEVICE",2,"Agent 0","Agent 1",1119855,3340915413706,3340915422946
"MEMORY_COPY","MEMORY_COPY_HOST_TO_DEVICE",2,"Agent 0","Agent 1",1119870,3340915519466,3340915537066
"MEMORY_COPY","MEMORY_COPY_HOST_TO_DEVICE",2,"Agent 0","Agent 1",1119886,3340915636257,3340915668097
"MEMORY_COPY","MEMORY_COPY_DEVICE_TO_HOST",5,"Agent 1","Agent 0",1127200,3341004414671,3341004462551
"MEMORY_COPY","MEMORY_COPY_DEVICE_TO_HOST",5,"Agent 1","Agent 0",1127201,3341004470911,3341004477471
"MEMORY_COPY","MEMORY_COPY_HOST_TO_DEVICE",2,"Agent 0","Agent 1",1127207,3341005380505,3341005389745
"MEMORY_COPY","MEMORY_COPY_HOST_TO_DEVICE",2,"Agent 0","Agent 1",1127211,3341005449305,3341005458465
"MEMORY_COPY","MEMORY_COPY_HOST_TO_DEVICE",2,"Agent 0","Agent 1",1127227,3341005567926,3341005599446
"MEMORY_COPY","MEMORY_COPY_HOST_TO_DEVICE",2,"Agent 0","Agent 1",1127354,3341008025325,3341008030405
"MEMORY_COPY","MEMORY_COPY_HOST_TO_DEVICE",2,"Agent 0","Agent 1",1127358,3341008046975,3341008052015
"MEMORY_COPY","MEMORY_COPY_HOST_TO_DEVICE",2,"Agent 0","Agent 1",1127374,3341008163256,3341008174296
"MEMORY_COPY","MEMORY_COPY_DEVICE_TO_HOST",5,"Agent 1","Agent 0",1127484,3341010872087,3341010876167
"MEMORY_COPY","MEMORY_COPY_DEVICE_TO_HOST",5,"Agent 1","Agent 0",1127485,3341010880327,3341010934247
"MEMORY_COPY","MEMORY_COPY_HOST_TO_DEVICE",2,"Agent 0","Agent 1",1127496,3341013901378,3341013907098
"MEMORY_COPY","MEMORY_COPY_HOST_TO_DEVICE",2,"Agent 0","Agent 1",1127511,3341013992569,3341014011489
"MEMORY_COPY","MEMORY_COPY_HOST_TO_DEVICE",2,"Agent 0","Agent 1",1127527,3341014114469,3341014125789
"MEMORY_COPY","MEMORY_COPY_DEVICE_TO_HOST",5,"Agent 1","Agent 0",1133737,3341083145589,3341083187829
"MEMORY_COPY","MEMORY_COPY_DEVICE_TO_HOST",5,"Agent 1","Agent 0",1133738,3341083195949,3341083200389
"MEMORY_COPY","MEMORY_COPY_HOST_TO_DEVICE",2,"Agent 0","Agent 1",1133744,3341083864792,3341083870032
"MEMORY_COPY","MEMORY_COPY_HOST_TO_DEVICE",2,"Agent 0","Agent 1",1133748,3341083887432,3341083892752
"MEMORY_COPY","MEMORY_COPY_HOST_TO_DEVICE",2,"Agent 0","Agent 1",1133764,3341084004252,3341084015172
"MEMORY_COPY","MEMORY_COPY_HOST_TO_DEVICE",2,"Agent 0","Agent 1",1133870,3341085232617,3341085237977
"MEMORY_COPY","MEMORY_COPY_HOST_TO_DEVICE",2,"Agent 0","Agent 1",1133874,3341085254177,3341085259217
"MEMORY_COPY","MEMORY_COPY_HOST_TO_DEVICE",2,"Agent 0","Agent 1",1133890,3341085359758,3341085370518
"MEMORY_COPY","MEMORY_COPY_DEVICE_TO_HOST",5,"Agent 1","Agent 0",1134000,3341088045708,3341088049788
"MEMORY_COPY","MEMORY_COPY_DEVICE_TO_HOST",5,"Agent 1","Agent 0",1134001,3341088053948,3341088114228
"MEMORY_COPY","MEMORY_COPY_HOST_TO_DEVICE",2,"Agent 0","Agent 1",1134012,3341088915042,3341088920362
"MEMORY_COPY","MEMORY_COPY_HOST_TO_DEVICE",2,"Agent 0","Agent 1",1134027,3341089019232,3341089038232
"MEMORY_COPY","MEMORY_COPY_HOST_TO_DEVICE",2,"Agent 0","Agent 1",1134043,3341089138752,3341089149952
"MEMORY_COPY","MEMORY_COPY_DEVICE_TO_HOST",5,"Agent 1","Agent 0",1140258,3341187364822,3341187407662
"MEMORY_COPY","MEMORY_COPY_DEVICE_TO_HOST",5,"Agent 1","Agent 0",1140259,3341187416382,3341187420782
"MEMORY_COPY","MEMORY_COPY_HOST_TO_DEVICE",2,"Agent 0","Agent 1",1140265,3341187976824,3341187982064
"MEMORY_COPY","MEMORY_COPY_HOST_TO_DEVICE",2,"Agent 0","Agent 1",1140269,3341187997454,3341188002614
"MEMORY_COPY","MEMORY_COPY_HOST_TO_DEVICE",2,"Agent 0","Agent 1",1140285,3341188124935,3341188136335
"MEMORY_COPY","MEMORY_COPY_HOST_TO_DEVICE",2,"Agent 0","Agent 1",1140391,3341189446170,3341189451650
"MEMORY_COPY","MEMORY_COPY_HOST_TO_DEVICE",2,"Agent 0","Agent 1",1140395,3341189466070,3341189471510
"MEMORY_COPY","MEMORY_COPY_HOST_TO_DEVICE",2,"Agent 0","Agent 1",1140411,3341189586991,3341189599711
"MEMORY_COPY","MEMORY_COPY_DEVICE_TO_HOST",5,"Agent 1","Agent 0",1140521,3341192282951,3341192287191
"MEMORY_COPY","MEMORY_COPY_DEVICE_TO_HOST",5,"Agent 1","Agent 0",1140522,3341192291311,3341192344631
"MEMORY_COPY","MEMORY_COPY_HOST_TO_DEVICE",2,"Agent 0","Agent 1",1140533,3341193132575,3341193137815
"MEMORY_COPY","MEMORY_COPY_HOST_TO_DEVICE",2,"Agent 0","Agent 1",1140548,3341193214425,3341193232145
"MEMORY_COPY","MEMORY_COPY_HOST_TO_DEVICE",2,"Agent 0","Agent 1",1140564,3341193327565,3341193338365
"MEMORY_COPY","MEMORY_COPY_DEVICE_TO_HOST",5,"Agent 1","Agent 0",1140572,3341260296097,3341260341817
"MEMORY_COPY","MEMORY_COPY_DEVICE_TO_HOST",5,"Agent 1","Agent 0",1140573,3341260348137,3341260352697
"MEMORY_COPY","MEMORY_COPY_HOST_TO_DEVICE",2,"Agent 0","Agent 1",1140579,3341260883299,3341260888619
"MEMORY_COPY","MEMORY_COPY_HOST_TO_DEVICE",2,"Agent 0","Agent 1",1140583,3341260902829,3341260908069
"MEMORY_COPY","MEMORY_COPY_HOST_TO_DEVICE",2,"Agent 0","Agent 1",1140599,3341261017460,3341261028380
"MEMORY_COPY","MEMORY_COPY_HOST_TO_DEVICE",2,"Agent 0","Agent 1",1140705,3341262245794,3341262250875
"MEMORY_COPY","MEMORY_COPY_HOST_TO_DEVICE",2,"Agent 0","Agent 1",1140709,3341262267935,3341262273015
"MEMORY_COPY","MEMORY_COPY_HOST_TO_DEVICE",2,"Agent 0","Agent 1",1140725,3341262372895,3341262383775
"MEMORY_COPY","MEMORY_COPY_DEVICE_TO_HOST",5,"Agent 1","Agent 0",1140835,3341265063226,3341265067426
"MEMORY_COPY","MEMORY_COPY_DEVICE_TO_HOST",5,"Agent 1","Agent 0",1140836,3341265071666,3341265124746
"MEMORY_COPY","MEMORY_COPY_HOST_TO_DEVICE",2,"Agent 0","Agent 1",1140847,3341265865349,3341265870629
"MEMORY_COPY","MEMORY_COPY_HOST_TO_DEVICE",2,"Agent 0","Agent 1",1140862,3341265947169,3341265965049
"MEMORY_COPY","MEMORY_COPY_HOST_TO_DEVICE",2,"Agent 0","Agent 1",1140878,3341266066309,3341266077270
"MEMORY_COPY","MEMORY_COPY_DEVICE_TO_HOST",5,"Agent 1","Agent 0",1140886,3341333102186,3341333144666
"MEMORY_COPY","MEMORY_COPY_DEVICE_TO_HOST",5,"Agent 1","Agent 0",1140887,3341333152466,3341333157066
"MEMORY_COPY","MEMORY_COPY_HOST_TO_DEVICE",2,"Agent 0","Agent 1",1140893,3341333686019,3341333691379
"MEMORY_COPY","MEMORY_COPY_HOST_TO_DEVICE",2,"Agent 0","Agent 1",1140897,3341333706159,3341333711479
"MEMORY_COPY","MEMORY_COPY_HOST_TO_DEVICE",2,"Agent 0","Agent 1",1140913,3341333820019,3341333831139
"MEMORY_COPY","MEMORY_COPY_HOST_TO_DEVICE",2,"Agent 0","Agent 1",1141019,3341335066214,3341335071494
"MEMORY_COPY","MEMORY_COPY_HOST_TO_DEVICE",2,"Agent 0","Agent 1",1141023,3341335085744,3341335090784
"MEMORY_COPY","MEMORY_COPY_HOST_TO_DEVICE",2,"Agent 0","Agent 1",1141039,3341335189994,3341335200874
"MEMORY_COPY","MEMORY_COPY_DEVICE_TO_HOST",5,"Agent 1","Agent 0",1141149,3341337885995,3341337890195
"MEMORY_COPY","MEMORY_COPY_DEVICE_TO_HOST",5,"Agent 1","Agent 0",1141150,3341337894315,3341337953595
"MEMORY_COPY","MEMORY_COPY_HOST_TO_DEVICE",2,"Agent 0","Agent 1",1141161,3341338710278,3341338715638
"MEMORY_COPY","MEMORY_COPY_HOST_TO_DEVICE",2,"Agent 0","Agent 1",1141176,3341338856449,3341338874849
"MEMORY_COPY","MEMORY_COPY_HOST_TO_DEVICE",2,"Agent 0","Agent 1",1141192,3341338971649,3341338982449
"MEMORY_COPY","MEMORY_COPY_DEVICE_TO_HOST",5,"Agent 1","Agent 0",1141200,3341405927499,3341405971019
"MEMORY_COPY","MEMORY_COPY_DEVICE_TO_HOST",5,"Agent 1","Agent 0",1141201,3341405979659,3341405983899
"MEMORY_COPY","MEMORY_COPY_HOST_TO_DEVICE",2,"Agent 0","Agent 1",1141207,3341406527331,3341406532811
"MEMORY_COPY","MEMORY_COPY_HOST_TO_DEVICE",2,"Agent 0","Agent 1",1141211,3341406549051,3341406554131
"MEMORY_COPY","MEMORY_COPY_HOST_TO_DEVICE",2,"Agent 0","Agent 1",1141227,3341406665821,3341406676861
"MEMORY_COPY","MEMORY_COPY_HOST_TO_DEVICE",2,"Agent 0","Agent 1",1141333,3341407902746,3341407908106
"MEMORY_COPY","MEMORY_COPY_HOST_TO_DEVICE",2,"Agent 0","Agent 1",1141337,3341407923706,3341407928986
"MEMORY_COPY","MEMORY_COPY_HOST_TO_DEVICE",2,"Agent 0","Agent 1",1141353,3341408099017,3341408109817
"MEMORY_COPY","MEMORY_COPY_DEVICE_TO_HOST",5,"Agent 1","Agent 0",1141463,3341410783078,3341410787158
"MEMORY_COPY","MEMORY_COPY_DEVICE_TO_HOST",5,"Agent 1","Agent 0",1141464,3341410792158,3341410860558
"MEMORY_COPY","MEMORY_COPY_HOST_TO_DEVICE",2,"Agent 0","Agent 1",1141475,3341411615291,3341411620611
"MEMORY_COPY","MEMORY_COPY_HOST_TO_DEVICE",2,"Agent 0","Agent 1",1141490,3341411697911,3341411716591
"MEMORY_COPY","MEMORY_COPY_HOST_TO_DEVICE",2,"Agent 0","Agent 1",1141506,3341411815372,3341411826412
"MEMORY_COPY","MEMORY_COPY_DEVICE_TO_HOST",5,"Agent 1","Agent 0",1141514,3341478796314,3341478842754
"MEMORY_COPY","MEMORY_COPY_DEVICE_TO_HOST",5,"Agent 1","Agent 0",1141515,3341478852554,3341478856914
"MEMORY_COPY","MEMORY_COPY_HOST_TO_DEVICE",2,"Agent 0","Agent 1",1141521,3341479387836,3341479393037
"MEMORY_COPY","MEMORY_COPY_HOST_TO_DEVICE",2,"Agent 0","Agent 1",1141525,3341479408687,3341479413807
"MEMORY_COPY","MEMORY_COPY_HOST_TO_DEVICE",2,"Agent 0","Agent 1",1141541,3341479524177,3341479535097
"MEMORY_COPY","MEMORY_COPY_HOST_TO_DEVICE",2,"Agent 0","Agent 1",1141647,3341480762002,3341480767322
"MEMORY_COPY","MEMORY_COPY_HOST_TO_DEVICE",2,"Agent 0","Agent 1",1141651,3341480782022,3341480787262
"MEMORY_COPY","MEMORY_COPY_HOST_TO_DEVICE",2,"Agent 0","Agent 1",1141667,3341480884682,3341480895522
"MEMORY_COPY","MEMORY_COPY_DEVICE_TO_HOST",5,"Agent 1","Agent 0",1141777,3341483570053,3341483574173
"MEMORY_COPY","MEMORY_COPY_DEVICE_TO_HOST",5,"Agent 1","Agent 0",1141778,3341483578333,3341483644773
"MEMORY_COPY","MEMORY_COPY_HOST_TO_DEVICE",2,"Agent 0","Agent 1",1141789,3341484439396,3341484444676
"MEMORY_COPY","MEMORY_COPY_HOST_TO_DEVICE",2,"Agent 0","Agent 1",1141804,3341484525707,3341484543547
"MEMORY_COPY","MEMORY_COPY_HOST_TO_DEVICE",2,"Agent 0","Agent 1",1141820,3341484645447,3341484657407
"MEMORY_COPY","MEMORY_COPY_DEVICE_TO_HOST",5,"Agent 1","Agent 0",1141828,3341551523277,3341551578477
"MEMORY_COPY","MEMORY_COPY_DEVICE_TO_HOST",5,"Agent 1","Agent 0",1141829,3341551614117,3341551618517
"MEMORY_COPY","MEMORY_COPY_HOST_TO_DEVICE",2,"Agent 0","Agent 1",1141835,3341552041189,3341552046709
"MEMORY_COPY","MEMORY_COPY_HOST_TO_DEVICE",2,"Agent 0","Agent 1",1141839,3341552064049,3341552069409
"MEMORY_COPY","MEMORY_COPY_HOST_TO_DEVICE",2,"Agent 0","Agent 1",1141855,3341552179360,3341552190520
"MEMORY_COPY","MEMORY_COPY_HOST_TO_DEVICE",2,"Agent 0","Agent 1",1141961,3341553414064,3341553419424
"MEMORY_COPY","MEMORY_COPY_HOST_TO_DEVICE",2,"Agent 0","Agent 1",1141965,3341553435024,3341553440344
"MEMORY_COPY","MEMORY_COPY_HOST_TO_DEVICE",2,"Agent 0","Agent 1",1141981,3341553540455,3341553551375
"MEMORY_COPY","MEMORY_COPY_DEVICE_TO_HOST",5,"Agent 1","Agent 0",1142091,3341556227375,3341556231615
"MEMORY_COPY","MEMORY_COPY_DEVICE_TO_HOST",5,"Agent 1","Agent 0",1142092,3341556235695,3341556289136
"MEMORY_COPY","MEMORY_COPY_HOST_TO_DEVICE",2,"Agent 0","Agent 1",1142103,3341557051289,3341557056649
"MEMORY_COPY","MEMORY_COPY_HOST_TO_DEVICE",2,"Agent 0","Agent 1",1142118,3341557135849,3341557156529
"MEMORY_COPY","MEMORY_COPY_HOST_TO_DEVICE",2,"Agent 0","Agent 1",1142134,3341557255299,3341557266619
"MEMORY_COPY","MEMORY_COPY_DEVICE_TO_HOST",5,"Agent 1","Agent 0",1142142,3341624161948,3341624204908
"MEMORY_COPY","MEMORY_COPY_DEVICE_TO_HOST",5,"Agent 1","Agent 0",1142143,3341624211908,3341624216228
"MEMORY_COPY","MEMORY_COPY_HOST_TO_DEVICE",2,"Agent 0","Agent 1",1142149,3341624742710,3341624747990
"MEMORY_COPY","MEMORY_COPY_HOST_TO_DEVICE",2,"Agent 0","Agent 1",1142153,3341624763210,3341624768530
"MEMORY_COPY","MEMORY_COPY_HOST_TO_DEVICE",2,"Agent 0","Agent 1",1142169,3341624878051,3341624889571
"MEMORY_COPY","MEMORY_COPY_HOST_TO_DEVICE",2,"Agent 0","Agent 1",1142275,3341626108295,3341626113615
"MEMORY_COPY","MEMORY_COPY_HOST_TO_DEVICE",2,"Agent 0","Agent 1",1142279,3341626129235,3341626134476
"MEMORY_COPY","MEMORY_COPY_HOST_TO_DEVICE",2,"Agent 0","Agent 1",1142295,3341626235966,3341626246766
"MEMORY_COPY","MEMORY_COPY_DEVICE_TO_HOST",5,"Agent 1","Agent 0",1142405,3341628922056,3341628926216
"MEMORY_COPY","MEMORY_COPY_DEVICE_TO_HOST",5,"Agent 1","Agent 0",1142406,3341628930376,3341628995257
"MEMORY_COPY","MEMORY_COPY_HOST_TO_DEVICE",2,"Agent 0","Agent 1",1142417,3341629794220,3341629799500
"MEMORY_COPY","MEMORY_COPY_HOST_TO_DEVICE",2,"Agent 0","Agent 1",1142432,3341629877060,3341629895380
"MEMORY_COPY","MEMORY_COPY_HOST_TO_DEVICE",2,"Agent 0","Agent 1",1142448,3341629992401,3341630003801
"MEMORY_COPY","MEMORY_COPY_DEVICE_TO_HOST",5,"Agent 1","Agent 0",1142456,3341696871510,3341696924110
"MEMORY_COPY","MEMORY_COPY_DEVICE_TO_HOST",5,"Agent 1","Agent 0",1142457,3341696932190,3341696936390
"MEMORY_COPY","MEMORY_COPY_HOST_TO_DEVICE",2,"Agent 0","Agent 1",1142463,3341697472673,3341697478353
"MEMORY_COPY","MEMORY_COPY_HOST_TO_DEVICE",2,"Agent 0","Agent 1",1142467,3341697494523,3341697499843
"MEMORY_COPY","MEMORY_COPY_HOST_TO_DEVICE",2,"Agent 0","Agent 1",1142483,3341697612003,3341697623123
"MEMORY_COPY","MEMORY_COPY_HOST_TO_DEVICE",2,"Agent 0","Agent 1",1142589,3341698849328,3341698854688
"MEMORY_COPY","MEMORY_COPY_HOST_TO_DEVICE",2,"Agent 0","Agent 1",1142593,3341698871148,3341698876428
"MEMORY_COPY","MEMORY_COPY_HOST_TO_DEVICE",2,"Agent 0","Agent 1",1142609,3341698978968,3341698989808
"MEMORY_COPY","MEMORY_COPY_DEVICE_TO_HOST",5,"Agent 1","Agent 0",1142719,3341701668843,3341701672923
"MEMORY_COPY","MEMORY_COPY_DEVICE_TO_HOST",5,"Agent 1","Agent 0",1142720,3341701677163,3341701756923
"MEMORY_COPY","MEMORY_COPY_HOST_TO_DEVICE",2,"Agent 0","Agent 1",1142731,3341702591366,3341702596686
"MEMORY_COPY","MEMORY_COPY_HOST_TO_DEVICE",2,"Agent 0","Agent 1",1142746,3341702676167,3341702696247
"MEMORY_COPY","MEMORY_COPY_HOST_TO_DEVICE",2,"Agent 0","Agent 1",1142762,3341702871517,3341702882517
"MEMORY_COPY","MEMORY_COPY_DEVICE_TO_HOST",5,"Agent 1","Agent 0",1142770,3341769741207,3341769784168
"MEMORY_COPY","MEMORY_COPY_DEVICE_TO_HOST",5,"Agent 1","Agent 0",1142771,3341769791968,3341769796408
"MEMORY_COPY","MEMORY_COPY_HOST_TO_DEVICE",2,"Agent 0","Agent 1",1142777,3341770326170,3341770331770
"MEMORY_COPY","MEMORY_COPY_HOST_TO_DEVICE",2,"Agent 0","Agent 1",1142781,3341770348420,3341770353740
"MEMORY_COPY","MEMORY_COPY_HOST_TO_DEVICE",2,"Agent 0","Agent 1",1142797,3341770465790,3341770476830
"MEMORY_COPY","MEMORY_COPY_HOST_TO_DEVICE",2,"Agent 0","Agent 1",1142903,3341771715935,3341771721295
"MEMORY_COPY","MEMORY_COPY_HOST_TO_DEVICE",2,"Agent 0","Agent 1",1142907,3341771737115,3341771742355
"MEMORY_COPY","MEMORY_COPY_HOST_TO_DEVICE",2,"Agent 0","Agent 1",1142923,3341771841506,3341771852346
"MEMORY_COPY","MEMORY_COPY_DEVICE_TO_HOST",5,"Agent 1","Agent 0",1143033,3341774530906,3341774534946
"MEMORY_COPY","MEMORY_COPY_DEVICE_TO_HOST",5,"Agent 1","Agent 0",1143034,3341774539066,3341774592466
"MEMORY_COPY","MEMORY_COPY_HOST_TO_DEVICE",2,"Agent 0","Agent 1",1143045,3341775351389,3341775356669
"MEMORY_COPY","MEMORY_COPY_HOST_TO_DEVICE",2,"Agent 0","Agent 1",1143060,3341775438710,3341775456630
"MEMORY_COPY","MEMORY_COPY_HOST_TO_DEVICE",2,"Agent 0","Agent 1",1143076,3341775553990,3341775564830
"MEMORY_COPY","MEMORY_COPY_DEVICE_TO_HOST",5,"Agent 1","Agent 0",1143084,3341842422124,3341842467804
"MEMORY_COPY","MEMORY_COPY_DEVICE_TO_HOST",5,"Agent 1","Agent 0",1143085,3341842475564,3341842479764
"MEMORY_COPY","MEMORY_COPY_HOST_TO_DEVICE",2,"Agent 0","Agent 1",1143091,3341843081556,3341843087116
"MEMORY_COPY","MEMORY_COPY_HOST_TO_DEVICE",2,"Agent 0","Agent 1",1143095,3341843104926,3341843110046
"MEMORY_COPY","MEMORY_COPY_HOST_TO_DEVICE",2,"Agent 0","Agent 1",1143111,3341843360687,3341843371607
"MEMORY_COPY","MEMORY_COPY_HOST_TO_DEVICE",2,"Agent 0","Agent 1",1143217,3341844618642,3341844623802
"MEMORY_COPY","MEMORY_COPY_HOST_TO_DEVICE",2,"Agent 0","Agent 1",1143221,3341844640142,3341844645462
"MEMORY_COPY","MEMORY_COPY_HOST_TO_DEVICE",2,"Agent 0","Agent 1",1143237,3341844745133,3341844756013
"MEMORY_COPY","MEMORY_COPY_DEVICE_TO_HOST",5,"Agent 1","Agent 0",1143347,3341847430773,3341847434773
"MEMORY_COPY","MEMORY_COPY_DEVICE_TO_HOST",5,"Agent 1","Agent 0",1143348,3341847438973,3341847492894
"MEMORY_COPY","MEMORY_COPY_HOST_TO_DEVICE",2,"Agent 0","Agent 1",1143359,3341848262927,3341848268127
"MEMORY_COPY","MEMORY_COPY_HOST_TO_DEVICE",2,"Agent 0","Agent 1",1143374,3341848353527,3341848371247
"MEMORY_COPY","MEMORY_COPY_HOST_TO_DEVICE",2,"Agent 0","Agent 1",1143390,3341848470277,3341848481317
"MEMORY_COPY","MEMORY_COPY_DEVICE_TO_HOST",5,"Agent 1","Agent 0",1143398,3341915279166,3341915322246
"MEMORY_COPY","MEMORY_COPY_DEVICE_TO_HOST",5,"Agent 1","Agent 0",1143399,3341915330006,3341915334566
"MEMORY_COPY","MEMORY_COPY_HOST_TO_DEVICE",2,"Agent 0","Agent 1",1143405,3341915849158,3341915854678
"MEMORY_COPY","MEMORY_COPY_HOST_TO_DEVICE",2,"Agent 0","Agent 1",1143409,3341915870758,3341915875838
"MEMORY_COPY","MEMORY_COPY_HOST_TO_DEVICE",2,"Agent 0","Agent 1",1143425,3341915987098,3341915998018
"MEMORY_COPY","MEMORY_COPY_HOST_TO_DEVICE",2,"Agent 0","Agent 1",1143531,3341917222873,3341917228193
"MEMORY_COPY","MEMORY_COPY_HOST_TO_DEVICE",2,"Agent 0","Agent 1",1143535,3341917244093,3341917249373
"MEMORY_COPY","MEMORY_COPY_HOST_TO_DEVICE",2,"Agent 0","Agent 1",1143551,3341917348074,3341917358954
"MEMORY_COPY","MEMORY_COPY_DEVICE_TO_HOST",5,"Agent 1","Agent 0",1143661,3341920051354,3341920055514
"MEMORY_COPY","MEMORY_COPY_DEVICE_TO_HOST",5,"Agent 1","Agent 0",1143662,3341920059754,3341920113475
"MEMORY_COPY","MEMORY_COPY_HOST_TO_DEVICE",2,"Agent 0","Agent 1",1143673,3341920696777,3341920702177
"MEMORY_COPY","MEMORY_COPY_HOST_TO_DEVICE",2,"Agent 0","Agent 1",1143677,3341920716827,3341920721987
"MEMORY_COPY","MEMORY_COPY_HOST_TO_DEVICE",2,"Agent 0","Agent 1",1143693,3341920821477,3341920832197
"MEMORY_COPY","MEMORY_COPY_DEVICE_TO_HOST",5,"Agent 1","Agent 0",1143808,3341924250211,3341924254611
"MEMORY_COPY","MEMORY_COPY_DEVICE_TO_HOST",5,"Agent 1","Agent 0",1143809,3341924258931,3341924331731
"MEMORY_COPY","MEMORY_COPY_HOST_TO_DEVICE",2,"Agent 0","Agent 1",1143823,3341939645641,3341939652961
"MEMORY_COPY","MEMORY_COPY_HOST_TO_DEVICE",2,"Agent 0","Agent 1",1143838,3341939754022,3341939772622
"MEMORY_COPY","MEMORY_COPY_HOST_TO_DEVICE",2,"Agent 0","Agent 1",1143854,3341939875582,3341939893862
"MEMORY_COPY","MEMORY_COPY_DEVICE_TO_HOST",5,"Agent 1","Agent 0",1151168,3342019229801,3342019348201
"MEMORY_COPY","MEMORY_COPY_DEVICE_TO_HOST",5,"Agent 1","Agent 0",1151169,3342019357761,3342019362881
"MEMORY_COPY","MEMORY_COPY_HOST_TO_DEVICE",2,"Agent 0","Agent 1",1151175,3342020128284,3342020135164
"MEMORY_COPY","MEMORY_COPY_HOST_TO_DEVICE",2,"Agent 0","Agent 1",1151179,3342020152184,3342020158785
"MEMORY_COPY","MEMORY_COPY_HOST_TO_DEVICE",2,"Agent 0","Agent 1",1151195,3342020267466,3342020285226
"MEMORY_COPY","MEMORY_COPY_HOST_TO_DEVICE",2,"Agent 0","Agent 1",1151320,3342022609520,3342022614800
"MEMORY_COPY","MEMORY_COPY_HOST_TO_DEVICE",2,"Agent 0","Agent 1",1151324,3342022630860,3342022636180
"MEMORY_COPY","MEMORY_COPY_HOST_TO_DEVICE",2,"Agent 0","Agent 1",1151340,3342022737642,3342022748282
"MEMORY_COPY","MEMORY_COPY_DEVICE_TO_HOST",5,"Agent 1","Agent 0",1151450,3342025434137,3342025438137
"MEMORY_COPY","MEMORY_COPY_DEVICE_TO_HOST",5,"Agent 1","Agent 0",1151451,3342025442756,3342025495996
"MEMORY_COPY","MEMORY_COPY_HOST_TO_DEVICE",2,"Agent 0","Agent 1",1151462,3342027604141,3342027609301
"MEMORY_COPY","MEMORY_COPY_HOST_TO_DEVICE",2,"Agent 0","Agent 1",1151477,3342027689757,3342027707437
"MEMORY_COPY","MEMORY_COPY_HOST_TO_DEVICE",2,"Agent 0","Agent 1",1151493,3342027804411,3342027815531
"MEMORY_COPY","MEMORY_COPY_DEVICE_TO_HOST",5,"Agent 1","Agent 0",1157703,3342097093321,3342097147842
"MEMORY_COPY","MEMORY_COPY_DEVICE_TO_HOST",5,"Agent 1","Agent 0",1157704,3342097157322,3342097161842
"MEMORY_COPY","MEMORY_COPY_HOST_TO_DEVICE",2,"Agent 0","Agent 1",1157710,3342097814114,3342097819514
"MEMORY_COPY","MEMORY_COPY_HOST_TO_DEVICE",2,"Agent 0","Agent 1",1157714,3342097835204,3342097840364
"MEMORY_COPY","MEMORY_COPY_HOST_TO_DEVICE",2,"Agent 0","Agent 1",1157730,3342097947695,3342097958375
"MEMORY_COPY","MEMORY_COPY_HOST_TO_DEVICE",2,"Agent 0","Agent 1",1157836,3342099180230,3342099185430
"MEMORY_COPY","MEMORY_COPY_HOST_TO_DEVICE",2,"Agent 0","Agent 1",1157840,3342099201060,3342099206100
"MEMORY_COPY","MEMORY_COPY_HOST_TO_DEVICE",2,"Agent 0","Agent 1",1157856,3342099317390,3342099329350
"MEMORY_COPY","MEMORY_COPY_DEVICE_TO_HOST",5,"Agent 1","Agent 0",1157966,3342102013301,3342102017421
"MEMORY_COPY","MEMORY_COPY_DEVICE_TO_HOST",5,"Agent 1","Agent 0",1157967,3342102021581,3342102092901
"MEMORY_COPY","MEMORY_COPY_HOST_TO_DEVICE",2,"Agent 0","Agent 1",1157978,3342102922394,3342102927634
"MEMORY_COPY","MEMORY_COPY_HOST_TO_DEVICE",2,"Agent 0","Agent 1",1157993,3342103012475,3342103030875
"MEMORY_COPY","MEMORY_COPY_HOST_TO_DEVICE",2,"Agent 0","Agent 1",1158009,3342103139595,3342103150875
"MEMORY_COPY","MEMORY_COPY_DEVICE_TO_HOST",5,"Agent 1","Agent 0",1164224,3342190285686,3342190345566
"MEMORY_COPY","MEMORY_COPY_DEVICE_TO_HOST",5,"Agent 1","Agent 0",1164225,3342190353846,3342190358406
"MEMORY_COPY","MEMORY_COPY_HOST_TO_DEVICE",2,"Agent 0","Agent 1",1164231,3342190899388,3342190904708
"MEMORY_COPY","MEMORY_COPY_HOST_TO_DEVICE",2,"Agent 0","Agent 1",1164235,3342190924618,3342190929738
"MEMORY_COPY","MEMORY_COPY_HOST_TO_DEVICE",2,"Agent 0","Agent 1",1164251,3342191051639,3342191062359
"MEMORY_COPY","MEMORY_COPY_HOST_TO_DEVICE",2,"Agent 0","Agent 1",1164357,3342192294993,3342192300353
"MEMORY_COPY","MEMORY_COPY_HOST_TO_DEVICE",2,"Agent 0","Agent 1",1164361,3342192316944,3342192321984
"MEMORY_COPY","MEMORY_COPY_HOST_TO_DEVICE",2,"Agent 0","Agent 1",1164377,3342192426694,3342192437374
"MEMORY_COPY","MEMORY_COPY_DEVICE_TO_HOST",5,"Agent 1","Agent 0",1164487,3342195162045,3342195166045
"MEMORY_COPY","MEMORY_COPY_DEVICE_TO_HOST",5,"Agent 1","Agent 0",1164488,3342195170165,3342195224045
"MEMORY_COPY","MEMORY_COPY_HOST_TO_DEVICE",2,"Agent 0","Agent 1",1164499,3342195972578,3342195978018
"MEMORY_COPY","MEMORY_COPY_HOST_TO_DEVICE",2,"Agent 0","Agent 1",1164514,3342196060998,3342196078678
"MEMORY_COPY","MEMORY_COPY_HOST_TO_DEVICE",2,"Agent 0","Agent 1",1164530,3342196176479,3342196187519
"MEMORY_COPY","MEMORY_COPY_DEVICE_TO_HOST",5,"Agent 1","Agent 0",1164538,3342263301528,3342263357168
"MEMORY_COPY","MEMORY_COPY_DEVICE_TO_HOST",5,"Agent 1","Agent 0",1164539,3342263365008,3342263369448
"MEMORY_COPY","MEMORY_COPY_HOST_TO_DEVICE",2,"Agent 0","Agent 1",1164545,3342263897330,3342263902490
"MEMORY_COPY","MEMORY_COPY_HOST_TO_DEVICE",2,"Agent 0","Agent 1",1164549,3342263919591,3342263924671
"MEMORY_COPY","MEMORY_COPY_HOST_TO_DEVICE",2,"Agent 0","Agent 1",1164565,3342264043241,3342264054161
"MEMORY_COPY","MEMORY_COPY_HOST_TO_DEVICE",2,"Agent 0","Agent 1",1164671,3342265283316,3342265288436
"MEMORY_COPY","MEMORY_COPY_HOST_TO_DEVICE",2,"Agent 0","Agent 1",1164675,3342265305726,3342265310886
"MEMORY_COPY","MEMORY_COPY_HOST_TO_DEVICE",2,"Agent 0","Agent 1",1164691,3342265414106,3342265426026
"MEMORY_COPY","MEMORY_COPY_DEVICE_TO_HOST",5,"Agent 1","Agent 0",1164801,3342268190187,3342268194307
"MEMORY_COPY","MEMORY_COPY_DEVICE_TO_HOST",5,"Agent 1","Agent 0",1164802,3342268198507,3342268256748
"MEMORY_COPY","MEMORY_COPY_HOST_TO_DEVICE",2,"Agent 0","Agent 1",1164813,3342269089611,3342269095051
"MEMORY_COPY","MEMORY_COPY_HOST_TO_DEVICE",2,"Agent 0","Agent 1",1164828,3342269189431,3342269208591
"MEMORY_COPY","MEMORY_COPY_HOST_TO_DEVICE",2,"Agent 0","Agent 1",1164844,3342269361322,3342269372242
"MEMORY_COPY","MEMORY_COPY_DEVICE_TO_HOST",5,"Agent 1","Agent 0",1164852,3342336321841,3342336377161
"MEMORY_COPY","MEMORY_COPY_DEVICE_TO_HOST",5,"Agent 1","Agent 0",1164853,3342336385801,3342336390121
"MEMORY_COPY","MEMORY_COPY_HOST_TO_DEVICE",2,"Agent 0","Agent 1",1164859,3342336795672,3342336801192
"MEMORY_COPY","MEMORY_COPY_HOST_TO_DEVICE",2,"Agent 0","Agent 1",1164863,3342336817533,3342336822773
"MEMORY_COPY","MEMORY_COPY_HOST_TO_DEVICE",2,"Agent 0","Agent 1",1164879,3342336936343,3342336947543
"MEMORY_COPY","MEMORY_COPY_HOST_TO_DEVICE",2,"Agent 0","Agent 1",1164985,3342338196028,3342338201348
"MEMORY_COPY","MEMORY_COPY_HOST_TO_DEVICE",2,"Agent 0","Agent 1",1164989,3342338217998,3342338223278
"MEMORY_COPY","MEMORY_COPY_HOST_TO_DEVICE",2,"Agent 0","Agent 1",1165005,3342338373089,3342338383889
"MEMORY_COPY","MEMORY_COPY_DEVICE_TO_HOST",5,"Agent 1","Agent 0",1165115,3342341066033,3342341070153
"MEMORY_COPY","MEMORY_COPY_DEVICE_TO_HOST",5,"Agent 1","Agent 0",1165116,3342341075033,3342341128153
"MEMORY_COPY","MEMORY_COPY_HOST_TO_DEVICE",2,"Agent 0","Agent 1",1165127,3342341889016,3342341894416
"MEMORY_COPY","MEMORY_COPY_HOST_TO_DEVICE",2,"Agent 0","Agent 1",1165142,3342341975226,3342341993146
"MEMORY_COPY","MEMORY_COPY_HOST_TO_DEVICE",2,"Agent 0","Agent 1",1165158,3342342169637,3342342180557
"MEMORY_COPY","MEMORY_COPY_DEVICE_TO_HOST",5,"Agent 1","Agent 0",1165166,3342409083993,3342409140034
"MEMORY_COPY","MEMORY_COPY_DEVICE_TO_HOST",5,"Agent 1","Agent 0",1165167,3342409147434,3342409151714
"MEMORY_COPY","MEMORY_COPY_HOST_TO_DEVICE",2,"Agent 0","Agent 1",1165173,3342409680956,3342409686556
"MEMORY_COPY","MEMORY_COPY_HOST_TO_DEVICE",2,"Agent 0","Agent 1",1165177,3342409703816,3342409708896
"MEMORY_COPY","MEMORY_COPY_HOST_TO_DEVICE",2,"Agent 0","Agent 1",1165193,3342409822046,3342409833206
"MEMORY_COPY","MEMORY_COPY_HOST_TO_DEVICE",2,"Agent 0","Agent 1",1165299,3342411071461,3342411076861
"MEMORY_COPY","MEMORY_COPY_HOST_TO_DEVICE",2,"Agent 0","Agent 1",1165303,3342411094071,3342411099111
"MEMORY_COPY","MEMORY_COPY_HOST_TO_DEVICE",2,"Agent 0","Agent 1",1165319,3342411204092,3342411214772
"MEMORY_COPY","MEMORY_COPY_DEVICE_TO_HOST",5,"Agent 1","Agent 0",1165429,3342413905302,3342413909302
"MEMORY_COPY","MEMORY_COPY_DEVICE_TO_HOST",5,"Agent 1","Agent 0",1165430,3342413913502,3342413970542
"MEMORY_COPY","MEMORY_COPY_HOST_TO_DEVICE",2,"Agent 0","Agent 1",1165441,3342414791546,3342414796906
"MEMORY_COPY","MEMORY_COPY_HOST_TO_DEVICE",2,"Agent 0","Agent 1",1165456,3342414879666,3342414898186
"MEMORY_COPY","MEMORY_COPY_HOST_TO_DEVICE",2,"Agent 0","Agent 1",1165472,3342415000557,3342415013277
"MEMORY_COPY","MEMORY_COPY_DEVICE_TO_HOST",5,"Agent 1","Agent 0",1165480,3342482166217,3342482222537
"MEMORY_COPY","MEMORY_COPY_DEVICE_TO_HOST",5,"Agent 1","Agent 0",1165481,3342482230457,3342482234697
"MEMORY_COPY","MEMORY_COPY_HOST_TO_DEVICE",2,"Agent 0","Agent 1",1165487,3342482762889,3342482768489
"MEMORY_COPY","MEMORY_COPY_HOST_TO_DEVICE",2,"Agent 0","Agent 1",1165491,3342482785559,3342482790679
"MEMORY_COPY","MEMORY_COPY_HOST_TO_DEVICE",2,"Agent 0","Agent 1",1165507,3342483044520,3342483055640
"MEMORY_COPY","MEMORY_COPY_HOST_TO_DEVICE",2,"Agent 0","Agent 1",1165613,3342484287565,3342484292925
"MEMORY_COPY","MEMORY_COPY_HOST_TO_DEVICE",2,"Agent 0","Agent 1",1165617,3342484310195,3342484315235
"MEMORY_COPY","MEMORY_COPY_HOST_TO_DEVICE",2,"Agent 0","Agent 1",1165633,3342484417726,3342484428606
"MEMORY_COPY","MEMORY_COPY_DEVICE_TO_HOST",5,"Agent 1","Agent 0",1165743,3342487116836,3342487120916
"MEMORY_COPY","MEMORY_COPY_DEVICE_TO_HOST",5,"Agent 1","Agent 0",1165744,3342487125076,3342487178517
"MEMORY_COPY","MEMORY_COPY_HOST_TO_DEVICE",2,"Agent 0","Agent 1",1165755,3342487926229,3342487931509
"MEMORY_COPY","MEMORY_COPY_HOST_TO_DEVICE",2,"Agent 0","Agent 1",1165770,3342488018320,3342488037480
"MEMORY_COPY","MEMORY_COPY_HOST_TO_DEVICE",2,"Agent 0","Agent 1",1165786,3342488138340,3342488149340
"MEMORY_COPY","MEMORY_COPY_DEVICE_TO_HOST",5,"Agent 1","Agent 0",1165794,3342555031556,3342555087516
"MEMORY_COPY","MEMORY_COPY_DEVICE_TO_HOST",5,"Agent 1","Agent 0",1165795,3342555095796,3342555100316
"MEMORY_COPY","MEMORY_COPY_HOST_TO_DEVICE",2,"Agent 0","Agent 1",1165801,3342555629208,3342555634808
"MEMORY_COPY","MEMORY_COPY_HOST_TO_DEVICE",2,"Agent 0","Agent 1",1165805,3342555651988,3342555657308
"MEMORY_COPY","MEMORY_COPY_HOST_TO_DEVICE",2,"Agent 0","Agent 1",1165821,3342555769989,3342555781109
"MEMORY_COPY","MEMORY_COPY_HOST_TO_DEVICE",2,"Agent 0","Agent 1",1165927,3342557035904,3342557041064
"MEMORY_COPY","MEMORY_COPY_HOST_TO_DEVICE",2,"Agent 0","Agent 1",1165931,3342557057964,3342557062964
"MEMORY_COPY","MEMORY_COPY_HOST_TO_DEVICE",2,"Agent 0","Agent 1",1165947,3342557160744,3342557171544
"MEMORY_COPY","MEMORY_COPY_DEVICE_TO_HOST",5,"Agent 1","Agent 0",1166057,3342559856635,3342559860635
"MEMORY_COPY","MEMORY_COPY_DEVICE_TO_HOST",5,"Agent 1","Agent 0",1166058,3342559864795,3342559918275
"MEMORY_COPY","MEMORY_COPY_HOST_TO_DEVICE",2,"Agent 0","Agent 1",1166069,3342560519917,3342560525117
"MEMORY_COPY","MEMORY_COPY_HOST_TO_DEVICE",2,"Agent 0","Agent 1",1166073,3342560541417,3342560546497
"MEMORY_COPY","MEMORY_COPY_HOST_TO_DEVICE",2,"Agent 0","Agent 1",1166089,3342560649218,3342560660378
"MEMORY_COPY","MEMORY_COPY_DEVICE_TO_HOST",5,"Agent 1","Agent 0",1166204,3342564037461,3342564041741
"MEMORY_COPY","MEMORY_COPY_DEVICE_TO_HOST",5,"Agent 1","Agent 0",1166205,3342564046101,3342564121661
"MEMORY_COPY","MEMORY_COPY_HOST_TO_DEVICE",2,"Agent 0","Agent 1",1166216,3342564675484,3342564680724
"MEMORY_COPY","MEMORY_COPY_HOST_TO_DEVICE",2,"Agent 0","Agent 1",1166220,3342564717964,3342564723004
"MEMORY_COPY","MEMORY_COPY_HOST_TO_DEVICE",2,"Agent 0","Agent 1",1166236,3342564829224,3342564839864
"MEMORY_COPY","MEMORY_COPY_DEVICE_TO_HOST",5,"Agent 1","Agent 0",1166244,3342567506035,3342567510195
"MEMORY_COPY","MEMORY_COPY_DEVICE_TO_HOST",5,"Agent 1","Agent 0",1166245,3342567514555,3342567567795
"MEMORY_COPY","MEMORY_COPY_HOST_TO_DEVICE",2,"Agent 0","Agent 1",1166256,3342567890166,3342567895446
"MEMORY_COPY","MEMORY_COPY_HOST_TO_DEVICE",2,"Agent 0","Agent 1",1166260,3342567908246,3342567913286
"MEMORY_COPY","MEMORY_COPY_HOST_TO_DEVICE",2,"Agent 0","Agent 1",1166276,3342568018507,3342568029907
"MEMORY_COPY","MEMORY_COPY_DEVICE_TO_HOST",5,"Agent 1","Agent 0",1166284,3342570684067,3342570688267
"MEMORY_COPY","MEMORY_COPY_DEVICE_TO_HOST",5,"Agent 1","Agent 0",1166285,3342570692627,3342570746187
"MEMORY_COPY","MEMORY_COPY_HOST_TO_DEVICE",2,"Agent 0","Agent 1",1166299,3342586574880,3342586585720
"MEMORY_COPY","MEMORY_COPY_HOST_TO_DEVICE",2,"Agent 0","Agent 1",1166314,3342586686630,3342586704590
"MEMORY_COPY","MEMORY_COPY_HOST_TO_DEVICE",2,"Agent 0","Agent 1",1166330,3342586804940,3342586843861
"MEMORY_COPY","MEMORY_COPY_DEVICE_TO_HOST",5,"Agent 1","Agent 0",1173644,3342698101888,3342698279328
"MEMORY_COPY","MEMORY_COPY_DEVICE_TO_HOST",5,"Agent 1","Agent 0",1173645,3342698289088,3342698296288
"MEMORY_COPY","MEMORY_COPY_HOST_TO_DEVICE",2,"Agent 0","Agent 1",1173651,3342699189902,3342699200262
"MEMORY_COPY","MEMORY_COPY_HOST_TO_DEVICE",2,"Agent 0","Agent 1",1173655,3342699218432,3342699228432
"MEMORY_COPY","MEMORY_COPY_HOST_TO_DEVICE",2,"Agent 0","Agent 1",1173671,3342699352643,3342699389963
"MEMORY_COPY","MEMORY_COPY_HOST_TO_DEVICE",2,"Agent 0","Agent 1",1173823,3342702535465,3342702540625
"MEMORY_COPY","MEMORY_COPY_HOST_TO_DEVICE",2,"Agent 0","Agent 1",1173827,3342702557385,3342702562665
"MEMORY_COPY","MEMORY_COPY_HOST_TO_DEVICE",2,"Agent 0","Agent 1",1173843,3342702665606,3342702676286
"MEMORY_COPY","MEMORY_COPY_DEVICE_TO_HOST",5,"Agent 1","Agent 0",1173953,3342705397976,3342705402216
"MEMORY_COPY","MEMORY_COPY_DEVICE_TO_HOST",5,"Agent 1","Agent 0",1173954,3342705406416,3342705460457
"MEMORY_COPY","MEMORY_COPY_HOST_TO_DEVICE",2,"Agent 0","Agent 1",1173965,3342706077049,3342706082329
"MEMORY_COPY","MEMORY_COPY_HOST_TO_DEVICE",2,"Agent 0","Agent 1",1173969,3342706096219,3342706101379
"MEMORY_COPY","MEMORY_COPY_HOST_TO_DEVICE",2,"Agent 0","Agent 1",1173985,3342706205429,3342706216429
"MEMORY_COPY","MEMORY_COPY_DEVICE_TO_HOST",5,"Agent 1","Agent 0",1174100,3342709525322,3342709529723
"MEMORY_COPY","MEMORY_COPY_DEVICE_TO_HOST",5,"Agent 1","Agent 0",1174101,3342709533243,3342709593323
"MEMORY_COPY","MEMORY_COPY_HOST_TO_DEVICE",2,"Agent 0","Agent 1",1174112,3342709945224,3342709950504
"MEMORY_COPY","MEMORY_COPY_HOST_TO_DEVICE",2,"Agent 0","Agent 1",1174116,3342709962774,3342709968094
"MEMORY_COPY","MEMORY_COPY_HOST_TO_DEVICE",2,"Agent 0","Agent 1",1174132,3342710071845,3342710083085
"MEMORY_COPY","MEMORY_COPY_DEVICE_TO_HOST",5,"Agent 1","Agent 0",1174140,3342712784255,3342712788695
"MEMORY_COPY","MEMORY_COPY_DEVICE_TO_HOST",5,"Agent 1","Agent 0",1174141,3342712794775,3342712866016
"MEMORY_COPY","MEMORY_COPY_HOST_TO_DEVICE",2,"Agent 0","Agent 1",1174152,3342713276967,3342713282207
"MEMORY_COPY","MEMORY_COPY_HOST_TO_DEVICE",2,"Agent 0","Agent 1",1174156,3342713295127,3342713300207
"MEMORY_COPY","MEMORY_COPY_HOST_TO_DEVICE",2,"Agent 0","Agent 1",1174172,3342713406858,3342713417778
"MEMORY_COPY","MEMORY_COPY_DEVICE_TO_HOST",5,"Agent 1","Agent 0",1174180,3342716098688,3342716103048
"MEMORY_COPY","MEMORY_COPY_DEVICE_TO_HOST",5,"Agent 1","Agent 0",1174181,3342716107408,3342716160689
"MEMORY_COPY","MEMORY_COPY_HOST_TO_DEVICE",2,"Agent 0","Agent 1",1174192,3342716820781,3342716830421
"MEMORY_COPY","MEMORY_COPY_HOST_TO_DEVICE",2,"Agent 0","Agent 1",1174207,3342716909061,3342716926822
"MEMORY_COPY","MEMORY_COPY_HOST_TO_DEVICE",2,"Agent 0","Agent 1",1174223,3342717041382,3342717080422
"MEMORY_COPY","MEMORY_COPY_DEVICE_TO_HOST",5,"Agent 1","Agent 0",1181545,3342864388025,3342864566225
"MEMORY_COPY","MEMORY_COPY_DEVICE_TO_HOST",5,"Agent 1","Agent 0",1181546,3342864576546,3342864583906
"MEMORY_COPY","MEMORY_COPY_HOST_TO_DEVICE",2,"Agent 0","Agent 1",1181552,3342865210658,3342865221058
"MEMORY_COPY","MEMORY_COPY_HOST_TO_DEVICE",2,"Agent 0","Agent 1",1181556,3342865237678,3342865247398
"MEMORY_COPY","MEMORY_COPY_HOST_TO_DEVICE",2,"Agent 0","Agent 1",1181572,3342865368329,3342865405809
"MEMORY_COPY","MEMORY_COPY_HOST_TO_DEVICE",2,"Agent 0","Agent 1",1181724,3342868174240,3342868179400
"MEMORY_COPY","MEMORY_COPY_HOST_TO_DEVICE",2,"Agent 0","Agent 1",1181728,3342868197580,3342868202860
"MEMORY_COPY","MEMORY_COPY_HOST_TO_DEVICE",2,"Agent 0","Agent 1",1181744,3342868310280,3342868321360
"MEMORY_COPY","MEMORY_COPY_DEVICE_TO_HOST",5,"Agent 1","Agent 0",1181854,3342871044481,3342871048801
"MEMORY_COPY","MEMORY_COPY_DEVICE_TO_HOST",5,"Agent 1","Agent 0",1181855,3342871052961,3342871106921
"MEMORY_COPY","MEMORY_COPY_HOST_TO_DEVICE",2,"Agent 0","Agent 1",1181866,3342871707634,3342871712994
"MEMORY_COPY","MEMORY_COPY_HOST_TO_DEVICE",2,"Agent 0","Agent 1",1181870,3342871757674,3342871762754
"MEMORY_COPY","MEMORY_COPY_HOST_TO_DEVICE",2,"Agent 0","Agent 1",1181886,3342871862234,3342871873154
"MEMORY_COPY","MEMORY_COPY_DEVICE_TO_HOST",5,"Agent 1","Agent 0",1182001,3342875097577,3342875101977
"MEMORY_COPY","MEMORY_COPY_DEVICE_TO_HOST",5,"Agent 1","Agent 0",1182002,3342875106377,3342875164857
"MEMORY_COPY","MEMORY_COPY_HOST_TO_DEVICE",2,"Agent 0","Agent 1",1182013,3342875511328,3342875516609
"MEMORY_COPY","MEMORY_COPY_HOST_TO_DEVICE",2,"Agent 0","Agent 1",1182017,3342875528839,3342875533959
"MEMORY_COPY","MEMORY_COPY_HOST_TO_DEVICE",2,"Agent 0","Agent 1",1182033,3342875717289,3342875730329
"MEMORY_COPY","MEMORY_COPY_DEVICE_TO_HOST",5,"Agent 1","Agent 0",1182041,3342878405550,3342878409910
"MEMORY_COPY","MEMORY_COPY_DEVICE_TO_HOST",5,"Agent 1","Agent 0",1182042,3342878413510,3342878467710
"MEMORY_COPY","MEMORY_COPY_HOST_TO_DEVICE",2,"Agent 0","Agent 1",1182053,3342878818091,3342878823291
"MEMORY_COPY","MEMORY_COPY_HOST_TO_DEVICE",2,"Agent 0","Agent 1",1182057,3342878835322,3342878840442
"MEMORY_COPY","MEMORY_COPY_HOST_TO_DEVICE",2,"Agent 0","Agent 1",1182073,3342878948682,3342878959442
"MEMORY_COPY","MEMORY_COPY_DEVICE_TO_HOST",5,"Agent 1","Agent 0",1182081,3342881644613,3342881648813
"MEMORY_COPY","MEMORY_COPY_DEVICE_TO_HOST",5,"Agent 1","Agent 0",1182082,3342881652333,3342881705573
"MEMORY_COPY","MEMORY_COPY_HOST_TO_DEVICE",2,"Agent 0","Agent 1",1182093,3342882363065,3342882373465
"MEMORY_COPY","MEMORY_COPY_HOST_TO_DEVICE",2,"Agent 0","Agent 1",1182108,3342882452226,3342882469946
"MEMORY_COPY","MEMORY_COPY_HOST_TO_DEVICE",2,"Agent 0","Agent 1",1182124,3342882566666,3342882605546
"MEMORY_COPY","MEMORY_COPY_DEVICE_TO_HOST",5,"Agent 1","Agent 0",1182132,3342989905800,3342990083440
"MEMORY_COPY","MEMORY_COPY_DEVICE_TO_HOST",5,"Agent 1","Agent 0",1182133,3342990092880,3342990100281
"MEMORY_COPY","MEMORY_COPY_HOST_TO_DEVICE",2,"Agent 0","Agent 1",1182139,3342990728933,3342990738813
"MEMORY_COPY","MEMORY_COPY_HOST_TO_DEVICE",2,"Agent 0","Agent 1",1182143,3342990753303,3342990763223
"MEMORY_COPY","MEMORY_COPY_HOST_TO_DEVICE",2,"Agent 0","Agent 1",1182159,3342990873674,3342990911354
"MEMORY_COPY","MEMORY_COPY_HOST_TO_DEVICE",2,"Agent 0","Agent 1",1182311,3342993731655,3342993737015
"MEMORY_COPY","MEMORY_COPY_HOST_TO_DEVICE",2,"Agent 0","Agent 1",1182315,3342993754585,3342993759705
"MEMORY_COPY","MEMORY_COPY_HOST_TO_DEVICE",2,"Agent 0","Agent 1",1182331,3342993864975,3342993875695
"MEMORY_COPY","MEMORY_COPY_DEVICE_TO_HOST",5,"Agent 1","Agent 0",1182441,3342996611426,3342996615506
"MEMORY_COPY","MEMORY_COPY_DEVICE_TO_HOST",5,"Agent 1","Agent 0",1182442,3342996619666,3342996673586
"MEMORY_COPY","MEMORY_COPY_HOST_TO_DEVICE",2,"Agent 0","Agent 1",1182453,3342997275059,3342997280419
"MEMORY_COPY","MEMORY_COPY_HOST_TO_DEVICE",2,"Agent 0","Agent 1",1182457,3342997293489,3342997298569
"MEMORY_COPY","MEMORY_COPY_HOST_TO_DEVICE",2,"Agent 0","Agent 1",1182473,3342997401339,3342997412139
"MEMORY_COPY","MEMORY_COPY_DEVICE_TO_HOST",5,"Agent 1","Agent 0",1182588,3343000700612,3343000705012
"MEMORY_COPY","MEMORY_COPY_DEVICE_TO_HOST",5,"Agent 1","Agent 0",1182589,3343000708532,3343000770252
"MEMORY_COPY","MEMORY_COPY_HOST_TO_DEVICE",2,"Agent 0","Agent 1",1182600,3343001108664,3343001113944
"MEMORY_COPY","MEMORY_COPY_HOST_TO_DEVICE",2,"Agent 0","Agent 1",1182604,3343001126444,3343001131924
"MEMORY_COPY","MEMORY_COPY_HOST_TO_DEVICE",2,"Agent 0","Agent 1",1182620,3343001271954,3343001283154
"MEMORY_COPY","MEMORY_COPY_DEVICE_TO_HOST",5,"Agent 1","Agent 0",1182628,3343003937455,3343003941855
"MEMORY_COPY","MEMORY_COPY_DEVICE_TO_HOST",5,"Agent 1","Agent 0",1182629,3343003945415,3343003998695
"MEMORY_COPY","MEMORY_COPY_HOST_TO_DEVICE",2,"Agent 0","Agent 1",1182640,3343004307966,3343004313166
"MEMORY_COPY","MEMORY_COPY_HOST_TO_DEVICE",2,"Agent 0","Agent 1",1182644,3343004325446,3343004330686
"MEMORY_COPY","MEMORY_COPY_HOST_TO_DEVICE",2,"Agent 0","Agent 1",1182660,3343004502197,3343004512917
"MEMORY_COPY","MEMORY_COPY_DEVICE_TO_HOST",5,"Agent 1","Agent 0",1182668,3343007182548,3343007186748
"MEMORY_COPY","MEMORY_COPY_DEVICE_TO_HOST",5,"Agent 1","Agent 0",1182669,3343007190268,3343007244148
"MEMORY_COPY","MEMORY_COPY_HOST_TO_DEVICE",2,"Agent 0","Agent 1",1182680,3343007924001,3343007933681
"MEMORY_COPY","MEMORY_COPY_HOST_TO_DEVICE",2,"Agent 0","Agent 1",1182695,3343008013341,3343008031221
"MEMORY_COPY","MEMORY_COPY_HOST_TO_DEVICE",2,"Agent 0","Agent 1",1182711,3343008126851,3343008165571
"MEMORY_COPY","MEMORY_COPY_DEVICE_TO_HOST",5,"Agent 1","Agent 0",1182719,3343115120252,3343115297893
"MEMORY_COPY","MEMORY_COPY_DEVICE_TO_HOST",5,"Agent 1","Agent 0",1182720,3343115307413,3343115314453
"MEMORY_COPY","MEMORY_COPY_HOST_TO_DEVICE",2,"Agent 0","Agent 1",1182726,3343115971346,3343115981586
"MEMORY_COPY","MEMORY_COPY_HOST_TO_DEVICE",2,"Agent 0","Agent 1",1182730,3343115998886,3343116012806
"MEMORY_COPY","MEMORY_COPY_HOST_TO_DEVICE",2,"Agent 0","Agent 1",1182746,3343116127766,3343116167607
"MEMORY_COPY","MEMORY_COPY_HOST_TO_DEVICE",2,"Agent 0","Agent 1",1182898,3343118937527,3343118942768
"MEMORY_COPY","MEMORY_COPY_HOST_TO_DEVICE",2,"Agent 0","Agent 1",1182902,3343118957528,3343118962688
"MEMORY_COPY","MEMORY_COPY_HOST_TO_DEVICE",2,"Agent 0","Agent 1",1182918,3343119070288,3343119081048
"MEMORY_COPY","MEMORY_COPY_DEVICE_TO_HOST",5,"Agent 1","Agent 0",1183028,3343121800929,3343121804929
"MEMORY_COPY","MEMORY_COPY_DEVICE_TO_HOST",5,"Agent 1","Agent 0",1183029,3343121809849,3343121863569
"MEMORY_COPY","MEMORY_COPY_HOST_TO_DEVICE",2,"Agent 0","Agent 1",1183040,3343122481301,3343122486581
"MEMORY_COPY","MEMORY_COPY_HOST_TO_DEVICE",2,"Agent 0","Agent 1",1183044,3343122499671,3343122504751
"MEMORY_COPY","MEMORY_COPY_HOST_TO_DEVICE",2,"Agent 0","Agent 1",1183060,3343122607152,3343122618752
"MEMORY_COPY","MEMORY_COPY_DEVICE_TO_HOST",5,"Agent 1","Agent 0",1183175,3343125823705,3343125827905
"MEMORY_COPY","MEMORY_COPY_DEVICE_TO_HOST",5,"Agent 1","Agent 0",1183176,3343125832265,3343125907185
"MEMORY_COPY","MEMORY_COPY_HOST_TO_DEVICE",2,"Agent 0","Agent 1",1183187,3343126437067,3343126442427
"MEMORY_COPY","MEMORY_COPY_HOST_TO_DEVICE",2,"Agent 0","Agent 1",1183191,3343126455017,3343126460097
"MEMORY_COPY","MEMORY_COPY_HOST_TO_DEVICE",2,"Agent 0","Agent 1",1183207,3343126560107,3343126571147
"MEMORY_COPY","MEMORY_COPY_DEVICE_TO_HOST",5,"Agent 1","Agent 0",1183215,3343129224288,3343129228448
"MEMORY_COPY","MEMORY_COPY_DEVICE_TO_HOST",5,"Agent 1","Agent 0",1183216,3343129232848,3343129286208
"MEMORY_COPY","MEMORY_COPY_HOST_TO_DEVICE",2,"Agent 0","Agent 1",1183227,3343129610739,3343129615939
"MEMORY_COPY","MEMORY_COPY_HOST_TO_DEVICE",2,"Agent 0","Agent 1",1183231,3343129628209,3343129633369
"MEMORY_COPY","MEMORY_COPY_HOST_TO_DEVICE",2,"Agent 0","Agent 1",1183247,3343129732080,3343129742840
"MEMORY_COPY","MEMORY_COPY_DEVICE_TO_HOST",5,"Agent 1","Agent 0",1183255,3343132406810,3343132411050
"MEMORY_COPY","MEMORY_COPY_DEVICE_TO_HOST",5,"Agent 1","Agent 0",1183256,3343132415370,3343132468571
"MEMORY_COPY","MEMORY_COPY_HOST_TO_DEVICE",2,"Agent 0","Agent 1",1183267,3343133115093,3343133124973
"MEMORY_COPY","MEMORY_COPY_HOST_TO_DEVICE",2,"Agent 0","Agent 1",1183282,3343133205054,3343133222814
"MEMORY_COPY","MEMORY_COPY_HOST_TO_DEVICE",2,"Agent 0","Agent 1",1183298,3343133322864,3343133361744
"MEMORY_COPY","MEMORY_COPY_DEVICE_TO_HOST",5,"Agent 1","Agent 0",1183306,3343240494431,3343240677552
"MEMORY_COPY","MEMORY_COPY_DEVICE_TO_HOST",5,"Agent 1","Agent 0",1183307,3343240685312,3343240692512
"MEMORY_COPY","MEMORY_COPY_HOST_TO_DEVICE",2,"Agent 0","Agent 1",1183313,3343241318074,3343241328074
"MEMORY_COPY","MEMORY_COPY_HOST_TO_DEVICE",2,"Agent 0","Agent 1",1183317,3343241345434,3343241355274
"MEMORY_COPY","MEMORY_COPY_HOST_TO_DEVICE",2,"Agent 0","Agent 1",1183333,3343241477825,3343241515665
"MEMORY_COPY","MEMORY_COPY_HOST_TO_DEVICE",2,"Agent 0","Agent 1",1183485,3343244345126,3343244350366
"MEMORY_COPY","MEMORY_COPY_HOST_TO_DEVICE",2,"Agent 0","Agent 1",1183489,3343244368146,3343244373266
"MEMORY_COPY","MEMORY_COPY_HOST_TO_DEVICE",2,"Agent 0","Agent 1",1183505,3343244477777,3343244488577
"MEMORY_COPY","MEMORY_COPY_DEVICE_TO_HOST",5,"Agent 1","Agent 0",1183615,3343247211037,3343247215197
"MEMORY_COPY","MEMORY_COPY_DEVICE_TO_HOST",5,"Agent 1","Agent 0",1183616,3343247219397,3343247272758
"MEMORY_COPY","MEMORY_COPY_HOST_TO_DEVICE",2,"Agent 0","Agent 1",1183627,3343247874640,3343247880080
"MEMORY_COPY","MEMORY_COPY_HOST_TO_DEVICE",2,"Agent 0","Agent 1",1183631,3343247893080,3343247898240
"MEMORY_COPY","MEMORY_COPY_HOST_TO_DEVICE",2,"Agent 0","Agent 1",1183647,3343247999820,3343248011461
"MEMORY_COPY","MEMORY_COPY_DEVICE_TO_HOST",5,"Agent 1","Agent 0",1183762,3343251305373,3343251309773
"MEMORY_COPY","MEMORY_COPY_DEVICE_TO_HOST",5,"Agent 1","Agent 0",1183763,3343251313294,3343251372614
"MEMORY_COPY","MEMORY_COPY_HOST_TO_DEVICE",2,"Agent 0","Agent 1",1183774,3343251717245,3343251722405
"MEMORY_COPY","MEMORY_COPY_HOST_TO_DEVICE",2,"Agent 0","Agent 1",1183778,3343251734245,3343251739525
"MEMORY_COPY","MEMORY_COPY_HOST_TO_DEVICE",2,"Agent 0","Agent 1",1183794,3343251840676,3343251851516
"MEMORY_COPY","MEMORY_COPY_DEVICE_TO_HOST",5,"Agent 1","Agent 0",1183802,3343254506046,3343254510286
"MEMORY_COPY","MEMORY_COPY_DEVICE_TO_HOST",5,"Agent 1","Agent 0",1183803,3343254513846,3343254567286
"MEMORY_COPY","MEMORY_COPY_HOST_TO_DEVICE",2,"Agent 0","Agent 1",1183814,3343254886578,3343254891818
"MEMORY_COPY","MEMORY_COPY_HOST_TO_DEVICE",2,"Agent 0","Agent 1",1183818,3343254903588,3343254908908
"MEMORY_COPY","MEMORY_COPY_HOST_TO_DEVICE",2,"Agent 0","Agent 1",1183834,3343255014828,3343255025948
"MEMORY_COPY","MEMORY_COPY_DEVICE_TO_HOST",5,"Agent 1","Agent 0",1183842,3343257687559,3343257691759
"MEMORY_COPY","MEMORY_COPY_DEVICE_TO_HOST",5,"Agent 1","Agent 0",1183843,3343257696079,3343257775839
"MEMORY_COPY","MEMORY_COPY_HOST_TO_DEVICE",2,"Agent 0","Agent 1",1183854,3343258493812,3343258503572
"MEMORY_COPY","MEMORY_COPY_HOST_TO_DEVICE",2,"Agent 0","Agent 1",1183869,3343258584602,3343258603842
"MEMORY_COPY","MEMORY_COPY_HOST_TO_DEVICE",2,"Agent 0","Agent 1",1183885,3343258715283,3343258756043
"MEMORY_COPY","MEMORY_COPY_DEVICE_TO_HOST",5,"Agent 1","Agent 0",1183893,3343365822727,3343365999887
"MEMORY_COPY","MEMORY_COPY_DEVICE_TO_HOST",5,"Agent 1","Agent 0",1183894,3343366010872,3343366018432
"MEMORY_COPY","MEMORY_COPY_HOST_TO_DEVICE",2,"Agent 0","Agent 1",1183900,3343366621901,3343366631941
"MEMORY_COPY","MEMORY_COPY_HOST_TO_DEVICE",2,"Agent 0","Agent 1",1183904,3343366649062,3343366658582
"MEMORY_COPY","MEMORY_COPY_HOST_TO_DEVICE",2,"Agent 0","Agent 1",1183920,3343366770254,3343366808014
"MEMORY_COPY","MEMORY_COPY_HOST_TO_DEVICE",2,"Agent 0","Agent 1",1184072,3343369570286,3343369575526
"MEMORY_COPY","MEMORY_COPY_HOST_TO_DEVICE",2,"Agent 0","Agent 1",1184076,3343369591526,3343369596646
"MEMORY_COPY","MEMORY_COPY_HOST_TO_DEVICE",2,"Agent 0","Agent 1",1184092,3343369702796,3343369713476
"MEMORY_COPY","MEMORY_COPY_DEVICE_TO_HOST",5,"Agent 1","Agent 0",1184202,3343372440649,3343372444729
"MEMORY_COPY","MEMORY_COPY_DEVICE_TO_HOST",5,"Agent 1","Agent 0",1184203,3343372449047,3343372502368
"MEMORY_COPY","MEMORY_COPY_HOST_TO_DEVICE",2,"Agent 0","Agent 1",1184214,3343373098385,3343373103665
"MEMORY_COPY","MEMORY_COPY_HOST_TO_DEVICE",2,"Agent 0","Agent 1",1184218,3343373116980,3343373122300
"MEMORY_COPY","MEMORY_COPY_HOST_TO_DEVICE",2,"Agent 0","Agent 1",1184234,3343373222028,3343373232709
"MEMORY_COPY","MEMORY_COPY_DEVICE_TO_HOST",5,"Agent 1","Agent 0",1184349,3343376483442,3343376487602
"MEMORY_COPY","MEMORY_COPY_DEVICE_TO_HOST",5,"Agent 1","Agent 0",1184350,3343376492379,3343376553900
"MEMORY_COPY","MEMORY_COPY_HOST_TO_DEVICE",2,"Agent 0","Agent 1",1184361,3343376888610,3343376893890
"MEMORY_COPY","MEMORY_COPY_HOST_TO_DEVICE",2,"Agent 0","Agent 1",1184365,3343376906123,3343376911363
"MEMORY_COPY","MEMORY_COPY_HOST_TO_DEVICE",2,"Agent 0","Agent 1",1184381,3343377015210,3343377026170
"MEMORY_COPY","MEMORY_COPY_DEVICE_TO_HOST",5,"Agent 1","Agent 0",1184389,3343379675225,3343379679585
"MEMORY_COPY","MEMORY_COPY_DEVICE_TO_HOST",5,"Agent 1","Agent 0",1184390,3343379684305,3343379737505
"MEMORY_COPY","MEMORY_COPY_HOST_TO_DEVICE",2,"Agent 0","Agent 1",1184401,3343380049755,3343380054955
"MEMORY_COPY","MEMORY_COPY_HOST_TO_DEVICE",2,"Agent 0","Agent 1",1184405,3343380122513,3343380127833
"MEMORY_COPY","MEMORY_COPY_HOST_TO_DEVICE",2,"Agent 0","Agent 1",1184421,3343380232151,3343380243311
"MEMORY_COPY","MEMORY_COPY_DEVICE_TO_HOST",5,"Agent 1","Agent 0",1184429,3343382917103,3343382921303
"MEMORY_COPY","MEMORY_COPY_DEVICE_TO_HOST",5,"Agent 1","Agent 0",1184430,3343382926068,3343382987348
"MEMORY_COPY","MEMORY_COPY_HOST_TO_DEVICE",2,"Agent 0","Agent 1",1184441,3343383655189,3343383664869
"MEMORY_COPY","MEMORY_COPY_HOST_TO_DEVICE",2,"Agent 0","Agent 1",1184456,3343383742590,3343383760710
"MEMORY_COPY","MEMORY_COPY_HOST_TO_DEVICE",2,"Agent 0","Agent 1",1184472,3343383857146,3343383896026
"MEMORY_COPY","MEMORY_COPY_DEVICE_TO_HOST",5,"Agent 1","Agent 0",1184480,3343491764719,3343491942080
"MEMORY_COPY","MEMORY_COPY_DEVICE_TO_HOST",5,"Agent 1","Agent 0",1184481,3343491950720,3343491957920
"MEMORY_COPY","MEMORY_COPY_HOST_TO_DEVICE",2,"Agent 0","Agent 1",1184487,3343492551302,3343492561262
"MEMORY_COPY","MEMORY_COPY_HOST_TO_DEVICE",2,"Agent 0","Agent 1",1184491,3343492577102,3343492586622
"MEMORY_COPY","MEMORY_COPY_HOST_TO_DEVICE",2,"Agent 0","Agent 1",1184507,3343492698413,3343492736293
"MEMORY_COPY","MEMORY_COPY_HOST_TO_DEVICE",2,"Agent 0","Agent 1",1184659,3343495481814,3343495486974
"MEMORY_COPY","MEMORY_COPY_HOST_TO_DEVICE",2,"Agent 0","Agent 1",1184663,3343495568934,3343495573974
"MEMORY_COPY","MEMORY_COPY_HOST_TO_DEVICE",2,"Agent 0","Agent 1",1184679,3343495676924,3343495687645
"MEMORY_COPY","MEMORY_COPY_DEVICE_TO_HOST",5,"Agent 1","Agent 0",1184789,3343498404555,3343498408675
"MEMORY_COPY","MEMORY_COPY_DEVICE_TO_HOST",5,"Agent 1","Agent 0",1184790,3343498412795,3343498466595
"MEMORY_COPY","MEMORY_COPY_HOST_TO_DEVICE",2,"Agent 0","Agent 1",1184801,3343499082318,3343499087598
"MEMORY_COPY","MEMORY_COPY_HOST_TO_DEVICE",2,"Agent 0","Agent 1",1184805,3343499101028,3343499106188
"MEMORY_COPY","MEMORY_COPY_HOST_TO_DEVICE",2,"Agent 0","Agent 1",1184821,3343499209688,3343499220768
"MEMORY_COPY","MEMORY_COPY_DEVICE_TO_HOST",5,"Agent 1","Agent 0",1184936,3343502438245,3343502442525
"MEMORY_COPY","MEMORY_COPY_DEVICE_TO_HOST",5,"Agent 1","Agent 0",1184937,3343502446845,3343502508285
"MEMORY_COPY","MEMORY_COPY_HOST_TO_DEVICE",2,"Agent 0","Agent 1",1184948,3343502835707,3343502840987
"MEMORY_COPY","MEMORY_COPY_HOST_TO_DEVICE",2,"Agent 0","Agent 1",1184952,3343502853227,3343502858347
"MEMORY_COPY","MEMORY_COPY_HOST_TO_DEVICE",2,"Agent 0","Agent 1",1184968,3343502960777,3343502972257
"MEMORY_COPY","MEMORY_COPY_DEVICE_TO_HOST",5,"Agent 1","Agent 0",1184976,3343505629588,3343505633908
"MEMORY_COPY","MEMORY_COPY_DEVICE_TO_HOST",5,"Agent 1","Agent 0",1184977,3343505638268,3343505718028
"MEMORY_COPY","MEMORY_COPY_HOST_TO_DEVICE",2,"Agent 0","Agent 1",1184988,3343506114150,3343506119510
"MEMORY_COPY","MEMORY_COPY_HOST_TO_DEVICE",2,"Agent 0","Agent 1",1184992,3343506131810,3343506137250
"MEMORY_COPY","MEMORY_COPY_HOST_TO_DEVICE",2,"Agent 0","Agent 1",1185008,3343506244250,3343506255890
"MEMORY_COPY","MEMORY_COPY_DEVICE_TO_HOST",5,"Agent 1","Agent 0",1185016,3343508924571,3343508928931
"MEMORY_COPY","MEMORY_COPY_DEVICE_TO_HOST",5,"Agent 1","Agent 0",1185017,3343508932451,3343508991811
"MEMORY_COPY","MEMORY_COPY_HOST_TO_DEVICE",2,"Agent 0","Agent 1",1185028,3343509700844,3343509710684
"MEMORY_COPY","MEMORY_COPY_HOST_TO_DEVICE",2,"Agent 0","Agent 1",1185043,3343509790074,3343509808034
"MEMORY_COPY","MEMORY_COPY_HOST_TO_DEVICE",2,"Agent 0","Agent 1",1185059,3343509908004,3343509946965
"MEMORY_COPY","MEMORY_COPY_DEVICE_TO_HOST",5,"Agent 1","Agent 0",1185067,3343617023158,3343617201399
"MEMORY_COPY","MEMORY_COPY_DEVICE_TO_HOST",5,"Agent 1","Agent 0",1185068,3343617209239,3343617216439
"MEMORY_COPY","MEMORY_COPY_HOST_TO_DEVICE",2,"Agent 0","Agent 1",1185074,3343617804731,3343617814652
"MEMORY_COPY","MEMORY_COPY_HOST_TO_DEVICE",2,"Agent 0","Agent 1",1185078,3343617831742,3343617841582
"MEMORY_COPY","MEMORY_COPY_HOST_TO_DEVICE",2,"Agent 0","Agent 1",1185094,3343617951202,3343617988962
"MEMORY_COPY","MEMORY_COPY_HOST_TO_DEVICE",2,"Agent 0","Agent 1",1185246,3343620868754,3343620873954
"MEMORY_COPY","MEMORY_COPY_HOST_TO_DEVICE",2,"Agent 0","Agent 1",1185250,3343620891754,3343620897034
"MEMORY_COPY","MEMORY_COPY_HOST_TO_DEVICE",2,"Agent 0","Agent 1",1185266,3343621010514,3343621023194
"MEMORY_COPY","MEMORY_COPY_DEVICE_TO_HOST",5,"Agent 1","Agent 0",1185376,3343623746095,3343623750335
"MEMORY_COPY","MEMORY_COPY_DEVICE_TO_HOST",5,"Agent 1","Agent 0",1185377,3343623754575,3343623845375
"MEMORY_COPY","MEMORY_COPY_HOST_TO_DEVICE",2,"Agent 0","Agent 1",1185388,3343624525368,3343624530528
"MEMORY_COPY","MEMORY_COPY_HOST_TO_DEVICE",2,"Agent 0","Agent 1",1185392,3343624543718,3343624548718
"MEMORY_COPY","MEMORY_COPY_HOST_TO_DEVICE",2,"Agent 0","Agent 1",1185408,3343624650968,3343624661968
"MEMORY_COPY","MEMORY_COPY_DEVICE_TO_HOST",5,"Agent 1","Agent 0",1185523,3343628039722,3343628044122
"MEMORY_COPY","MEMORY_COPY_DEVICE_TO_HOST",5,"Agent 1","Agent 0",1185524,3343628048482,3343628104162
"MEMORY_COPY","MEMORY_COPY_HOST_TO_DEVICE",2,"Agent 0","Agent 1",1185535,3343628440583,3343628445863
"MEMORY_COPY","MEMORY_COPY_HOST_TO_DEVICE",2,"Agent 0","Agent 1",1185539,3343628458333,3343628463333
"MEMORY_COPY","MEMORY_COPY_HOST_TO_DEVICE",2,"Agent 0","Agent 1",1185555,3343628565064,3343628576344
"MEMORY_COPY","MEMORY_COPY_DEVICE_TO_HOST",5,"Agent 1","Agent 0",1185563,3343631232224,3343631236624
"MEMORY_COPY","MEMORY_COPY_DEVICE_TO_HOST",5,"Agent 1","Agent 0",1185564,3343631240984,3343631294264
"MEMORY_COPY","MEMORY_COPY_HOST_TO_DEVICE",2,"Agent 0","Agent 1",1185575,3343631601656,3343631606976
"MEMORY_COPY","MEMORY_COPY_HOST_TO_DEVICE",2,"Agent 0","Agent 1",1185579,3343631618886,3343631624206
"MEMORY_COPY","MEMORY_COPY_HOST_TO_DEVICE",2,"Agent 0","Agent 1",1185595,3343631725016,3343631735936
"MEMORY_COPY","MEMORY_COPY_DEVICE_TO_HOST",5,"Agent 1","Agent 0",1185603,3343634464457,3343634468897
"MEMORY_COPY","MEMORY_COPY_DEVICE_TO_HOST",5,"Agent 1","Agent 0",1185604,3343634472377,3343634525897
"MEMORY_COPY","MEMORY_COPY_HOST_TO_DEVICE",2,"Agent 0","Agent 1",1185615,3343635195430,3343635205030
"MEMORY_COPY","MEMORY_COPY_HOST_TO_DEVICE",2,"Agent 0","Agent 1",1185630,3343635285650,3343635306730
"MEMORY_COPY","MEMORY_COPY_HOST_TO_DEVICE",2,"Agent 0","Agent 1",1185646,3343635406921,3343635448881
"MEMORY_COPY","MEMORY_COPY_DEVICE_TO_HOST",5,"Agent 1","Agent 0",1185654,3343742696245,3343742873806
"MEMORY_COPY","MEMORY_COPY_DEVICE_TO_HOST",5,"Agent 1","Agent 0",1185655,3343742883286,3343742890566
"MEMORY_COPY","MEMORY_COPY_HOST_TO_DEVICE",2,"Agent 0","Agent 1",1185661,3343743523259,3343743533339
"MEMORY_COPY","MEMORY_COPY_HOST_TO_DEVICE",2,"Agent 0","Agent 1",1185665,3343743550619,3343743560139
"MEMORY_COPY","MEMORY_COPY_HOST_TO_DEVICE",2,"Agent 0","Agent 1",1185681,3343743680989,3343743718669
"MEMORY_COPY","MEMORY_COPY_HOST_TO_DEVICE",2,"Agent 0","Agent 1",1185833,3343746464830,3343746470190
"MEMORY_COPY","MEMORY_COPY_HOST_TO_DEVICE",2,"Agent 0","Agent 1",1185837,3343746486910,3343746491990
"MEMORY_COPY","MEMORY_COPY_HOST_TO_DEVICE",2,"Agent 0","Agent 1",1185853,3343746595611,3343746606291
"MEMORY_COPY","MEMORY_COPY_DEVICE_TO_HOST",5,"Agent 1","Agent 0",1185963,3343749310701,3343749314741
"MEMORY_COPY","MEMORY_COPY_DEVICE_TO_HOST",5,"Agent 1","Agent 0",1185964,3343749318861,3343749371902
"MEMORY_COPY","MEMORY_COPY_HOST_TO_DEVICE",2,"Agent 0","Agent 1",1185975,3343749959864,3343749965104
"MEMORY_COPY","MEMORY_COPY_HOST_TO_DEVICE",2,"Agent 0","Agent 1",1185979,3343749977924,3343749982924
"MEMORY_COPY","MEMORY_COPY_HOST_TO_DEVICE",2,"Agent 0","Agent 1",1185995,3343750086164,3343750096844
"MEMORY_COPY","MEMORY_COPY_DEVICE_TO_HOST",5,"Agent 1","Agent 0",1186110,3343753356977,3343753361417
"MEMORY_COPY","MEMORY_COPY_DEVICE_TO_HOST",5,"Agent 1","Agent 0",1186111,3343753365777,3343753432538
"MEMORY_COPY","MEMORY_COPY_HOST_TO_DEVICE",2,"Agent 0","Agent 1",1186122,3343753790389,3343753795589
"MEMORY_COPY","MEMORY_COPY_HOST_TO_DEVICE",2,"Agent 0","Agent 1",1186126,3343753807369,3343753812409
"MEMORY_COPY","MEMORY_COPY_HOST_TO_DEVICE",2,"Agent 0","Agent 1",1186142,3343753914129,3343753925530
"MEMORY_COPY","MEMORY_COPY_DEVICE_TO_HOST",5,"Agent 1","Agent 0",1186150,3343756574540,3343756578860
"MEMORY_COPY","MEMORY_COPY_DEVICE_TO_HOST",5,"Agent 1","Agent 0",1186151,3343756584060,3343756647100
"MEMORY_COPY","MEMORY_COPY_HOST_TO_DEVICE",2,"Agent 0","Agent 1",1186162,3343757069082,3343757074482
"MEMORY_COPY","MEMORY_COPY_HOST_TO_DEVICE",2,"Agent 0","Agent 1",1186166,3343757088072,3343757093232
"MEMORY_COPY","MEMORY_COPY_HOST_TO_DEVICE",2,"Agent 0","Agent 1",1186182,3343757202242,3343757214522
"MEMORY_COPY","MEMORY_COPY_DEVICE_TO_HOST",5,"Agent 1","Agent 0",1186190,3343759880323,3343759884803
"MEMORY_COPY","MEMORY_COPY_DEVICE_TO_HOST",5,"Agent 1","Agent 0",1186191,3343759889123,3343759942723
"MEMORY_COPY","MEMORY_COPY_HOST_TO_DEVICE",2,"Agent 0","Agent 1",1186202,3343760613186,3343760622906
"MEMORY_COPY","MEMORY_COPY_HOST_TO_DEVICE",2,"Agent 0","Agent 1",1186217,3343760699546,3343760717666
"MEMORY_COPY","MEMORY_COPY_HOST_TO_DEVICE",2,"Agent 0","Agent 1",1186233,3343760821997,3343760860757
"MEMORY_COPY","MEMORY_COPY_DEVICE_TO_HOST",5,"Agent 1","Agent 0",1186241,3343868064252,3343868243653
"MEMORY_COPY","MEMORY_COPY_DEVICE_TO_HOST",5,"Agent 1","Agent 0",1186242,3343868253133,3343868260253
"MEMORY_COPY","MEMORY_COPY_HOST_TO_DEVICE",2,"Agent 0","Agent 1",1186248,3343868891775,3343868902015
"MEMORY_COPY","MEMORY_COPY_HOST_TO_DEVICE",2,"Agent 0","Agent 1",1186252,3343868919255,3343868929375
"MEMORY_COPY","MEMORY_COPY_HOST_TO_DEVICE",2,"Agent 0","Agent 1",1186268,3343869048296,3343869089336
"MEMORY_COPY","MEMORY_COPY_HOST_TO_DEVICE",2,"Agent 0","Agent 1",1186420,3343871877747,3343871883067
"MEMORY_COPY","MEMORY_COPY_HOST_TO_DEVICE",2,"Agent 0","Agent 1",1186424,3343871900517,3343871905717
"MEMORY_COPY","MEMORY_COPY_HOST_TO_DEVICE",2,"Agent 0","Agent 1",1186440,3343872014857,3343872026777
"MEMORY_COPY","MEMORY_COPY_DEVICE_TO_HOST",5,"Agent 1","Agent 0",1186550,3343874765168,3343874769368
"MEMORY_COPY","MEMORY_COPY_DEVICE_TO_HOST",5,"Agent 1","Agent 0",1186551,3343874773488,3343874827648
"MEMORY_COPY","MEMORY_COPY_HOST_TO_DEVICE",2,"Agent 0","Agent 1",1186562,3343875432491,3343875437771
"MEMORY_COPY","MEMORY_COPY_HOST_TO_DEVICE",2,"Agent 0","Agent 1",1186566,3343875450871,3343875455951
"MEMORY_COPY","MEMORY_COPY_HOST_TO_DEVICE",2,"Agent 0","Agent 1",1186582,3343875561511,3343875572951
"MEMORY_COPY","MEMORY_COPY_DEVICE_TO_HOST",5,"Agent 1","Agent 0",1186697,3343878819504,3343878823864
"MEMORY_COPY","MEMORY_COPY_DEVICE_TO_HOST",5,"Agent 1","Agent 0",1186698,3343878828264,3343878887784
"MEMORY_COPY","MEMORY_COPY_HOST_TO_DEVICE",2,"Agent 0","Agent 1",1186709,3343879221796,3343879227276
"MEMORY_COPY","MEMORY_COPY_HOST_TO_DEVICE",2,"Agent 0","Agent 1",1186713,3343879239856,3343879244976
"MEMORY_COPY","MEMORY_COPY_HOST_TO_DEVICE",2,"Agent 0","Agent 1",1186729,3343879414266,3343879426746
"MEMORY_COPY","MEMORY_COPY_DEVICE_TO_HOST",5,"Agent 1","Agent 0",1186737,3343882091877,3343882096317
"MEMORY_COPY","MEMORY_COPY_DEVICE_TO_HOST",5,"Agent 1","Agent 0",1186738,3343882100717,3343882168197
"MEMORY_COPY","MEMORY_COPY_HOST_TO_DEVICE",2,"Agent 0","Agent 1",1186749,3343882474918,3343882480238
"MEMORY_COPY","MEMORY_COPY_HOST_TO_DEVICE",2,"Agent 0","Agent 1",1186753,3343882495469,3343882500629
"MEMORY_COPY","MEMORY_COPY_HOST_TO_DEVICE",2,"Agent 0","Agent 1",1186769,3343882742209,3343882752890
"MEMORY_COPY","MEMORY_COPY_DEVICE_TO_HOST",5,"Agent 1","Agent 0",1186777,3343885418690,3343885422930
"MEMORY_COPY","MEMORY_COPY_DEVICE_TO_HOST",5,"Agent 1","Agent 0",1186778,3343885427250,3343885503130
"MEMORY_COPY","MEMORY_COPY_HOST_TO_DEVICE",2,"Agent 0","Agent 1",1186789,3343886206833,3343886216993
"MEMORY_COPY","MEMORY_COPY_HOST_TO_DEVICE",2,"Agent 0","Agent 1",1186804,3343886300213,3343886319894
"MEMORY_COPY","MEMORY_COPY_HOST_TO_DEVICE",2,"Agent 0","Agent 1",1186820,3343886418084,3343886461724
"MEMORY_COPY","MEMORY_COPY_DEVICE_TO_HOST",5,"Agent 1","Agent 0",1186828,3343993501344,3343993680424
"MEMORY_COPY","MEMORY_COPY_DEVICE_TO_HOST",5,"Agent 1","Agent 0",1186829,3343993689944,3343993697304
"MEMORY_COPY","MEMORY_COPY_HOST_TO_DEVICE",2,"Agent 0","Agent 1",1186835,3343994316417,3343994326377
"MEMORY_COPY","MEMORY_COPY_HOST_TO_DEVICE",2,"Agent 0","Agent 1",1186839,3343994343667,3343994353107
"MEMORY_COPY","MEMORY_COPY_HOST_TO_DEVICE",2,"Agent 0","Agent 1",1186855,3343994532378,3343994570178
"MEMORY_COPY","MEMORY_COPY_HOST_TO_DEVICE",2,"Agent 0","Agent 1",1187007,3343997402129,3343997407529
"MEMORY_COPY","MEMORY_COPY_HOST_TO_DEVICE",2,"Agent 0","Agent 1",1187011,3343997424889,3343997430169
"MEMORY_COPY","MEMORY_COPY_HOST_TO_DEVICE",2,"Agent 0","Agent 1",1187027,3343997534019,3343997544819
"MEMORY_COPY","MEMORY_COPY_DEVICE_TO_HOST",5,"Agent 1","Agent 0",1187137,3344000266570,3344000270690
"MEMORY_COPY","MEMORY_COPY_DEVICE_TO_HOST",5,"Agent 1","Agent 0",1187138,3344000274930,3344000329130
"MEMORY_COPY","MEMORY_COPY_HOST_TO_DEVICE",2,"Agent 0","Agent 1",1187149,3344000949683,3344000954923
"MEMORY_COPY","MEMORY_COPY_HOST_TO_DEVICE",2,"Agent 0","Agent 1",1187153,3344000969933,3344000975093
"MEMORY_COPY","MEMORY_COPY_HOST_TO_DEVICE",2,"Agent 0","Agent 1",1187169,3344001148564,3344001160724
"MEMORY_COPY","MEMORY_COPY_DEVICE_TO_HOST",5,"Agent 1","Agent 0",1187284,3344004642187,3344004646507
"MEMORY_COPY","MEMORY_COPY_DEVICE_TO_HOST",5,"Agent 1","Agent 0",1187285,3344004653427,3344004742388
"MEMORY_COPY","MEMORY_COPY_HOST_TO_DEVICE",2,"Agent 0","Agent 1",1187296,3344005264940,3344005270140
"MEMORY_COPY","MEMORY_COPY_HOST_TO_DEVICE",2,"Agent 0","Agent 1",1187300,3344005285650,3344005291010
"MEMORY_COPY","MEMORY_COPY_HOST_TO_DEVICE",2,"Agent 0","Agent 1",1187316,3344005397520,3344005412200
"MEMORY_COPY","MEMORY_COPY_DEVICE_TO_HOST",5,"Agent 1","Agent 0",1187324,3344008081071,3344008085351
"MEMORY_COPY","MEMORY_COPY_DEVICE_TO_HOST",5,"Agent 1","Agent 0",1187325,3344008089671,3344008142991
"MEMORY_COPY","MEMORY_COPY_HOST_TO_DEVICE",2,"Agent 0","Agent 1",1187336,3344008496592,3344008501833
"MEMORY_COPY","MEMORY_COPY_HOST_TO_DEVICE",2,"Agent 0","Agent 1",1187340,3344008513913,3344008519193
"MEMORY_COPY","MEMORY_COPY_HOST_TO_DEVICE",2,"Agent 0","Agent 1",1187356,3344008622733,3344008633573
"MEMORY_COPY","MEMORY_COPY_DEVICE_TO_HOST",5,"Agent 1","Agent 0",1187364,3344011291653,3344011296053
"MEMORY_COPY","MEMORY_COPY_DEVICE_TO_HOST",5,"Agent 1","Agent 0",1187365,3344011300414,3344011363574
"MEMORY_COPY","MEMORY_COPY_HOST_TO_DEVICE",2,"Agent 0","Agent 1",1187376,3344012026756,3344012036596
"MEMORY_COPY","MEMORY_COPY_HOST_TO_DEVICE",2,"Agent 0","Agent 1",1187391,3344012116327,3344012134487
"MEMORY_COPY","MEMORY_COPY_HOST_TO_DEVICE",2,"Agent 0","Agent 1",1187407,3344012233347,3344012272107
"MEMORY_COPY","MEMORY_COPY_DEVICE_TO_HOST",5,"Agent 1","Agent 0",1187415,3344119337474,3344119515594
"MEMORY_COPY","MEMORY_COPY_DEVICE_TO_HOST",5,"Agent 1","Agent 0",1187416,3344119524294,3344119531374
"MEMORY_COPY","MEMORY_COPY_HOST_TO_DEVICE",2,"Agent 0","Agent 1",1187422,3344120163328,3344120173248
"MEMORY_COPY","MEMORY_COPY_HOST_TO_DEVICE",2,"Agent 0","Agent 1",1187426,3344120189297,3344120199057
"MEMORY_COPY","MEMORY_COPY_HOST_TO_DEVICE",2,"Agent 0","Agent 1",1187442,3344120311891,3344120349491
"MEMORY_COPY","MEMORY_COPY_HOST_TO_DEVICE",2,"Agent 0","Agent 1",1187594,3344123096183,3344123101343
"MEMORY_COPY","MEMORY_COPY_HOST_TO_DEVICE",2,"Agent 0","Agent 1",1187598,3344123116421,3344123121661
"MEMORY_COPY","MEMORY_COPY_HOST_TO_DEVICE",2,"Agent 0","Agent 1",1187614,3344123224786,3344123235666
"MEMORY_COPY","MEMORY_COPY_DEVICE_TO_HOST",5,"Agent 1","Agent 0",1187724,3344125929106,3344125933266
"MEMORY_COPY","MEMORY_COPY_DEVICE_TO_HOST",5,"Agent 1","Agent 0",1187725,3344125938056,3344126006656
"MEMORY_COPY","MEMORY_COPY_HOST_TO_DEVICE",2,"Agent 0","Agent 1",1187736,3344126616337,3344126621577
"MEMORY_COPY","MEMORY_COPY_HOST_TO_DEVICE",2,"Agent 0","Agent 1",1187740,3344126634270,3344126639270
"MEMORY_COPY","MEMORY_COPY_HOST_TO_DEVICE",2,"Agent 0","Agent 1",1187756,3344126738869,3344126749749
"MEMORY_COPY","MEMORY_COPY_DEVICE_TO_HOST",5,"Agent 1","Agent 0",1187871,3344129974874,3344129979114
"MEMORY_COPY","MEMORY_COPY_DEVICE_TO_HOST",5,"Agent 1","Agent 0",1187872,3344129984012,3344130060852
"MEMORY_COPY","MEMORY_COPY_HOST_TO_DEVICE",2,"Agent 0","Agent 1",1187883,3344130422652,3344130427892
"MEMORY_COPY","MEMORY_COPY_HOST_TO_DEVICE",2,"Agent 0","Agent 1",1187887,3344130440336,3344130445576
"MEMORY_COPY","MEMORY_COPY_HOST_TO_DEVICE",2,"Agent 0","Agent 1",1187903,3344130618253,3344130629093
"MEMORY_COPY","MEMORY_COPY_DEVICE_TO_HOST",5,"Agent 1","Agent 0",1187911,3344133278920,3344133283200
"MEMORY_COPY","MEMORY_COPY_DEVICE_TO_HOST",5,"Agent 1","Agent 0",1187912,3344133288005,3344133364085
"MEMORY_COPY","MEMORY_COPY_HOST_TO_DEVICE",2,"Agent 0","Agent 1",1187923,3344133711840,3344133717120
"MEMORY_COPY","MEMORY_COPY_HOST_TO_DEVICE",2,"Agent 0","Agent 1",1187927,3344133729563,3344133734843
"MEMORY_COPY","MEMORY_COPY_HOST_TO_DEVICE",2,"Agent 0","Agent 1",1187943,3344133839513,3344133850833
"MEMORY_COPY","MEMORY_COPY_DEVICE_TO_HOST",5,"Agent 1","Agent 0",1187951,3344136510899,3344136515219
"MEMORY_COPY","MEMORY_COPY_DEVICE_TO_HOST",5,"Agent 1","Agent 0",1187952,3344136520067,3344136586828
"MEMORY_COPY","MEMORY_COPY_HOST_TO_DEVICE",2,"Agent 0","Agent 1",1187963,3344137233786,3344137243586
"MEMORY_COPY","MEMORY_COPY_HOST_TO_DEVICE",2,"Agent 0","Agent 1",1187978,3344137322619,3344137340579
"MEMORY_COPY","MEMORY_COPY_HOST_TO_DEVICE",2,"Agent 0","Agent 1",1187994,3344137438338,3344137477378
"MEMORY_COPY","MEMORY_COPY_DEVICE_TO_HOST",5,"Agent 1","Agent 0",1188002,3344244443409,3344244620690
"MEMORY_COPY","MEMORY_COPY_DEVICE_TO_HOST",5,"Agent 1","Agent 0",1188003,3344244628490,3344244635570
"MEMORY_COPY","MEMORY_COPY_HOST_TO_DEVICE",2,"Agent 0","Agent 1",1188009,3344245232312,3344245242352
"MEMORY_COPY","MEMORY_COPY_HOST_TO_DEVICE",2,"Agent 0","Agent 1",1188013,3344245258152,3344245267712
"MEMORY_COPY","MEMORY_COPY_HOST_TO_DEVICE",2,"Agent 0","Agent 1",1188029,3344245387113,3344245424993
"MEMORY_COPY","MEMORY_COPY_HOST_TO_DEVICE",2,"Agent 0","Agent 1",1188181,3344248147083,3344248152443
"MEMORY_COPY","MEMORY_COPY_HOST_TO_DEVICE",2,"Agent 0","Agent 1",1188185,3344248169744,3344248174944
"MEMORY_COPY","MEMORY_COPY_HOST_TO_DEVICE",2,"Agent 0","Agent 1",1188201,3344248278284,3344248289124
"MEMORY_COPY","MEMORY_COPY_DEVICE_TO_HOST",5,"Agent 1","Agent 0",1188311,3344250968815,3344250973015
"MEMORY_COPY","MEMORY_COPY_DEVICE_TO_HOST",5,"Agent 1","Agent 0",1188312,3344250978695,3344251077575
"MEMORY_COPY","MEMORY_COPY_HOST_TO_DEVICE",2,"Agent 0","Agent 1",1188323,3344251733238,3344251738558
"MEMORY_COPY","MEMORY_COPY_HOST_TO_DEVICE",2,"Agent 0","Agent 1",1188327,3344251751628,3344251756948
"MEMORY_COPY","MEMORY_COPY_HOST_TO_DEVICE",2,"Agent 0","Agent 1",1188343,3344251866368,3344251877648
"MEMORY_COPY","MEMORY_COPY_DEVICE_TO_HOST",5,"Agent 1","Agent 0",1188458,3344255164919,3344255169239
"MEMORY_COPY","MEMORY_COPY_DEVICE_TO_HOST",5,"Agent 1","Agent 0",1188459,3344255173559,3344255227600
"MEMORY_COPY","MEMORY_COPY_HOST_TO_DEVICE",2,"Agent 0","Agent 1",1188470,3344255757982,3344255763182
"MEMORY_COPY","MEMORY_COPY_HOST_TO_DEVICE",2,"Agent 0","Agent 1",1188474,3344255775452,3344255780652
"MEMORY_COPY","MEMORY_COPY_HOST_TO_DEVICE",2,"Agent 0","Agent 1",1188490,3344255885142,3344255896622
"MEMORY_COPY","MEMORY_COPY_DEVICE_TO_HOST",5,"Agent 1","Agent 0",1188498,3344258557883,3344258562123
"MEMORY_COPY","MEMORY_COPY_DEVICE_TO_HOST",5,"Agent 1","Agent 0",1188499,3344258566443,3344258620443
"MEMORY_COPY","MEMORY_COPY_HOST_TO_DEVICE",2,"Agent 0","Agent 1",1188510,3344258967341,3344258972501
"MEMORY_COPY","MEMORY_COPY_HOST_TO_DEVICE",2,"Agent 0","Agent 1",1188514,3344258984994,3344258990274
"MEMORY_COPY","MEMORY_COPY_HOST_TO_DEVICE",2,"Agent 0","Agent 1",1188530,3344259096905,3344259107745
"MEMORY_COPY","MEMORY_COPY_DEVICE_TO_HOST",5,"Agent 1","Agent 0",1188538,3344261777415,3344261781775
"MEMORY_COPY","MEMORY_COPY_DEVICE_TO_HOST",5,"Agent 1","Agent 0",1188539,3344261785375,3344261847696
"MEMORY_COPY","MEMORY_COPY_HOST_TO_DEVICE",2,"Agent 0","Agent 1",1188550,3344262505107,3344262514827
"MEMORY_COPY","MEMORY_COPY_HOST_TO_DEVICE",2,"Agent 0","Agent 1",1188565,3344262593169,3344262611569
"MEMORY_COPY","MEMORY_COPY_HOST_TO_DEVICE",2,"Agent 0","Agent 1",1188581,3344262716089,3344262754929
"MEMORY_COPY","MEMORY_COPY_DEVICE_TO_HOST",5,"Agent 1","Agent 0",1188589,3344369738024,3344369915305
"MEMORY_COPY","MEMORY_COPY_DEVICE_TO_HOST",5,"Agent 1","Agent 0",1188590,3344369924025,3344369931065
"MEMORY_COPY","MEMORY_COPY_HOST_TO_DEVICE",2,"Agent 0","Agent 1",1188596,3344370540587,3344370550627
"MEMORY_COPY","MEMORY_COPY_HOST_TO_DEVICE",2,"Agent 0","Agent 1",1188600,3344370567847,3344370578048
"MEMORY_COPY","MEMORY_COPY_HOST_TO_DEVICE",2,"Agent 0","Agent 1",1188616,3344370829439,3344370866919
"MEMORY_COPY","MEMORY_COPY_HOST_TO_DEVICE",2,"Agent 0","Agent 1",1188768,3344373621420,3344373626780
"MEMORY_COPY","MEMORY_COPY_HOST_TO_DEVICE",2,"Agent 0","Agent 1",1188772,3344373643210,3344373648330
"MEMORY_COPY","MEMORY_COPY_HOST_TO_DEVICE",2,"Agent 0","Agent 1",1188788,3344373752970,3344373764490
"MEMORY_COPY","MEMORY_COPY_DEVICE_TO_HOST",5,"Agent 1","Agent 0",1188898,3344376503601,3344376507761
"MEMORY_COPY","MEMORY_COPY_DEVICE_TO_HOST",5,"Agent 1","Agent 0",1188899,3344376515321,3344376574761
"MEMORY_COPY","MEMORY_COPY_HOST_TO_DEVICE",2,"Agent 0","Agent 1",1188910,3344377233304,3344377238664
"MEMORY_COPY","MEMORY_COPY_HOST_TO_DEVICE",2,"Agent 0","Agent 1",1188914,3344377251694,3344377256734
"MEMORY_COPY","MEMORY_COPY_HOST_TO_DEVICE",2,"Agent 0","Agent 1",1188930,3344377361494,3344377372374
"MEMORY_COPY","MEMORY_COPY_DEVICE_TO_HOST",5,"Agent 1","Agent 0",1189045,3344380674005,3344380678245
"MEMORY_COPY","MEMORY_COPY_DEVICE_TO_HOST",5,"Agent 1","Agent 0",1189046,3344380681765,3344380740686
"MEMORY_COPY","MEMORY_COPY_HOST_TO_DEVICE",2,"Agent 0","Agent 1",1189057,3344381089867,3344381095107
"MEMORY_COPY","MEMORY_COPY_HOST_TO_DEVICE",2,"Agent 0","Agent 1",1189061,3344381107557,3344381112717
"MEMORY_COPY","MEMORY_COPY_HOST_TO_DEVICE",2,"Agent 0","Agent 1",1189077,3344381213257,3344381224178
"MEMORY_COPY","MEMORY_COPY_DEVICE_TO_HOST",5,"Agent 1","Agent 0",1189085,3344383893548,3344383897868
"MEMORY_COPY","MEMORY_COPY_DEVICE_TO_HOST",5,"Agent 1","Agent 0",1189086,3344383902188,3344383955388
"MEMORY_COPY","MEMORY_COPY_HOST_TO_DEVICE",2,"Agent 0","Agent 1",1189097,3344384281340,3344384286580
"MEMORY_COPY","MEMORY_COPY_HOST_TO_DEVICE",2,"Agent 0","Agent 1",1189101,3344384298700,3344384303940
"MEMORY_COPY","MEMORY_COPY_HOST_TO_DEVICE",2,"Agent 0","Agent 1",1189117,3344384410120,3344384420880
"MEMORY_COPY","MEMORY_COPY_DEVICE_TO_HOST",5,"Agent 1","Agent 0",1189125,3344387076541,3344387080981
"MEMORY_COPY","MEMORY_COPY_DEVICE_TO_HOST",5,"Agent 1","Agent 0",1189126,3344387085341,3344387151701
"MEMORY_COPY","MEMORY_COPY_HOST_TO_DEVICE",2,"Agent 0","Agent 1",1189137,3344387798843,3344387808723
"MEMORY_COPY","MEMORY_COPY_HOST_TO_DEVICE",2,"Agent 0","Agent 1",1189152,3344387884154,3344387902194
"MEMORY_COPY","MEMORY_COPY_HOST_TO_DEVICE",2,"Agent 0","Agent 1",1189168,3344387996584,3344388036984
"MEMORY_COPY","MEMORY_COPY_DEVICE_TO_HOST",5,"Agent 1","Agent 0",1189176,3344494986068,3344495163589
"MEMORY_COPY","MEMORY_COPY_DEVICE_TO_HOST",5,"Agent 1","Agent 0",1189177,3344495173989,3344495181349
"MEMORY_COPY","MEMORY_COPY_HOST_TO_DEVICE",2,"Agent 0","Agent 1",1189183,3344495774202,3344495784242
"MEMORY_COPY","MEMORY_COPY_HOST_TO_DEVICE",2,"Agent 0","Agent 1",1189187,3344495800622,3344495810462
"MEMORY_COPY","MEMORY_COPY_HOST_TO_DEVICE",2,"Agent 0","Agent 1",1189203,3344495920882,3344495958722
"MEMORY_COPY","MEMORY_COPY_HOST_TO_DEVICE",2,"Agent 0","Agent 1",1189355,3344498712243,3344498717563
"MEMORY_COPY","MEMORY_COPY_HOST_TO_DEVICE",2,"Agent 0","Agent 1",1189359,3344498734503,3344498739783
"MEMORY_COPY","MEMORY_COPY_HOST_TO_DEVICE",2,"Agent 0","Agent 1",1189375,3344498842654,3344498853574
"MEMORY_COPY","MEMORY_COPY_DEVICE_TO_HOST",5,"Agent 1","Agent 0",1189485,3344501550814,3344501555014
"MEMORY_COPY","MEMORY_COPY_DEVICE_TO_HOST",5,"Agent 1","Agent 0",1189486,3344501559094,3344501635615
"MEMORY_COPY","MEMORY_COPY_HOST_TO_DEVICE",2,"Agent 0","Agent 1",1189497,3344502356577,3344502361897
"MEMORY_COPY","MEMORY_COPY_HOST_TO_DEVICE",2,"Agent 0","Agent 1",1189501,3344502375167,3344502380247
"MEMORY_COPY","MEMORY_COPY_HOST_TO_DEVICE",2,"Agent 0","Agent 1",1189517,3344502485378,3344502496418
"MEMORY_COPY","MEMORY_COPY_DEVICE_TO_HOST",5,"Agent 1","Agent 0",1189632,3344505797541,3344505801861
"MEMORY_COPY","MEMORY_COPY_DEVICE_TO_HOST",5,"Agent 1","Agent 0",1189633,3344505806261,3344505859541
"MEMORY_COPY","MEMORY_COPY_HOST_TO_DEVICE",2,"Agent 0","Agent 1",1189644,3344506218023,3344506223343
"MEMORY_COPY","MEMORY_COPY_HOST_TO_DEVICE",2,"Agent 0","Agent 1",1189648,3344506235663,3344506241023
"MEMORY_COPY","MEMORY_COPY_HOST_TO_DEVICE",2,"Agent 0","Agent 1",1189664,3344506426223,3344506437303
"MEMORY_COPY","MEMORY_COPY_DEVICE_TO_HOST",5,"Agent 1","Agent 0",1189672,3344509082674,3344509086914
"MEMORY_COPY","MEMORY_COPY_DEVICE_TO_HOST",5,"Agent 1","Agent 0",1189673,3344509090394,3344509144274
"MEMORY_COPY","MEMORY_COPY_HOST_TO_DEVICE",2,"Agent 0","Agent 1",1189684,3344509458575,3344509463735
"MEMORY_COPY","MEMORY_COPY_HOST_TO_DEVICE",2,"Agent 0","Agent 1",1189688,3344509476005,3344509481205
"MEMORY_COPY","MEMORY_COPY_HOST_TO_DEVICE",2,"Agent 0","Agent 1",1189704,3344509581076,3344509592196
"MEMORY_COPY","MEMORY_COPY_DEVICE_TO_HOST",5,"Agent 1","Agent 0",1189712,3344512226086,3344512230366
"MEMORY_COPY","MEMORY_COPY_DEVICE_TO_HOST",5,"Agent 1","Agent 0",1189713,3344512233846,3344512299406
"MEMORY_COPY","MEMORY_COPY_HOST_TO_DEVICE",2,"Agent 0","Agent 1",1189724,3344512962819,3344512972939
"MEMORY_COPY","MEMORY_COPY_HOST_TO_DEVICE",2,"Agent 0","Agent 1",1189739,3344513064719,3344513085080
"MEMORY_COPY","MEMORY_COPY_HOST_TO_DEVICE",2,"Agent 0","Agent 1",1189755,3344513186400,3344513226160
"MEMORY_COPY","MEMORY_COPY_DEVICE_TO_HOST",5,"Agent 1","Agent 0",1189763,3344620208933,3344620386093
"MEMORY_COPY","MEMORY_COPY_DEVICE_TO_HOST",5,"Agent 1","Agent 0",1189764,3344620393893,3344620400973
"MEMORY_COPY","MEMORY_COPY_HOST_TO_DEVICE",2,"Agent 0","Agent 1",1189770,3344621004826,3344621014866
"MEMORY_COPY","MEMORY_COPY_HOST_TO_DEVICE",2,"Agent 0","Agent 1",1189774,3344621030826,3344621040346
"MEMORY_COPY","MEMORY_COPY_HOST_TO_DEVICE",2,"Agent 0","Agent 1",1189790,3344621150576,3344621188456
"MEMORY_COPY","MEMORY_COPY_HOST_TO_DEVICE",2,"Agent 0","Agent 1",1189942,3344623916217,3344623921337
"MEMORY_COPY","MEMORY_COPY_HOST_TO_DEVICE",2,"Agent 0","Agent 1",1189946,3344623938237,3344623943557
"MEMORY_COPY","MEMORY_COPY_HOST_TO_DEVICE",2,"Agent 0","Agent 1",1189962,3344624051278,3344624062598
"MEMORY_COPY","MEMORY_COPY_DEVICE_TO_HOST",5,"Agent 1","Agent 0",1190072,3344626775338,3344626779378
"MEMORY_COPY","MEMORY_COPY_DEVICE_TO_HOST",5,"Agent 1","Agent 0",1190073,3344626783578,3344626842579
"MEMORY_COPY","MEMORY_COPY_HOST_TO_DEVICE",2,"Agent 0","Agent 1",1190084,3344627454531,3344627459691
"MEMORY_COPY","MEMORY_COPY_HOST_TO_DEVICE",2,"Agent 0","Agent 1",1190088,3344627472611,3344627477891
"MEMORY_COPY","MEMORY_COPY_HOST_TO_DEVICE",2,"Agent 0","Agent 1",1190104,3344627583392,3344627594912
"MEMORY_COPY","MEMORY_COPY_DEVICE_TO_HOST",5,"Agent 1","Agent 0",1190219,3344630847204,3344630851404
"MEMORY_COPY","MEMORY_COPY_DEVICE_TO_HOST",5,"Agent 1","Agent 0",1190220,3344630855764,3344630927285
"MEMORY_COPY","MEMORY_COPY_HOST_TO_DEVICE",2,"Agent 0","Agent 1",1190231,3344631328906,3344631334026
"MEMORY_COPY","MEMORY_COPY_HOST_TO_DEVICE",2,"Agent 0","Agent 1",1190235,3344631347006,3344631352366
"MEMORY_COPY","MEMORY_COPY_HOST_TO_DEVICE",2,"Agent 0","Agent 1",1190251,3344631455277,3344631466157
"MEMORY_COPY","MEMORY_COPY_DEVICE_TO_HOST",5,"Agent 1","Agent 0",1190259,3344634141667,3344634145827
"MEMORY_COPY","MEMORY_COPY_DEVICE_TO_HOST",5,"Agent 1","Agent 0",1190260,3344634150187,3344634203388
"MEMORY_COPY","MEMORY_COPY_HOST_TO_DEVICE",2,"Agent 0","Agent 1",1190271,3344634538039,3344634543319
"MEMORY_COPY","MEMORY_COPY_HOST_TO_DEVICE",2,"Agent 0","Agent 1",1190275,3344634555629,3344634560909
"MEMORY_COPY","MEMORY_COPY_HOST_TO_DEVICE",2,"Agent 0","Agent 1",1190291,3344634660049,3344634670889
"MEMORY_COPY","MEMORY_COPY_DEVICE_TO_HOST",5,"Agent 1","Agent 0",1190299,3344637317750,3344637322070
"MEMORY_COPY","MEMORY_COPY_DEVICE_TO_HOST",5,"Agent 1","Agent 0",1190300,3344637326430,3344637379790
"MEMORY_COPY","MEMORY_COPY_HOST_TO_DEVICE",2,"Agent 0","Agent 1",1190311,3344638038663,3344638048383
"MEMORY_COPY","MEMORY_COPY_HOST_TO_DEVICE",2,"Agent 0","Agent 1",1190326,3344638128913,3344638148353
"MEMORY_COPY","MEMORY_COPY_HOST_TO_DEVICE",2,"Agent 0","Agent 1",1190342,3344638248523,3344638288684
"MEMORY_COPY","MEMORY_COPY_DEVICE_TO_HOST",5,"Agent 1","Agent 0",1190350,3344745295424,3344745480705
"MEMORY_COPY","MEMORY_COPY_DEVICE_TO_HOST",5,"Agent 1","Agent 0",1190351,3344745491025,3344745498185
"MEMORY_COPY","MEMORY_COPY_HOST_TO_DEVICE",2,"Agent 0","Agent 1",1190357,3344746128677,3344746138757
"MEMORY_COPY","MEMORY_COPY_HOST_TO_DEVICE",2,"Agent 0","Agent 1",1190361,3344746155497,3344746165018
"MEMORY_COPY","MEMORY_COPY_HOST_TO_DEVICE",2,"Agent 0","Agent 1",1190377,3344746289108,3344746328908
"MEMORY_COPY","MEMORY_COPY_HOST_TO_DEVICE",2,"Agent 0","Agent 1",1190529,3344749103439,3344749108839
"MEMORY_COPY","MEMORY_COPY_HOST_TO_DEVICE",2,"Agent 0","Agent 1",1190533,3344749125889,3344749131129
"MEMORY_COPY","MEMORY_COPY_HOST_TO_DEVICE",2,"Agent 0","Agent 1",1190549,3344749238980,3344749250060
"MEMORY_COPY","MEMORY_COPY_DEVICE_TO_HOST",5,"Agent 1","Agent 0",1190659,3344751949610,3344751953810
"MEMORY_COPY","MEMORY_COPY_DEVICE_TO_HOST",5,"Agent 1","Agent 0",1190660,3344751957930,3344752019171
"MEMORY_COPY","MEMORY_COPY_HOST_TO_DEVICE",2,"Agent 0","Agent 1",1190671,3344752660863,3344752666023
"MEMORY_COPY","MEMORY_COPY_HOST_TO_DEVICE",2,"Agent 0","Agent 1",1190675,3344752678773,3344752684093
"MEMORY_COPY","MEMORY_COPY_HOST_TO_DEVICE",2,"Agent 0","Agent 1",1190691,3344752788474,3344752799514
"MEMORY_COPY","MEMORY_COPY_DEVICE_TO_HOST",5,"Agent 1","Agent 0",1190806,3344756105667,3344756109947
"MEMORY_COPY","MEMORY_COPY_DEVICE_TO_HOST",5,"Agent 1","Agent 0",1190807,3344756114307,3344756181187
"MEMORY_COPY","MEMORY_COPY_HOST_TO_DEVICE",2,"Agent 0","Agent 1",1190818,3344756543828,3344756549108
"MEMORY_COPY","MEMORY_COPY_HOST_TO_DEVICE",2,"Agent 0","Agent 1",1190822,3344756561818,3344756566938
"MEMORY_COPY","MEMORY_COPY_HOST_TO_DEVICE",2,"Agent 0","Agent 1",1190838,3344756667699,3344756679339
"MEMORY_COPY","MEMORY_COPY_DEVICE_TO_HOST",5,"Agent 1","Agent 0",1190846,3344759332889,3344759337209
"MEMORY_COPY","MEMORY_COPY_DEVICE_TO_HOST",5,"Agent 1","Agent 0",1190847,3344759340769,3344759393930
"MEMORY_COPY","MEMORY_COPY_HOST_TO_DEVICE",2,"Agent 0","Agent 1",1190858,3344759701081,3344759706361
"MEMORY_COPY","MEMORY_COPY_HOST_TO_DEVICE",2,"Agent 0","Agent 1",1190862,3344759718641,3344759723961
"MEMORY_COPY","MEMORY_COPY_HOST_TO_DEVICE",2,"Agent 0","Agent 1",1190878,3344759824591,3344759835311
"MEMORY_COPY","MEMORY_COPY_DEVICE_TO_HOST",5,"Agent 1","Agent 0",1190886,3344762531362,3344762535802
"MEMORY_COPY","MEMORY_COPY_DEVICE_TO_HOST",5,"Agent 1","Agent 0",1190887,3344762540162,3344762620642
"MEMORY_COPY","MEMORY_COPY_HOST_TO_DEVICE",2,"Agent 0","Agent 1",1190898,3344763398925,3344763408805
"MEMORY_COPY","MEMORY_COPY_HOST_TO_DEVICE",2,"Agent 0","Agent 1",1190913,3344763488386,3344763507706
"MEMORY_COPY","MEMORY_COPY_HOST_TO_DEVICE",2,"Agent 0","Agent 1",1190929,3344763613496,3344763652496
"MEMORY_COPY","MEMORY_COPY_DEVICE_TO_HOST",5,"Agent 1","Agent 0",1190937,3344870635319,3344870816079
"MEMORY_COPY","MEMORY_COPY_DEVICE_TO_HOST",5,"Agent 1","Agent 0",1190938,3344870823879,3344870831079
"MEMORY_COPY","MEMORY_COPY_HOST_TO_DEVICE",2,"Agent 0","Agent 1",1190944,3344871451042,3344871460962
"MEMORY_COPY","MEMORY_COPY_HOST_TO_DEVICE",2,"Agent 0","Agent 1",1190948,3344871477862,3344871487382
"MEMORY_COPY","MEMORY_COPY_HOST_TO_DEVICE",2,"Agent 0","Agent 1",1190964,3344871600482,3344871638283
"MEMORY_COPY","MEMORY_COPY_HOST_TO_DEVICE",2,"Agent 0","Agent 1",1191116,3344874399763,3344874404883
"MEMORY_COPY","MEMORY_COPY_HOST_TO_DEVICE",2,"Agent 0","Agent 1",1191120,3344874421723,3344874426803
"MEMORY_COPY","MEMORY_COPY_HOST_TO_DEVICE",2,"Agent 0","Agent 1",1191136,3344874532364,3344874543084
"MEMORY_COPY","MEMORY_COPY_DEVICE_TO_HOST",5,"Agent 1","Agent 0",1191246,3344877249135,3344877253135
"MEMORY_COPY","MEMORY_COPY_DEVICE_TO_HOST",5,"Agent 1","Agent 0",1191247,3344877257335,3344877318895
"MEMORY_COPY","MEMORY_COPY_HOST_TO_DEVICE",2,"Agent 0","Agent 1",1191258,3344877982647,3344877987888
"MEMORY_COPY","MEMORY_COPY_HOST_TO_DEVICE",2,"Agent 0","Agent 1",1191262,3344878001608,3344878007328
"MEMORY_COPY","MEMORY_COPY_HOST_TO_DEVICE",2,"Agent 0","Agent 1",1191278,3344878112668,3344878124628
"MEMORY_COPY","MEMORY_COPY_DEVICE_TO_HOST",5,"Agent 1","Agent 0",1191393,3344881530481,3344881534801
"MEMORY_COPY","MEMORY_COPY_DEVICE_TO_HOST",5,"Agent 1","Agent 0",1191394,3344881539161,3344881606442
"MEMORY_COPY","MEMORY_COPY_HOST_TO_DEVICE",2,"Agent 0","Agent 1",1191405,3344881988713,3344881993873
"MEMORY_COPY","MEMORY_COPY_HOST_TO_DEVICE",2,"Agent 0","Agent 1",1191409,3344882012683,3344882018043
"MEMORY_COPY","MEMORY_COPY_HOST_TO_DEVICE",2,"Agent 0","Agent 1",1191425,3344882117794,3344882128634
"MEMORY_COPY","MEMORY_COPY_DEVICE_TO_HOST",5,"Agent 1","Agent 0",1191433,3344884791624,3344884795944
"MEMORY_COPY","MEMORY_COPY_DEVICE_TO_HOST",5,"Agent 1","Agent 0",1191434,3344884800304,3344884853425
"MEMORY_COPY","MEMORY_COPY_HOST_TO_DEVICE",2,"Agent 0","Agent 1",1191445,3344885164056,3344885169296
"MEMORY_COPY","MEMORY_COPY_HOST_TO_DEVICE",2,"Agent 0","Agent 1",1191449,3344885181526,3344885186766
"MEMORY_COPY","MEMORY_COPY_HOST_TO_DEVICE",2,"Agent 0","Agent 1",1191465,3344885292906,3344885303946
"MEMORY_COPY","MEMORY_COPY_DEVICE_TO_HOST",5,"Agent 1","Agent 0",1191473,3344887944777,3344887949177
"MEMORY_COPY","MEMORY_COPY_DEVICE_TO_HOST",5,"Agent 1","Agent 0",1191474,3344887952657,3344888014857
"MEMORY_COPY","MEMORY_COPY_HOST_TO_DEVICE",2,"Agent 0","Agent 1",1191485,3344888677720,3344888687440
"MEMORY_COPY","MEMORY_COPY_HOST_TO_DEVICE",2,"Agent 0","Agent 1",1191500,3344888764730,3344888782650
"MEMORY_COPY","MEMORY_COPY_HOST_TO_DEVICE",2,"Agent 0","Agent 1",1191516,3344888879470,3344888918310
"MEMORY_COPY","MEMORY_COPY_DEVICE_TO_HOST",5,"Agent 1","Agent 0",1191524,3344995921321,3344996102761
"MEMORY_COPY","MEMORY_COPY_DEVICE_TO_HOST",5,"Agent 1","Agent 0",1191525,3344996116122,3344996123322
"MEMORY_COPY","MEMORY_COPY_HOST_TO_DEVICE",2,"Agent 0","Agent 1",1191531,3344996738525,3344996748805
"MEMORY_COPY","MEMORY_COPY_HOST_TO_DEVICE",2,"Agent 0","Agent 1",1191535,3344996764703,3344996774503
"MEMORY_COPY","MEMORY_COPY_HOST_TO_DEVICE",2,"Agent 0","Agent 1",1191551,3344996889075,3344996928955
"MEMORY_COPY","MEMORY_COPY_HOST_TO_DEVICE",2,"Agent 0","Agent 1",1191703,3344999679735,3344999684975
"MEMORY_COPY","MEMORY_COPY_HOST_TO_DEVICE",2,"Agent 0","Agent 1",1191707,3344999701506,3344999706666
"MEMORY_COPY","MEMORY_COPY_HOST_TO_DEVICE",2,"Agent 0","Agent 1",1191723,3344999809901,3344999820661
"MEMORY_COPY","MEMORY_COPY_DEVICE_TO_HOST",5,"Agent 1","Agent 0",1191833,3345002550379,3345002554619
"MEMORY_COPY","MEMORY_COPY_DEVICE_TO_HOST",5,"Agent 1","Agent 0",1191834,3345002560156,3345002621516
"MEMORY_COPY","MEMORY_COPY_HOST_TO_DEVICE",2,"Agent 0","Agent 1",1191845,3345003243432,3345003248832
"MEMORY_COPY","MEMORY_COPY_HOST_TO_DEVICE",2,"Agent 0","Agent 1",1191849,3345003261917,3345003267357
"MEMORY_COPY","MEMORY_COPY_HOST_TO_DEVICE",2,"Agent 0","Agent 1",1191865,3345003370342,3345003381022
"MEMORY_COPY","MEMORY_COPY_DEVICE_TO_HOST",5,"Agent 1","Agent 0",1191980,3345006622607,3345006626927
"MEMORY_COPY","MEMORY_COPY_DEVICE_TO_HOST",5,"Agent 1","Agent 0",1191981,3345006632487,3345006705967
"MEMORY_COPY","MEMORY_COPY_HOST_TO_DEVICE",2,"Agent 0","Agent 1",1191992,3345007065056,3345007070376
"MEMORY_COPY","MEMORY_COPY_HOST_TO_DEVICE",2,"Agent 0","Agent 1",1191996,3345007082679,3345007087959
"MEMORY_COPY","MEMORY_COPY_HOST_TO_DEVICE",2,"Agent 0","Agent 1",1192012,3345007188870,3345007199790
"MEMORY_COPY","MEMORY_COPY_DEVICE_TO_HOST",5,"Agent 1","Agent 0",1192020,3345009859656,3345009863816
"MEMORY_COPY","MEMORY_COPY_DEVICE_TO_HOST",5,"Agent 1","Agent 0",1192021,3345009868586,3345009922066
"MEMORY_COPY","MEMORY_COPY_HOST_TO_DEVICE",2,"Agent 0","Agent 1",1192032,3345010235349,3345010240669
"MEMORY_COPY","MEMORY_COPY_HOST_TO_DEVICE",2,"Agent 0","Agent 1",1192036,3345010253273,3345010258713
"MEMORY_COPY","MEMORY_COPY_HOST_TO_DEVICE",2,"Agent 0","Agent 1",1192052,3345010360817,3345010372297
"MEMORY_COPY","MEMORY_COPY_DEVICE_TO_HOST",5,"Agent 1","Agent 0",1192060,3345013014941,3345013019301
"MEMORY_COPY","MEMORY_COPY_DEVICE_TO_HOST",5,"Agent 1","Agent 0",1192061,3345013024847,3345013095807
"MEMORY_COPY","MEMORY_COPY_HOST_TO_DEVICE",2,"Agent 0","Agent 1",1192072,3345013804574,3345013814254
"MEMORY_COPY","MEMORY_COPY_HOST_TO_DEVICE",2,"Agent 0","Agent 1",1192087,3345013896473,3345013914593
"MEMORY_COPY","MEMORY_COPY_HOST_TO_DEVICE",2,"Agent 0","Agent 1",1192103,3345014153639,3345014192599
"MEMORY_COPY","MEMORY_COPY_DEVICE_TO_HOST",5,"Agent 1","Agent 0",1192111,3345121271375,3345121448856
"MEMORY_COPY","MEMORY_COPY_DEVICE_TO_HOST",5,"Agent 1","Agent 0",1192112,3345121458416,3345121465576
"MEMORY_COPY","MEMORY_COPY_HOST_TO_DEVICE",2,"Agent 0","Agent 1",1192118,3345122078379,3345122088419
"MEMORY_COPY","MEMORY_COPY_HOST_TO_DEVICE",2,"Agent 0","Agent 1",1192122,3345122105439,3345122114959
"MEMORY_COPY","MEMORY_COPY_HOST_TO_DEVICE",2,"Agent 0","Agent 1",1192138,3345122225309,3345122263309
"MEMORY_COPY","MEMORY_COPY_HOST_TO_DEVICE",2,"Agent 0","Agent 1",1192290,3345125022620,3345125027980
"MEMORY_COPY","MEMORY_COPY_HOST_TO_DEVICE",2,"Agent 0","Agent 1",1192294,3345125044420,3345125049420
"MEMORY_COPY","MEMORY_COPY_HOST_TO_DEVICE",2,"Agent 0","Agent 1",1192310,3345125152431,3345125163311
"MEMORY_COPY","MEMORY_COPY_DEVICE_TO_HOST",5,"Agent 1","Agent 0",1192420,3345127864571,3345127868771
"MEMORY_COPY","MEMORY_COPY_DEVICE_TO_HOST",5,"Agent 1","Agent 0",1192421,3345127872851,3345127931972
"MEMORY_COPY","MEMORY_COPY_HOST_TO_DEVICE",2,"Agent 0","Agent 1",1192432,3345128587054,3345128592334
"MEMORY_COPY","MEMORY_COPY_HOST_TO_DEVICE",2,"Agent 0","Agent 1",1192436,3345128651575,3345128656775
"MEMORY_COPY","MEMORY_COPY_HOST_TO_DEVICE",2,"Agent 0","Agent 1",1192452,3345128834675,3345128845915
"MEMORY_COPY","MEMORY_COPY_DEVICE_TO_HOST",5,"Agent 1","Agent 0",1192567,3345132129798,3345132134078
"MEMORY_COPY","MEMORY_COPY_DEVICE_TO_HOST",5,"Agent 1","Agent 0",1192568,3345132137638,3345132191159
"MEMORY_COPY","MEMORY_COPY_HOST_TO_DEVICE",2,"Agent 0","Agent 1",1192579,3345132588130,3345132593370
"MEMORY_COPY","MEMORY_COPY_HOST_TO_DEVICE",2,"Agent 0","Agent 1",1192583,3345132606310,3345132611630
"MEMORY_COPY","MEMORY_COPY_HOST_TO_DEVICE",2,"Agent 0","Agent 1",1192599,3345132712821,3345132723741
"MEMORY_COPY","MEMORY_COPY_DEVICE_TO_HOST",5,"Agent 1","Agent 0",1192607,3345135388951,3345135393271
"MEMORY_COPY","MEMORY_COPY_DEVICE_TO_HOST",5,"Agent 1","Agent 0",1192608,3345135397591,3345135450792
"MEMORY_COPY","MEMORY_COPY_HOST_TO_DEVICE",2,"Agent 0","Agent 1",1192619,3345135753973,3345135759213
"MEMORY_COPY","MEMORY_COPY_HOST_TO_DEVICE",2,"Agent 0","Agent 1",1192623,3345135771313,3345135776553
"MEMORY_COPY","MEMORY_COPY_HOST_TO_DEVICE",2,"Agent 0","Agent 1",1192639,3345135876423,3345135887023
"MEMORY_COPY","MEMORY_COPY_DEVICE_TO_HOST",5,"Agent 1","Agent 0",1192647,3345138534184,3345138538504
"MEMORY_COPY","MEMORY_COPY_DEVICE_TO_HOST",5,"Agent 1","Agent 0",1192648,3345138542024,3345138595424
"MEMORY_COPY","MEMORY_COPY_HOST_TO_DEVICE",2,"Agent 0","Agent 1",1192659,3345139252966,3345139262767
"MEMORY_COPY","MEMORY_COPY_HOST_TO_DEVICE",2,"Agent 0","Agent 1",1192674,3345139340257,3345139358417
"MEMORY_COPY","MEMORY_COPY_HOST_TO_DEVICE",2,"Agent 0","Agent 1",1192690,3345139456107,3345139495187
"MEMORY_COPY","MEMORY_COPY_DEVICE_TO_HOST",5,"Agent 1","Agent 0",1192698,3345246549855,3345246728296
"MEMORY_COPY","MEMORY_COPY_DEVICE_TO_HOST",5,"Agent 1","Agent 0",1192699,3345246737896,3345246745096
"MEMORY_COPY","MEMORY_COPY_HOST_TO_DEVICE",2,"Agent 0","Agent 1",1192705,3345247351348,3345247361388
"MEMORY_COPY","MEMORY_COPY_HOST_TO_DEVICE",2,"Agent 0","Agent 1",1192709,3345247377698,3345247387258
"MEMORY_COPY","MEMORY_COPY_HOST_TO_DEVICE",2,"Agent 0","Agent 1",1192725,3345247507979,3345247545659
"MEMORY_COPY","MEMORY_COPY_HOST_TO_DEVICE",2,"Agent 0","Agent 1",1192877,3345250299190,3345250304390
"MEMORY_COPY","MEMORY_COPY_HOST_TO_DEVICE",2,"Agent 0","Agent 1",1192881,3345250321670,3345250326870
"MEMORY_COPY","MEMORY_COPY_HOST_TO_DEVICE",2,"Agent 0","Agent 1",1192897,3345250434250,3345250445450
"MEMORY_COPY","MEMORY_COPY_DEVICE_TO_HOST",5,"Agent 1","Agent 0",1193007,3345253144911,3345253149031
"MEMORY_COPY","MEMORY_COPY_DEVICE_TO_HOST",5,"Agent 1","Agent 0",1193008,3345253153111,3345253206231
"MEMORY_COPY","MEMORY_COPY_HOST_TO_DEVICE",2,"Agent 0","Agent 1",1193019,3345253805643,3345253810923
"MEMORY_COPY","MEMORY_COPY_HOST_TO_DEVICE",2,"Agent 0","Agent 1",1193023,3345253823684,3345253828724
"MEMORY_COPY","MEMORY_COPY_HOST_TO_DEVICE",2,"Agent 0","Agent 1",1193039,3345253932124,3345253942804
"MEMORY_COPY","MEMORY_COPY_DEVICE_TO_HOST",5,"Agent 1","Agent 0",1193154,3345257258507,3345257262827
"MEMORY_COPY","MEMORY_COPY_DEVICE_TO_HOST",5,"Agent 1","Agent 0",1193155,3345257267187,3345257353747
"MEMORY_COPY","MEMORY_COPY_HOST_TO_DEVICE",2,"Agent 0","Agent 1",1193166,3345257700989,3345257706229
"MEMORY_COPY","MEMORY_COPY_HOST_TO_DEVICE",2,"Agent 0","Agent 1",1193170,3345257718559,3345257723639
"MEMORY_COPY","MEMORY_COPY_HOST_TO_DEVICE",2,"Agent 0","Agent 1",1193186,3345257824199,3345257834919
"MEMORY_COPY","MEMORY_COPY_DEVICE_TO_HOST",5,"Agent 1","Agent 0",1193194,3345260503800,3345260508120
"MEMORY_COPY","MEMORY_COPY_DEVICE_TO_HOST",5,"Agent 1","Agent 0",1193195,3345260512480,3345260606840
"MEMORY_COPY","MEMORY_COPY_HOST_TO_DEVICE",2,"Agent 0","Agent 1",1193206,3345261137232,3345261142552
"MEMORY_COPY","MEMORY_COPY_HOST_TO_DEVICE",2,"Agent 0","Agent 1",1193210,3345261155572,3345261160612
"MEMORY_COPY","MEMORY_COPY_HOST_TO_DEVICE",2,"Agent 0","Agent 1",1193226,3345261266313,3345261277633
"MEMORY_COPY","MEMORY_COPY_DEVICE_TO_HOST",5,"Agent 1","Agent 0",1193234,3345263931813,3345263936293
"MEMORY_COPY","MEMORY_COPY_DEVICE_TO_HOST",5,"Agent 1","Agent 0",1193235,3345263940613,3345263994094
"MEMORY_COPY","MEMORY_COPY_HOST_TO_DEVICE",2,"Agent 0","Agent 1",1193246,3345264658636,3345264668436
"MEMORY_COPY","MEMORY_COPY_HOST_TO_DEVICE",2,"Agent 0","Agent 1",1193261,3345264747407,3345264765567
"MEMORY_COPY","MEMORY_COPY_HOST_TO_DEVICE",2,"Agent 0","Agent 1",1193277,3345264869317,3345264908397
"MEMORY_COPY","MEMORY_COPY_DEVICE_TO_HOST",5,"Agent 1","Agent 0",1193285,3345372690659,3345372867900
"MEMORY_COPY","MEMORY_COPY_DEVICE_TO_HOST",5,"Agent 1","Agent 0",1193286,3345372876540,3345372883580
"MEMORY_COPY","MEMORY_COPY_HOST_TO_DEVICE",2,"Agent 0","Agent 1",1193292,3345373498682,3345373508762
"MEMORY_COPY","MEMORY_COPY_HOST_TO_DEVICE",2,"Agent 0","Agent 1",1193296,3345373525392,3345373534952
"MEMORY_COPY","MEMORY_COPY_HOST_TO_DEVICE",2,"Agent 0","Agent 1",1193312,3345373648303,3345373687583
"MEMORY_COPY","MEMORY_COPY_HOST_TO_DEVICE",2,"Agent 0","Agent 1",1193464,3345376457724,3345376462964
"MEMORY_COPY","MEMORY_COPY_HOST_TO_DEVICE",2,"Agent 0","Agent 1",1193468,3345376579484,3345376584564
"MEMORY_COPY","MEMORY_COPY_HOST_TO_DEVICE",2,"Agent 0","Agent 1",1193484,3345376689305,3345376700065
"MEMORY_COPY","MEMORY_COPY_DEVICE_TO_HOST",5,"Agent 1","Agent 0",1193594,3345379431475,3345379435555
"MEMORY_COPY","MEMORY_COPY_DEVICE_TO_HOST",5,"Agent 1","Agent 0",1193595,3345379439795,3345379492956
"MEMORY_COPY","MEMORY_COPY_HOST_TO_DEVICE",2,"Agent 0","Agent 1",1193606,3345380117208,3345380122488
"MEMORY_COPY","MEMORY_COPY_HOST_TO_DEVICE",2,"Agent 0","Agent 1",1193610,3345380135498,3345380140618
"MEMORY_COPY","MEMORY_COPY_HOST_TO_DEVICE",2,"Agent 0","Agent 1",1193626,3345380244349,3345380255109
"MEMORY_COPY","MEMORY_COPY_DEVICE_TO_HOST",5,"Agent 1","Agent 0",1193741,3345383478981,3345383483421
"MEMORY_COPY","MEMORY_COPY_DEVICE_TO_HOST",5,"Agent 1","Agent 0",1193742,3345383487781,3345383541382
"MEMORY_COPY","MEMORY_COPY_HOST_TO_DEVICE",2,"Agent 0","Agent 1",1193753,3345383877443,3345383882683
"MEMORY_COPY","MEMORY_COPY_HOST_TO_DEVICE",2,"Agent 0","Agent 1",1193757,3345383895223,3345383900543
"MEMORY_COPY","MEMORY_COPY_HOST_TO_DEVICE",2,"Agent 0","Agent 1",1193773,3345384001663,3345384013943
"MEMORY_COPY","MEMORY_COPY_DEVICE_TO_HOST",5,"Agent 1","Agent 0",1193781,3345386659744,3345386663944
"MEMORY_COPY","MEMORY_COPY_DEVICE_TO_HOST",5,"Agent 1","Agent 0",1193782,3345386668224,3345386729504
"MEMORY_COPY","MEMORY_COPY_HOST_TO_DEVICE",2,"Agent 0","Agent 1",1193793,3345387077765,3345387083085
"MEMORY_COPY","MEMORY_COPY_HOST_TO_DEVICE",2,"Agent 0","Agent 1",1193797,3345387095606,3345387100846
"MEMORY_COPY","MEMORY_COPY_HOST_TO_DEVICE",2,"Agent 0","Agent 1",1193813,3345387210956,3345387221836
"MEMORY_COPY","MEMORY_COPY_DEVICE_TO_HOST",5,"Agent 1","Agent 0",1193821,3345389876246,3345389880486
"MEMORY_COPY","MEMORY_COPY_DEVICE_TO_HOST",5,"Agent 1","Agent 0",1193822,3345389884846,3345389938287
"MEMORY_COPY","MEMORY_COPY_HOST_TO_DEVICE",2,"Agent 0","Agent 1",1193833,3345390584199,3345390593839
"MEMORY_COPY","MEMORY_COPY_HOST_TO_DEVICE",2,"Agent 0","Agent 1",1193848,3345390673250,3345390692370
"MEMORY_COPY","MEMORY_COPY_HOST_TO_DEVICE",2,"Agent 0","Agent 1",1193864,3345390931111,3345390971591
"MEMORY_COPY","MEMORY_COPY_DEVICE_TO_HOST",5,"Agent 1","Agent 0",1193872,3345497921559,3345498098720
"MEMORY_COPY","MEMORY_COPY_DEVICE_TO_HOST",5,"Agent 1","Agent 0",1193873,3345498107320,3345498114400
"MEMORY_COPY","MEMORY_COPY_HOST_TO_DEVICE",2,"Agent 0","Agent 1",1193879,3345498712963,3345498722923
"MEMORY_COPY","MEMORY_COPY_HOST_TO_DEVICE",2,"Agent 0","Agent 1",1193883,3345498739663,3345498749183
"MEMORY_COPY","MEMORY_COPY_HOST_TO_DEVICE",2,"Agent 0","Agent 1",1193899,3345498873333,3345498911653
"MEMORY_COPY","MEMORY_COPY_HOST_TO_DEVICE",2,"Agent 0","Agent 1",1194051,3345501667404,3345501672644
"MEMORY_COPY","MEMORY_COPY_HOST_TO_DEVICE",2,"Agent 0","Agent 1",1194055,3345501689924,3345501695044
"MEMORY_COPY","MEMORY_COPY_HOST_TO_DEVICE",2,"Agent 0","Agent 1",1194071,3345501800735,3345501811895
"MEMORY_COPY","MEMORY_COPY_DEVICE_TO_HOST",5,"Agent 1","Agent 0",1194181,3345504579836,3345504583796
"MEMORY_COPY","MEMORY_COPY_DEVICE_TO_HOST",5,"Agent 1","Agent 0",1194182,3345504588036,3345504644676
"MEMORY_COPY","MEMORY_COPY_HOST_TO_DEVICE",2,"Agent 0","Agent 1",1194193,3345505262518,3345505267918
"MEMORY_COPY","MEMORY_COPY_HOST_TO_DEVICE",2,"Agent 0","Agent 1",1194197,3345505280908,3345505286068
"MEMORY_COPY","MEMORY_COPY_HOST_TO_DEVICE",2,"Agent 0","Agent 1",1194213,3345505523879,3345505534999
"MEMORY_COPY","MEMORY_COPY_DEVICE_TO_HOST",5,"Agent 1","Agent 0",1194328,3345508789032,3345508793472
"MEMORY_COPY","MEMORY_COPY_DEVICE_TO_HOST",5,"Agent 1","Agent 0",1194329,3345508798672,3345508883673
"MEMORY_COPY","MEMORY_COPY_HOST_TO_DEVICE",2,"Agent 0","Agent 1",1194340,3345509486095,3345509491255
"MEMORY_COPY","MEMORY_COPY_HOST_TO_DEVICE",2,"Agent 0","Agent 1",1194344,3345509504145,3345509509225
"MEMORY_COPY","MEMORY_COPY_HOST_TO_DEVICE",2,"Agent 0","Agent 1",1194360,3345509614755,3345509625795
"MEMORY_COPY","MEMORY_COPY_DEVICE_TO_HOST",5,"Agent 1","Agent 0",1194368,3345512283326,3345512287526
"MEMORY_COPY","MEMORY_COPY_DEVICE_TO_HOST",5,"Agent 1","Agent 0",1194369,3345512291886,3345512345446
"MEMORY_COPY","MEMORY_COPY_HOST_TO_DEVICE",2,"Agent 0","Agent 1",1194380,3345512698698,3345512704018
"MEMORY_COPY","MEMORY_COPY_HOST_TO_DEVICE",2,"Agent 0","Agent 1",1194384,3345512716348,3345512721428
"MEMORY_COPY","MEMORY_COPY_HOST_TO_DEVICE",2,"Agent 0","Agent 1",1194400,3345512822948,3345512833708
"MEMORY_COPY","MEMORY_COPY_DEVICE_TO_HOST",5,"Agent 1","Agent 0",1194408,3345515493369,3345515497769
"MEMORY_COPY","MEMORY_COPY_DEVICE_TO_HOST",5,"Agent 1","Agent 0",1194409,3345515502129,3345515555449
"MEMORY_COPY","MEMORY_COPY_HOST_TO_DEVICE",2,"Agent 0","Agent 1",1194420,3345516199451,3345516209251
"MEMORY_COPY","MEMORY_COPY_HOST_TO_DEVICE",2,"Agent 0","Agent 1",1194435,3345516289902,3345516307822
"MEMORY_COPY","MEMORY_COPY_HOST_TO_DEVICE",2,"Agent 0","Agent 1",1194451,3345516405682,3345516444642
"MEMORY_COPY","MEMORY_COPY_DEVICE_TO_HOST",5,"Agent 1","Agent 0",1194459,3345623613304,3345623803065
"MEMORY_COPY","MEMORY_COPY_DEVICE_TO_HOST",5,"Agent 1","Agent 0",1194460,3345623812665,3345623819785
"MEMORY_COPY","MEMORY_COPY_HOST_TO_DEVICE",2,"Agent 0","Agent 1",1194466,3345624477548,3345624487588
"MEMORY_COPY","MEMORY_COPY_HOST_TO_DEVICE",2,"Agent 0","Agent 1",1194470,3345624505128,3345624514928
"MEMORY_COPY","MEMORY_COPY_HOST_TO_DEVICE",2,"Agent 0","Agent 1",1194486,3345624644798,3345624682799
"MEMORY_COPY","MEMORY_COPY_HOST_TO_DEVICE",2,"Agent 0","Agent 1",1194638,3345627465710,3345627470990
"MEMORY_COPY","MEMORY_COPY_HOST_TO_DEVICE",2,"Agent 0","Agent 1",1194642,3345627488780,3345627493940
"MEMORY_COPY","MEMORY_COPY_HOST_TO_DEVICE",2,"Agent 0","Agent 1",1194658,3345627598180,3345627608980
"MEMORY_COPY","MEMORY_COPY_DEVICE_TO_HOST",5,"Agent 1","Agent 0",1194768,3345630331971,3345630336131
"MEMORY_COPY","MEMORY_COPY_DEVICE_TO_HOST",5,"Agent 1","Agent 0",1194769,3345630340331,3345630395171
"MEMORY_COPY","MEMORY_COPY_HOST_TO_DEVICE",2,"Agent 0","Agent 1",1194780,3345631001773,3345631007014
"MEMORY_COPY","MEMORY_COPY_HOST_TO_DEVICE",2,"Agent 0","Agent 1",1194784,3345631020594,3345631025674
"MEMORY_COPY","MEMORY_COPY_HOST_TO_DEVICE",2,"Agent 0","Agent 1",1194800,3345631128224,3345631138904
"MEMORY_COPY","MEMORY_COPY_DEVICE_TO_HOST",5,"Agent 1","Agent 0",1194915,3345634470407,3345634474607
"MEMORY_COPY","MEMORY_COPY_DEVICE_TO_HOST",5,"Agent 1","Agent 0",1194916,3345634478967,3345634539687
"MEMORY_COPY","MEMORY_COPY_HOST_TO_DEVICE",2,"Agent 0","Agent 1",1194927,3345634867909,3345634873189
"MEMORY_COPY","MEMORY_COPY_HOST_TO_DEVICE",2,"Agent 0","Agent 1",1194931,3345634885399,3345634890719
"MEMORY_COPY","MEMORY_COPY_HOST_TO_DEVICE",2,"Agent 0","Agent 1",1194947,3345634996529,3345635008329
"MEMORY_COPY","MEMORY_COPY_DEVICE_TO_HOST",5,"Agent 1","Agent 0",1194955,3345637687480,3345637691920
"MEMORY_COPY","MEMORY_COPY_DEVICE_TO_HOST",5,"Agent 1","Agent 0",1194956,3345637696280,3345637749480
"MEMORY_COPY","MEMORY_COPY_HOST_TO_DEVICE",2,"Agent 0","Agent 1",1194967,3345638074611,3345638079891
"MEMORY_COPY","MEMORY_COPY_HOST_TO_DEVICE",2,"Agent 0","Agent 1",1194971,3345638092291,3345638097571
"MEMORY_COPY","MEMORY_COPY_HOST_TO_DEVICE",2,"Agent 0","Agent 1",1194987,3345638197772,3345638208652
"MEMORY_COPY","MEMORY_COPY_DEVICE_TO_HOST",5,"Agent 1","Agent 0",1194995,3345640855452,3345640859852
"MEMORY_COPY","MEMORY_COPY_DEVICE_TO_HOST",5,"Agent 1","Agent 0",1194996,3345640864212,3345640948013
"MEMORY_COPY","MEMORY_COPY_HOST_TO_DEVICE",2,"Agent 0","Agent 1",1195007,3345641637225,3345641647105
"MEMORY_COPY","MEMORY_COPY_HOST_TO_DEVICE",2,"Agent 0","Agent 1",1195022,3345641730026,3345641749466
"MEMORY_COPY","MEMORY_COPY_HOST_TO_DEVICE",2,"Agent 0","Agent 1",1195038,3345641857976,3345641901736
"MEMORY_COPY","MEMORY_COPY_DEVICE_TO_HOST",5,"Agent 1","Agent 0",1195046,3345748975749,3345749152910
"MEMORY_COPY","MEMORY_COPY_DEVICE_TO_HOST",5,"Agent 1","Agent 0",1195047,3345749162510,3345749169790
"MEMORY_COPY","MEMORY_COPY_HOST_TO_DEVICE",2,"Agent 0","Agent 1",1195053,3345749772662,3345749782702
"MEMORY_COPY","MEMORY_COPY_HOST_TO_DEVICE",2,"Agent 0","Agent 1",1195057,3345749799432,3345749808952
"MEMORY_COPY","MEMORY_COPY_HOST_TO_DEVICE",2,"Agent 0","Agent 1",1195073,3345749931923,3345749969803
"MEMORY_COPY","MEMORY_COPY_HOST_TO_DEVICE",2,"Agent 0","Agent 1",1195225,3345752749314,3345752754474
"MEMORY_COPY","MEMORY_COPY_HOST_TO_DEVICE",2,"Agent 0","Agent 1",1195229,3345752770904,3345752775864
"MEMORY_COPY","MEMORY_COPY_HOST_TO_DEVICE",2,"Agent 0","Agent 1",1195245,3345752880074,3345752891154
"MEMORY_COPY","MEMORY_COPY_DEVICE_TO_HOST",5,"Agent 1","Agent 0",1195355,3345755736186,3345755740306
"MEMORY_COPY","MEMORY_COPY_DEVICE_TO_HOST",5,"Agent 1","Agent 0",1195356,3345755744466,3345755797746
"MEMORY_COPY","MEMORY_COPY_HOST_TO_DEVICE",2,"Agent 0","Agent 1",1195367,3345756427248,3345756432528
"MEMORY_COPY","MEMORY_COPY_HOST_TO_DEVICE",2,"Agent 0","Agent 1",1195371,3345756476849,3345756482129
"MEMORY_COPY","MEMORY_COPY_HOST_TO_DEVICE",2,"Agent 0","Agent 1",1195387,3345756585109,3345756596309
"MEMORY_COPY","MEMORY_COPY_DEVICE_TO_HOST",5,"Agent 1","Agent 0",1195502,3345759866412,3345759870572
"MEMORY_COPY","MEMORY_COPY_DEVICE_TO_HOST",5,"Agent 1","Agent 0",1195503,3345759874932,3345759934772
"MEMORY_COPY","MEMORY_COPY_HOST_TO_DEVICE",2,"Agent 0","Agent 1",1195514,3345760464354,3345760469714
"MEMORY_COPY","MEMORY_COPY_HOST_TO_DEVICE",2,"Agent 0","Agent 1",1195518,3345760482224,3345760487304
"MEMORY_COPY","MEMORY_COPY_HOST_TO_DEVICE",2,"Agent 0","Agent 1",1195534,3345760589565,3345760600725
"MEMORY_COPY","MEMORY_COPY_DEVICE_TO_HOST",5,"Agent 1","Agent 0",1195542,3345763252005,3345763256245
"MEMORY_COPY","MEMORY_COPY_DEVICE_TO_HOST",5,"Agent 1","Agent 0",1195543,3345763259765,3345763313525
"MEMORY_COPY","MEMORY_COPY_HOST_TO_DEVICE",2,"Agent 0","Agent 1",1195554,3345763634887,3345763640207
"MEMORY_COPY","MEMORY_COPY_HOST_TO_DEVICE",2,"Agent 0","Agent 1",1195558,3345763652457,3345763657777
"MEMORY_COPY","MEMORY_COPY_HOST_TO_DEVICE",2,"Agent 0","Agent 1",1195574,3345763757767,3345763768407
"MEMORY_COPY","MEMORY_COPY_DEVICE_TO_HOST",5,"Agent 1","Agent 0",1195582,3345766420318,3345766424518
"MEMORY_COPY","MEMORY_COPY_DEVICE_TO_HOST",5,"Agent 1","Agent 0",1195583,3345766428878,3345766495198
"MEMORY_COPY","MEMORY_COPY_HOST_TO_DEVICE",2,"Agent 0","Agent 1",1195594,3345767150961,3345767160681
"MEMORY_COPY","MEMORY_COPY_HOST_TO_DEVICE",2,"Agent 0","Agent 1",1195609,3345767309841,3345767327921
"MEMORY_COPY","MEMORY_COPY_HOST_TO_DEVICE",2,"Agent 0","Agent 1",1195625,3345767432762,3345767471722
"MEMORY_COPY","MEMORY_COPY_DEVICE_TO_HOST",5,"Agent 1","Agent 0",1195633,3345874559630,3345874737030
"MEMORY_COPY","MEMORY_COPY_DEVICE_TO_HOST",5,"Agent 1","Agent 0",1195634,3345874744678,3345874751918
"MEMORY_COPY","MEMORY_COPY_HOST_TO_DEVICE",2,"Agent 0","Agent 1",1195640,3345875372290,3345875382290
"MEMORY_COPY","MEMORY_COPY_HOST_TO_DEVICE",2,"Agent 0","Agent 1",1195644,3345875398699,3345875408259
"MEMORY_COPY","MEMORY_COPY_HOST_TO_DEVICE",2,"Agent 0","Agent 1",1195660,3345875519380,3345875557020
"MEMORY_COPY","MEMORY_COPY_HOST_TO_DEVICE",2,"Agent 0","Agent 1",1195812,3345878282171,3345878287491
"MEMORY_COPY","MEMORY_COPY_HOST_TO_DEVICE",2,"Agent 0","Agent 1",1195816,3345878304293,3345878309613
"MEMORY_COPY","MEMORY_COPY_HOST_TO_DEVICE",2,"Agent 0","Agent 1",1195832,3345878423250,3345878435010
"MEMORY_COPY","MEMORY_COPY_DEVICE_TO_HOST",5,"Agent 1","Agent 0",1195942,3345881148157,3345881152397
"MEMORY_COPY","MEMORY_COPY_DEVICE_TO_HOST",5,"Agent 1","Agent 0",1195943,3345881156716,3345881210397
"MEMORY_COPY","MEMORY_COPY_HOST_TO_DEVICE",2,"Agent 0","Agent 1",1195954,3345881817474,3345881822794
"MEMORY_COPY","MEMORY_COPY_HOST_TO_DEVICE",2,"Agent 0","Agent 1",1195958,3345881835608,3345881840688
"MEMORY_COPY","MEMORY_COPY_HOST_TO_DEVICE",2,"Agent 0","Agent 1",1195974,3345881945698,3345881957379
"MEMORY_COPY","MEMORY_COPY_DEVICE_TO_HOST",5,"Agent 1","Agent 0",1196089,3345885215255,3345885219535
"MEMORY_COPY","MEMORY_COPY_DEVICE_TO_HOST",5,"Agent 1","Agent 0",1196090,3345885224280,3345885283281
"MEMORY_COPY","MEMORY_COPY_HOST_TO_DEVICE",2,"Agent 0","Agent 1",1196101,3345885626815,3345885632095
"MEMORY_COPY","MEMORY_COPY_HOST_TO_DEVICE",2,"Agent 0","Agent 1",1196105,3345885644177,3345885649257
"MEMORY_COPY","MEMORY_COPY_HOST_TO_DEVICE",2,"Agent 0","Agent 1",1196121,3345885750991,3345885762231
"MEMORY_COPY","MEMORY_COPY_DEVICE_TO_HOST",5,"Agent 1","Agent 0",1196129,3345888422768,3345888427128
"MEMORY_COPY","MEMORY_COPY_DEVICE_TO_HOST",5,"Agent 1","Agent 0",1196130,3345888431893,3345888485133
"MEMORY_COPY","MEMORY_COPY_HOST_TO_DEVICE",2,"Agent 0","Agent 1",1196141,3345888789623,3345888794863
"MEMORY_COPY","MEMORY_COPY_HOST_TO_DEVICE",2,"Agent 0","Agent 1",1196145,3345888806806,3345888812006
"MEMORY_COPY","MEMORY_COPY_HOST_TO_DEVICE",2,"Agent 0","Agent 1",1196161,3345888919620,3345888930700
"MEMORY_COPY","MEMORY_COPY_DEVICE_TO_HOST",5,"Agent 1","Agent 0",1196169,3345891581018,3345891585298
"MEMORY_COPY","MEMORY_COPY_DEVICE_TO_HOST",5,"Agent 1","Agent 0",1196170,3345891589205,3345891645406
"MEMORY_COPY","MEMORY_COPY_HOST_TO_DEVICE",2,"Agent 0","Agent 1",1196181,3345892301410,3345892311050
"MEMORY_COPY","MEMORY_COPY_HOST_TO_DEVICE",2,"Agent 0","Agent 1",1196196,3345892388120,3345892406320
"MEMORY_COPY","MEMORY_COPY_HOST_TO_DEVICE",2,"Agent 0","Agent 1",1196212,3345892502766,3345892541646
"MEMORY_COPY","MEMORY_COPY_DEVICE_TO_HOST",5,"Agent 1","Agent 0",1196220,3345999696246,3345999873727
"MEMORY_COPY","MEMORY_COPY_DEVICE_TO_HOST",5,"Agent 1","Agent 0",1196221,3345999880687,3345999887807
"MEMORY_COPY","MEMORY_COPY_HOST_TO_DEVICE",2,"Agent 0","Agent 1",1196227,3346000493590,3346000503510
"MEMORY_COPY","MEMORY_COPY_HOST_TO_DEVICE",2,"Agent 0","Agent 1",1196231,3346000518990,3346000528710
"MEMORY_COPY","MEMORY_COPY_HOST_TO_DEVICE",2,"Agent 0","Agent 1",1196247,3346000639500,3346000677260
"MEMORY_COPY","MEMORY_COPY_HOST_TO_DEVICE",2,"Agent 0","Agent 1",1196399,3346003423131,3346003428291
"MEMORY_COPY","MEMORY_COPY_HOST_TO_DEVICE",2,"Agent 0","Agent 1",1196403,3346003445081,3346003450361
"MEMORY_COPY","MEMORY_COPY_HOST_TO_DEVICE",2,"Agent 0","Agent 1",1196419,3346003553432,3346003564312
"MEMORY_COPY","MEMORY_COPY_DEVICE_TO_HOST",5,"Agent 1","Agent 0",1196529,3346006256542,3346006260782
"MEMORY_COPY","MEMORY_COPY_DEVICE_TO_HOST",5,"Agent 1","Agent 0",1196530,3346006264942,3346006335743
"MEMORY_COPY","MEMORY_COPY_HOST_TO_DEVICE",2,"Agent 0","Agent 1",1196541,3346007038315,3346007043915
"MEMORY_COPY","MEMORY_COPY_HOST_TO_DEVICE",2,"Agent 0","Agent 1",1196545,3346007058075,3346007063715
"MEMORY_COPY","MEMORY_COPY_HOST_TO_DEVICE",2,"Agent 0","Agent 1",1196561,3346007176976,3346007190416
"MEMORY_COPY","MEMORY_COPY_DEVICE_TO_HOST",5,"Agent 1","Agent 0",1196676,3346010527227,3346010531547
"MEMORY_COPY","MEMORY_COPY_DEVICE_TO_HOST",5,"Agent 1","Agent 0",1196677,3346010535907,3346010596708
"MEMORY_COPY","MEMORY_COPY_HOST_TO_DEVICE",2,"Agent 0","Agent 1",1196688,3346010963979,3346010969339
"MEMORY_COPY","MEMORY_COPY_HOST_TO_DEVICE",2,"Agent 0","Agent 1",1196692,3346010981379,3346010986499
"MEMORY_COPY","MEMORY_COPY_HOST_TO_DEVICE",2,"Agent 0","Agent 1",1196708,3346011090050,3346011100930
"MEMORY_COPY","MEMORY_COPY_DEVICE_TO_HOST",5,"Agent 1","Agent 0",1196716,3346013759380,3346013763780
"MEMORY_COPY","MEMORY_COPY_DEVICE_TO_HOST",5,"Agent 1","Agent 0",1196717,3346013768100,3346013826020
"MEMORY_COPY","MEMORY_COPY_HOST_TO_DEVICE",2,"Agent 0","Agent 1",1196728,3346014177872,3346014183152
"MEMORY_COPY","MEMORY_COPY_HOST_TO_DEVICE",2,"Agent 0","Agent 1",1196732,3346014195522,3346014200762
"MEMORY_COPY","MEMORY_COPY_HOST_TO_DEVICE",2,"Agent 0","Agent 1",1196748,3346014311202,3346014322282
"MEMORY_COPY","MEMORY_COPY_DEVICE_TO_HOST",5,"Agent 1","Agent 0",1196756,3346016983343,3346016987623
"MEMORY_COPY","MEMORY_COPY_DEVICE_TO_HOST",5,"Agent 1","Agent 0",1196757,3346016991983,3346017049423
"MEMORY_COPY","MEMORY_COPY_HOST_TO_DEVICE",2,"Agent 0","Agent 1",1196768,3346017695866,3346017705586
"MEMORY_COPY","MEMORY_COPY_HOST_TO_DEVICE",2,"Agent 0","Agent 1",1196783,3346017784146,3346017802066
"MEMORY_COPY","MEMORY_COPY_HOST_TO_DEVICE",2,"Agent 0","Agent 1",1196799,3346017898986,3346017938667
"MEMORY_COPY","MEMORY_COPY_DEVICE_TO_HOST",5,"Agent 1","Agent 0",1196807,3346125030167,3346125207487
"MEMORY_COPY","MEMORY_COPY_DEVICE_TO_HOST",5,"Agent 1","Agent 0",1196808,3346125216168,3346125223368
"MEMORY_COPY","MEMORY_COPY_HOST_TO_DEVICE",2,"Agent 0","Agent 1",1196814,3346125836380,3346125846540
"MEMORY_COPY","MEMORY_COPY_HOST_TO_DEVICE",2,"Agent 0","Agent 1",1196818,3346125862630,3346125872150
"MEMORY_COPY","MEMORY_COPY_HOST_TO_DEVICE",2,"Agent 0","Agent 1",1196834,3346125981981,3346126023221
"MEMORY_COPY","MEMORY_COPY_HOST_TO_DEVICE",2,"Agent 0","Agent 1",1196986,3346128767352,3346128772512
"MEMORY_COPY","MEMORY_COPY_HOST_TO_DEVICE",2,"Agent 0","Agent 1",1196990,3346128788992,3346128794192
"MEMORY_COPY","MEMORY_COPY_HOST_TO_DEVICE",2,"Agent 0","Agent 1",1197006,3346129035163,3346129046043
"MEMORY_COPY","MEMORY_COPY_DEVICE_TO_HOST",5,"Agent 1","Agent 0",1197116,3346131747833,3346131751953
"MEMORY_COPY","MEMORY_COPY_DEVICE_TO_HOST",5,"Agent 1","Agent 0",1197117,3346131756153,3346131809793
"MEMORY_COPY","MEMORY_COPY_HOST_TO_DEVICE",2,"Agent 0","Agent 1",1197128,3346132424836,3346132430076
"MEMORY_COPY","MEMORY_COPY_HOST_TO_DEVICE",2,"Agent 0","Agent 1",1197132,3346132443026,3346132448186
"MEMORY_COPY","MEMORY_COPY_HOST_TO_DEVICE",2,"Agent 0","Agent 1",1197148,3346132548556,3346132559356
"MEMORY_COPY","MEMORY_COPY_DEVICE_TO_HOST",5,"Agent 1","Agent 0",1197263,3346135774239,3346135778519
"MEMORY_COPY","MEMORY_COPY_DEVICE_TO_HOST",5,"Agent 1","Agent 0",1197264,3346135782079,3346135843879
"MEMORY_COPY","MEMORY_COPY_HOST_TO_DEVICE",2,"Agent 0","Agent 1",1197275,3346136180571,3346136185811
"MEMORY_COPY","MEMORY_COPY_HOST_TO_DEVICE",2,"Agent 0","Agent 1",1197279,3346136198191,3346136203311
"MEMORY_COPY","MEMORY_COPY_HOST_TO_DEVICE",2,"Agent 0","Agent 1",1197295,3346136304211,3346136315131
"MEMORY_COPY","MEMORY_COPY_DEVICE_TO_HOST",5,"Agent 1","Agent 0",1197303,3346138977122,3346138981442
"MEMORY_COPY","MEMORY_COPY_DEVICE_TO_HOST",5,"Agent 1","Agent 0",1197304,3346138985802,3346139047962
"MEMORY_COPY","MEMORY_COPY_HOST_TO_DEVICE",2,"Agent 0","Agent 1",1197315,3346139363573,3346139368853
"MEMORY_COPY","MEMORY_COPY_HOST_TO_DEVICE",2,"Agent 0","Agent 1",1197319,3346139381183,3346139386463
"MEMORY_COPY","MEMORY_COPY_HOST_TO_DEVICE",2,"Agent 0","Agent 1",1197335,3346139487854,3346139498654
"MEMORY_COPY","MEMORY_COPY_DEVICE_TO_HOST",5,"Agent 1","Agent 0",1197343,3346142165464,3346142169824
"MEMORY_COPY","MEMORY_COPY_DEVICE_TO_HOST",5,"Agent 1","Agent 0",1197344,3346142173344,3346142228784
"MEMORY_COPY","MEMORY_COPY_HOST_TO_DEVICE",2,"Agent 0","Agent 1",1197355,3346142873427,3346142883027
"MEMORY_COPY","MEMORY_COPY_HOST_TO_DEVICE",2,"Agent 0","Agent 1",1197370,3346142960427,3346142978547
"MEMORY_COPY","MEMORY_COPY_HOST_TO_DEVICE",2,"Agent 0","Agent 1",1197386,3346143077858,3346143116658
"MEMORY_COPY","MEMORY_COPY_DEVICE_TO_HOST",5,"Agent 1","Agent 0",1197394,3346250114303,3346250293703
"MEMORY_COPY","MEMORY_COPY_DEVICE_TO_HOST",5,"Agent 1","Agent 0",1197395,3346250303223,3346250310263
"MEMORY_COPY","MEMORY_COPY_HOST_TO_DEVICE",2,"Agent 0","Agent 1",1197401,3346250921926,3346250932006
"MEMORY_COPY","MEMORY_COPY_HOST_TO_DEVICE",2,"Agent 0","Agent 1",1197405,3346250947896,3346250957456
"MEMORY_COPY","MEMORY_COPY_HOST_TO_DEVICE",2,"Agent 0","Agent 1",1197421,3346251085786,3346251123347
"MEMORY_COPY","MEMORY_COPY_HOST_TO_DEVICE",2,"Agent 0","Agent 1",1197573,3346253872777,3346253878017
"MEMORY_COPY","MEMORY_COPY_HOST_TO_DEVICE",2,"Agent 0","Agent 1",1197577,3346253894398,3346253899798
"MEMORY_COPY","MEMORY_COPY_HOST_TO_DEVICE",2,"Agent 0","Agent 1",1197593,3346254003168,3346254014488
"MEMORY_COPY","MEMORY_COPY_DEVICE_TO_HOST",5,"Agent 1","Agent 0",1197703,3346256738139,3346256742179
"MEMORY_COPY","MEMORY_COPY_DEVICE_TO_HOST",5,"Agent 1","Agent 0",1197704,3346256746379,3346256813339
"MEMORY_COPY","MEMORY_COPY_HOST_TO_DEVICE",2,"Agent 0","Agent 1",1197715,3346257461242,3346257466642
"MEMORY_COPY","MEMORY_COPY_HOST_TO_DEVICE",2,"Agent 0","Agent 1",1197719,3346257479632,3346257484952
"MEMORY_COPY","MEMORY_COPY_HOST_TO_DEVICE",2,"Agent 0","Agent 1",1197735,3346257587302,3346257597942
"MEMORY_COPY","MEMORY_COPY_DEVICE_TO_HOST",5,"Agent 1","Agent 0",1197850,3346260983325,3346260987725
"MEMORY_COPY","MEMORY_COPY_DEVICE_TO_HOST",5,"Agent 1","Agent 0",1197851,3346260992045,3346261061726
"MEMORY_COPY","MEMORY_COPY_HOST_TO_DEVICE",2,"Agent 0","Agent 1",1197862,3346261591498,3346261596898
"MEMORY_COPY","MEMORY_COPY_HOST_TO_DEVICE",2,"Agent 0","Agent 1",1197866,3346261610188,3346261615668
"MEMORY_COPY","MEMORY_COPY_HOST_TO_DEVICE",2,"Agent 0","Agent 1",1197882,3346261722758,3346261738678
"MEMORY_COPY","MEMORY_COPY_DEVICE_TO_HOST",5,"Agent 1","Agent 0",1197890,3346264414199,3346264418519
"MEMORY_COPY","MEMORY_COPY_DEVICE_TO_HOST",5,"Agent 1","Agent 0",1197891,3346264422039,3346264482199
"MEMORY_COPY","MEMORY_COPY_HOST_TO_DEVICE",2,"Agent 0","Agent 1",1197902,3346264816091,3346264821411
"MEMORY_COPY","MEMORY_COPY_HOST_TO_DEVICE",2,"Agent 0","Agent 1",1197906,3346264834031,3346264839031
"MEMORY_COPY","MEMORY_COPY_HOST_TO_DEVICE",2,"Agent 0","Agent 1",1197922,3346264941351,3346264952591
"MEMORY_COPY","MEMORY_COPY_DEVICE_TO_HOST",5,"Agent 1","Agent 0",1197930,3346267618482,3346267622882
"MEMORY_COPY","MEMORY_COPY_DEVICE_TO_HOST",5,"Agent 1","Agent 0",1197931,3346267627242,3346267680482
"MEMORY_COPY","MEMORY_COPY_HOST_TO_DEVICE",2,"Agent 0","Agent 1",1197942,3346268379785,3346268390305
"MEMORY_COPY","MEMORY_COPY_HOST_TO_DEVICE",2,"Agent 0","Agent 1",1197957,3346268519235,3346268537355
"MEMORY_COPY","MEMORY_COPY_HOST_TO_DEVICE",2,"Agent 0","Agent 1",1197973,3346268645456,3346268684296
"MEMORY_COPY","MEMORY_COPY_DEVICE_TO_HOST",5,"Agent 1","Agent 0",1197981,3346375702294,3346375879535
"MEMORY_COPY","MEMORY_COPY_DEVICE_TO_HOST",5,"Agent 1","Agent 0",1197982,3346375886495,3346375893735
"MEMORY_COPY","MEMORY_COPY_HOST_TO_DEVICE",2,"Agent 0","Agent 1",1197988,3346376507477,3346376517557
"MEMORY_COPY","MEMORY_COPY_HOST_TO_DEVICE",2,"Agent 0","Agent 1",1197992,3346376535097,3346376544577
"MEMORY_COPY","MEMORY_COPY_HOST_TO_DEVICE",2,"Agent 0","Agent 1",1198008,3346376655688,3346376693248
"MEMORY_COPY","MEMORY_COPY_HOST_TO_DEVICE",2,"Agent 0","Agent 1",1198160,3346379429819,3346379435179
"MEMORY_COPY","MEMORY_COPY_HOST_TO_DEVICE",2,"Agent 0","Agent 1",1198164,3346379452219,3346379457459
"MEMORY_COPY","MEMORY_COPY_HOST_TO_DEVICE",2,"Agent 0","Agent 1",1198180,3346379560649,3346379571529
"MEMORY_COPY","MEMORY_COPY_DEVICE_TO_HOST",5,"Agent 1","Agent 0",1198290,3346382269530,3346382273530
"MEMORY_COPY","MEMORY_COPY_DEVICE_TO_HOST",5,"Agent 1","Agent 0",1198291,3346382277730,3346382345530
"MEMORY_COPY","MEMORY_COPY_HOST_TO_DEVICE",2,"Agent 0","Agent 1",1198302,3346382984163,3346382989483
"MEMORY_COPY","MEMORY_COPY_HOST_TO_DEVICE",2,"Agent 0","Agent 1",1198306,3346383002433,3346383007873
"MEMORY_COPY","MEMORY_COPY_HOST_TO_DEVICE",2,"Agent 0","Agent 1",1198322,3346383115593,3346383126353
"MEMORY_COPY","MEMORY_COPY_DEVICE_TO_HOST",5,"Agent 1","Agent 0",1198437,3346386426106,3346386430426
"MEMORY_COPY","MEMORY_COPY_DEVICE_TO_HOST",5,"Agent 1","Agent 0",1198438,3346386433986,3346386487306
"MEMORY_COPY","MEMORY_COPY_HOST_TO_DEVICE",2,"Agent 0","Agent 1",1198449,3346386838038,3346386843278
"MEMORY_COPY","MEMORY_COPY_HOST_TO_DEVICE",2,"Agent 0","Agent 1",1198453,3346386855618,3346386860978
"MEMORY_COPY","MEMORY_COPY_HOST_TO_DEVICE",2,"Agent 0","Agent 1",1198469,3346386962328,3346386973168
"MEMORY_COPY","MEMORY_COPY_DEVICE_TO_HOST",5,"Agent 1","Agent 0",1198477,3346389638259,3346389642459
"MEMORY_COPY","MEMORY_COPY_DEVICE_TO_HOST",5,"Agent 1","Agent 0",1198478,3346389646819,3346389700059
"MEMORY_COPY","MEMORY_COPY_HOST_TO_DEVICE",2,"Agent 0","Agent 1",1198489,3346390025390,3346390030630
"MEMORY_COPY","MEMORY_COPY_HOST_TO_DEVICE",2,"Agent 0","Agent 1",1198493,3346390042830,3346390048030
"MEMORY_COPY","MEMORY_COPY_HOST_TO_DEVICE",2,"Agent 0","Agent 1",1198509,3346390154131,3346390165011
"MEMORY_COPY","MEMORY_COPY_DEVICE_TO_HOST",5,"Agent 1","Agent 0",1198517,3346392821661,3346392826021
"MEMORY_COPY","MEMORY_COPY_DEVICE_TO_HOST",5,"Agent 1","Agent 0",1198518,3346392830381,3346392889142
"MEMORY_COPY","MEMORY_COPY_HOST_TO_DEVICE",2,"Agent 0","Agent 1",1198529,3346393561324,3346393571324
"MEMORY_COPY","MEMORY_COPY_HOST_TO_DEVICE",2,"Agent 0","Agent 1",1198544,3346393650605,3346393669085
"MEMORY_COPY","MEMORY_COPY_HOST_TO_DEVICE",2,"Agent 0","Agent 1",1198560,3346393766465,3346393805545
"MEMORY_COPY","MEMORY_COPY_DEVICE_TO_HOST",5,"Agent 1","Agent 0",1198568,3346500699786,3346500878587
"MEMORY_COPY","MEMORY_COPY_DEVICE_TO_HOST",5,"Agent 1","Agent 0",1198569,3346500887187,3346500894227
"MEMORY_COPY","MEMORY_COPY_HOST_TO_DEVICE",2,"Agent 0","Agent 1",1198575,3346501568010,3346501578210
"MEMORY_COPY","MEMORY_COPY_HOST_TO_DEVICE",2,"Agent 0","Agent 1",1198579,3346501594230,3346501604470
"MEMORY_COPY","MEMORY_COPY_HOST_TO_DEVICE",2,"Agent 0","Agent 1",1198595,3346501720660,3346501760220
"MEMORY_COPY","MEMORY_COPY_HOST_TO_DEVICE",2,"Agent 0","Agent 1",1198747,3346504559071,3346504564231
"MEMORY_COPY","MEMORY_COPY_HOST_TO_DEVICE",2,"Agent 0","Agent 1",1198751,3346504584741,3346504589901
"MEMORY_COPY","MEMORY_COPY_HOST_TO_DEVICE",2,"Agent 0","Agent 1",1198767,3346504755582,3346504767142
"MEMORY_COPY","MEMORY_COPY_DEVICE_TO_HOST",5,"Agent 1","Agent 0",1198877,3346507491193,3346507495273
"MEMORY_COPY","MEMORY_COPY_DEVICE_TO_HOST",5,"Agent 1","Agent 0",1198878,3346507499393,3346507552593
"MEMORY_COPY","MEMORY_COPY_HOST_TO_DEVICE",2,"Agent 0","Agent 1",1198889,3346508169065,3346508174306
"MEMORY_COPY","MEMORY_COPY_HOST_TO_DEVICE",2,"Agent 0","Agent 1",1198893,3346508187646,3346508192966
"MEMORY_COPY","MEMORY_COPY_HOST_TO_DEVICE",2,"Agent 0","Agent 1",1198909,3346508308736,3346508319616
"MEMORY_COPY","MEMORY_COPY_DEVICE_TO_HOST",5,"Agent 1","Agent 0",1199024,3346511594149,3346511598469
"MEMORY_COPY","MEMORY_COPY_DEVICE_TO_HOST",5,"Agent 1","Agent 0",1199025,3346511693429,3346511837990
"MEMORY_COPY","MEMORY_COPY_HOST_TO_DEVICE",2,"Agent 0","Agent 1",1199036,3346512673533,3346512678933
"MEMORY_COPY","MEMORY_COPY_HOST_TO_DEVICE",2,"Agent 0","Agent 1",1199040,3346512695493,3346512700813
"MEMORY_COPY","MEMORY_COPY_HOST_TO_DEVICE",2,"Agent 0","Agent 1",1199056,3346512823584,3346512836904
"MEMORY_COPY","MEMORY_COPY_DEVICE_TO_HOST",5,"Agent 1","Agent 0",1199064,3346515503924,3346515508244
"MEMORY_COPY","MEMORY_COPY_DEVICE_TO_HOST",5,"Agent 1","Agent 0",1199065,3346515516844,3346515615005
"MEMORY_COPY","MEMORY_COPY_HOST_TO_DEVICE",2,"Agent 0","Agent 1",1199076,3346516542138,3346516547618
"MEMORY_COPY","MEMORY_COPY_HOST_TO_DEVICE",2,"Agent 0","Agent 1",1199080,3346516573929,3346516580129
"MEMORY_COPY","MEMORY_COPY_HOST_TO_DEVICE",2,"Agent 0","Agent 1",1199096,3346516735779,3346516753339
"MEMORY_COPY","MEMORY_COPY_DEVICE_TO_HOST",5,"Agent 1","Agent 0",1199104,3346519603080,3346519607321
"MEMORY_COPY","MEMORY_COPY_DEVICE_TO_HOST",5,"Agent 1","Agent 0",1199105,3346519615201,3346519741121
"MEMORY_COPY","MEMORY_COPY_HOST_TO_DEVICE",2,"Agent 0","Agent 1",1199116,3346521024696,3346521034936
"MEMORY_COPY","MEMORY_COPY_HOST_TO_DEVICE",2,"Agent 0","Agent 1",1199131,3346521163197,3346521182597
"MEMORY_COPY","MEMORY_COPY_HOST_TO_DEVICE",2,"Agent 0","Agent 1",1199147,3346521303147,3346521350667
"MEMORY_COPY","MEMORY_COPY_DEVICE_TO_HOST",5,"Agent 1","Agent 0",1199155,3346628629694,3346628806815
"MEMORY_COPY","MEMORY_COPY_DEVICE_TO_HOST",5,"Agent 1","Agent 0",1199156,3346628817175,3346628824335
"MEMORY_COPY","MEMORY_COPY_HOST_TO_DEVICE",2,"Agent 0","Agent 1",1199162,3346629460237,3346629470277
"MEMORY_COPY","MEMORY_COPY_HOST_TO_DEVICE",2,"Agent 0","Agent 1",1199166,3346629487247,3346629496887
"MEMORY_COPY","MEMORY_COPY_HOST_TO_DEVICE",2,"Agent 0","Agent 1",1199182,3346629607878,3346629645358
"MEMORY_COPY","MEMORY_COPY_HOST_TO_DEVICE",2,"Agent 0","Agent 1",1199334,3346632395559,3346632400799
"MEMORY_COPY","MEMORY_COPY_HOST_TO_DEVICE",2,"Agent 0","Agent 1",1199338,3346632417909,3346632423069
"MEMORY_COPY","MEMORY_COPY_HOST_TO_DEVICE",2,"Agent 0","Agent 1",1199354,3346632526569,3346632537929
"MEMORY_COPY","MEMORY_COPY_DEVICE_TO_HOST",5,"Agent 1","Agent 0",1199464,3346635274190,3346635278230
"MEMORY_COPY","MEMORY_COPY_DEVICE_TO_HOST",5,"Agent 1","Agent 0",1199465,3346635282430,3346635344750
"MEMORY_COPY","MEMORY_COPY_HOST_TO_DEVICE",2,"Agent 0","Agent 1",1199476,3346635968013,3346635973213
"MEMORY_COPY","MEMORY_COPY_HOST_TO_DEVICE",2,"Agent 0","Agent 1",1199480,3346635986163,3346635991283
"MEMORY_COPY","MEMORY_COPY_HOST_TO_DEVICE",2,"Agent 0","Agent 1",1199496,3346636098893,3346636109933
"MEMORY_COPY","MEMORY_COPY_DEVICE_TO_HOST",5,"Agent 1","Agent 0",1199611,3346639365296,3346639369536
"MEMORY_COPY","MEMORY_COPY_DEVICE_TO_HOST",5,"Agent 1","Agent 0",1199612,3346639373856,3346639427137
"MEMORY_COPY","MEMORY_COPY_HOST_TO_DEVICE",2,"Agent 0","Agent 1",1199623,3346639794908,3346639800068
"MEMORY_COPY","MEMORY_COPY_HOST_TO_DEVICE",2,"Agent 0","Agent 1",1199627,3346639812138,3346639817418
"MEMORY_COPY","MEMORY_COPY_HOST_TO_DEVICE",2,"Agent 0","Agent 1",1199643,3346639918608,3346639930489
"MEMORY_COPY","MEMORY_COPY_DEVICE_TO_HOST",5,"Agent 1","Agent 0",1199651,3346642579079,3346642583519
"MEMORY_COPY","MEMORY_COPY_DEVICE_TO_HOST",5,"Agent 1","Agent 0",1199652,3346642587919,3346642641159
"MEMORY_COPY","MEMORY_COPY_HOST_TO_DEVICE",2,"Agent 0","Agent 1",1199663,3346642965560,3346642970921
"MEMORY_COPY","MEMORY_COPY_HOST_TO_DEVICE",2,"Agent 0","Agent 1",1199667,3346642983111,3346642988191
"MEMORY_COPY","MEMORY_COPY_HOST_TO_DEVICE",2,"Agent 0","Agent 1",1199683,3346643089881,3346643101841
"MEMORY_COPY","MEMORY_COPY_DEVICE_TO_HOST",5,"Agent 1","Agent 0",1199691,3346645762321,3346645766642
"MEMORY_COPY","MEMORY_COPY_DEVICE_TO_HOST",5,"Agent 1","Agent 0",1199692,3346645771002,3346645824402
"MEMORY_COPY","MEMORY_COPY_HOST_TO_DEVICE",2,"Agent 0","Agent 1",1199703,3346646504434,3346646514754
"MEMORY_COPY","MEMORY_COPY_HOST_TO_DEVICE",2,"Agent 0","Agent 1",1199718,3346646594895,3346646613775
"MEMORY_COPY","MEMORY_COPY_HOST_TO_DEVICE",2,"Agent 0","Agent 1",1199734,3346646711655,3346646750615
"MEMORY_COPY","MEMORY_COPY_DEVICE_TO_HOST",5,"Agent 1","Agent 0",1199742,3346753861095,3346754038295
"MEMORY_COPY","MEMORY_COPY_DEVICE_TO_HOST",5,"Agent 1","Agent 0",1199743,3346754046885,3346754054325
"MEMORY_COPY","MEMORY_COPY_HOST_TO_DEVICE",2,"Agent 0","Agent 1",1199749,3346754668685,3346754678485
"MEMORY_COPY","MEMORY_COPY_HOST_TO_DEVICE",2,"Agent 0","Agent 1",1199753,3346754695195,3346754704675
"MEMORY_COPY","MEMORY_COPY_HOST_TO_DEVICE",2,"Agent 0","Agent 1",1199769,3346754826046,3346754864006
"MEMORY_COPY","MEMORY_COPY_HOST_TO_DEVICE",2,"Agent 0","Agent 1",1199921,3346757613744,3346757619024
"MEMORY_COPY","MEMORY_COPY_HOST_TO_DEVICE",2,"Agent 0","Agent 1",1199925,3346757637018,3346757642418
"MEMORY_COPY","MEMORY_COPY_HOST_TO_DEVICE",2,"Agent 0","Agent 1",1199941,3346757749180,3346757760220
"MEMORY_COPY","MEMORY_COPY_DEVICE_TO_HOST",5,"Agent 1","Agent 0",1200051,3346760486943,3346760490983
"MEMORY_COPY","MEMORY_COPY_DEVICE_TO_HOST",5,"Agent 1","Agent 0",1200052,3346760495425,3346760566065
"MEMORY_COPY","MEMORY_COPY_HOST_TO_DEVICE",2,"Agent 0","Agent 1",1200063,3346761192068,3346761197308
"MEMORY_COPY","MEMORY_COPY_HOST_TO_DEVICE",2,"Agent 0","Agent 1",1200067,3346761210142,3346761215262
"MEMORY_COPY","MEMORY_COPY_HOST_TO_DEVICE",2,"Agent 0","Agent 1",1200083,3346761318938,3346761329818
"MEMORY_COPY","MEMORY_COPY_DEVICE_TO_HOST",5,"Agent 1","Agent 0",1200198,3346764620727,3346764625007
"MEMORY_COPY","MEMORY_COPY_DEVICE_TO_HOST",5,"Agent 1","Agent 0",1200199,3346764629825,3346764696945
"MEMORY_COPY","MEMORY_COPY_HOST_TO_DEVICE",2,"Agent 0","Agent 1",1200210,3346765225562,3346765230802
"MEMORY_COPY","MEMORY_COPY_HOST_TO_DEVICE",2,"Agent 0","Agent 1",1200214,3346765243165,3346765248245
"MEMORY_COPY","MEMORY_COPY_HOST_TO_DEVICE",2,"Agent 0","Agent 1",1200230,3346765360819,3346765371819
"MEMORY_COPY","MEMORY_COPY_DEVICE_TO_HOST",5,"Agent 1","Agent 0",1200238,3346768109021,3346768113341
"MEMORY_COPY","MEMORY_COPY_DEVICE_TO_HOST",5,"Agent 1","Agent 0",1200239,3346768118061,3346768171421
"MEMORY_COPY","MEMORY_COPY_HOST_TO_DEVICE",2,"Agent 0","Agent 1",1200250,3346768491055,3346768496375
"MEMORY_COPY","MEMORY_COPY_HOST_TO_DEVICE",2,"Agent 0","Agent 1",1200254,3346768508488,3346768513488
"MEMORY_COPY","MEMORY_COPY_HOST_TO_DEVICE",2,"Agent 0","Agent 1",1200270,3346768614529,3346768625409
"MEMORY_COPY","MEMORY_COPY_DEVICE_TO_HOST",5,"Agent 1","Agent 0",1200278,3346771281759,3346771286119
"MEMORY_COPY","MEMORY_COPY_DEVICE_TO_HOST",5,"Agent 1","Agent 0",1200279,3346771289717,3346771343357
"MEMORY_COPY","MEMORY_COPY_HOST_TO_DEVICE",2,"Agent 0","Agent 1",1200290,3346771989267,3346771999187
"MEMORY_COPY","MEMORY_COPY_HOST_TO_DEVICE",2,"Agent 0","Agent 1",1200305,3346772089241,3346772107161
"MEMORY_COPY","MEMORY_COPY_HOST_TO_DEVICE",2,"Agent 0","Agent 1",1200321,3346772210971,3346772250091
"MEMORY_COPY","MEMORY_COPY_DEVICE_TO_HOST",5,"Agent 1","Agent 0",1200329,3346880822843,3346881001683
"MEMORY_COPY","MEMORY_COPY_DEVICE_TO_HOST",5,"Agent 1","Agent 0",1200330,3346881012884,3346881020004
"MEMORY_COPY","MEMORY_COPY_HOST_TO_DEVICE",2,"Agent 0","Agent 1",1200336,3346881679516,3346881689756
"MEMORY_COPY","MEMORY_COPY_HOST_TO_DEVICE",2,"Agent 0","Agent 1",1200340,3346881706096,3346881716016
"MEMORY_COPY","MEMORY_COPY_HOST_TO_DEVICE",2,"Agent 0","Agent 1",1200356,3346881853367,3346881896687
"MEMORY_COPY","MEMORY_COPY_HOST_TO_DEVICE",2,"Agent 0","Agent 1",1200508,3346884652418,3346884657538
"MEMORY_COPY","MEMORY_COPY_HOST_TO_DEVICE",2,"Agent 0","Agent 1",1200512,3346884674118,3346884679118
"MEMORY_COPY","MEMORY_COPY_HOST_TO_DEVICE",2,"Agent 0","Agent 1",1200528,3346884782068,3346884792748
"MEMORY_COPY","MEMORY_COPY_DEVICE_TO_HOST",5,"Agent 1","Agent 0",1200638,3346887476379,3346887480499
"MEMORY_COPY","MEMORY_COPY_DEVICE_TO_HOST",5,"Agent 1","Agent 0",1200639,3346887484699,3346887538219
"MEMORY_COPY","MEMORY_COPY_HOST_TO_DEVICE",2,"Agent 0","Agent 1",1200650,3346888164612,3346888169972
"MEMORY_COPY","MEMORY_COPY_HOST_TO_DEVICE",2,"Agent 0","Agent 1",1200654,3346888233412,3346888238652
"MEMORY_COPY","MEMORY_COPY_HOST_TO_DEVICE",2,"Agent 0","Agent 1",1200670,3346888343162,3346888353842
"MEMORY_COPY","MEMORY_COPY_DEVICE_TO_HOST",5,"Agent 1","Agent 0",1200785,3346891632274,3346891636514
"MEMORY_COPY","MEMORY_COPY_DEVICE_TO_HOST",5,"Agent 1","Agent 0",1200786,3346891640034,3346891693395
"MEMORY_COPY","MEMORY_COPY_HOST_TO_DEVICE",2,"Agent 0","Agent 1",1200797,3346892042126,3346892047406
"MEMORY_COPY","MEMORY_COPY_HOST_TO_DEVICE",2,"Agent 0","Agent 1",1200801,3346892059676,3346892064956
"MEMORY_COPY","MEMORY_COPY_HOST_TO_DEVICE",2,"Agent 0","Agent 1",1200817,3346892166497,3346892177817
"MEMORY_COPY","MEMORY_COPY_DEVICE_TO_HOST",5,"Agent 1","Agent 0",1200825,3346894825977,3346894830137
"MEMORY_COPY","MEMORY_COPY_DEVICE_TO_HOST",5,"Agent 1","Agent 0",1200826,3346894833657,3346894886897
"MEMORY_COPY","MEMORY_COPY_HOST_TO_DEVICE",2,"Agent 0","Agent 1",1200837,3346895195288,3346895200528
"MEMORY_COPY","MEMORY_COPY_HOST_TO_DEVICE",2,"Agent 0","Agent 1",1200841,3346895212889,3346895218129
"MEMORY_COPY","MEMORY_COPY_HOST_TO_DEVICE",2,"Agent 0","Agent 1",1200857,3346895398749,3346895409349
"MEMORY_COPY","MEMORY_COPY_DEVICE_TO_HOST",5,"Agent 1","Agent 0",1200865,3346898073910,3346898078390
"MEMORY_COPY","MEMORY_COPY_DEVICE_TO_HOST",5,"Agent 1","Agent 0",1200866,3346898082750,3346898150630
"MEMORY_COPY","MEMORY_COPY_HOST_TO_DEVICE",2,"Agent 0","Agent 1",1200877,3346898824753,3346898835033
"MEMORY_COPY","MEMORY_COPY_HOST_TO_DEVICE",2,"Agent 0","Agent 1",1200892,3346898914513,3346898934873
"MEMORY_COPY","MEMORY_COPY_HOST_TO_DEVICE",2,"Agent 0","Agent 1",1200908,3346899035314,3346899074034
"MEMORY_COPY","MEMORY_COPY_DEVICE_TO_HOST",5,"Agent 1","Agent 0",1200916,3347006257219,3347006439700
"MEMORY_COPY","MEMORY_COPY_DEVICE_TO_HOST",5,"Agent 1","Agent 0",1200917,3347006447500,3347006454620
"MEMORY_COPY","MEMORY_COPY_HOST_TO_DEVICE",2,"Agent 0","Agent 1",1200923,3347007071812,3347007081852
"MEMORY_COPY","MEMORY_COPY_HOST_TO_DEVICE",2,"Agent 0","Agent 1",1200927,3347007098803,3347007108763
"MEMORY_COPY","MEMORY_COPY_HOST_TO_DEVICE",2,"Agent 0","Agent 1",1200943,3347007219603,3347007258923
"MEMORY_COPY","MEMORY_COPY_HOST_TO_DEVICE",2,"Agent 0","Agent 1",1201095,3347009993714,3347009998914
"MEMORY_COPY","MEMORY_COPY_HOST_TO_DEVICE",2,"Agent 0","Agent 1",1201099,3347010020474,3347010025794
"MEMORY_COPY","MEMORY_COPY_HOST_TO_DEVICE",2,"Agent 0","Agent 1",1201115,3347010131714,3347010144034
"MEMORY_COPY","MEMORY_COPY_DEVICE_TO_HOST",5,"Agent 1","Agent 0",1201225,3347012848385,3347012852345
"MEMORY_COPY","MEMORY_COPY_DEVICE_TO_HOST",5,"Agent 1","Agent 0",1201226,3347012856505,3347012923185
"MEMORY_COPY","MEMORY_COPY_HOST_TO_DEVICE",2,"Agent 0","Agent 1",1201237,3347013574328,3347013579568
"MEMORY_COPY","MEMORY_COPY_HOST_TO_DEVICE",2,"Agent 0","Agent 1",1201241,3347013593038,3347013598238
"MEMORY_COPY","MEMORY_COPY_HOST_TO_DEVICE",2,"Agent 0","Agent 1",1201257,3347013710639,3347013721879
"MEMORY_COPY","MEMORY_COPY_DEVICE_TO_HOST",5,"Agent 1","Agent 0",1201372,3347017013332,3347017017612
"MEMORY_COPY","MEMORY_COPY_DEVICE_TO_HOST",5,"Agent 1","Agent 0",1201373,3347017021092,3347017085372
"MEMORY_COPY","MEMORY_COPY_HOST_TO_DEVICE",2,"Agent 0","Agent 1",1201384,3347017616034,3347017621394
"MEMORY_COPY","MEMORY_COPY_HOST_TO_DEVICE",2,"Agent 0","Agent 1",1201388,3347017633524,3347017638804
"MEMORY_COPY","MEMORY_COPY_HOST_TO_DEVICE",2,"Agent 0","Agent 1",1201404,3347017739904,3347017750744
"MEMORY_COPY","MEMORY_COPY_DEVICE_TO_HOST",5,"Agent 1","Agent 0",1201412,3347020413845,3347020418045
"MEMORY_COPY","MEMORY_COPY_DEVICE_TO_HOST",5,"Agent 1","Agent 0",1201413,3347020422405,3347020475605
"MEMORY_COPY","MEMORY_COPY_HOST_TO_DEVICE",2,"Agent 0","Agent 1",1201424,3347020784456,3347020789696
"MEMORY_COPY","MEMORY_COPY_HOST_TO_DEVICE",2,"Agent 0","Agent 1",1201428,3347020801766,3347020807046
"MEMORY_COPY","MEMORY_COPY_HOST_TO_DEVICE",2,"Agent 0","Agent 1",1201444,3347020907657,3347020918337
"MEMORY_COPY","MEMORY_COPY_DEVICE_TO_HOST",5,"Agent 1","Agent 0",1201452,3347023573927,3347023578327
"MEMORY_COPY","MEMORY_COPY_DEVICE_TO_HOST",5,"Agent 1","Agent 0",1201453,3347023581847,3347023647088
"MEMORY_COPY","MEMORY_COPY_HOST_TO_DEVICE",2,"Agent 0","Agent 1",1201464,3347024319370,3347024329570
"MEMORY_COPY","MEMORY_COPY_HOST_TO_DEVICE",2,"Agent 0","Agent 1",1201479,3347024408461,3347024428181
"MEMORY_COPY","MEMORY_COPY_HOST_TO_DEVICE",2,"Agent 0","Agent 1",1201495,3347024526761,3347024565681
"MEMORY_COPY","MEMORY_COPY_DEVICE_TO_HOST",5,"Agent 1","Agent 0",1201503,3347131624511,3347131803151
"MEMORY_COPY","MEMORY_COPY_DEVICE_TO_HOST",5,"Agent 1","Agent 0",1201504,3347131812671,3347131819712
"MEMORY_COPY","MEMORY_COPY_HOST_TO_DEVICE",2,"Agent 0","Agent 1",1201510,3347132446584,3347132456504
"MEMORY_COPY","MEMORY_COPY_HOST_TO_DEVICE",2,"Agent 0","Agent 1",1201514,3347132473424,3347132483344
"MEMORY_COPY","MEMORY_COPY_HOST_TO_DEVICE",2,"Agent 0","Agent 1",1201530,3347132595075,3347132633155
"MEMORY_COPY","MEMORY_COPY_HOST_TO_DEVICE",2,"Agent 0","Agent 1",1201682,3347135472656,3347135477816
"MEMORY_COPY","MEMORY_COPY_HOST_TO_DEVICE",2,"Agent 0","Agent 1",1201686,3347135495236,3347135500316
"MEMORY_COPY","MEMORY_COPY_HOST_TO_DEVICE",2,"Agent 0","Agent 1",1201702,3347135603176,3347135614696
"MEMORY_COPY","MEMORY_COPY_DEVICE_TO_HOST",5,"Agent 1","Agent 0",1201812,3347138332207,3347138336567
"MEMORY_COPY","MEMORY_COPY_DEVICE_TO_HOST",5,"Agent 1","Agent 0",1201813,3347138344127,3347138398327
"MEMORY_COPY","MEMORY_COPY_HOST_TO_DEVICE",2,"Agent 0","Agent 1",1201824,3347139013850,3347139019130
"MEMORY_COPY","MEMORY_COPY_HOST_TO_DEVICE",2,"Agent 0","Agent 1",1201828,3347139033490,3347139038610
"MEMORY_COPY","MEMORY_COPY_HOST_TO_DEVICE",2,"Agent 0","Agent 1",1201844,3347139141620,3347139152300
"MEMORY_COPY","MEMORY_COPY_DEVICE_TO_HOST",5,"Agent 1","Agent 0",1201959,3347142467713,3347142471993
"MEMORY_COPY","MEMORY_COPY_DEVICE_TO_HOST",5,"Agent 1","Agent 0",1201960,3347142475513,3347142528874
"MEMORY_COPY","MEMORY_COPY_HOST_TO_DEVICE",2,"Agent 0","Agent 1",1201971,3347142869385,3347142874705
"MEMORY_COPY","MEMORY_COPY_HOST_TO_DEVICE",2,"Agent 0","Agent 1",1201975,3347142886995,3347142892195
"MEMORY_COPY","MEMORY_COPY_HOST_TO_DEVICE",2,"Agent 0","Agent 1",1201991,3347142993916,3347143006356
"MEMORY_COPY","MEMORY_COPY_DEVICE_TO_HOST",5,"Agent 1","Agent 0",1201999,3347145663466,3347145667786
"MEMORY_COPY","MEMORY_COPY_DEVICE_TO_HOST",5,"Agent 1","Agent 0",1202000,3347145672106,3347145750426
"MEMORY_COPY","MEMORY_COPY_HOST_TO_DEVICE",2,"Agent 0","Agent 1",1202011,3347146078898,3347146084178
"MEMORY_COPY","MEMORY_COPY_HOST_TO_DEVICE",2,"Agent 0","Agent 1",1202015,3347146096248,3347146101488
"MEMORY_COPY","MEMORY_COPY_HOST_TO_DEVICE",2,"Agent 0","Agent 1",1202031,3347146203088,3347146214288
"MEMORY_COPY","MEMORY_COPY_DEVICE_TO_HOST",5,"Agent 1","Agent 0",1202039,3347148871839,3347148876159
"MEMORY_COPY","MEMORY_COPY_DEVICE_TO_HOST",5,"Agent 1","Agent 0",1202040,3347148880519,3347148949199
"MEMORY_COPY","MEMORY_COPY_HOST_TO_DEVICE",2,"Agent 0","Agent 1",1202051,3347149644602,3347149655042
"MEMORY_COPY","MEMORY_COPY_HOST_TO_DEVICE",2,"Agent 0","Agent 1",1202066,3347149736252,3347149755652
"MEMORY_COPY","MEMORY_COPY_HOST_TO_DEVICE",2,"Agent 0","Agent 1",1202082,3347149861533,3347149905053
"MEMORY_COPY","MEMORY_COPY_DEVICE_TO_HOST",5,"Agent 1","Agent 0",1202090,3347256978663,3347257158384
"MEMORY_COPY","MEMORY_COPY_DEVICE_TO_HOST",5,"Agent 1","Agent 0",1202091,3347257169424,3347257176584
"MEMORY_COPY","MEMORY_COPY_HOST_TO_DEVICE",2,"Agent 0","Agent 1",1202097,3347257803766,3347257813726
"MEMORY_COPY","MEMORY_COPY_HOST_TO_DEVICE",2,"Agent 0","Agent 1",1202101,3347257829186,3347257839306
"MEMORY_COPY","MEMORY_COPY_HOST_TO_DEVICE",2,"Agent 0","Agent 1",1202117,3347257959987,3347257998987
"MEMORY_COPY","MEMORY_COPY_HOST_TO_DEVICE",2,"Agent 0","Agent 1",1202269,3347260762408,3347260767768
"MEMORY_COPY","MEMORY_COPY_HOST_TO_DEVICE",2,"Agent 0","Agent 1",1202273,3347260786698,3347260791738
"MEMORY_COPY","MEMORY_COPY_HOST_TO_DEVICE",2,"Agent 0","Agent 1",1202289,3347260897718,3347260909718
"MEMORY_COPY","MEMORY_COPY_DEVICE_TO_HOST",5,"Agent 1","Agent 0",1202399,3347263630079,3347263634239
"MEMORY_COPY","MEMORY_COPY_DEVICE_TO_HOST",5,"Agent 1","Agent 0",1202400,3347263644039,3347263697159
"MEMORY_COPY","MEMORY_COPY_HOST_TO_DEVICE",2,"Agent 0","Agent 1",1202411,3347264335032,3347264340152
"MEMORY_COPY","MEMORY_COPY_HOST_TO_DEVICE",2,"Agent 0","Agent 1",1202415,3347264353852,3347264358892
"MEMORY_COPY","MEMORY_COPY_HOST_TO_DEVICE",2,"Agent 0","Agent 1",1202431,3347264461112,3347264471793
"MEMORY_COPY","MEMORY_COPY_DEVICE_TO_HOST",5,"Agent 1","Agent 0",1202546,3347267715405,3347267719645
"MEMORY_COPY","MEMORY_COPY_DEVICE_TO_HOST",5,"Agent 1","Agent 0",1202547,3347267724005,3347267777246
"MEMORY_COPY","MEMORY_COPY_HOST_TO_DEVICE",2,"Agent 0","Agent 1",1202558,3347268110117,3347268115397
"MEMORY_COPY","MEMORY_COPY_HOST_TO_DEVICE",2,"Agent 0","Agent 1",1202562,3347268133697,3347268138977
"MEMORY_COPY","MEMORY_COPY_HOST_TO_DEVICE",2,"Agent 0","Agent 1",1202578,3347268242107,3347268252667
"MEMORY_COPY","MEMORY_COPY_DEVICE_TO_HOST",5,"Agent 1","Agent 0",1202586,3347270910058,3347270914298
"MEMORY_COPY","MEMORY_COPY_DEVICE_TO_HOST",5,"Agent 1","Agent 0",1202587,3347270917778,3347270971218
"MEMORY_COPY","MEMORY_COPY_HOST_TO_DEVICE",2,"Agent 0","Agent 1",1202598,3347271300349,3347271305669
"MEMORY_COPY","MEMORY_COPY_HOST_TO_DEVICE",2,"Agent 0","Agent 1",1202602,3347271395760,3347271400840
"MEMORY_COPY","MEMORY_COPY_HOST_TO_DEVICE",2,"Agent 0","Agent 1",1202618,3347271501040,3347271511560
"MEMORY_COPY","MEMORY_COPY_DEVICE_TO_HOST",5,"Agent 1","Agent 0",1202626,3347274157741,3347274161981
"MEMORY_COPY","MEMORY_COPY_DEVICE_TO_HOST",5,"Agent 1","Agent 0",1202627,3347274168061,3347274221421
"MEMORY_COPY","MEMORY_COPY_HOST_TO_DEVICE",2,"Agent 0","Agent 1",1202638,3347274859203,3347274869283
"MEMORY_COPY","MEMORY_COPY_HOST_TO_DEVICE",2,"Agent 0","Agent 1",1202653,3347274947064,3347274964984
"MEMORY_COPY","MEMORY_COPY_HOST_TO_DEVICE",2,"Agent 0","Agent 1",1202669,3347275070714,3347275109514
"MEMORY_COPY","MEMORY_COPY_DEVICE_TO_HOST",5,"Agent 1","Agent 0",1202677,3347382109103,3347382286384
"MEMORY_COPY","MEMORY_COPY_DEVICE_TO_HOST",5,"Agent 1","Agent 0",1202678,3347382295904,3347382302904
"MEMORY_COPY","MEMORY_COPY_HOST_TO_DEVICE",2,"Agent 0","Agent 1",1202684,3347382913906,3347382924066
"MEMORY_COPY","MEMORY_COPY_HOST_TO_DEVICE",2,"Agent 0","Agent 1",1202688,3347382940206,3347382949847
"MEMORY_COPY","MEMORY_COPY_HOST_TO_DEVICE",2,"Agent 0","Agent 1",1202704,3347383064407,3347383102847
"MEMORY_COPY","MEMORY_COPY_HOST_TO_DEVICE",2,"Agent 0","Agent 1",1202856,3347385837778,3347385843098
"MEMORY_COPY","MEMORY_COPY_HOST_TO_DEVICE",2,"Agent 0","Agent 1",1202860,3347385860058,3347385865298
"MEMORY_COPY","MEMORY_COPY_HOST_TO_DEVICE",2,"Agent 0","Agent 1",1202876,3347385970758,3347385982278
"MEMORY_COPY","MEMORY_COPY_DEVICE_TO_HOST",5,"Agent 1","Agent 0",1202986,3347388797700,3347388801900
"MEMORY_COPY","MEMORY_COPY_DEVICE_TO_HOST",5,"Agent 1","Agent 0",1202987,3347388806100,3347388859780
"MEMORY_COPY","MEMORY_COPY_HOST_TO_DEVICE",2,"Agent 0","Agent 1",1202998,3347389472632,3347389478112
"MEMORY_COPY","MEMORY_COPY_HOST_TO_DEVICE",2,"Agent 0","Agent 1",1203002,3347389490962,3347389496122
"MEMORY_COPY","MEMORY_COPY_HOST_TO_DEVICE",2,"Agent 0","Agent 1",1203018,3347389599443,3347389610563
"MEMORY_COPY","MEMORY_COPY_DEVICE_TO_HOST",5,"Agent 1","Agent 0",1203133,3347392873826,3347392878066
"MEMORY_COPY","MEMORY_COPY_DEVICE_TO_HOST",5,"Agent 1","Agent 0",1203134,3347392881586,3347392934826
"MEMORY_COPY","MEMORY_COPY_HOST_TO_DEVICE",2,"Agent 0","Agent 1",1203145,3347393278357,3347393283677
"MEMORY_COPY","MEMORY_COPY_HOST_TO_DEVICE",2,"Agent 0","Agent 1",1203149,3347393296217,3347393301257
"MEMORY_COPY","MEMORY_COPY_HOST_TO_DEVICE",2,"Agent 0","Agent 1",1203165,3347393406268,3347393420148
"MEMORY_COPY","MEMORY_COPY_DEVICE_TO_HOST",5,"Agent 1","Agent 0",1203173,3347396067388,3347396071788
"MEMORY_COPY","MEMORY_COPY_DEVICE_TO_HOST",5,"Agent 1","Agent 0",1203174,3347396075268,3347396145109
"MEMORY_COPY","MEMORY_COPY_HOST_TO_DEVICE",2,"Agent 0","Agent 1",1203185,3347396488020,3347396493260
"MEMORY_COPY","MEMORY_COPY_HOST_TO_DEVICE",2,"Agent 0","Agent 1",1203189,3347396505470,3347396510710
"MEMORY_COPY","MEMORY_COPY_HOST_TO_DEVICE",2,"Agent 0","Agent 1",1203205,3347396622760,3347396634080
"MEMORY_COPY","MEMORY_COPY_DEVICE_TO_HOST",5,"Agent 1","Agent 0",1203213,3347399301291,3347399305691
"MEMORY_COPY","MEMORY_COPY_DEVICE_TO_HOST",5,"Agent 1","Agent 0",1203214,3347399310051,3347399363411
"MEMORY_COPY","MEMORY_COPY_HOST_TO_DEVICE",2,"Agent 0","Agent 1",1203225,3347400008464,3347400018584
"MEMORY_COPY","MEMORY_COPY_HOST_TO_DEVICE",2,"Agent 0","Agent 1",1203240,3347400098994,3347400117514
"MEMORY_COPY","MEMORY_COPY_HOST_TO_DEVICE",2,"Agent 0","Agent 1",1203256,3347400216045,3347400254965
"MEMORY_COPY","MEMORY_COPY_DEVICE_TO_HOST",5,"Agent 1","Agent 0",1203264,3347507318966,3347507500926
"MEMORY_COPY","MEMORY_COPY_DEVICE_TO_HOST",5,"Agent 1","Agent 0",1203265,3347507511098,3347507518178
"MEMORY_COPY","MEMORY_COPY_HOST_TO_DEVICE",2,"Agent 0","Agent 1",1203271,3347508129043,3347508139723
"MEMORY_COPY","MEMORY_COPY_HOST_TO_DEVICE",2,"Agent 0","Agent 1",1203275,3347508158132,3347508171092
"MEMORY_COPY","MEMORY_COPY_HOST_TO_DEVICE",2,"Agent 0","Agent 1",1203291,3347508286840,3347508333800
"MEMORY_COPY","MEMORY_COPY_HOST_TO_DEVICE",2,"Agent 0","Agent 1",1203443,3347511220567,3347511225727
"MEMORY_COPY","MEMORY_COPY_HOST_TO_DEVICE",2,"Agent 0","Agent 1",1203447,3347511242628,3347511247668
"MEMORY_COPY","MEMORY_COPY_HOST_TO_DEVICE",2,"Agent 0","Agent 1",1203463,3347511355213,3347511366453
"MEMORY_COPY","MEMORY_COPY_DEVICE_TO_HOST",5,"Agent 1","Agent 0",1203573,3347514152607,3347514156727
"MEMORY_COPY","MEMORY_COPY_DEVICE_TO_HOST",5,"Agent 1","Agent 0",1203574,3347514161167,3347514215448
"MEMORY_COPY","MEMORY_COPY_HOST_TO_DEVICE",2,"Agent 0","Agent 1",1203585,3347514836482,3347514841762
"MEMORY_COPY","MEMORY_COPY_HOST_TO_DEVICE",2,"Agent 0","Agent 1",1203589,3347514854646,3347514859806
"MEMORY_COPY","MEMORY_COPY_HOST_TO_DEVICE",2,"Agent 0","Agent 1",1203605,3347514964304,3347514975064
"MEMORY_COPY","MEMORY_COPY_DEVICE_TO_HOST",5,"Agent 1","Agent 0",1203720,3347518415686,3347518419806
"MEMORY_COPY","MEMORY_COPY_DEVICE_TO_HOST",5,"Agent 1","Agent 0",1203721,3347518423393,3347518476753
"MEMORY_COPY","MEMORY_COPY_HOST_TO_DEVICE",2,"Agent 0","Agent 1",1203732,3347518809081,3347518814361
"MEMORY_COPY","MEMORY_COPY_HOST_TO_DEVICE",2,"Agent 0","Agent 1",1203736,3347518826905,3347518831905
"MEMORY_COPY","MEMORY_COPY_HOST_TO_DEVICE",2,"Agent 0","Agent 1",1203752,3347518933557,3347518944437
"MEMORY_COPY","MEMORY_COPY_DEVICE_TO_HOST",5,"Agent 1","Agent 0",1203760,3347521587201,3347521591481
"MEMORY_COPY","MEMORY_COPY_DEVICE_TO_HOST",5,"Agent 1","Agent 0",1203761,3347521595920,3347521649320
"MEMORY_COPY","MEMORY_COPY_HOST_TO_DEVICE",2,"Agent 0","Agent 1",1203772,3347521953756,3347521958956
"MEMORY_COPY","MEMORY_COPY_HOST_TO_DEVICE",2,"Agent 0","Agent 1",1203776,3347521970968,3347521976208
"MEMORY_COPY","MEMORY_COPY_HOST_TO_DEVICE",2,"Agent 0","Agent 1",1203792,3347522082650,3347522093490
"MEMORY_COPY","MEMORY_COPY_DEVICE_TO_HOST",5,"Agent 1","Agent 0",1203800,3347524749208,3347524753568
"MEMORY_COPY","MEMORY_COPY_DEVICE_TO_HOST",5,"Agent 1","Agent 0",1203801,3347524758761,3347524824001
"MEMORY_COPY","MEMORY_COPY_HOST_TO_DEVICE",2,"Agent 0","Agent 1",1203812,3347525535476,3347525545956
"MEMORY_COPY","MEMORY_COPY_HOST_TO_DEVICE",2,"Agent 0","Agent 1",1203827,3347525635047,3347525657607
"MEMORY_COPY","MEMORY_COPY_HOST_TO_DEVICE",2,"Agent 0","Agent 1",1203843,3347525767124,3347525809604
"MEMORY_COPY","MEMORY_COPY_DEVICE_TO_HOST",5,"Agent 1","Agent 0",1203851,3347633705935,3347633883375
"MEMORY_COPY","MEMORY_COPY_DEVICE_TO_HOST",5,"Agent 1","Agent 0",1203852,3347633892895,3347633900015
"MEMORY_COPY","MEMORY_COPY_HOST_TO_DEVICE",2,"Agent 0","Agent 1",1203858,3347634525948,3347634536028
"MEMORY_COPY","MEMORY_COPY_HOST_TO_DEVICE",2,"Agent 0","Agent 1",1203862,3347634552908,3347634562548
"MEMORY_COPY","MEMORY_COPY_HOST_TO_DEVICE",2,"Agent 0","Agent 1",1203878,3347634674658,3347634712939
"MEMORY_COPY","MEMORY_COPY_HOST_TO_DEVICE",2,"Agent 0","Agent 1",1204030,3347637465449,3347637470729
"MEMORY_COPY","MEMORY_COPY_HOST_TO_DEVICE",2,"Agent 0","Agent 1",1204034,3347637487920,3347637493080
"MEMORY_COPY","MEMORY_COPY_HOST_TO_DEVICE",2,"Agent 0","Agent 1",1204050,3347637597550,3347637608310
"MEMORY_COPY","MEMORY_COPY_DEVICE_TO_HOST",5,"Agent 1","Agent 0",1204160,3347640328811,3347640332811
"MEMORY_COPY","MEMORY_COPY_DEVICE_TO_HOST",5,"Agent 1","Agent 0",1204161,3347640336931,3347640416971
"MEMORY_COPY","MEMORY_COPY_HOST_TO_DEVICE",2,"Agent 0","Agent 1",1204172,3347641141614,3347641147014
"MEMORY_COPY","MEMORY_COPY_HOST_TO_DEVICE",2,"Agent 0","Agent 1",1204176,3347641165234,3347641171554
"MEMORY_COPY","MEMORY_COPY_HOST_TO_DEVICE",2,"Agent 0","Agent 1",1204192,3347641280254,3347641291934
"MEMORY_COPY","MEMORY_COPY_DEVICE_TO_HOST",5,"Agent 1","Agent 0",1204307,3347644594214,3347644598534
"MEMORY_COPY","MEMORY_COPY_DEVICE_TO_HOST",5,"Agent 1","Agent 0",1204308,3347644602934,3347644671815
"MEMORY_COPY","MEMORY_COPY_HOST_TO_DEVICE",2,"Agent 0","Agent 1",1204319,3347645203587,3347645208947
"MEMORY_COPY","MEMORY_COPY_HOST_TO_DEVICE",2,"Agent 0","Agent 1",1204323,3347645221297,3347645226337
"MEMORY_COPY","MEMORY_COPY_HOST_TO_DEVICE",2,"Agent 0","Agent 1",1204339,3347645328477,3347645339197
"MEMORY_COPY","MEMORY_COPY_DEVICE_TO_HOST",5,"Agent 1","Agent 0",1204347,3347647986018,3347647990378
"MEMORY_COPY","MEMORY_COPY_DEVICE_TO_HOST",5,"Agent 1","Agent 0",1204348,3347647993898,3347648050578
"MEMORY_COPY","MEMORY_COPY_HOST_TO_DEVICE",2,"Agent 0","Agent 1",1204359,3347648582820,3347648588020
"MEMORY_COPY","MEMORY_COPY_HOST_TO_DEVICE",2,"Agent 0","Agent 1",1204363,3347648604060,3347648609300
"MEMORY_COPY","MEMORY_COPY_HOST_TO_DEVICE",2,"Agent 0","Agent 1",1204379,3347648710581,3347648721301
"MEMORY_COPY","MEMORY_COPY_DEVICE_TO_HOST",5,"Agent 1","Agent 0",1204387,3347651379711,3347651384031
"MEMORY_COPY","MEMORY_COPY_DEVICE_TO_HOST",5,"Agent 1","Agent 0",1204388,3347651387591,3347651440871
"MEMORY_COPY","MEMORY_COPY_HOST_TO_DEVICE",2,"Agent 0","Agent 1",1204399,3347652077584,3347652087464
"MEMORY_COPY","MEMORY_COPY_HOST_TO_DEVICE",2,"Agent 0","Agent 1",1204414,3347652167014,3347652185654
"MEMORY_COPY","MEMORY_COPY_HOST_TO_DEVICE",2,"Agent 0","Agent 1",1204430,3347652281385,3347652320105
"MEMORY_COPY","MEMORY_COPY_DEVICE_TO_HOST",5,"Agent 1","Agent 0",1204438,3347759267186,3347759444546
"MEMORY_COPY","MEMORY_COPY_DEVICE_TO_HOST",5,"Agent 1","Agent 0",1204439,3347759453186,3347759460226
"MEMORY_COPY","MEMORY_COPY_HOST_TO_DEVICE",2,"Agent 0","Agent 1",1204445,3347760082489,3347760092489
"MEMORY_COPY","MEMORY_COPY_HOST_TO_DEVICE",2,"Agent 0","Agent 1",1204449,3347760110019,3347760119659
"MEMORY_COPY","MEMORY_COPY_HOST_TO_DEVICE",2,"Agent 0","Agent 1",1204465,3347760276200,3347760316640
"MEMORY_COPY","MEMORY_COPY_HOST_TO_DEVICE",2,"Agent 0","Agent 1",1204617,3347763079921,3347763085321
"MEMORY_COPY","MEMORY_COPY_HOST_TO_DEVICE",2,"Agent 0","Agent 1",1204621,3347763102741,3347763107781
"MEMORY_COPY","MEMORY_COPY_HOST_TO_DEVICE",2,"Agent 0","Agent 1",1204637,3347763213401,3347763224041
"MEMORY_COPY","MEMORY_COPY_DEVICE_TO_HOST",5,"Agent 1","Agent 0",1204747,3347765915822,3347765919902
"MEMORY_COPY","MEMORY_COPY_DEVICE_TO_HOST",5,"Agent 1","Agent 0",1204748,3347765924062,3347765980182
"MEMORY_COPY","MEMORY_COPY_HOST_TO_DEVICE",2,"Agent 0","Agent 1",1204759,3347766610565,3347766615765
"MEMORY_COPY","MEMORY_COPY_HOST_TO_DEVICE",2,"Agent 0","Agent 1",1204763,3347766629075,3347766634075
"MEMORY_COPY","MEMORY_COPY_HOST_TO_DEVICE",2,"Agent 0","Agent 1",1204779,3347766735755,3347766746515
"MEMORY_COPY","MEMORY_COPY_DEVICE_TO_HOST",5,"Agent 1","Agent 0",1204894,3347769993953,3347769998113
"MEMORY_COPY","MEMORY_COPY_DEVICE_TO_HOST",5,"Agent 1","Agent 0",1204895,3347770001633,3347770056954
"MEMORY_COPY","MEMORY_COPY_HOST_TO_DEVICE",2,"Agent 0","Agent 1",1204906,3347770386385,3347770391545
"MEMORY_COPY","MEMORY_COPY_HOST_TO_DEVICE",2,"Agent 0","Agent 1",1204910,3347770404145,3347770409345
"MEMORY_COPY","MEMORY_COPY_HOST_TO_DEVICE",2,"Agent 0","Agent 1",1204926,3347770509435,3347770520315
"MEMORY_COPY","MEMORY_COPY_DEVICE_TO_HOST",5,"Agent 1","Agent 0",1204934,3347773189566,3347773193886
"MEMORY_COPY","MEMORY_COPY_DEVICE_TO_HOST",5,"Agent 1","Agent 0",1204935,3347773198206,3347773271566
"MEMORY_COPY","MEMORY_COPY_HOST_TO_DEVICE",2,"Agent 0","Agent 1",1204946,3347773619758,3347773624998
"MEMORY_COPY","MEMORY_COPY_HOST_TO_DEVICE",2,"Agent 0","Agent 1",1204950,3347773637108,3347773642228
"MEMORY_COPY","MEMORY_COPY_HOST_TO_DEVICE",2,"Agent 0","Agent 1",1204966,3347773748558,3347773759998
"MEMORY_COPY","MEMORY_COPY_DEVICE_TO_HOST",5,"Agent 1","Agent 0",1204974,3347776406289,3347776410569
"MEMORY_COPY","MEMORY_COPY_DEVICE_TO_HOST",5,"Agent 1","Agent 0",1204975,3347776414089,3347776467489
"MEMORY_COPY","MEMORY_COPY_HOST_TO_DEVICE",2,"Agent 0","Agent 1",1204986,3347777095931,3347777105611
"MEMORY_COPY","MEMORY_COPY_HOST_TO_DEVICE",2,"Agent 0","Agent 1",1205001,3347777185472,3347777204112
"MEMORY_COPY","MEMORY_COPY_HOST_TO_DEVICE",2,"Agent 0","Agent 1",1205017,3347777309382,3347777348142
"MEMORY_COPY","MEMORY_COPY_DEVICE_TO_HOST",5,"Agent 1","Agent 0",1205025,3347884348571,3347884526052
"MEMORY_COPY","MEMORY_COPY_DEVICE_TO_HOST",5,"Agent 1","Agent 0",1205026,3347884535532,3347884542612
"MEMORY_COPY","MEMORY_COPY_HOST_TO_DEVICE",2,"Agent 0","Agent 1",1205032,3347885163244,3347885173124
"MEMORY_COPY","MEMORY_COPY_HOST_TO_DEVICE",2,"Agent 0","Agent 1",1205036,3347885189234,3347885199074
"MEMORY_COPY","MEMORY_COPY_HOST_TO_DEVICE",2,"Agent 0","Agent 1",1205052,3347885447545,3347885490226
"MEMORY_COPY","MEMORY_COPY_HOST_TO_DEVICE",2,"Agent 0","Agent 1",1205204,3347888288007,3347888293407
"MEMORY_COPY","MEMORY_COPY_HOST_TO_DEVICE",2,"Agent 0","Agent 1",1205208,3347888310487,3347888315447
"MEMORY_COPY","MEMORY_COPY_HOST_TO_DEVICE",2,"Agent 0","Agent 1",1205224,3347888419267,3347888430707
"MEMORY_COPY","MEMORY_COPY_DEVICE_TO_HOST",5,"Agent 1","Agent 0",1205334,3347891129978,3347891134178
"MEMORY_COPY","MEMORY_COPY_DEVICE_TO_HOST",5,"Agent 1","Agent 0",1205335,3347891138418,3347891202178
"MEMORY_COPY","MEMORY_COPY_HOST_TO_DEVICE",2,"Agent 0","Agent 1",1205346,3347891864561,3347891869881
"MEMORY_COPY","MEMORY_COPY_HOST_TO_DEVICE",2,"Agent 0","Agent 1",1205350,3347891882731,3347891887891
"MEMORY_COPY","MEMORY_COPY_HOST_TO_DEVICE",2,"Agent 0","Agent 1",1205366,3347892036871,3347892048191
"MEMORY_COPY","MEMORY_COPY_DEVICE_TO_HOST",5,"Agent 1","Agent 0",1205481,3347895404955,3347895409355
"MEMORY_COPY","MEMORY_COPY_DEVICE_TO_HOST",5,"Agent 1","Agent 0",1205482,3347895412835,3347895473995
"MEMORY_COPY","MEMORY_COPY_HOST_TO_DEVICE",2,"Agent 0","Agent 1",1205493,3347896002837,3347896008197
"MEMORY_COPY","MEMORY_COPY_HOST_TO_DEVICE",2,"Agent 0","Agent 1",1205497,3347896021447,3347896026727
"MEMORY_COPY","MEMORY_COPY_HOST_TO_DEVICE",2,"Agent 0","Agent 1",1205513,3347896129117,3347896139758
"MEMORY_COPY","MEMORY_COPY_DEVICE_TO_HOST",5,"Agent 1","Agent 0",1205521,3347898791848,3347898795968
"MEMORY_COPY","MEMORY_COPY_DEVICE_TO_HOST",5,"Agent 1","Agent 0",1205522,3347898799528,3347898869888
"MEMORY_COPY","MEMORY_COPY_HOST_TO_DEVICE",2,"Agent 0","Agent 1",1205533,3347899205960,3347899211320
"MEMORY_COPY","MEMORY_COPY_HOST_TO_DEVICE",2,"Agent 0","Agent 1",1205537,3347899223820,3347899229140
"MEMORY_COPY","MEMORY_COPY_HOST_TO_DEVICE",2,"Agent 0","Agent 1",1205553,3347899337110,3347899348470
"MEMORY_COPY","MEMORY_COPY_DEVICE_TO_HOST",5,"Agent 1","Agent 0",1205561,3347901994271,3347901998631
"MEMORY_COPY","MEMORY_COPY_DEVICE_TO_HOST",5,"Agent 1","Agent 0",1205562,3347902005551,3347902074551
"MEMORY_COPY","MEMORY_COPY_HOST_TO_DEVICE",2,"Agent 0","Agent 1",1205573,3347902722633,3347902732273
"MEMORY_COPY","MEMORY_COPY_HOST_TO_DEVICE",2,"Agent 0","Agent 1",1205588,3347902810494,3347902828374
"MEMORY_COPY","MEMORY_COPY_HOST_TO_DEVICE",2,"Agent 0","Agent 1",1205604,3347902926874,3347902965714
"MEMORY_COPY","MEMORY_COPY_DEVICE_TO_HOST",5,"Agent 1","Agent 0",1205612,3348009978805,3348010156366
"MEMORY_COPY","MEMORY_COPY_DEVICE_TO_HOST",5,"Agent 1","Agent 0",1205613,3348010165886,3348010172926
"MEMORY_COPY","MEMORY_COPY_HOST_TO_DEVICE",2,"Agent 0","Agent 1",1205619,3348010775238,3348010785358
"MEMORY_COPY","MEMORY_COPY_HOST_TO_DEVICE",2,"Agent 0","Agent 1",1205623,3348010801888,3348010811688
"MEMORY_COPY","MEMORY_COPY_HOST_TO_DEVICE",2,"Agent 0","Agent 1",1205639,3348010921839,3348010959519
"MEMORY_COPY","MEMORY_COPY_HOST_TO_DEVICE",2,"Agent 0","Agent 1",1205791,3348013744630,3348013749990
"MEMORY_COPY","MEMORY_COPY_HOST_TO_DEVICE",2,"Agent 0","Agent 1",1205795,3348013767760,3348013772960
"MEMORY_COPY","MEMORY_COPY_HOST_TO_DEVICE",2,"Agent 0","Agent 1",1205811,3348013875690,3348013886330
"MEMORY_COPY","MEMORY_COPY_DEVICE_TO_HOST",5,"Agent 1","Agent 0",1205921,3348016596761,3348016600961
"MEMORY_COPY","MEMORY_COPY_DEVICE_TO_HOST",5,"Agent 1","Agent 0",1205922,3348016605161,3348016658761
"MEMORY_COPY","MEMORY_COPY_HOST_TO_DEVICE",2,"Agent 0","Agent 1",1205933,3348017263244,3348017268404
"MEMORY_COPY","MEMORY_COPY_HOST_TO_DEVICE",2,"Agent 0","Agent 1",1205937,3348017281454,3348017286494
"MEMORY_COPY","MEMORY_COPY_HOST_TO_DEVICE",2,"Agent 0","Agent 1",1205953,3348017389564,3348017400244
"MEMORY_COPY","MEMORY_COPY_DEVICE_TO_HOST",5,"Agent 1","Agent 0",1206068,3348020633237,3348020637437
"MEMORY_COPY","MEMORY_COPY_DEVICE_TO_HOST",5,"Agent 1","Agent 0",1206069,3348020640957,3348020703917
"MEMORY_COPY","MEMORY_COPY_HOST_TO_DEVICE",2,"Agent 0","Agent 1",1206080,3348021047178,3348021052458
"MEMORY_COPY","MEMORY_COPY_HOST_TO_DEVICE",2,"Agent 0","Agent 1",1206084,3348021065228,3348021070349
"MEMORY_COPY","MEMORY_COPY_HOST_TO_DEVICE",2,"Agent 0","Agent 1",1206100,3348021176619,3348021189059
"MEMORY_COPY","MEMORY_COPY_DEVICE_TO_HOST",5,"Agent 1","Agent 0",1206108,3348023922360,3348023926800
"MEMORY_COPY","MEMORY_COPY_DEVICE_TO_HOST",5,"Agent 1","Agent 0",1206109,3348023931120,3348023997680
"MEMORY_COPY","MEMORY_COPY_HOST_TO_DEVICE",2,"Agent 0","Agent 1",1206120,3348024327221,3348024332541
"MEMORY_COPY","MEMORY_COPY_HOST_TO_DEVICE",2,"Agent 0","Agent 1",1206124,3348024345361,3348024350441
"MEMORY_COPY","MEMORY_COPY_HOST_TO_DEVICE",2,"Agent 0","Agent 1",1206140,3348024453232,3348024466552
"MEMORY_COPY","MEMORY_COPY_DEVICE_TO_HOST",5,"Agent 1","Agent 0",1206148,3348027123752,3348027128112
"MEMORY_COPY","MEMORY_COPY_DEVICE_TO_HOST",5,"Agent 1","Agent 0",1206149,3348027131632,3348027184993
"MEMORY_COPY","MEMORY_COPY_HOST_TO_DEVICE",2,"Agent 0","Agent 1",1206160,3348027815775,3348027825495
"MEMORY_COPY","MEMORY_COPY_HOST_TO_DEVICE",2,"Agent 0","Agent 1",1206175,3348027900825,3348027919145
"MEMORY_COPY","MEMORY_COPY_HOST_TO_DEVICE",2,"Agent 0","Agent 1",1206191,3348028021546,3348028060226
"MEMORY_COPY","MEMORY_COPY_DEVICE_TO_HOST",5,"Agent 1","Agent 0",1206199,3348134924604,3348135104164
"MEMORY_COPY","MEMORY_COPY_DEVICE_TO_HOST",5,"Agent 1","Agent 0",1206200,3348135112004,3348135119124
"MEMORY_COPY","MEMORY_COPY_HOST_TO_DEVICE",2,"Agent 0","Agent 1",1206206,3348135732137,3348135742777
"MEMORY_COPY","MEMORY_COPY_HOST_TO_DEVICE",2,"Agent 0","Agent 1",1206210,3348135759747,3348135770227
"MEMORY_COPY","MEMORY_COPY_HOST_TO_DEVICE",2,"Agent 0","Agent 1",1206226,3348135881527,3348135919328
"MEMORY_COPY","MEMORY_COPY_HOST_TO_DEVICE",2,"Agent 0","Agent 1",1206378,3348138708039,3348138713319
"MEMORY_COPY","MEMORY_COPY_HOST_TO_DEVICE",2,"Agent 0","Agent 1",1206382,3348138730249,3348138735409
"MEMORY_COPY","MEMORY_COPY_HOST_TO_DEVICE",2,"Agent 0","Agent 1",1206398,3348138846499,3348138858219
"MEMORY_COPY","MEMORY_COPY_DEVICE_TO_HOST",5,"Agent 1","Agent 0",1206508,3348141650060,3348141654260
"MEMORY_COPY","MEMORY_COPY_DEVICE_TO_HOST",5,"Agent 1","Agent 0",1206509,3348141659140,3348141728861
"MEMORY_COPY","MEMORY_COPY_HOST_TO_DEVICE",2,"Agent 0","Agent 1",1206520,3348142452323,3348142457723
"MEMORY_COPY","MEMORY_COPY_HOST_TO_DEVICE",2,"Agent 0","Agent 1",1206524,3348142471413,3348142476493
"MEMORY_COPY","MEMORY_COPY_HOST_TO_DEVICE",2,"Agent 0","Agent 1",1206540,3348142582014,3348142592734
"MEMORY_COPY","MEMORY_COPY_DEVICE_TO_HOST",5,"Agent 1","Agent 0",1206655,3348145873037,3348145877397
"MEMORY_COPY","MEMORY_COPY_DEVICE_TO_HOST",5,"Agent 1","Agent 0",1206656,3348145881757,3348145941957
"MEMORY_COPY","MEMORY_COPY_HOST_TO_DEVICE",2,"Agent 0","Agent 1",1206667,3348146312219,3348146317459
"MEMORY_COPY","MEMORY_COPY_HOST_TO_DEVICE",2,"Agent 0","Agent 1",1206671,3348146329939,3348146335219
"MEMORY_COPY","MEMORY_COPY_HOST_TO_DEVICE",2,"Agent 0","Agent 1",1206687,3348146436609,3348146447449
"MEMORY_COPY","MEMORY_COPY_DEVICE_TO_HOST",5,"Agent 1","Agent 0",1206695,3348149089290,3348149093530
"MEMORY_COPY","MEMORY_COPY_DEVICE_TO_HOST",5,"Agent 1","Agent 0",1206696,3348149097090,3348149150890
"MEMORY_COPY","MEMORY_COPY_HOST_TO_DEVICE",2,"Agent 0","Agent 1",1206707,3348149457101,3348149462341
"MEMORY_COPY","MEMORY_COPY_HOST_TO_DEVICE",2,"Agent 0","Agent 1",1206711,3348149474501,3348149479781
"MEMORY_COPY","MEMORY_COPY_HOST_TO_DEVICE",2,"Agent 0","Agent 1",1206727,3348149579031,3348149589831
"MEMORY_COPY","MEMORY_COPY_DEVICE_TO_HOST",5,"Agent 1","Agent 0",1206735,3348152233482,3348152237882
"MEMORY_COPY","MEMORY_COPY_DEVICE_TO_HOST",5,"Agent 1","Agent 0",1206736,3348152241402,3348152295162
"MEMORY_COPY","MEMORY_COPY_HOST_TO_DEVICE",2,"Agent 0","Agent 1",1206747,3348152936665,3348152946345
"MEMORY_COPY","MEMORY_COPY_HOST_TO_DEVICE",2,"Agent 0","Agent 1",1206762,3348153027795,3348153045915
"MEMORY_COPY","MEMORY_COPY_HOST_TO_DEVICE",2,"Agent 0","Agent 1",1206778,3348153144716,3348153183556
"MEMORY_COPY","MEMORY_COPY_DEVICE_TO_HOST",5,"Agent 1","Agent 0",1206786,3348260068514,3348260245835
"MEMORY_COPY","MEMORY_COPY_DEVICE_TO_HOST",5,"Agent 1","Agent 0",1206787,3348260254435,3348260261555
"MEMORY_COPY","MEMORY_COPY_HOST_TO_DEVICE",2,"Agent 0","Agent 1",1206793,3348260868287,3348260878367
"MEMORY_COPY","MEMORY_COPY_HOST_TO_DEVICE",2,"Agent 0","Agent 1",1206797,3348260894267,3348260904107
"MEMORY_COPY","MEMORY_COPY_HOST_TO_DEVICE",2,"Agent 0","Agent 1",1206813,3348261096348,3348261134188
"MEMORY_COPY","MEMORY_COPY_HOST_TO_DEVICE",2,"Agent 0","Agent 1",1206965,3348263874119,3348263879239
"MEMORY_COPY","MEMORY_COPY_HOST_TO_DEVICE",2,"Agent 0","Agent 1",1206969,3348263895029,3348263900029
"MEMORY_COPY","MEMORY_COPY_HOST_TO_DEVICE",2,"Agent 0","Agent 1",1206985,3348264002310,3348264014910
"MEMORY_COPY","MEMORY_COPY_DEVICE_TO_HOST",5,"Agent 1","Agent 0",1207095,3348266762920,3348266766920
"MEMORY_COPY","MEMORY_COPY_DEVICE_TO_HOST",5,"Agent 1","Agent 0",1207096,3348266771160,3348266831681
"MEMORY_COPY","MEMORY_COPY_HOST_TO_DEVICE",2,"Agent 0","Agent 1",1207107,3348267445223,3348267450583
"MEMORY_COPY","MEMORY_COPY_HOST_TO_DEVICE",2,"Agent 0","Agent 1",1207111,3348267463453,3348267468613
"MEMORY_COPY","MEMORY_COPY_HOST_TO_DEVICE",2,"Agent 0","Agent 1",1207127,3348267570114,3348267582434
"MEMORY_COPY","MEMORY_COPY_DEVICE_TO_HOST",5,"Agent 1","Agent 0",1207242,3348270923347,3348270927587
"MEMORY_COPY","MEMORY_COPY_DEVICE_TO_HOST",5,"Agent 1","Agent 0",1207243,3348270931987,3348271002067
"MEMORY_COPY","MEMORY_COPY_HOST_TO_DEVICE",2,"Agent 0","Agent 1",1207254,3348271408759,3348271413959
"MEMORY_COPY","MEMORY_COPY_HOST_TO_DEVICE",2,"Agent 0","Agent 1",1207258,3348271426369,3348271431449
"MEMORY_COPY","MEMORY_COPY_HOST_TO_DEVICE",2,"Agent 0","Agent 1",1207274,3348271534859,3348271545579
"MEMORY_COPY","MEMORY_COPY_DEVICE_TO_HOST",5,"Agent 1","Agent 0",1207282,3348274216490,3348274220850
"MEMORY_COPY","MEMORY_COPY_DEVICE_TO_HOST",5,"Agent 1","Agent 0",1207283,3348274225210,3348274292690
"MEMORY_COPY","MEMORY_COPY_HOST_TO_DEVICE",2,"Agent 0","Agent 1",1207294,3348274627181,3348274632461
"MEMORY_COPY","MEMORY_COPY_HOST_TO_DEVICE",2,"Agent 0","Agent 1",1207298,3348274644892,3348274650172
"MEMORY_COPY","MEMORY_COPY_HOST_TO_DEVICE",2,"Agent 0","Agent 1",1207314,3348274749952,3348274760592
"MEMORY_COPY","MEMORY_COPY_DEVICE_TO_HOST",5,"Agent 1","Agent 0",1207322,3348277407552,3348277411752
"MEMORY_COPY","MEMORY_COPY_DEVICE_TO_HOST",5,"Agent 1","Agent 0",1207323,3348277416112,3348277469473
"MEMORY_COPY","MEMORY_COPY_HOST_TO_DEVICE",2,"Agent 0","Agent 1",1207334,3348279458170,3348279468011
"MEMORY_COPY","MEMORY_COPY_HOST_TO_DEVICE",2,"Agent 0","Agent 1",1207349,3348279547561,3348279566641
"MEMORY_COPY","MEMORY_COPY_HOST_TO_DEVICE",2,"Agent 0","Agent 1",1207365,3348279672131,3348279711051
"MEMORY_COPY","MEMORY_COPY_DEVICE_TO_HOST",5,"Agent 1","Agent 0",1214679,3348389320815,3348389512175
"MEMORY_COPY","MEMORY_COPY_DEVICE_TO_HOST",5,"Agent 1","Agent 0",1214680,3348389522375,3348389529575
"MEMORY_COPY","MEMORY_COPY_HOST_TO_DEVICE",2,"Agent 0","Agent 1",1214686,3348390316589,3348390327149
"MEMORY_COPY","MEMORY_COPY_HOST_TO_DEVICE",2,"Agent 0","Agent 1",1214690,3348390405889,3348390416489
"MEMORY_COPY","MEMORY_COPY_HOST_TO_DEVICE",2,"Agent 0","Agent 1",1214706,3348390552089,3348390591050
"MEMORY_COPY","MEMORY_COPY_HOST_TO_DEVICE",2,"Agent 0","Agent 1",1214858,3348393718252,3348393723652
"MEMORY_COPY","MEMORY_COPY_HOST_TO_DEVICE",2,"Agent 0","Agent 1",1214862,3348393740122,3348393745202
"MEMORY_COPY","MEMORY_COPY_HOST_TO_DEVICE",2,"Agent 0","Agent 1",1214878,3348393849502,3348393860142
"MEMORY_COPY","MEMORY_COPY_DEVICE_TO_HOST",5,"Agent 1","Agent 0",1214988,3348396566563,3348396570643
"MEMORY_COPY","MEMORY_COPY_DEVICE_TO_HOST",5,"Agent 1","Agent 0",1214989,3348396574883,3348396629163
"MEMORY_COPY","MEMORY_COPY_HOST_TO_DEVICE",2,"Agent 0","Agent 1",1215000,3348397256706,3348397261946
"MEMORY_COPY","MEMORY_COPY_HOST_TO_DEVICE",2,"Agent 0","Agent 1",1215004,3348397275376,3348397280736
"MEMORY_COPY","MEMORY_COPY_HOST_TO_DEVICE",2,"Agent 0","Agent 1",1215020,3348397385156,3348397395956
"MEMORY_COPY","MEMORY_COPY_DEVICE_TO_HOST",5,"Agent 1","Agent 0",1215135,3348400654109,3348400658549
"MEMORY_COPY","MEMORY_COPY_DEVICE_TO_HOST",5,"Agent 1","Agent 0",1215136,3348400662909,3348400717790
"MEMORY_COPY","MEMORY_COPY_HOST_TO_DEVICE",2,"Agent 0","Agent 1",1215147,3348401057121,3348401062361
"MEMORY_COPY","MEMORY_COPY_HOST_TO_DEVICE",2,"Agent 0","Agent 1",1215151,3348401075051,3348401080331
"MEMORY_COPY","MEMORY_COPY_HOST_TO_DEVICE",2,"Agent 0","Agent 1",1215167,3348401181481,3348401192361
"MEMORY_COPY","MEMORY_COPY_DEVICE_TO_HOST",5,"Agent 1","Agent 0",1215175,3348403839962,3348403844322
"MEMORY_COPY","MEMORY_COPY_DEVICE_TO_HOST",5,"Agent 1","Agent 0",1215176,3348403848682,3348403925962
"MEMORY_COPY","MEMORY_COPY_HOST_TO_DEVICE",2,"Agent 0","Agent 1",1215187,3348404440744,3348404445904
"MEMORY_COPY","MEMORY_COPY_HOST_TO_DEVICE",2,"Agent 0","Agent 1",1215191,3348404479504,3348404484784
"MEMORY_COPY","MEMORY_COPY_HOST_TO_DEVICE",2,"Agent 0","Agent 1",1215207,3348404672615,3348404684255
"MEMORY_COPY","MEMORY_COPY_DEVICE_TO_HOST",5,"Agent 1","Agent 0",1215215,3348407335546,3348407339906
"MEMORY_COPY","MEMORY_COPY_DEVICE_TO_HOST",5,"Agent 1","Agent 0",1215216,3348407344306,3348407415946
"MEMORY_COPY","MEMORY_COPY_HOST_TO_DEVICE",2,"Agent 0","Agent 1",1215227,3348408075279,3348408085519
"MEMORY_COPY","MEMORY_COPY_HOST_TO_DEVICE",2,"Agent 0","Agent 1",1215242,3348408166519,3348408184439
"MEMORY_COPY","MEMORY_COPY_HOST_TO_DEVICE",2,"Agent 0","Agent 1",1215258,3348408282119,3348408321079
"MEMORY_COPY","MEMORY_COPY_DEVICE_TO_HOST",5,"Agent 1","Agent 0",1222577,3348540846167,3348541025488
"MEMORY_COPY","MEMORY_COPY_DEVICE_TO_HOST",5,"Agent 1","Agent 0",1222578,3348541034168,3348541041688
"MEMORY_COPY","MEMORY_COPY_HOST_TO_DEVICE",2,"Agent 0","Agent 1",1222584,3348541666411,3348541676411
"MEMORY_COPY","MEMORY_COPY_HOST_TO_DEVICE",2,"Agent 0","Agent 1",1222588,3348541697651,3348541707251
"MEMORY_COPY","MEMORY_COPY_HOST_TO_DEVICE",2,"Agent 0","Agent 1",1222604,3348541821881,3348541859521
"MEMORY_COPY","MEMORY_COPY_HOST_TO_DEVICE",2,"Agent 0","Agent 1",1222756,3348544602052,3348544607212
"MEMORY_COPY","MEMORY_COPY_HOST_TO_DEVICE",2,"Agent 0","Agent 1",1222760,3348544623892,3348544629012
"MEMORY_COPY","MEMORY_COPY_HOST_TO_DEVICE",2,"Agent 0","Agent 1",1222776,3348544737423,3348544748143
"MEMORY_COPY","MEMORY_COPY_DEVICE_TO_HOST",5,"Agent 1","Agent 0",1222886,3348547470734,3348547474974
"MEMORY_COPY","MEMORY_COPY_DEVICE_TO_HOST",5,"Agent 1","Agent 0",1222887,3348547479214,3348547534574
"MEMORY_COPY","MEMORY_COPY_HOST_TO_DEVICE",2,"Agent 0","Agent 1",1222898,3348548149826,3348548155146
"MEMORY_COPY","MEMORY_COPY_HOST_TO_DEVICE",2,"Agent 0","Agent 1",1222902,3348548249247,3348548254527
"MEMORY_COPY","MEMORY_COPY_HOST_TO_DEVICE",2,"Agent 0","Agent 1",1222918,3348548355937,3348548366737
"MEMORY_COPY","MEMORY_COPY_DEVICE_TO_HOST",5,"Agent 1","Agent 0",1223033,3348551670290,3348551674610
"MEMORY_COPY","MEMORY_COPY_DEVICE_TO_HOST",5,"Agent 1","Agent 0",1223034,3348551678130,3348551745450
"MEMORY_COPY","MEMORY_COPY_HOST_TO_DEVICE",2,"Agent 0","Agent 1",1223045,3348552089882,3348552095202
"MEMORY_COPY","MEMORY_COPY_HOST_TO_DEVICE",2,"Agent 0","Agent 1",1223049,3348552107552,3348552112632
"MEMORY_COPY","MEMORY_COPY_HOST_TO_DEVICE",2,"Agent 0","Agent 1",1223065,3348552215312,3348552226112
"MEMORY_COPY","MEMORY_COPY_DEVICE_TO_HOST",5,"Agent 1","Agent 0",1223073,3348554899313,3348554903513
"MEMORY_COPY","MEMORY_COPY_DEVICE_TO_HOST",5,"Agent 1","Agent 0",1223074,3348554907073,3348554984113
"MEMORY_COPY","MEMORY_COPY_HOST_TO_DEVICE",2,"Agent 0","Agent 1",1223085,3348555335865,3348555341265
"MEMORY_COPY","MEMORY_COPY_HOST_TO_DEVICE",2,"Agent 0","Agent 1",1223089,3348555354045,3348555359405
"MEMORY_COPY","MEMORY_COPY_HOST_TO_DEVICE",2,"Agent 0","Agent 1",1223105,3348555464295,3348555475095
"MEMORY_COPY","MEMORY_COPY_DEVICE_TO_HOST",5,"Agent 1","Agent 0",1223113,3348558190976,3348558195456
"MEMORY_COPY","MEMORY_COPY_DEVICE_TO_HOST",5,"Agent 1","Agent 0",1223114,3348558199056,3348558262896
"MEMORY_COPY","MEMORY_COPY_HOST_TO_DEVICE",2,"Agent 0","Agent 1",1223125,3348558926319,3348558936239
"MEMORY_COPY","MEMORY_COPY_HOST_TO_DEVICE",2,"Agent 0","Agent 1",1223140,3348559023449,3348559041529
"MEMORY_COPY","MEMORY_COPY_HOST_TO_DEVICE",2,"Agent 0","Agent 1",1223156,3348559141540,3348559180660
"MEMORY_COPY","MEMORY_COPY_DEVICE_TO_HOST",5,"Agent 1","Agent 0",1223164,3348667332089,3348667515049
"MEMORY_COPY","MEMORY_COPY_DEVICE_TO_HOST",5,"Agent 1","Agent 0",1223165,3348667522889,3348667530129
"MEMORY_COPY","MEMORY_COPY_HOST_TO_DEVICE",2,"Agent 0","Agent 1",1223171,3348668159052,3348668169372
"MEMORY_COPY","MEMORY_COPY_HOST_TO_DEVICE",2,"Agent 0","Agent 1",1223175,3348668187292,3348668196812
"MEMORY_COPY","MEMORY_COPY_HOST_TO_DEVICE",2,"Agent 0","Agent 1",1223191,3348668311312,3348668349033
"MEMORY_COPY","MEMORY_COPY_HOST_TO_DEVICE",2,"Agent 0","Agent 1",1223343,3348671170894,3348671176254
"MEMORY_COPY","MEMORY_COPY_HOST_TO_DEVICE",2,"Agent 0","Agent 1",1223347,3348671193664,3348671198704
"MEMORY_COPY","MEMORY_COPY_HOST_TO_DEVICE",2,"Agent 0","Agent 1",1223363,3348671303144,3348671313824
"MEMORY_COPY","MEMORY_COPY_DEVICE_TO_HOST",5,"Agent 1","Agent 0",1223473,3348674036985,3348674040985
"MEMORY_COPY","MEMORY_COPY_DEVICE_TO_HOST",5,"Agent 1","Agent 0",1223474,3348674162066,3348674215866
"MEMORY_COPY","MEMORY_COPY_HOST_TO_DEVICE",2,"Agent 0","Agent 1",1223485,3348674816888,3348674822168
"MEMORY_COPY","MEMORY_COPY_HOST_TO_DEVICE",2,"Agent 0","Agent 1",1223489,3348674835508,3348674840588
"MEMORY_COPY","MEMORY_COPY_HOST_TO_DEVICE",2,"Agent 0","Agent 1",1223505,3348674943839,3348674954719
"MEMORY_COPY","MEMORY_COPY_DEVICE_TO_HOST",5,"Agent 1","Agent 0",1223620,3348678312672,3348678316952
"MEMORY_COPY","MEMORY_COPY_DEVICE_TO_HOST",5,"Agent 1","Agent 0",1223621,3348678321312,3348678396112
"MEMORY_COPY","MEMORY_COPY_HOST_TO_DEVICE",2,"Agent 0","Agent 1",1223632,3348678736464,3348678741744
"MEMORY_COPY","MEMORY_COPY_HOST_TO_DEVICE",2,"Agent 0","Agent 1",1223636,3348678754544,3348678759864
"MEMORY_COPY","MEMORY_COPY_HOST_TO_DEVICE",2,"Agent 0","Agent 1",1223652,3348678860684,3348678871684
"MEMORY_COPY","MEMORY_COPY_DEVICE_TO_HOST",5,"Agent 1","Agent 0",1223660,3348681524145,3348681528465
"MEMORY_COPY","MEMORY_COPY_DEVICE_TO_HOST",5,"Agent 1","Agent 0",1223661,3348681532785,3348681586105
"MEMORY_COPY","MEMORY_COPY_HOST_TO_DEVICE",2,"Agent 0","Agent 1",1223672,3348681921186,3348681926466
"MEMORY_COPY","MEMORY_COPY_HOST_TO_DEVICE",2,"Agent 0","Agent 1",1223676,3348681939146,3348681944506
"MEMORY_COPY","MEMORY_COPY_HOST_TO_DEVICE",2,"Agent 0","Agent 1",1223692,3348682072137,3348682088497
"MEMORY_COPY","MEMORY_COPY_DEVICE_TO_HOST",5,"Agent 1","Agent 0",1223700,3348684812457,3348684816898
"MEMORY_COPY","MEMORY_COPY_DEVICE_TO_HOST",5,"Agent 1","Agent 0",1223701,3348684821338,3348684882298
"MEMORY_COPY","MEMORY_COPY_HOST_TO_DEVICE",2,"Agent 0","Agent 1",1223712,3348685555640,3348685565320
"MEMORY_COPY","MEMORY_COPY_HOST_TO_DEVICE",2,"Agent 0","Agent 1",1223727,3348685645831,3348685663711
"MEMORY_COPY","MEMORY_COPY_HOST_TO_DEVICE",2,"Agent 0","Agent 1",1223743,3348685764071,3348685803151
"MEMORY_COPY","MEMORY_COPY_DEVICE_TO_HOST",5,"Agent 1","Agent 0",1223751,3348793008695,3348793186296
"MEMORY_COPY","MEMORY_COPY_DEVICE_TO_HOST",5,"Agent 1","Agent 0",1223752,3348793194936,3348793202296
"MEMORY_COPY","MEMORY_COPY_HOST_TO_DEVICE",2,"Agent 0","Agent 1",1223758,3348793806958,3348793817118
"MEMORY_COPY","MEMORY_COPY_HOST_TO_DEVICE",2,"Agent 0","Agent 1",1223762,3348793835298,3348793844938
"MEMORY_COPY","MEMORY_COPY_HOST_TO_DEVICE",2,"Agent 0","Agent 1",1223778,3348793967849,3348794008289
"MEMORY_COPY","MEMORY_COPY_HOST_TO_DEVICE",2,"Agent 0","Agent 1",1223930,3348796764390,3348796769910
"MEMORY_COPY","MEMORY_COPY_HOST_TO_DEVICE",2,"Agent 0","Agent 1",1223934,3348796787290,3348796792410
"MEMORY_COPY","MEMORY_COPY_HOST_TO_DEVICE",2,"Agent 0","Agent 1",1223950,3348796897571,3348796908891
"MEMORY_COPY","MEMORY_COPY_DEVICE_TO_HOST",5,"Agent 1","Agent 0",1224060,3348799723472,3348799727512
"MEMORY_COPY","MEMORY_COPY_DEVICE_TO_HOST",5,"Agent 1","Agent 0",1224061,3348799731752,3348799802952
"MEMORY_COPY","MEMORY_COPY_HOST_TO_DEVICE",2,"Agent 0","Agent 1",1224072,3348800480255,3348800485655
"MEMORY_COPY","MEMORY_COPY_HOST_TO_DEVICE",2,"Agent 0","Agent 1",1224076,3348800499325,3348800504405
"MEMORY_COPY","MEMORY_COPY_HOST_TO_DEVICE",2,"Agent 0","Agent 1",1224092,3348800611275,3348800623395
"MEMORY_COPY","MEMORY_COPY_DEVICE_TO_HOST",5,"Agent 1","Agent 0",1224207,3348804120709,3348804124989
"MEMORY_COPY","MEMORY_COPY_DEVICE_TO_HOST",5,"Agent 1","Agent 0",1224208,3348804128509,3348804182549
"MEMORY_COPY","MEMORY_COPY_HOST_TO_DEVICE",2,"Agent 0","Agent 1",1224219,3348804712011,3348804717211
"MEMORY_COPY","MEMORY_COPY_HOST_TO_DEVICE",2,"Agent 0","Agent 1",1224223,3348804729811,3348804735131
"MEMORY_COPY","MEMORY_COPY_HOST_TO_DEVICE",2,"Agent 0","Agent 1",1224239,3348804845162,3348804856482
"MEMORY_COPY","MEMORY_COPY_DEVICE_TO_HOST",5,"Agent 1","Agent 0",1224247,3348807517722,3348807522002
"MEMORY_COPY","MEMORY_COPY_DEVICE_TO_HOST",5,"Agent 1","Agent 0",1224248,3348807526322,3348807579603
"MEMORY_COPY","MEMORY_COPY_HOST_TO_DEVICE",2,"Agent 0","Agent 1",1224259,3348807938654,3348807943854
"MEMORY_COPY","MEMORY_COPY_HOST_TO_DEVICE",2,"Agent 0","Agent 1",1224263,3348807956554,3348807961594
"MEMORY_COPY","MEMORY_COPY_HOST_TO_DEVICE",2,"Agent 0","Agent 1",1224279,3348808073165,3348808084085
"MEMORY_COPY","MEMORY_COPY_DEVICE_TO_HOST",5,"Agent 1","Agent 0",1224287,3348810745795,3348810750115
"MEMORY_COPY","MEMORY_COPY_DEVICE_TO_HOST",5,"Agent 1","Agent 0",1224288,3348810753635,3348810806835
"MEMORY_COPY","MEMORY_COPY_HOST_TO_DEVICE",2,"Agent 0","Agent 1",1224299,3348811481808,3348811491568
"MEMORY_COPY","MEMORY_COPY_HOST_TO_DEVICE",2,"Agent 0","Agent 1",1224314,3348811688109,3348811706229
"MEMORY_COPY","MEMORY_COPY_HOST_TO_DEVICE",2,"Agent 0","Agent 1",1224330,3348811812299,3348811851499
"MEMORY_COPY","MEMORY_COPY_DEVICE_TO_HOST",5,"Agent 1","Agent 0",1224338,3348919038376,3348919215536
"MEMORY_COPY","MEMORY_COPY_DEVICE_TO_HOST",5,"Agent 1","Agent 0",1224339,3348919224176,3348919231416
"MEMORY_COPY","MEMORY_COPY_HOST_TO_DEVICE",2,"Agent 0","Agent 1",1224345,3348919868359,3348919878319
"MEMORY_COPY","MEMORY_COPY_HOST_TO_DEVICE",2,"Agent 0","Agent 1",1224349,3348919896421,3348919905941
"MEMORY_COPY","MEMORY_COPY_HOST_TO_DEVICE",2,"Agent 0","Agent 1",1224365,3348920025349,3348920063669
"MEMORY_COPY","MEMORY_COPY_HOST_TO_DEVICE",2,"Agent 0","Agent 1",1224517,3348922818888,3348922824248
"MEMORY_COPY","MEMORY_COPY_HOST_TO_DEVICE",2,"Agent 0","Agent 1",1224521,3348922840428,3348922845508
"MEMORY_COPY","MEMORY_COPY_HOST_TO_DEVICE",2,"Agent 0","Agent 1",1224537,3348922949134,3348922959814
"MEMORY_COPY","MEMORY_COPY_DEVICE_TO_HOST",5,"Agent 1","Agent 0",1224647,3348925671788,3348925676028
"MEMORY_COPY","MEMORY_COPY_DEVICE_TO_HOST",5,"Agent 1","Agent 0",1224648,3348925680659,3348925734539
"MEMORY_COPY","MEMORY_COPY_HOST_TO_DEVICE",2,"Agent 0","Agent 1",1224659,3348926399416,3348926404656
"MEMORY_COPY","MEMORY_COPY_HOST_TO_DEVICE",2,"Agent 0","Agent 1",1224663,3348926418131,3348926423211
"MEMORY_COPY","MEMORY_COPY_HOST_TO_DEVICE",2,"Agent 0","Agent 1",1224679,3348926528861,3348926539541
"MEMORY_COPY","MEMORY_COPY_DEVICE_TO_HOST",5,"Agent 1","Agent 0",1224794,3348929871497,3348929875697
"MEMORY_COPY","MEMORY_COPY_DEVICE_TO_HOST",5,"Agent 1","Agent 0",1224795,3348929880076,3348929933436
"MEMORY_COPY","MEMORY_COPY_HOST_TO_DEVICE",2,"Agent 0","Agent 1",1224806,3348930278619,3348930284019
"MEMORY_COPY","MEMORY_COPY_HOST_TO_DEVICE",2,"Agent 0","Agent 1",1224810,3348930296693,3348930302053
"MEMORY_COPY","MEMORY_COPY_HOST_TO_DEVICE",2,"Agent 0","Agent 1",1224826,3348930406731,3348930417451
"MEMORY_COPY","MEMORY_COPY_DEVICE_TO_HOST",5,"Agent 1","Agent 0",1224834,3348933078629,3348933082829
"MEMORY_COPY","MEMORY_COPY_DEVICE_TO_HOST",5,"Agent 1","Agent 0",1224835,3348933086801,3348933140241
"MEMORY_COPY","MEMORY_COPY_HOST_TO_DEVICE",2,"Agent 0","Agent 1",1224846,3348933465743,3348933471063
"MEMORY_COPY","MEMORY_COPY_HOST_TO_DEVICE",2,"Agent 0","Agent 1",1224850,3348933483336,3348933488416
"MEMORY_COPY","MEMORY_COPY_HOST_TO_DEVICE",2,"Agent 0","Agent 1",1224866,3348933600889,3348933611849
"MEMORY_COPY","MEMORY_COPY_DEVICE_TO_HOST",5,"Agent 1","Agent 0",1224874,3348936279981,3348936284381
"MEMORY_COPY","MEMORY_COPY_DEVICE_TO_HOST",5,"Agent 1","Agent 0",1224875,3348936289131,3348936342852
"MEMORY_COPY","MEMORY_COPY_HOST_TO_DEVICE",2,"Agent 0","Agent 1",1224886,3348936973422,3348936983182
"MEMORY_COPY","MEMORY_COPY_HOST_TO_DEVICE",2,"Agent 0","Agent 1",1224901,3348937066594,3348937084554
"MEMORY_COPY","MEMORY_COPY_HOST_TO_DEVICE",2,"Agent 0","Agent 1",1224917,3348937246946,3348937287066
"MEMORY_COPY","MEMORY_COPY_DEVICE_TO_HOST",5,"Agent 1","Agent 0",1224925,3349044495909,3349044673350
"MEMORY_COPY","MEMORY_COPY_DEVICE_TO_HOST",5,"Agent 1","Agent 0",1224926,3349044681190,3349044688430
"MEMORY_COPY","MEMORY_COPY_HOST_TO_DEVICE",2,"Agent 0","Agent 1",1224932,3349045301072,3349045311112
"MEMORY_COPY","MEMORY_COPY_HOST_TO_DEVICE",2,"Agent 0","Agent 1",1224936,3349045328542,3349045338422
"MEMORY_COPY","MEMORY_COPY_HOST_TO_DEVICE",2,"Agent 0","Agent 1",1224952,3349045451923,3349045489683
"MEMORY_COPY","MEMORY_COPY_HOST_TO_DEVICE",2,"Agent 0","Agent 1",1225104,3349048255204,3349048260564
"MEMORY_COPY","MEMORY_COPY_HOST_TO_DEVICE",2,"Agent 0","Agent 1",1225108,3349048277364,3349048282444
"MEMORY_COPY","MEMORY_COPY_HOST_TO_DEVICE",2,"Agent 0","Agent 1",1225124,3349048386835,3349048398675
"MEMORY_COPY","MEMORY_COPY_DEVICE_TO_HOST",5,"Agent 1","Agent 0",1225234,3349051089095,3349051093175
"MEMORY_COPY","MEMORY_COPY_DEVICE_TO_HOST",5,"Agent 1","Agent 0",1225235,3349051097335,3349051175816
"MEMORY_COPY","MEMORY_COPY_HOST_TO_DEVICE",2,"Agent 0","Agent 1",1225246,3349051918128,3349051923488
"MEMORY_COPY","MEMORY_COPY_HOST_TO_DEVICE",2,"Agent 0","Agent 1",1225250,3349051937029,3349051942389
"MEMORY_COPY","MEMORY_COPY_HOST_TO_DEVICE",2,"Agent 0","Agent 1",1225266,3349052061999,3349052073359
"MEMORY_COPY","MEMORY_COPY_DEVICE_TO_HOST",5,"Agent 1","Agent 0",1225381,3349055456316,3349055460676
"MEMORY_COPY","MEMORY_COPY_DEVICE_TO_HOST",5,"Agent 1","Agent 0",1225382,3349055465036,3349055518397
"MEMORY_COPY","MEMORY_COPY_HOST_TO_DEVICE",2,"Agent 0","Agent 1",1225393,3349056046839,3349056051959
"MEMORY_COPY","MEMORY_COPY_HOST_TO_DEVICE",2,"Agent 0","Agent 1",1225397,3349056066219,3349056071299
"MEMORY_COPY","MEMORY_COPY_HOST_TO_DEVICE",2,"Agent 0","Agent 1",1225413,3349056175669,3349056186629
"MEMORY_COPY","MEMORY_COPY_DEVICE_TO_HOST",5,"Agent 1","Agent 0",1225421,3349058856130,3349058860370
"MEMORY_COPY","MEMORY_COPY_DEVICE_TO_HOST",5,"Agent 1","Agent 0",1225422,3349058864730,3349058918530
"MEMORY_COPY","MEMORY_COPY_HOST_TO_DEVICE",2,"Agent 0","Agent 1",1225433,3349059235981,3349059241301
"MEMORY_COPY","MEMORY_COPY_HOST_TO_DEVICE",2,"Agent 0","Agent 1",1225437,3349059253681,3349059259001
"MEMORY_COPY","MEMORY_COPY_HOST_TO_DEVICE",2,"Agent 0","Agent 1",1225453,3349059360312,3349059371232
"MEMORY_COPY","MEMORY_COPY_DEVICE_TO_HOST",5,"Agent 1","Agent 0",1225461,3349062030112,3349062034432
"MEMORY_COPY","MEMORY_COPY_DEVICE_TO_HOST",5,"Agent 1","Agent 0",1225462,3349062038792,3349062114113
"MEMORY_COPY","MEMORY_COPY_HOST_TO_DEVICE",2,"Agent 0","Agent 1",1225473,3349062797125,3349062807125
"MEMORY_COPY","MEMORY_COPY_HOST_TO_DEVICE",2,"Agent 0","Agent 1",1225488,3349062890766,3349062909926
"MEMORY_COPY","MEMORY_COPY_HOST_TO_DEVICE",2,"Agent 0","Agent 1",1225504,3349063023126,3349063068326
"MEMORY_COPY","MEMORY_COPY_DEVICE_TO_HOST",5,"Agent 1","Agent 0",1225512,3349170394915,3349170574196
"MEMORY_COPY","MEMORY_COPY_DEVICE_TO_HOST",5,"Agent 1","Agent 0",1225513,3349170582956,3349170590036
"MEMORY_COPY","MEMORY_COPY_HOST_TO_DEVICE",2,"Agent 0","Agent 1",1225519,3349171203848,3349171213728
"MEMORY_COPY","MEMORY_COPY_HOST_TO_DEVICE",2,"Agent 0","Agent 1",1225523,3349171232698,3349171242458
"MEMORY_COPY","MEMORY_COPY_HOST_TO_DEVICE",2,"Agent 0","Agent 1",1225539,3349171356539,3349171394619
"MEMORY_COPY","MEMORY_COPY_HOST_TO_DEVICE",2,"Agent 0","Agent 1",1225691,3349174147480,3349174152680
"MEMORY_COPY","MEMORY_COPY_HOST_TO_DEVICE",2,"Agent 0","Agent 1",1225695,3349174170270,3349174175430
"MEMORY_COPY","MEMORY_COPY_HOST_TO_DEVICE",2,"Agent 0","Agent 1",1225711,3349174414861,3349174425701
"MEMORY_COPY","MEMORY_COPY_DEVICE_TO_HOST",5,"Agent 1","Agent 0",1225821,3349177137982,3349177142182
"MEMORY_COPY","MEMORY_COPY_DEVICE_TO_HOST",5,"Agent 1","Agent 0",1225822,3349177146342,3349177199582
"MEMORY_COPY","MEMORY_COPY_HOST_TO_DEVICE",2,"Agent 0","Agent 1",1225833,3349177799484,3349177804724
"MEMORY_COPY","MEMORY_COPY_HOST_TO_DEVICE",2,"Agent 0","Agent 1",1225837,3349177818274,3349177823354
"MEMORY_COPY","MEMORY_COPY_HOST_TO_DEVICE",2,"Agent 0","Agent 1",1225853,3349177928635,3349177939315
"MEMORY_COPY","MEMORY_COPY_DEVICE_TO_HOST",5,"Agent 1","Agent 0",1225968,3349181227963,3349181232323
"MEMORY_COPY","MEMORY_COPY_DEVICE_TO_HOST",5,"Agent 1","Agent 0",1225969,3349181235843,3349181289884
"MEMORY_COPY","MEMORY_COPY_HOST_TO_DEVICE",2,"Agent 0","Agent 1",1225980,3349181644135,3349181649295
"MEMORY_COPY","MEMORY_COPY_HOST_TO_DEVICE",2,"Agent 0","Agent 1",1225984,3349181661365,3349181666645
"MEMORY_COPY","MEMORY_COPY_HOST_TO_DEVICE",2,"Agent 0","Agent 1",1226000,3349181768666,3349181779306
"MEMORY_COPY","MEMORY_COPY_DEVICE_TO_HOST",5,"Agent 1","Agent 0",1226008,3349184427416,3349184431576
"MEMORY_COPY","MEMORY_COPY_DEVICE_TO_HOST",5,"Agent 1","Agent 0",1226009,3349184435096,3349184493496
"MEMORY_COPY","MEMORY_COPY_HOST_TO_DEVICE",2,"Agent 0","Agent 1",1226020,3349184821278,3349184826518
"MEMORY_COPY","MEMORY_COPY_HOST_TO_DEVICE",2,"Agent 0","Agent 1",1226024,3349184838608,3349184843928
"MEMORY_COPY","MEMORY_COPY_HOST_TO_DEVICE",2,"Agent 0","Agent 1",1226040,3349184944088,3349184955328
"MEMORY_COPY","MEMORY_COPY_DEVICE_TO_HOST",5,"Agent 1","Agent 0",1226048,3349187614019,3349187618379
"MEMORY_COPY","MEMORY_COPY_DEVICE_TO_HOST",5,"Agent 1","Agent 0",1226049,3349187622739,3349187683179
"MEMORY_COPY","MEMORY_COPY_HOST_TO_DEVICE",2,"Agent 0","Agent 1",1226060,3349188363092,3349188374092
"MEMORY_COPY","MEMORY_COPY_HOST_TO_DEVICE",2,"Agent 0","Agent 1",1226075,3349188592492,3349188611413
"MEMORY_COPY","MEMORY_COPY_HOST_TO_DEVICE",2,"Agent 0","Agent 1",1226091,3349188710923,3349188749803
"MEMORY_COPY","MEMORY_COPY_DEVICE_TO_HOST",5,"Agent 1","Agent 0",1226099,3349295931116,3349296110917
"MEMORY_COPY","MEMORY_COPY_DEVICE_TO_HOST",5,"Agent 1","Agent 0",1226100,3349296119557,3349296126717
"MEMORY_COPY","MEMORY_COPY_HOST_TO_DEVICE",2,"Agent 0","Agent 1",1226106,3349296747410,3349296757490
"MEMORY_COPY","MEMORY_COPY_HOST_TO_DEVICE",2,"Agent 0","Agent 1",1226110,3349296775010,3349296784810
"MEMORY_COPY","MEMORY_COPY_HOST_TO_DEVICE",2,"Agent 0","Agent 1",1226126,3349296909280,3349296947480
"MEMORY_COPY","MEMORY_COPY_HOST_TO_DEVICE",2,"Agent 0","Agent 1",1226278,3349299732051,3349299737251
"MEMORY_COPY","MEMORY_COPY_HOST_TO_DEVICE",2,"Agent 0","Agent 1",1226282,3349299754971,3349299760251
"MEMORY_COPY","MEMORY_COPY_HOST_TO_DEVICE",2,"Agent 0","Agent 1",1226298,3349299867042,3349299879122
"MEMORY_COPY","MEMORY_COPY_DEVICE_TO_HOST",5,"Agent 1","Agent 0",1226408,3349302597273,3349302601273
"MEMORY_COPY","MEMORY_COPY_DEVICE_TO_HOST",5,"Agent 1","Agent 0",1226409,3349302605353,3349302658513
"MEMORY_COPY","MEMORY_COPY_HOST_TO_DEVICE",2,"Agent 0","Agent 1",1226420,3349303297825,3349303303065
"MEMORY_COPY","MEMORY_COPY_HOST_TO_DEVICE",2,"Agent 0","Agent 1",1226424,3349303316185,3349303321265
"MEMORY_COPY","MEMORY_COPY_HOST_TO_DEVICE",2,"Agent 0","Agent 1",1226440,3349303427236,3349303438316
"MEMORY_COPY","MEMORY_COPY_DEVICE_TO_HOST",5,"Agent 1","Agent 0",1226555,3349306788751,3349306792951
"MEMORY_COPY","MEMORY_COPY_DEVICE_TO_HOST",5,"Agent 1","Agent 0",1226556,3349306797311,3349306880912
"MEMORY_COPY","MEMORY_COPY_HOST_TO_DEVICE",2,"Agent 0","Agent 1",1226567,3349307411344,3349307416544
"MEMORY_COPY","MEMORY_COPY_HOST_TO_DEVICE",2,"Agent 0","Agent 1",1226571,3349307429314,3349307434394
"MEMORY_COPY","MEMORY_COPY_HOST_TO_DEVICE",2,"Agent 0","Agent 1",1226587,3349307536604,3349307547524
"MEMORY_COPY","MEMORY_COPY_DEVICE_TO_HOST",5,"Agent 1","Agent 0",1226595,3349310206995,3349310211275
"MEMORY_COPY","MEMORY_COPY_DEVICE_TO_HOST",5,"Agent 1","Agent 0",1226596,3349310214875,3349310268235
"MEMORY_COPY","MEMORY_COPY_HOST_TO_DEVICE",2,"Agent 0","Agent 1",1226607,3349310578676,3349310583956
"MEMORY_COPY","MEMORY_COPY_HOST_TO_DEVICE",2,"Agent 0","Agent 1",1226611,3349310596366,3349310601406
"MEMORY_COPY","MEMORY_COPY_HOST_TO_DEVICE",2,"Agent 0","Agent 1",1226627,3349310703797,3349310714877
"MEMORY_COPY","MEMORY_COPY_DEVICE_TO_HOST",5,"Agent 1","Agent 0",1226635,3349313376387,3349313380627
"MEMORY_COPY","MEMORY_COPY_DEVICE_TO_HOST",5,"Agent 1","Agent 0",1226636,3349313384147,3349313473788
"MEMORY_COPY","MEMORY_COPY_HOST_TO_DEVICE",2,"Agent 0","Agent 1",1226647,3349314210781,3349314220661
"MEMORY_COPY","MEMORY_COPY_HOST_TO_DEVICE",2,"Agent 0","Agent 1",1226662,3349314301721,3349314321001
"MEMORY_COPY","MEMORY_COPY_HOST_TO_DEVICE",2,"Agent 0","Agent 1",1226678,3349314431932,3349314471692
"MEMORY_COPY","MEMORY_COPY_DEVICE_TO_HOST",5,"Agent 1","Agent 0",1226686,3349421700375,3349421879415
"MEMORY_COPY","MEMORY_COPY_DEVICE_TO_HOST",5,"Agent 1","Agent 0",1226687,3349421888055,3349421895095
"MEMORY_COPY","MEMORY_COPY_HOST_TO_DEVICE",2,"Agent 0","Agent 1",1226693,3349422540448,3349422550328
"MEMORY_COPY","MEMORY_COPY_HOST_TO_DEVICE",2,"Agent 0","Agent 1",1226697,3349422566948,3349422576708
"MEMORY_COPY","MEMORY_COPY_HOST_TO_DEVICE",2,"Agent 0","Agent 1",1226713,3349422689508,3349422728669
"MEMORY_COPY","MEMORY_COPY_HOST_TO_DEVICE",2,"Agent 0","Agent 1",1226865,3349425472869,3349425478269
"MEMORY_COPY","MEMORY_COPY_HOST_TO_DEVICE",2,"Agent 0","Agent 1",1226869,3349425495620,3349425500700
"MEMORY_COPY","MEMORY_COPY_HOST_TO_DEVICE",2,"Agent 0","Agent 1",1226885,3349425605430,3349425616110
"MEMORY_COPY","MEMORY_COPY_DEVICE_TO_HOST",5,"Agent 1","Agent 0",1226995,3349428319881,3349428324121
"MEMORY_COPY","MEMORY_COPY_DEVICE_TO_HOST",5,"Agent 1","Agent 0",1226996,3349428328281,3349428383641
"MEMORY_COPY","MEMORY_COPY_HOST_TO_DEVICE",2,"Agent 0","Agent 1",1227007,3349429015733,3349429021093
"MEMORY_COPY","MEMORY_COPY_HOST_TO_DEVICE",2,"Agent 0","Agent 1",1227011,3349429035444,3349429040524
"MEMORY_COPY","MEMORY_COPY_HOST_TO_DEVICE",2,"Agent 0","Agent 1",1227027,3349429147284,3349429158964
"MEMORY_COPY","MEMORY_COPY_DEVICE_TO_HOST",5,"Agent 1","Agent 0",1227142,3349432563422,3349432567662
"MEMORY_COPY","MEMORY_COPY_DEVICE_TO_HOST",5,"Agent 1","Agent 0",1227143,3349432571182,3349432633343
"MEMORY_COPY","MEMORY_COPY_HOST_TO_DEVICE",2,"Agent 0","Agent 1",1227154,3349433148025,3349433153305
"MEMORY_COPY","MEMORY_COPY_HOST_TO_DEVICE",2,"Agent 0","Agent 1",1227158,3349433166065,3349433171145
"MEMORY_COPY","MEMORY_COPY_HOST_TO_DEVICE",2,"Agent 0","Agent 1",1227174,3349433273975,3349433285055
"MEMORY_COPY","MEMORY_COPY_DEVICE_TO_HOST",5,"Agent 1","Agent 0",1227182,3349435942216,3349435946616
"MEMORY_COPY","MEMORY_COPY_DEVICE_TO_HOST",5,"Agent 1","Agent 0",1227183,3349435950136,3349436012136
"MEMORY_COPY","MEMORY_COPY_HOST_TO_DEVICE",2,"Agent 0","Agent 1",1227194,3349436319587,3349436324907
"MEMORY_COPY","MEMORY_COPY_HOST_TO_DEVICE",2,"Agent 0","Agent 1",1227198,3349436336677,3349436341997
"MEMORY_COPY","MEMORY_COPY_HOST_TO_DEVICE",2,"Agent 0","Agent 1",1227214,3349436451668,3349436462348
"MEMORY_COPY","MEMORY_COPY_DEVICE_TO_HOST",5,"Agent 1","Agent 0",1227222,3349439140728,3349439144928
"MEMORY_COPY","MEMORY_COPY_DEVICE_TO_HOST",5,"Agent 1","Agent 0",1227223,3349439149288,3349439203289
"MEMORY_COPY","MEMORY_COPY_HOST_TO_DEVICE",2,"Agent 0","Agent 1",1227234,3349439842011,3349439851771
"MEMORY_COPY","MEMORY_COPY_HOST_TO_DEVICE",2,"Agent 0","Agent 1",1227249,3349439930081,3349439948282
"MEMORY_COPY","MEMORY_COPY_HOST_TO_DEVICE",2,"Agent 0","Agent 1",1227265,3349440048922,3349440089002
"MEMORY_COPY","MEMORY_COPY_DEVICE_TO_HOST",5,"Agent 1","Agent 0",1227273,3349547958552,3349548138033
"MEMORY_COPY","MEMORY_COPY_DEVICE_TO_HOST",5,"Agent 1","Agent 0",1227274,3349548146673,3349548153713
"MEMORY_COPY","MEMORY_COPY_HOST_TO_DEVICE",2,"Agent 0","Agent 1",1227280,3349548783636,3349548793556
"MEMORY_COPY","MEMORY_COPY_HOST_TO_DEVICE",2,"Agent 0","Agent 1",1227284,3349548810766,3349548820566
"MEMORY_COPY","MEMORY_COPY_HOST_TO_DEVICE",2,"Agent 0","Agent 1",1227300,3349548934136,3349548974896
"MEMORY_COPY","MEMORY_COPY_HOST_TO_DEVICE",2,"Agent 0","Agent 1",1227452,3349551866518,3349551871878
"MEMORY_COPY","MEMORY_COPY_HOST_TO_DEVICE",2,"Agent 0","Agent 1",1227456,3349551890408,3349551895608
"MEMORY_COPY","MEMORY_COPY_HOST_TO_DEVICE",2,"Agent 0","Agent 1",1227472,3349551998658,3349552012058
"MEMORY_COPY","MEMORY_COPY_DEVICE_TO_HOST",5,"Agent 1","Agent 0",1227582,3349554735909,3349554740029
"MEMORY_COPY","MEMORY_COPY_DEVICE_TO_HOST",5,"Agent 1","Agent 0",1227583,3349554744229,3349554798029
"MEMORY_COPY","MEMORY_COPY_HOST_TO_DEVICE",2,"Agent 0","Agent 1",1227594,3349555450702,3349555456062
"MEMORY_COPY","MEMORY_COPY_HOST_TO_DEVICE",2,"Agent 0","Agent 1",1227598,3349555469062,3349555474182
"MEMORY_COPY","MEMORY_COPY_HOST_TO_DEVICE",2,"Agent 0","Agent 1",1227614,3349555577812,3349555588732
"MEMORY_COPY","MEMORY_COPY_DEVICE_TO_HOST",5,"Agent 1","Agent 0",1227729,3349558873379,3349558877779
"MEMORY_COPY","MEMORY_COPY_DEVICE_TO_HOST",5,"Agent 1","Agent 0",1227730,3349558882139,3349558964220
"MEMORY_COPY","MEMORY_COPY_HOST_TO_DEVICE",2,"Agent 0","Agent 1",1227741,3349559476502,3349559481902
"MEMORY_COPY","MEMORY_COPY_HOST_TO_DEVICE",2,"Agent 0","Agent 1",1227745,3349559494452,3349559499772
"MEMORY_COPY","MEMORY_COPY_HOST_TO_DEVICE",2,"Agent 0","Agent 1",1227761,3349559601402,3349559612242
"MEMORY_COPY","MEMORY_COPY_DEVICE_TO_HOST",5,"Agent 1","Agent 0",1227769,3349562274293,3349562278493
"MEMORY_COPY","MEMORY_COPY_DEVICE_TO_HOST",5,"Agent 1","Agent 0",1227770,3349562282853,3349562378253
"MEMORY_COPY","MEMORY_COPY_HOST_TO_DEVICE",2,"Agent 0","Agent 1",1227781,3349562908265,3349562913465
"MEMORY_COPY","MEMORY_COPY_HOST_TO_DEVICE",2,"Agent 0","Agent 1",1227785,3349562931185,3349562936625
"MEMORY_COPY","MEMORY_COPY_HOST_TO_DEVICE",2,"Agent 0","Agent 1",1227801,3349563065296,3349563078696
"MEMORY_COPY","MEMORY_COPY_DEVICE_TO_HOST",5,"Agent 1","Agent 0",1227809,3349565851427,3349565855827
"MEMORY_COPY","MEMORY_COPY_DEVICE_TO_HOST",5,"Agent 1","Agent 0",1227810,3349565860227,3349565913387
"MEMORY_COPY","MEMORY_COPY_HOST_TO_DEVICE",2,"Agent 0","Agent 1",1227821,3349566582930,3349566592690
"MEMORY_COPY","MEMORY_COPY_HOST_TO_DEVICE",2,"Agent 0","Agent 1",1227836,3349566670890,3349566688850
"MEMORY_COPY","MEMORY_COPY_HOST_TO_DEVICE",2,"Agent 0","Agent 1",1227852,3349566851441,3349566890481
"MEMORY_COPY","MEMORY_COPY_DEVICE_TO_HOST",5,"Agent 1","Agent 0",1227860,3349674116287,3349674293647
"MEMORY_COPY","MEMORY_COPY_DEVICE_TO_HOST",5,"Agent 1","Agent 0",1227861,3349674303207,3349674310287
"MEMORY_COPY","MEMORY_COPY_HOST_TO_DEVICE",2,"Agent 0","Agent 1",1227867,3349674940760,3349674950960
"MEMORY_COPY","MEMORY_COPY_HOST_TO_DEVICE",2,"Agent 0","Agent 1",1227871,3349674968240,3349674977840
"MEMORY_COPY","MEMORY_COPY_HOST_TO_DEVICE",2,"Agent 0","Agent 1",1227887,3349675093911,3349675131711
"MEMORY_COPY","MEMORY_COPY_HOST_TO_DEVICE",2,"Agent 0","Agent 1",1228039,3349677873801,3349677879042
"MEMORY_COPY","MEMORY_COPY_HOST_TO_DEVICE",2,"Agent 0","Agent 1",1228043,3349677898092,3349677903612
"MEMORY_COPY","MEMORY_COPY_HOST_TO_DEVICE",2,"Agent 0","Agent 1",1228059,3349678023862,3349678036822
"MEMORY_COPY","MEMORY_COPY_DEVICE_TO_HOST",5,"Agent 1","Agent 0",1228169,3349680765943,3349680769983
"MEMORY_COPY","MEMORY_COPY_DEVICE_TO_HOST",5,"Agent 1","Agent 0",1228170,3349680774063,3349680828183
"MEMORY_COPY","MEMORY_COPY_HOST_TO_DEVICE",2,"Agent 0","Agent 1",1228181,3349681490486,3349681495886
"MEMORY_COPY","MEMORY_COPY_HOST_TO_DEVICE",2,"Agent 0","Agent 1",1228185,3349681509426,3349681514506
"MEMORY_COPY","MEMORY_COPY_HOST_TO_DEVICE",2,"Agent 0","Agent 1",1228201,3349681617946,3349681628586
"MEMORY_COPY","MEMORY_COPY_DEVICE_TO_HOST",5,"Agent 1","Agent 0",1228316,3349685102373,3349685106573
"MEMORY_COPY","MEMORY_COPY_DEVICE_TO_HOST",5,"Agent 1","Agent 0",1228317,3349685110933,3349685164294
"MEMORY_COPY","MEMORY_COPY_HOST_TO_DEVICE",2,"Agent 0","Agent 1",1228328,3349685672186,3349685677306
"MEMORY_COPY","MEMORY_COPY_HOST_TO_DEVICE",2,"Agent 0","Agent 1",1228332,3349685689176,3349685694256
"MEMORY_COPY","MEMORY_COPY_HOST_TO_DEVICE",2,"Agent 0","Agent 1",1228348,3349685795036,3349685805716
"MEMORY_COPY","MEMORY_COPY_DEVICE_TO_HOST",5,"Agent 1","Agent 0",1228356,3349688471187,3349688475467
"MEMORY_COPY","MEMORY_COPY_DEVICE_TO_HOST",5,"Agent 1","Agent 0",1228357,3349688479827,3349688538747
"MEMORY_COPY","MEMORY_COPY_HOST_TO_DEVICE",2,"Agent 0","Agent 1",1228368,3349688847128,3349688852448
"MEMORY_COPY","MEMORY_COPY_HOST_TO_DEVICE",2,"Agent 0","Agent 1",1228372,3349688864668,3349688870028
"MEMORY_COPY","MEMORY_COPY_HOST_TO_DEVICE",2,"Agent 0","Agent 1",1228388,3349688974719,3349688987159
"MEMORY_COPY","MEMORY_COPY_DEVICE_TO_HOST",5,"Agent 1","Agent 0",1228396,3349691645799,3349691650039
"MEMORY_COPY","MEMORY_COPY_DEVICE_TO_HOST",5,"Agent 1","Agent 0",1228397,3349691654399,3349691707959
"MEMORY_COPY","MEMORY_COPY_HOST_TO_DEVICE",2,"Agent 0","Agent 1",1228408,3349692362552,3349692372272
"MEMORY_COPY","MEMORY_COPY_HOST_TO_DEVICE",2,"Agent 0","Agent 1",1228423,3349692449752,3349692467872
"MEMORY_COPY","MEMORY_COPY_HOST_TO_DEVICE",2,"Agent 0","Agent 1",1228439,3349692566083,3349692605043
"MEMORY_COPY","MEMORY_COPY_DEVICE_TO_HOST",5,"Agent 1","Agent 0",1228447,3349799856051,3349800035211
"MEMORY_COPY","MEMORY_COPY_DEVICE_TO_HOST",5,"Agent 1","Agent 0",1228448,3349800043931,3349800051091
"MEMORY_COPY","MEMORY_COPY_HOST_TO_DEVICE",2,"Agent 0","Agent 1",1228454,3349800719464,3349800729424
"MEMORY_COPY","MEMORY_COPY_HOST_TO_DEVICE",2,"Agent 0","Agent 1",1228458,3349800746904,3349800757224
"MEMORY_COPY","MEMORY_COPY_HOST_TO_DEVICE",2,"Agent 0","Agent 1",1228474,3349800881975,3349800928295
"MEMORY_COPY","MEMORY_COPY_HOST_TO_DEVICE",2,"Agent 0","Agent 1",1228626,3349803691786,3349803697146
"MEMORY_COPY","MEMORY_COPY_HOST_TO_DEVICE",2,"Agent 0","Agent 1",1228630,3349803716396,3349803721476
"MEMORY_COPY","MEMORY_COPY_HOST_TO_DEVICE",2,"Agent 0","Agent 1",1228646,3349803830796,3349803842756
"MEMORY_COPY","MEMORY_COPY_DEVICE_TO_HOST",5,"Agent 1","Agent 0",1228756,3349806577757,3349806581957
"MEMORY_COPY","MEMORY_COPY_DEVICE_TO_HOST",5,"Agent 1","Agent 0",1228757,3349806586077,3349806639357
"MEMORY_COPY","MEMORY_COPY_HOST_TO_DEVICE",2,"Agent 0","Agent 1",1228768,3349807256540,3349807261780
"MEMORY_COPY","MEMORY_COPY_HOST_TO_DEVICE",2,"Agent 0","Agent 1",1228772,3349807274790,3349807279950
"MEMORY_COPY","MEMORY_COPY_HOST_TO_DEVICE",2,"Agent 0","Agent 1",1228788,3349807387140,3349807398500
"MEMORY_COPY","MEMORY_COPY_DEVICE_TO_HOST",5,"Agent 1","Agent 0",1228903,3349810794583,3349810798863
"MEMORY_COPY","MEMORY_COPY_DEVICE_TO_HOST",5,"Agent 1","Agent 0",1228904,3349810803223,3349810871264
"MEMORY_COPY","MEMORY_COPY_HOST_TO_DEVICE",2,"Agent 0","Agent 1",1228915,3349811400966,3349811406246
"MEMORY_COPY","MEMORY_COPY_HOST_TO_DEVICE",2,"Agent 0","Agent 1",1228919,3349811418556,3349811423956
"MEMORY_COPY","MEMORY_COPY_HOST_TO_DEVICE",2,"Agent 0","Agent 1",1228935,3349811528046,3349811539886
"MEMORY_COPY","MEMORY_COPY_DEVICE_TO_HOST",5,"Agent 1","Agent 0",1228943,3349814203117,3349814207397
"MEMORY_COPY","MEMORY_COPY_DEVICE_TO_HOST",5,"Agent 1","Agent 0",1228944,3349814210917,3349814264237
"MEMORY_COPY","MEMORY_COPY_HOST_TO_DEVICE",2,"Agent 0","Agent 1",1228955,3349814592458,3349814597738
"MEMORY_COPY","MEMORY_COPY_HOST_TO_DEVICE",2,"Agent 0","Agent 1",1228959,3349814610028,3349814615308
"MEMORY_COPY","MEMORY_COPY_HOST_TO_DEVICE",2,"Agent 0","Agent 1",1228975,3349814716829,3349814727549
"MEMORY_COPY","MEMORY_COPY_DEVICE_TO_HOST",5,"Agent 1","Agent 0",1228983,3349817384819,3349817389099
"MEMORY_COPY","MEMORY_COPY_DEVICE_TO_HOST",5,"Agent 1","Agent 0",1228984,3349817392699,3349817445860
"MEMORY_COPY","MEMORY_COPY_HOST_TO_DEVICE",2,"Agent 0","Agent 1",1228995,3349818101752,3349818111472
"MEMORY_COPY","MEMORY_COPY_HOST_TO_DEVICE",2,"Agent 0","Agent 1",1229010,3349818188703,3349818206623
"MEMORY_COPY","MEMORY_COPY_HOST_TO_DEVICE",2,"Agent 0","Agent 1",1229026,3349818313193,3349818352273
"MEMORY_COPY","MEMORY_COPY_DEVICE_TO_HOST",5,"Agent 1","Agent 0",1229034,3349925573101,3349925754421
"MEMORY_COPY","MEMORY_COPY_DEVICE_TO_HOST",5,"Agent 1","Agent 0",1229035,3349925762221,3349925769741
"MEMORY_COPY","MEMORY_COPY_HOST_TO_DEVICE",2,"Agent 0","Agent 1",1229041,3349926418454,3349926428534
"MEMORY_COPY","MEMORY_COPY_HOST_TO_DEVICE",2,"Agent 0","Agent 1",1229045,3349926446204,3349926456244
"MEMORY_COPY","MEMORY_COPY_HOST_TO_DEVICE",2,"Agent 0","Agent 1",1229061,3349926570454,3349926609175
"MEMORY_COPY","MEMORY_COPY_HOST_TO_DEVICE",2,"Agent 0","Agent 1",1229213,3349929369426,3349929374586
"MEMORY_COPY","MEMORY_COPY_HOST_TO_DEVICE",2,"Agent 0","Agent 1",1229217,3349929392046,3349929397126
"MEMORY_COPY","MEMORY_COPY_HOST_TO_DEVICE",2,"Agent 0","Agent 1",1229233,3349929499026,3349929509706
"MEMORY_COPY","MEMORY_COPY_DEVICE_TO_HOST",5,"Agent 1","Agent 0",1229343,3349932219977,3349932223977
"MEMORY_COPY","MEMORY_COPY_DEVICE_TO_HOST",5,"Agent 1","Agent 0",1229344,3349932229017,3349932294857
"MEMORY_COPY","MEMORY_COPY_HOST_TO_DEVICE",2,"Agent 0","Agent 1",1229355,3349932898049,3349932903489
"MEMORY_COPY","MEMORY_COPY_HOST_TO_DEVICE",2,"Agent 0","Agent 1",1229359,3349932940570,3349932945890
"MEMORY_COPY","MEMORY_COPY_HOST_TO_DEVICE",2,"Agent 0","Agent 1",1229375,3349933049950,3349933060870
"MEMORY_COPY","MEMORY_COPY_DEVICE_TO_HOST",5,"Agent 1","Agent 0",1229490,3349936353735,3349936357895
"MEMORY_COPY","MEMORY_COPY_DEVICE_TO_HOST",5,"Agent 1","Agent 0",1229491,3349936362295,3349936416376
"MEMORY_COPY","MEMORY_COPY_HOST_TO_DEVICE",2,"Agent 0","Agent 1",1229502,3349936761707,3349936766987
"MEMORY_COPY","MEMORY_COPY_HOST_TO_DEVICE",2,"Agent 0","Agent 1",1229506,3349936778747,3349936784027
"MEMORY_COPY","MEMORY_COPY_HOST_TO_DEVICE",2,"Agent 0","Agent 1",1229522,3349936884118,3349936895438
"MEMORY_COPY","MEMORY_COPY_DEVICE_TO_HOST",5,"Agent 1","Agent 0",1229530,3349939561258,3349939565538
"MEMORY_COPY","MEMORY_COPY_DEVICE_TO_HOST",5,"Agent 1","Agent 0",1229531,3349939569898,3349939623258
"MEMORY_COPY","MEMORY_COPY_HOST_TO_DEVICE",2,"Agent 0","Agent 1",1229542,3349939927280,3349939932600
"MEMORY_COPY","MEMORY_COPY_HOST_TO_DEVICE",2,"Agent 0","Agent 1",1229546,3349939944960,3349939950280
"MEMORY_COPY","MEMORY_COPY_HOST_TO_DEVICE",2,"Agent 0","Agent 1",1229562,3349940154800,3349940167280
"MEMORY_COPY","MEMORY_COPY_DEVICE_TO_HOST",5,"Agent 1","Agent 0",1229570,3349942816011,3349942820251
"MEMORY_COPY","MEMORY_COPY_DEVICE_TO_HOST",5,"Agent 1","Agent 0",1229571,3349942823811,3349942878011
"MEMORY_COPY","MEMORY_COPY_HOST_TO_DEVICE",2,"Agent 0","Agent 1",1229582,3349943539194,3349943548994
"MEMORY_COPY","MEMORY_COPY_HOST_TO_DEVICE",2,"Agent 0","Agent 1",1229597,3349943626504,3349943644824
"MEMORY_COPY","MEMORY_COPY_HOST_TO_DEVICE",2,"Agent 0","Agent 1",1229613,3349943743415,3349943783855
"MEMORY_COPY","MEMORY_COPY_DEVICE_TO_HOST",5,"Agent 1","Agent 0",1229621,3350051086118,3350051305198
"MEMORY_COPY","MEMORY_COPY_DEVICE_TO_HOST",5,"Agent 1","Agent 0",1229622,3350051316438,3350051323838
"MEMORY_COPY","MEMORY_COPY_HOST_TO_DEVICE",2,"Agent 0","Agent 1",1229628,3350051901701,3350051911741
"MEMORY_COPY","MEMORY_COPY_HOST_TO_DEVICE",2,"Agent 0","Agent 1",1229632,3350051928701,3350051938581
"MEMORY_COPY","MEMORY_COPY_HOST_TO_DEVICE",2,"Agent 0","Agent 1",1229648,3350052053781,3350052093342
"MEMORY_COPY","MEMORY_COPY_HOST_TO_DEVICE",2,"Agent 0","Agent 1",1229800,3350054900923,3350054906523
"MEMORY_COPY","MEMORY_COPY_HOST_TO_DEVICE",2,"Agent 0","Agent 1",1229804,3350054923373,3350054928493
"MEMORY_COPY","MEMORY_COPY_HOST_TO_DEVICE",2,"Agent 0","Agent 1",1229820,3350055032593,3350055043313
"MEMORY_COPY","MEMORY_COPY_DEVICE_TO_HOST",5,"Agent 1","Agent 0",1229930,3350057802544,3350057806624
"MEMORY_COPY","MEMORY_COPY_DEVICE_TO_HOST",5,"Agent 1","Agent 0",1229931,3350057810864,3350057864424
"MEMORY_COPY","MEMORY_COPY_HOST_TO_DEVICE",2,"Agent 0","Agent 1",1229942,3350058476257,3350058481617
"MEMORY_COPY","MEMORY_COPY_HOST_TO_DEVICE",2,"Agent 0","Agent 1",1229946,3350058494987,3350058500187
"MEMORY_COPY","MEMORY_COPY_HOST_TO_DEVICE",2,"Agent 0","Agent 1",1229962,3350058644707,3350058655627
"MEMORY_COPY","MEMORY_COPY_DEVICE_TO_HOST",5,"Agent 1","Agent 0",1230077,3350061963100,3350061967380
"MEMORY_COPY","MEMORY_COPY_DEVICE_TO_HOST",5,"Agent 1","Agent 0",1230078,3350061972500,3350062028381
"MEMORY_COPY","MEMORY_COPY_HOST_TO_DEVICE",2,"Agent 0","Agent 1",1230089,3350062572033,3350062577233
"MEMORY_COPY","MEMORY_COPY_HOST_TO_DEVICE",2,"Agent 0","Agent 1",1230093,3350062589643,3350062594963
"MEMORY_COPY","MEMORY_COPY_HOST_TO_DEVICE",2,"Agent 0","Agent 1",1230109,3350062699203,3350062709923
"MEMORY_COPY","MEMORY_COPY_DEVICE_TO_HOST",5,"Agent 1","Agent 0",1230117,3350065368874,3350065373274
"MEMORY_COPY","MEMORY_COPY_DEVICE_TO_HOST",5,"Agent 1","Agent 0",1230118,3350065376794,3350065430234
"MEMORY_COPY","MEMORY_COPY_HOST_TO_DEVICE",2,"Agent 0","Agent 1",1230129,3350065738795,3350065744115
"MEMORY_COPY","MEMORY_COPY_HOST_TO_DEVICE",2,"Agent 0","Agent 1",1230133,3350065756155,3350065761395
"MEMORY_COPY","MEMORY_COPY_HOST_TO_DEVICE",2,"Agent 0","Agent 1",1230149,3350065863566,3350065874526
"MEMORY_COPY","MEMORY_COPY_DEVICE_TO_HOST",5,"Agent 1","Agent 0",1230157,3350068542016,3350068546296
"MEMORY_COPY","MEMORY_COPY_DEVICE_TO_HOST",5,"Agent 1","Agent 0",1230158,3350068552336,3350068605577
"MEMORY_COPY","MEMORY_COPY_HOST_TO_DEVICE",2,"Agent 0","Agent 1",1230169,3350070659865,3350070668465
"MEMORY_COPY","MEMORY_COPY_HOST_TO_DEVICE",2,"Agent 0","Agent 1",1230184,3350070749655,3350070767535
"MEMORY_COPY","MEMORY_COPY_HOST_TO_DEVICE",2,"Agent 0","Agent 1",1230200,3350070863946,3350070895986
"MEMORY_COPY","MEMORY_COPY_DEVICE_TO_HOST",5,"Agent 1","Agent 0",1237514,3350160853787,3350161001348
"MEMORY_COPY","MEMORY_COPY_DEVICE_TO_HOST",5,"Agent 1","Agent 0",1237515,3350161012348,3350161018748
"MEMORY_COPY","MEMORY_COPY_HOST_TO_DEVICE",2,"Agent 0","Agent 1",1237521,3350161789311,3350161797911
"MEMORY_COPY","MEMORY_COPY_HOST_TO_DEVICE",2,"Agent 0","Agent 1",1237525,3350161817571,3350161828411
"MEMORY_COPY","MEMORY_COPY_HOST_TO_DEVICE",2,"Agent 0","Agent 1",1237541,3350161939001,3350161969962
"MEMORY_COPY","MEMORY_COPY_HOST_TO_DEVICE",2,"Agent 0","Agent 1",1237685,3350281402604,3350281414044
"MEMORY_COPY","MEMORY_COPY_HOST_TO_DEVICE",2,"Agent 0","Agent 1",1237688,3350281454584,3350281465584
"MEMORY_COPY","MEMORY_COPY_HOST_TO_DEVICE",2,"Agent 0","Agent 1",1237691,3350281493074,3350281504114
"MEMORY_COPY","MEMORY_COPY_HOST_TO_DEVICE",2,"Agent 0","Agent 1",1237694,3350281532514,3350281543714
"MEMORY_COPY","MEMORY_COPY_HOST_TO_DEVICE",2,"Agent 0","Agent 1",1237697,3350281568094,3350281579094
"MEMORY_COPY","MEMORY_COPY_HOST_TO_DEVICE",2,"Agent 0","Agent 1",1237700,3350281607294,3350281618254
"MEMORY_COPY","MEMORY_COPY_HOST_TO_DEVICE",2,"Agent 0","Agent 1",1237703,3350281642014,3350281653054
"MEMORY_COPY","MEMORY_COPY_HOST_TO_DEVICE",2,"Agent 0","Agent 1",1237706,3350281676235,3350281687515
"MEMORY_COPY","MEMORY_COPY_HOST_TO_DEVICE",2,"Agent 0","Agent 1",1237709,3350281715115,3350281726155
"MEMORY_COPY","MEMORY_COPY_HOST_TO_DEVICE",2,"Agent 0","Agent 1",1237712,3350281750715,3350281761715
"MEMORY_COPY","MEMORY_COPY_HOST_TO_DEVICE",2,"Agent 0","Agent 1",1237715,3350281785675,3350281796675
"MEMORY_COPY","MEMORY_COPY_HOST_TO_DEVICE",2,"Agent 0","Agent 1",1237718,3350281825775,3350281837095
"MEMORY_COPY","MEMORY_COPY_HOST_TO_DEVICE",2,"Agent 0","Agent 1",1237721,3350281862085,3350281873365
"MEMORY_COPY","MEMORY_COPY_HOST_TO_DEVICE",2,"Agent 0","Agent 1",1237724,3350281898495,3350281909655
"MEMORY_COPY","MEMORY_COPY_HOST_TO_DEVICE",2,"Agent 0","Agent 1",1237727,3350281937876,3350281948836
"MEMORY_COPY","MEMORY_COPY_HOST_TO_DEVICE",2,"Agent 0","Agent 1",1237730,3350281973816,3350281985056
"MEMORY_COPY","MEMORY_COPY_HOST_TO_DEVICE",2,"Agent 0","Agent 1",1237733,3350282013596,3350282024596
"MEMORY_COPY","MEMORY_COPY_HOST_TO_DEVICE",2,"Agent 0","Agent 1",1237736,3350282053116,3350282064116
"MEMORY_COPY","MEMORY_COPY_HOST_TO_DEVICE",2,"Agent 0","Agent 1",1237739,3350282087666,3350282098706
"MEMORY_COPY","MEMORY_COPY_HOST_TO_DEVICE",2,"Agent 0","Agent 1",1237742,3350282122246,3350282133526
"MEMORY_COPY","MEMORY_COPY_HOST_TO_DEVICE",2,"Agent 0","Agent 1",1237745,3350282162046,3350282173086
"MEMORY_COPY","MEMORY_COPY_HOST_TO_DEVICE",2,"Agent 0","Agent 1",1237748,3350282197437,3350282208437
"MEMORY_COPY","MEMORY_COPY_HOST_TO_DEVICE",2,"Agent 0","Agent 1",1237751,3350282232257,3350282243257
"MEMORY_COPY","MEMORY_COPY_HOST_TO_DEVICE",2,"Agent 0","Agent 1",1237754,3350282271897,3350282283217
"MEMORY_COPY","MEMORY_COPY_HOST_TO_DEVICE",2,"Agent 0","Agent 1",1237757,3350282306807,3350282317887
"MEMORY_COPY","MEMORY_COPY_HOST_TO_DEVICE",2,"Agent 0","Agent 1",1237760,3350282341987,3350282353067
"MEMORY_COPY","MEMORY_COPY_HOST_TO_DEVICE",2,"Agent 0","Agent 1",1237763,3350282382407,3350282393447
"MEMORY_COPY","MEMORY_COPY_HOST_TO_DEVICE",2,"Agent 0","Agent 1",1237766,3350282417327,3350282428647
"MEMORY_COPY","MEMORY_COPY_HOST_TO_DEVICE",2,"Agent 0","Agent 1",1237769,3350282452198,3350282463198
"MEMORY_COPY","MEMORY_COPY_HOST_TO_DEVICE",2,"Agent 0","Agent 1",1237772,3350282492638,3350282503638
"MEMORY_COPY","MEMORY_COPY_HOST_TO_DEVICE",2,"Agent 0","Agent 1",1237775,3350282527978,3350282539018
"MEMORY_COPY","MEMORY_COPY_HOST_TO_DEVICE",2,"Agent 0","Agent 1",1237778,3350282563678,3350282574958
"MEMORY_COPY","MEMORY_COPY_HOST_TO_DEVICE",2,"Agent 0","Agent 1",1237781,3350282599038,3350282610118
"MEMORY_COPY","MEMORY_COPY_HOST_TO_DEVICE",2,"Agent 0","Agent 1",1237784,3350282629918,3350282640878
"MEMORY_COPY","MEMORY_COPY_HOST_TO_DEVICE",2,"Agent 0","Agent 1",1237787,3350282661608,3350282672688
"MEMORY_COPY","MEMORY_COPY_HOST_TO_DEVICE",2,"Agent 0","Agent 1",1237790,3350282696479,3350282707639
"MEMORY_COPY","MEMORY_COPY_HOST_TO_DEVICE",2,"Agent 0","Agent 1",1237793,3350282727829,3350282738869
"MEMORY_COPY","MEMORY_COPY_HOST_TO_DEVICE",2,"Agent 0","Agent 1",1237796,3350282758289,3350282769289
"MEMORY_COPY","MEMORY_COPY_HOST_TO_DEVICE",2,"Agent 0","Agent 1",1237799,3350282792649,3350282803609
"MEMORY_COPY","MEMORY_COPY_HOST_TO_DEVICE",2,"Agent 0","Agent 1",1237802,3350282821929,3350282832849
"MEMORY_COPY","MEMORY_COPY_HOST_TO_DEVICE",2,"Agent 0","Agent 1",1237805,3350282852189,3350282863229
"MEMORY_COPY","MEMORY_COPY_HOST_TO_DEVICE",2,"Agent 0","Agent 1",1237808,3350282886779,3350282897819
"MEMORY_COPY","MEMORY_COPY_HOST_TO_DEVICE",2,"Agent 0","Agent 1",1237811,3350282916439,3350282927559
"MEMORY_COPY","MEMORY_COPY_HOST_TO_DEVICE",2,"Agent 0","Agent 1",1237814,3350282946140,3350282957100
"MEMORY_COPY","MEMORY_COPY_HOST_TO_DEVICE",2,"Agent 0","Agent 1",1237817,3350282979670,3350282990710
"MEMORY_COPY","MEMORY_COPY_HOST_TO_DEVICE",2,"Agent 0","Agent 1",1237820,3350283014030,3350283025190
"MEMORY_COPY","MEMORY_COPY_HOST_TO_DEVICE",2,"Agent 0","Agent 1",1237823,3350283046640,3350283057840
"MEMORY_COPY","MEMORY_COPY_HOST_TO_DEVICE",2,"Agent 0","Agent 1",1237826,3350283081940,3350283093100
"MEMORY_COPY","MEMORY_COPY_HOST_TO_DEVICE",2,"Agent 0","Agent 1",1237829,3350283121880,3350283246041
"MEMORY_COPY","MEMORY_COPY_HOST_TO_DEVICE",2,"Agent 0","Agent 1",1237832,3350283264971,3350283385451
"MEMORY_COPY","MEMORY_COPY_HOST_TO_DEVICE",2,"Agent 0","Agent 1",1237835,3350283405611,3350283521692
"MEMORY_COPY","MEMORY_COPY_HOST_TO_DEVICE",2,"Agent 0","Agent 1",1237838,3350283537832,3350283654672
"MEMORY_COPY","MEMORY_COPY_HOST_TO_DEVICE",2,"Agent 0","Agent 1",1237841,3350283670812,3350283785653
"MEMORY_COPY","MEMORY_COPY_HOST_TO_DEVICE",2,"Agent 0","Agent 1",1237844,3350283805113,3350283919913
"MEMORY_COPY","MEMORY_COPY_HOST_TO_DEVICE",2,"Agent 0","Agent 1",1237847,3350283936473,3350284051274
"MEMORY_COPY","MEMORY_COPY_HOST_TO_DEVICE",2,"Agent 0","Agent 1",1237850,3350284068614,3350284183374
"MEMORY_COPY","MEMORY_COPY_HOST_TO_DEVICE",2,"Agent 0","Agent 1",1237853,3350284202904,3350284317785
"MEMORY_COPY","MEMORY_COPY_HOST_TO_DEVICE",2,"Agent 0","Agent 1",1237856,3350284333565,3350284448365
"MEMORY_COPY","MEMORY_COPY_HOST_TO_DEVICE",2,"Agent 0","Agent 1",1237859,3350284464576,3350284579496
"MEMORY_COPY","MEMORY_COPY_HOST_TO_DEVICE",2,"Agent 0","Agent 1",1237862,3350284598636,3350284713476
"MEMORY_COPY","MEMORY_COPY_HOST_TO_DEVICE",2,"Agent 0","Agent 1",1237865,3350284730117,3350284844877
"MEMORY_COPY","MEMORY_COPY_HOST_TO_DEVICE",2,"Agent 0","Agent 1",1237868,3350284860457,3350284975378
"MEMORY_COPY","MEMORY_COPY_HOST_TO_DEVICE",2,"Agent 0","Agent 1",1237871,3350284995188,3350285109948
"MEMORY_COPY","MEMORY_COPY_HOST_TO_DEVICE",2,"Agent 0","Agent 1",1237874,3350285126848,3350285241649
"MEMORY_COPY","MEMORY_COPY_HOST_TO_DEVICE",2,"Agent 0","Agent 1",1237877,3350285258019,3350285372819
"MEMORY_COPY","MEMORY_COPY_HOST_TO_DEVICE",2,"Agent 0","Agent 1",1237880,3350285391869,3350285506630
"MEMORY_COPY","MEMORY_COPY_HOST_TO_DEVICE",2,"Agent 0","Agent 1",1237883,3350285522440,3350285637200
"MEMORY_COPY","MEMORY_COPY_HOST_TO_DEVICE",2,"Agent 0","Agent 1",1237886,3350285652880,3350285767641
"MEMORY_COPY","MEMORY_COPY_HOST_TO_DEVICE",2,"Agent 0","Agent 1",1237889,3350285786441,3350285901201
"MEMORY_COPY","MEMORY_COPY_HOST_TO_DEVICE",2,"Agent 0","Agent 1",1237892,3350285917491,3350286032252
"MEMORY_COPY","MEMORY_COPY_HOST_TO_DEVICE",2,"Agent 0","Agent 1",1237895,3350286049092,3350286163932
"MEMORY_COPY","MEMORY_COPY_HOST_TO_DEVICE",2,"Agent 0","Agent 1",1237898,3350286183272,3350286298033
"MEMORY_COPY","MEMORY_COPY_HOST_TO_DEVICE",2,"Agent 0","Agent 1",1237901,3350286313903,3350286428743
"MEMORY_COPY","MEMORY_COPY_HOST_TO_DEVICE",2,"Agent 0","Agent 1",1237904,3350286444773,3350286559534
"MEMORY_COPY","MEMORY_COPY_HOST_TO_DEVICE",2,"Agent 0","Agent 1",1237907,3350286578024,3350286692784
"MEMORY_COPY","MEMORY_COPY_HOST_TO_DEVICE",2,"Agent 0","Agent 1",1237910,3350286708354,3350286823115
"MEMORY_COPY","MEMORY_COPY_HOST_TO_DEVICE",2,"Agent 0","Agent 1",1237913,3350286839145,3350286953945
"MEMORY_COPY","MEMORY_COPY_HOST_TO_DEVICE",2,"Agent 0","Agent 1",1237916,3350286973425,3350287088146
"MEMORY_COPY","MEMORY_COPY_HOST_TO_DEVICE",2,"Agent 0","Agent 1",1237919,3350287104536,3350287219416
"MEMORY_COPY","MEMORY_COPY_HOST_TO_DEVICE",2,"Agent 0","Agent 1",1237922,3350287236056,3350287350857
"MEMORY_COPY","MEMORY_COPY_HOST_TO_DEVICE",2,"Agent 0","Agent 1",1237925,3350287370227,3350287485067
"MEMORY_COPY","MEMORY_COPY_HOST_TO_DEVICE",2,"Agent 0","Agent 1",1237928,3350287500687,3350287615448
"MEMORY_COPY","MEMORY_COPY_HOST_TO_DEVICE",2,"Agent 0","Agent 1",1237931,3350287631098,3350287745858
"MEMORY_COPY","MEMORY_COPY_HOST_TO_DEVICE",2,"Agent 0","Agent 1",1237934,3350287764589,3350287879349
"MEMORY_COPY","MEMORY_COPY_HOST_TO_DEVICE",2,"Agent 0","Agent 1",1237937,3350287894969,3350288009730
"MEMORY_COPY","MEMORY_COPY_HOST_TO_DEVICE",2,"Agent 0","Agent 1",1237940,3350288026170,3350288140930
"MEMORY_COPY","MEMORY_COPY_HOST_TO_DEVICE",2,"Agent 0","Agent 1",1237943,3350288160300,3350288275061
"MEMORY_COPY","MEMORY_COPY_HOST_TO_DEVICE",2,"Agent 0","Agent 1",1237946,3350288290431,3350288405271
"MEMORY_COPY","MEMORY_COPY_HOST_TO_DEVICE",2,"Agent 0","Agent 1",1237949,3350288420781,3350288535622
"MEMORY_COPY","MEMORY_COPY_HOST_TO_DEVICE",2,"Agent 0","Agent 1",1237952,3350288633612,3350288748372
"MEMORY_COPY","MEMORY_COPY_HOST_TO_DEVICE",2,"Agent 0","Agent 1",1237955,3350288765712,3350288880513
"MEMORY_COPY","MEMORY_COPY_HOST_TO_DEVICE",2,"Agent 0","Agent 1",1237958,3350288896463,3350289011303
"MEMORY_COPY","MEMORY_COPY_HOST_TO_DEVICE",2,"Agent 0","Agent 1",1237961,3350289031334,3350289146214
"MEMORY_COPY","MEMORY_COPY_HOST_TO_DEVICE",2,"Agent 0","Agent 1",1237964,3350289162314,3350289277115
"MEMORY_COPY","MEMORY_COPY_HOST_TO_DEVICE",2,"Agent 0","Agent 1",1237967,3350289294005,3350289408805
"MEMORY_COPY","MEMORY_COPY_HOST_TO_DEVICE",2,"Agent 0","Agent 1",1237970,3350289428315,3350289543116
"MEMORY_COPY","MEMORY_COPY_HOST_TO_DEVICE",2,"Agent 0","Agent 1",1237974,3350309397444,3350310582649
"MEMORY_COPY","MEMORY_COPY_HOST_TO_DEVICE",2,"Agent 0","Agent 1",1237974,3350310589729,3350311777453
"MEMORY_COPY","MEMORY_COPY_HOST_TO_DEVICE",2,"Agent 0","Agent 1",1237974,3350311781973,3350312965618
"MEMORY_COPY","MEMORY_COPY_HOST_TO_DEVICE",2,"Agent 0","Agent 1",1237974,3350312969258,3350314004262
"MEMORY_COPY","MEMORY_COPY_HOST_TO_DEVICE",2,"Agent 0","Agent 1",1237977,3350314029942,3350315212027
"MEMORY_COPY","MEMORY_COPY_HOST_TO_DEVICE",2,"Agent 0","Agent 1",1237977,3350315215667,3350316403952
"MEMORY_COPY","MEMORY_COPY_HOST_TO_DEVICE",2,"Agent 0","Agent 1",1237977,3350316409312,3350317591476
"MEMORY_COPY","MEMORY_COPY_HOST_TO_DEVICE",2,"Agent 0","Agent 1",1237977,3350317595116,3350318635800
"MEMORY_COPY","MEMORY_COPY_DEVICE_TO_HOST",2,"Agent 1","Agent 0",1237981,3350413058025,3350413067305
"MEMORY_COPY","MEMORY_COPY_DEVICE_TO_HOST",2,"Agent 1","Agent 0",1237984,3350413109085,3350413117605
"MEMORY_COPY","MEMORY_COPY_DEVICE_TO_HOST",2,"Agent 1","Agent 0",1237987,3350413147195,3350413155755
"MEMORY_COPY","MEMORY_COPY_DEVICE_TO_HOST",2,"Agent 1","Agent 0",1237990,3350413186055,3350413194495
"MEMORY_COPY","MEMORY_COPY_DEVICE_TO_HOST",2,"Agent 1","Agent 0",1237993,3350413222775,3350413231335
"MEMORY_COPY","MEMORY_COPY_DEVICE_TO_HOST",2,"Agent 1","Agent 0",1237996,3350413265655,3350413274095
"MEMORY_COPY","MEMORY_COPY_DEVICE_TO_HOST",2,"Agent 1","Agent 0",1237999,3350413299775,3350413308335
"MEMORY_COPY","MEMORY_COPY_DEVICE_TO_HOST",2,"Agent 1","Agent 0",1238002,3350413334866,3350413343266
"MEMORY_COPY","MEMORY_COPY_DEVICE_TO_HOST",2,"Agent 1","Agent 0",1238005,3350413373796,3350413382436
"MEMORY_COPY","MEMORY_COPY_DEVICE_TO_HOST",2,"Agent 1","Agent 0",1238008,3350413407956,3350413416476
"MEMORY_COPY","MEMORY_COPY_DEVICE_TO_HOST",2,"Agent 1","Agent 0",1238011,3350413445186,3350413453666
"MEMORY_COPY","MEMORY_COPY_DEVICE_TO_HOST",2,"Agent 1","Agent 0",1238014,3350413484336,3350413493696
"MEMORY_COPY","MEMORY_COPY_DEVICE_TO_HOST",2,"Agent 1","Agent 0",1238017,3350413519976,3350413528616
"MEMORY_COPY","MEMORY_COPY_DEVICE_TO_HOST",2,"Agent 1","Agent 0",1238020,3350413554776,3350413563256
"MEMORY_COPY","MEMORY_COPY_DEVICE_TO_HOST",2,"Agent 1","Agent 0",1238023,3350413593137,3350413601617
"MEMORY_COPY","MEMORY_COPY_DEVICE_TO_HOST",2,"Agent 1","Agent 0",1238026,3350413627577,3350413636057
"MEMORY_COPY","MEMORY_COPY_DEVICE_TO_HOST",2,"Agent 1","Agent 0",1238029,3350413666547,3350413675107
"MEMORY_COPY","MEMORY_COPY_DEVICE_TO_HOST",2,"Agent 1","Agent 0",1238032,3350413704317,3350413712837
"MEMORY_COPY","MEMORY_COPY_DEVICE_TO_HOST",2,"Agent 1","Agent 0",1238035,3350413737967,3350413746527
"MEMORY_COPY","MEMORY_COPY_DEVICE_TO_HOST",2,"Agent 1","Agent 0",1238038,3350413770417,3350413778977
"MEMORY_COPY","MEMORY_COPY_DEVICE_TO_HOST",2,"Agent 1","Agent 0",1238041,3350413811617,3350413820097
"MEMORY_COPY","MEMORY_COPY_DEVICE_TO_HOST",2,"Agent 1","Agent 0",1238044,3350413849328,3350413857848
"MEMORY_COPY","MEMORY_COPY_DEVICE_TO_HOST",2,"Agent 1","Agent 0",1238047,3350413882948,3350413891508
"MEMORY_COPY","MEMORY_COPY_DEVICE_TO_HOST",2,"Agent 1","Agent 0",1238050,3350413920968,3350413929528
"MEMORY_COPY","MEMORY_COPY_DEVICE_TO_HOST",2,"Agent 1","Agent 0",1238053,3350413954028,3350413962548
"MEMORY_COPY","MEMORY_COPY_DEVICE_TO_HOST",2,"Agent 1","Agent 0",1238056,3350413988018,3350413996538
"MEMORY_COPY","MEMORY_COPY_DEVICE_TO_HOST",2,"Agent 1","Agent 0",1238059,3350414029808,3350414038568
"MEMORY_COPY","MEMORY_COPY_DEVICE_TO_HOST",2,"Agent 1","Agent 0",1238062,3350414067808,3350414076368
"MEMORY_COPY","MEMORY_COPY_DEVICE_TO_HOST",2,"Agent 1","Agent 0",1238065,3350414101999,3350414110599
"MEMORY_COPY","MEMORY_COPY_DEVICE_TO_HOST",2,"Agent 1","Agent 0",1238068,3350414138859,3350414147339
"MEMORY_COPY","MEMORY_COPY_DEVICE_TO_HOST",2,"Agent 1","Agent 0",1238071,3350414172779,3350414181259
"MEMORY_COPY","MEMORY_COPY_DEVICE_TO_HOST",2,"Agent 1","Agent 0",1238074,3350414207039,3350414216119
"MEMORY_COPY","MEMORY_COPY_DEVICE_TO_HOST",2,"Agent 1","Agent 0",1238077,3350414249549,3350414258029
"MEMORY_COPY","MEMORY_COPY_DEVICE_TO_HOST",2,"Agent 1","Agent 0",1238080,3350414283269,3350414291909
"MEMORY_COPY","MEMORY_COPY_DEVICE_TO_HOST",2,"Agent 1","Agent 0",1238083,3350414317799,3350414326279
"MEMORY_COPY","MEMORY_COPY_DEVICE_TO_HOST",2,"Agent 1","Agent 0",1238086,3350414354740,3350414363340
"MEMORY_COPY","MEMORY_COPY_DEVICE_TO_HOST",2,"Agent 1","Agent 0",1238089,3350414388130,3350414396650
"MEMORY_COPY","MEMORY_COPY_DEVICE_TO_HOST",2,"Agent 1","Agent 0",1238092,3350414422050,3350414430610
"MEMORY_COPY","MEMORY_COPY_DEVICE_TO_HOST",2,"Agent 1","Agent 0",1238095,3350414462600,3350414471120
"MEMORY_COPY","MEMORY_COPY_DEVICE_TO_HOST",2,"Agent 1","Agent 0",1238098,3350414496900,3350414505460
"MEMORY_COPY","MEMORY_COPY_DEVICE_TO_HOST",2,"Agent 1","Agent 0",1238101,3350414530140,3350414538540
"MEMORY_COPY","MEMORY_COPY_DEVICE_TO_HOST",2,"Agent 1","Agent 0",1238104,3350414568990,3350414577510
"MEMORY_COPY","MEMORY_COPY_DEVICE_TO_HOST",2,"Agent 1","Agent 0",1238107,3350414603041,3350414611601
"MEMORY_COPY","MEMORY_COPY_DEVICE_TO_HOST",2,"Agent 1","Agent 0",1238110,3350414640431,3350414650951
"MEMORY_COPY","MEMORY_COPY_DEVICE_TO_HOST",2,"Agent 1","Agent 0",1238113,3350414680671,3350414689311
"MEMORY_COPY","MEMORY_COPY_DEVICE_TO_HOST",2,"Agent 1","Agent 0",1238116,3350414714781,3350414723301
"MEMORY_COPY","MEMORY_COPY_DEVICE_TO_HOST",2,"Agent 1","Agent 0",1238119,3350414749331,3350414757931
"MEMORY_COPY","MEMORY_COPY_DEVICE_TO_HOST",2,"Agent 1","Agent 0",1238122,3350414790961,3350414799521
"MEMORY_COPY","MEMORY_COPY_DEVICE_TO_HOST",2,"Agent 1","Agent 0",1238125,3350414958442,3350415106203
"MEMORY_COPY","MEMORY_COPY_DEVICE_TO_HOST",2,"Agent 1","Agent 0",1238128,3350415255673,3350415387794
"MEMORY_COPY","MEMORY_COPY_DEVICE_TO_HOST",2,"Agent 1","Agent 0",1238131,3350415492394,3350415607435
"MEMORY_COPY","MEMORY_COPY_DEVICE_TO_HOST",2,"Agent 1","Agent 0",1238134,3350415689535,3350415803815
"MEMORY_COPY","MEMORY_COPY_DEVICE_TO_HOST",2,"Agent 1","Agent 0",1238137,3350415865876,3350415983116
"MEMORY_COPY","MEMORY_COPY_DEVICE_TO_HOST",2,"Agent 1","Agent 0",1238140,3350416048826,3350416162867
"MEMORY_COPY","MEMORY_COPY_DEVICE_TO_HOST",2,"Agent 1","Agent 0",1238143,3350416254257,3350416368778
"MEMORY_COPY","MEMORY_COPY_DEVICE_TO_HOST",2,"Agent 1","Agent 0",1238146,3350416423678,3350416538118
"MEMORY_COPY","MEMORY_COPY_DEVICE_TO_HOST",2,"Agent 1","Agent 0",1238149,3350416605258,3350416719419
"MEMORY_COPY","MEMORY_COPY_DEVICE_TO_HOST",2,"Agent 1","Agent 0",1238152,3350416769709,3350416884030
"MEMORY_COPY","MEMORY_COPY_DEVICE_TO_HOST",2,"Agent 1","Agent 0",1238155,3350417048010,3350417162651
"MEMORY_COPY","MEMORY_COPY_DEVICE_TO_HOST",2,"Agent 1","Agent 0",1238158,3350417220041,3350417334521
"MEMORY_COPY","MEMORY_COPY_DEVICE_TO_HOST",2,"Agent 1","Agent 0",1238161,3350417485922,3350417600802
"MEMORY_COPY","MEMORY_COPY_DEVICE_TO_HOST",2,"Agent 1","Agent 0",1238164,3350417653053,3350417767653
"MEMORY_COPY","MEMORY_COPY_DEVICE_TO_HOST",2,"Agent 1","Agent 0",1238167,3350417917584,3350418032384
"MEMORY_COPY","MEMORY_COPY_DEVICE_TO_HOST",2,"Agent 1","Agent 0",1238170,3350418085954,3350418200435
"MEMORY_COPY","MEMORY_COPY_DEVICE_TO_HOST",2,"Agent 1","Agent 0",1238173,3350418344825,3350418459466
"MEMORY_COPY","MEMORY_COPY_DEVICE_TO_HOST",2,"Agent 1","Agent 0",1238176,3350418516666,3350418631026
"MEMORY_COPY","MEMORY_COPY_DEVICE_TO_HOST",2,"Agent 1","Agent 0",1238179,3350418775777,3350418890337
"MEMORY_COPY","MEMORY_COPY_DEVICE_TO_HOST",2,"Agent 1","Agent 0",1238182,3350418944128,3350419058608
"MEMORY_COPY","MEMORY_COPY_DEVICE_TO_HOST",2,"Agent 1","Agent 0",1238185,3350419115698,3350419246819
"MEMORY_COPY","MEMORY_COPY_DEVICE_TO_HOST",2,"Agent 1","Agent 0",1238188,3350419298989,3350419443830
"MEMORY_COPY","MEMORY_COPY_DEVICE_TO_HOST",2,"Agent 1","Agent 0",1238191,3350419590810,3350419723531
"MEMORY_COPY","MEMORY_COPY_DEVICE_TO_HOST",2,"Agent 1","Agent 0",1238194,3350419784211,3350419927212
"MEMORY_COPY","MEMORY_COPY_DEVICE_TO_HOST",2,"Agent 1","Agent 0",1238197,3350420061722,3350420176323
"MEMORY_COPY","MEMORY_COPY_DEVICE_TO_HOST",2,"Agent 1","Agent 0",1238200,3350420228413,3350420342933
"MEMORY_COPY","MEMORY_COPY_DEVICE_TO_HOST",2,"Agent 1","Agent 0",1238203,3350420490824,3350420605424
"MEMORY_COPY","MEMORY_COPY_DEVICE_TO_HOST",2,"Agent 1","Agent 0",1238206,3350420657374,3350420771815
"MEMORY_COPY","MEMORY_COPY_DEVICE_TO_HOST",2,"Agent 1","Agent 0",1238209,3350420911715,3350421026556
"MEMORY_COPY","MEMORY_COPY_DEVICE_TO_HOST",2,"Agent 1","Agent 0",1238212,3350421083026,3350421197467
"MEMORY_COPY","MEMORY_COPY_DEVICE_TO_HOST",2,"Agent 1","Agent 0",1238215,3350421342687,3350421457488
"MEMORY_COPY","MEMORY_COPY_DEVICE_TO_HOST",2,"Agent 1","Agent 0",1238218,3350421510748,3350421625188
"MEMORY_COPY","MEMORY_COPY_DEVICE_TO_HOST",2,"Agent 1","Agent 0",1238221,3350421680438,3350421795039
"MEMORY_COPY","MEMORY_COPY_DEVICE_TO_HOST",2,"Agent 1","Agent 0",1238224,3350421845879,3350421960440
"MEMORY_COPY","MEMORY_COPY_DEVICE_TO_HOST",2,"Agent 1","Agent 0",1238227,3350422112800,3350422227321
"MEMORY_COPY","MEMORY_COPY_DEVICE_TO_HOST",2,"Agent 1","Agent 0",1238230,3350422285121,3350422401601
"MEMORY_COPY","MEMORY_COPY_DEVICE_TO_HOST",2,"Agent 1","Agent 0",1238233,3350422454062,3350422568382
"MEMORY_COPY","MEMORY_COPY_DEVICE_TO_HOST",2,"Agent 1","Agent 0",1238236,3350422619132,3350422733533
"MEMORY_COPY","MEMORY_COPY_DEVICE_TO_HOST",2,"Agent 1","Agent 0",1238239,3350422882003,3350422996604
"MEMORY_COPY","MEMORY_COPY_DEVICE_TO_HOST",2,"Agent 1","Agent 0",1238242,3350423057034,3350423171474
"MEMORY_COPY","MEMORY_COPY_DEVICE_TO_HOST",2,"Agent 1","Agent 0",1238245,3350423223305,3350423337905
"MEMORY_COPY","MEMORY_COPY_DEVICE_TO_HOST",2,"Agent 1","Agent 0",1238248,3350423392155,3350423506676
"MEMORY_COPY","MEMORY_COPY_DEVICE_TO_HOST",2,"Agent 1","Agent 0",1238251,3350423652276,3350423766997
"MEMORY_COPY","MEMORY_COPY_DEVICE_TO_HOST",2,"Agent 1","Agent 0",1238254,3350423820547,3350423935107
"MEMORY_COPY","MEMORY_COPY_DEVICE_TO_HOST",2,"Agent 1","Agent 0",1238257,3350423991108,3350424105988
"MEMORY_COPY","MEMORY_COPY_DEVICE_TO_HOST",2,"Agent 1","Agent 0",1238260,3350424161618,3350424276139
"MEMORY_COPY","MEMORY_COPY_DEVICE_TO_HOST",2,"Agent 1","Agent 0",1238263,3350424421239,3350424535960
"MEMORY_COPY","MEMORY_COPY_DEVICE_TO_HOST",2,"Agent 1","Agent 0",1238266,3350424592000,3350424706520
"MEMORY_COPY","MEMORY_COPY_DEVICE_TO_HOST",2,"Agent 1","Agent 0",1238270,3350540265964,3350541483248
"MEMORY_COPY","MEMORY_COPY_DEVICE_TO_HOST",2,"Agent 1","Agent 0",1238270,3350541497248,3350542679132
"MEMORY_COPY","MEMORY_COPY_DEVICE_TO_HOST",2,"Agent 1","Agent 0",1238270,3350542682972,3350543862377
"MEMORY_COPY","MEMORY_COPY_DEVICE_TO_HOST",2,"Agent 1","Agent 0",1238270,3350543866777,3350545044382
"MEMORY_COPY","MEMORY_COPY_DEVICE_TO_HOST",2,"Agent 1","Agent 0",1238273,3350545464373,3350546758618
"MEMORY_COPY","MEMORY_COPY_DEVICE_TO_HOST",2,"Agent 1","Agent 0",1238273,3350546763378,3350547973503
"MEMORY_COPY","MEMORY_COPY_DEVICE_TO_HOST",2,"Agent 1","Agent 0",1238273,3350547977903,3350549166108
"MEMORY_COPY","MEMORY_COPY_DEVICE_TO_HOST",2,"Agent 1","Agent 0",1238273,3350549169628,3350550215792
"MEMORY_COPY","MEMORY_COPY_HOST_TO_DEVICE",2,"Agent 0","Agent 1",1238278,3350552013779,3350552023059
"MEMORY_COPY","MEMORY_COPY_HOST_TO_DEVICE",2,"Agent 0","Agent 1",1238293,3350552123219,3350552141940
"MEMORY_COPY","MEMORY_COPY_HOST_TO_DEVICE",2,"Agent 0","Agent 1",1238309,3350552394061,3350552425941
"MEMORY_COPY","MEMORY_COPY_DEVICE_TO_HOST",5,"Agent 1","Agent 0",1245623,3350641429979,3350641468299
"MEMORY_COPY","MEMORY_COPY_DEVICE_TO_HOST",5,"Agent 1","Agent 0",1245624,3350641478210,3350641484930
"MEMORY_COPY","MEMORY_COPY_HOST_TO_DEVICE",2,"Agent 0","Agent 1",1245630,3350642269642,3350642278802
"MEMORY_COPY","MEMORY_COPY_HOST_TO_DEVICE",2,"Agent 0","Agent 1",1245634,3350642313043,3350642321883
"MEMORY_COPY","MEMORY_COPY_HOST_TO_DEVICE",2,"Agent 0","Agent 1",1245650,3350642432553,3350642465913
"MEMORY_COPY","MEMORY_COPY_HOST_TO_DEVICE",2,"Agent 0","Agent 1",1245777,3350644313450,3350644318810
"MEMORY_COPY","MEMORY_COPY_HOST_TO_DEVICE",2,"Agent 0","Agent 1",1245781,3350644335631,3350644340951
"MEMORY_COPY","MEMORY_COPY_HOST_TO_DEVICE",2,"Agent 0","Agent 1",1245797,3350644446961,3350644458361
"MEMORY_COPY","MEMORY_COPY_DEVICE_TO_HOST",5,"Agent 1","Agent 0",1245907,3350647131982,3350647136102
"MEMORY_COPY","MEMORY_COPY_DEVICE_TO_HOST",5,"Agent 1","Agent 0",1245908,3350647140342,3350647194102
"MEMORY_COPY","MEMORY_COPY_HOST_TO_DEVICE",2,"Agent 0","Agent 1",1245919,3350647817114,3350647822474
"MEMORY_COPY","MEMORY_COPY_HOST_TO_DEVICE",2,"Agent 0","Agent 1",1245923,3350647835444,3350647840524
"MEMORY_COPY","MEMORY_COPY_HOST_TO_DEVICE",2,"Agent 0","Agent 1",1245939,3350647941665,3350647952585
"MEMORY_COPY","MEMORY_COPY_DEVICE_TO_HOST",5,"Agent 1","Agent 0",1246054,3350651460909,3350651465029
"MEMORY_COPY","MEMORY_COPY_DEVICE_TO_HOST",5,"Agent 1","Agent 0",1246055,3350651469389,3350651522709
"MEMORY_COPY","MEMORY_COPY_HOST_TO_DEVICE",2,"Agent 0","Agent 1",1246066,3350653534107,3350653540427
"MEMORY_COPY","MEMORY_COPY_HOST_TO_DEVICE",2,"Agent 0","Agent 1",1246081,3350653620677,3350653638357
"MEMORY_COPY","MEMORY_COPY_HOST_TO_DEVICE",2,"Agent 0","Agent 1",1246097,3350653736498,3350653754538
"MEMORY_COPY","MEMORY_COPY_DEVICE_TO_HOST",5,"Agent 1","Agent 0",1253411,3350731447693,3350731520573
"MEMORY_COPY","MEMORY_COPY_DEVICE_TO_HOST",5,"Agent 1","Agent 0",1253412,3350731530373,3350731535573
"MEMORY_COPY","MEMORY_COPY_HOST_TO_DEVICE",2,"Agent 0","Agent 1",1253418,3350732290446,3350732296886
"MEMORY_COPY","MEMORY_COPY_HOST_TO_DEVICE",2,"Agent 0","Agent 1",1253422,3350732316397,3350732323397
"MEMORY_COPY","MEMORY_COPY_HOST_TO_DEVICE",2,"Agent 0","Agent 1",1253438,3350732434487,3350732452167
"MEMORY_COPY","MEMORY_COPY_HOST_TO_DEVICE",2,"Agent 0","Agent 1",1253569,3350735196838,3350735201998
"MEMORY_COPY","MEMORY_COPY_HOST_TO_DEVICE",2,"Agent 0","Agent 1",1253573,3350735218958,3350735224038
"MEMORY_COPY","MEMORY_COPY_HOST_TO_DEVICE",2,"Agent 0","Agent 1",1253589,3350735330278,3350735341198
"MEMORY_COPY","MEMORY_COPY_DEVICE_TO_HOST",5,"Agent 1","Agent 0",1253699,3350738041869,3350738045989
"MEMORY_COPY","MEMORY_COPY_DEVICE_TO_HOST",5,"Agent 1","Agent 0",1253700,3350738050069,3350738103989
"MEMORY_COPY","MEMORY_COPY_HOST_TO_DEVICE",2,"Agent 0","Agent 1",1253711,3350740205868,3350740211268
"MEMORY_COPY","MEMORY_COPY_HOST_TO_DEVICE",2,"Agent 0","Agent 1",1253726,3350740295128,3350740313088
"MEMORY_COPY","MEMORY_COPY_HOST_TO_DEVICE",2,"Agent 0","Agent 1",1253742,3350740412708,3350740423749
"MEMORY_COPY","MEMORY_COPY_DEVICE_TO_HOST",5,"Agent 1","Agent 0",1259952,3350809316140,3350809354220
"MEMORY_COPY","MEMORY_COPY_DEVICE_TO_HOST",5,"Agent 1","Agent 0",1259953,3350809362460,3350809366740
"MEMORY_COPY","MEMORY_COPY_HOST_TO_DEVICE",2,"Agent 0","Agent 1",1259959,3350810035793,3350810040953
"MEMORY_COPY","MEMORY_COPY_HOST_TO_DEVICE",2,"Agent 0","Agent 1",1259963,3350810060683,3350810065803
"MEMORY_COPY","MEMORY_COPY_HOST_TO_DEVICE",2,"Agent 0","Agent 1",1259979,3350810198094,3350810210654
"MEMORY_COPY","MEMORY_COPY_HOST_TO_DEVICE",2,"Agent 0","Agent 1",1260085,3350811520379,3350811525739
"MEMORY_COPY","MEMORY_COPY_HOST_TO_DEVICE",2,"Agent 0","Agent 1",1260089,3350811542569,3350811547849
"MEMORY_COPY","MEMORY_COPY_HOST_TO_DEVICE",2,"Agent 0","Agent 1",1260105,3350811649219,3350811660100
"MEMORY_COPY","MEMORY_COPY_DEVICE_TO_HOST",5,"Agent 1","Agent 0",1260215,3350814353920,3350814357920
"MEMORY_COPY","MEMORY_COPY_DEVICE_TO_HOST",5,"Agent 1","Agent 0",1260216,3350814362040,3350814415920
"MEMORY_COPY","MEMORY_COPY_HOST_TO_DEVICE",2,"Agent 0","Agent 1",1260227,3350815181043,3350815186323
"MEMORY_COPY","MEMORY_COPY_HOST_TO_DEVICE",2,"Agent 0","Agent 1",1260242,3350815283614,3350815301654
"MEMORY_COPY","MEMORY_COPY_HOST_TO_DEVICE",2,"Agent 0","Agent 1",1260258,3350815401374,3350815412174
"MEMORY_COPY","MEMORY_COPY_DEVICE_TO_HOST",5,"Agent 1","Agent 0",1266476,3350917977475,3350918016275
"MEMORY_COPY","MEMORY_COPY_DEVICE_TO_HOST",5,"Agent 1","Agent 0",1266477,3350918024169,3350918028769
"MEMORY_COPY","MEMORY_COPY_HOST_TO_DEVICE",2,"Agent 0","Agent 1",1266483,3350918580272,3350918586072
"MEMORY_COPY","MEMORY_COPY_HOST_TO_DEVICE",2,"Agent 0","Agent 1",1266487,3350918605730,3350918611290
"MEMORY_COPY","MEMORY_COPY_HOST_TO_DEVICE",2,"Agent 0","Agent 1",1266503,3350918730225,3350918740945
"MEMORY_COPY","MEMORY_COPY_HOST_TO_DEVICE",2,"Agent 0","Agent 1",1266609,3350919967644,3350919972964
"MEMORY_COPY","MEMORY_COPY_HOST_TO_DEVICE",2,"Agent 0","Agent 1",1266613,3350919989795,3350919994915
"MEMORY_COPY","MEMORY_COPY_HOST_TO_DEVICE",2,"Agent 0","Agent 1",1266629,3350920106426,3350920117346
"MEMORY_COPY","MEMORY_COPY_DEVICE_TO_HOST",5,"Agent 1","Agent 0",1266739,3350922957022,3350922961262
"MEMORY_COPY","MEMORY_COPY_DEVICE_TO_HOST",5,"Agent 1","Agent 0",1266740,3350922965910,3350923026910
"MEMORY_COPY","MEMORY_COPY_HOST_TO_DEVICE",2,"Agent 0","Agent 1",1266751,3350923830306,3350923836106
"MEMORY_COPY","MEMORY_COPY_HOST_TO_DEVICE",2,"Agent 0","Agent 1",1266766,3350923918526,3350923936486
"MEMORY_COPY","MEMORY_COPY_HOST_TO_DEVICE",2,"Agent 0","Agent 1",1266782,3350924039702,3350924050902
"MEMORY_COPY","MEMORY_COPY_DEVICE_TO_HOST",5,"Agent 1","Agent 0",1266790,3350991093488,3350991131968
"MEMORY_COPY","MEMORY_COPY_DEVICE_TO_HOST",5,"Agent 1","Agent 0",1266791,3350991244249,3350991248809
"MEMORY_COPY","MEMORY_COPY_HOST_TO_DEVICE",2,"Agent 0","Agent 1",1266797,3350991813751,3350991819031
"MEMORY_COPY","MEMORY_COPY_HOST_TO_DEVICE",2,"Agent 0","Agent 1",1266801,3350991837431,3350991842751
"MEMORY_COPY","MEMORY_COPY_HOST_TO_DEVICE",2,"Agent 0","Agent 1",1266817,3350991959651,3350991970812
"MEMORY_COPY","MEMORY_COPY_HOST_TO_DEVICE",2,"Agent 0","Agent 1",1266923,3350993224806,3350993230207
"MEMORY_COPY","MEMORY_COPY_HOST_TO_DEVICE",2,"Agent 0","Agent 1",1266927,3350993263487,3350993269327
"MEMORY_COPY","MEMORY_COPY_HOST_TO_DEVICE",2,"Agent 0","Agent 1",1266943,3350993377037,3350993388197
"MEMORY_COPY","MEMORY_COPY_DEVICE_TO_HOST",5,"Agent 1","Agent 0",1267053,3350996103948,3350996108308
"MEMORY_COPY","MEMORY_COPY_DEVICE_TO_HOST",5,"Agent 1","Agent 0",1267054,3350996112348,3350996165868
"MEMORY_COPY","MEMORY_COPY_HOST_TO_DEVICE",2,"Agent 0","Agent 1",1267065,3350996966211,3350996971571
"MEMORY_COPY","MEMORY_COPY_HOST_TO_DEVICE",2,"Agent 0","Agent 1",1267080,3350997068072,3350997086032
"MEMORY_COPY","MEMORY_COPY_HOST_TO_DEVICE",2,"Agent 0","Agent 1",1267096,3350997186292,3350997197092
"MEMORY_COPY","MEMORY_COPY_DEVICE_TO_HOST",5,"Agent 1","Agent 0",1267104,3351064234595,3351064273075
"MEMORY_COPY","MEMORY_COPY_DEVICE_TO_HOST",5,"Agent 1","Agent 0",1267105,3351064281715,3351064286235
"MEMORY_COPY","MEMORY_COPY_HOST_TO_DEVICE",2,"Agent 0","Agent 1",1267111,3351064815797,3351064821037
"MEMORY_COPY","MEMORY_COPY_HOST_TO_DEVICE",2,"Agent 0","Agent 1",1267115,3351064838647,3351064844047
"MEMORY_COPY","MEMORY_COPY_HOST_TO_DEVICE",2,"Agent 0","Agent 1",1267131,3351064958368,3351064969048
"MEMORY_COPY","MEMORY_COPY_HOST_TO_DEVICE",2,"Agent 0","Agent 1",1267237,3351066184992,3351066190352
"MEMORY_COPY","MEMORY_COPY_HOST_TO_DEVICE",2,"Agent 0","Agent 1",1267241,3351066206912,3351066212112
"MEMORY_COPY","MEMORY_COPY_HOST_TO_DEVICE",2,"Agent 0","Agent 1",1267257,3351066315493,3351066326413
"MEMORY_COPY","MEMORY_COPY_DEVICE_TO_HOST",5,"Agent 1","Agent 0",1267367,3351069038824,3351069042984
"MEMORY_COPY","MEMORY_COPY_DEVICE_TO_HOST",5,"Agent 1","Agent 0",1267368,3351069047104,3351069101544
"MEMORY_COPY","MEMORY_COPY_HOST_TO_DEVICE",2,"Agent 0","Agent 1",1267379,3351069853087,3351069858327
"MEMORY_COPY","MEMORY_COPY_HOST_TO_DEVICE",2,"Agent 0","Agent 1",1267394,3351069940507,3351069958187
"MEMORY_COPY","MEMORY_COPY_HOST_TO_DEVICE",2,"Agent 0","Agent 1",1267410,3351070057638,3351070068438
"MEMORY_COPY","MEMORY_COPY_DEVICE_TO_HOST",5,"Agent 1","Agent 0",1267418,3351137009432,3351137047672
"MEMORY_COPY","MEMORY_COPY_DEVICE_TO_HOST",5,"Agent 1","Agent 0",1267419,3351137055512,3351137059992
"MEMORY_COPY","MEMORY_COPY_HOST_TO_DEVICE",2,"Agent 0","Agent 1",1267425,3351137588194,3351137593474
"MEMORY_COPY","MEMORY_COPY_HOST_TO_DEVICE",2,"Agent 0","Agent 1",1267429,3351137637594,3351137642914
"MEMORY_COPY","MEMORY_COPY_HOST_TO_DEVICE",2,"Agent 0","Agent 1",1267445,3351137752495,3351137763375
"MEMORY_COPY","MEMORY_COPY_HOST_TO_DEVICE",2,"Agent 0","Agent 1",1267551,3351138991690,3351138997010
"MEMORY_COPY","MEMORY_COPY_HOST_TO_DEVICE",2,"Agent 0","Agent 1",1267555,3351139019130,3351139024170
"MEMORY_COPY","MEMORY_COPY_HOST_TO_DEVICE",2,"Agent 0","Agent 1",1267571,3351139136230,3351139147030
"MEMORY_COPY","MEMORY_COPY_DEVICE_TO_HOST",5,"Agent 1","Agent 0",1267681,3351141833241,3351141837361
"MEMORY_COPY","MEMORY_COPY_DEVICE_TO_HOST",5,"Agent 1","Agent 0",1267682,3351141841481,3351141908521
"MEMORY_COPY","MEMORY_COPY_HOST_TO_DEVICE",2,"Agent 0","Agent 1",1267693,3351142744154,3351142749554
"MEMORY_COPY","MEMORY_COPY_HOST_TO_DEVICE",2,"Agent 0","Agent 1",1267708,3351142979175,3351142998535
"MEMORY_COPY","MEMORY_COPY_HOST_TO_DEVICE",2,"Agent 0","Agent 1",1267724,3351143105496,3351143116696
"MEMORY_COPY","MEMORY_COPY_DEVICE_TO_HOST",5,"Agent 1","Agent 0",1267732,3351210061876,3351210100316
"MEMORY_COPY","MEMORY_COPY_DEVICE_TO_HOST",5,"Agent 1","Agent 0",1267733,3351210108236,3351210112596
"MEMORY_COPY","MEMORY_COPY_HOST_TO_DEVICE",2,"Agent 0","Agent 1",1267739,3351210638828,3351210644148
"MEMORY_COPY","MEMORY_COPY_HOST_TO_DEVICE",2,"Agent 0","Agent 1",1267743,3351210661258,3351210666618
"MEMORY_COPY","MEMORY_COPY_HOST_TO_DEVICE",2,"Agent 0","Agent 1",1267759,3351210814279,3351210825479
"MEMORY_COPY","MEMORY_COPY_HOST_TO_DEVICE",2,"Agent 0","Agent 1",1267865,3351212065524,3351212070644
"MEMORY_COPY","MEMORY_COPY_HOST_TO_DEVICE",2,"Agent 0","Agent 1",1267869,3351212087914,3351212092954
"MEMORY_COPY","MEMORY_COPY_HOST_TO_DEVICE",2,"Agent 0","Agent 1",1267885,3351212196414,3351212207054
"MEMORY_COPY","MEMORY_COPY_DEVICE_TO_HOST",5,"Agent 1","Agent 0",1267995,3351214891025,3351214895225
"MEMORY_COPY","MEMORY_COPY_DEVICE_TO_HOST",5,"Agent 1","Agent 0",1267996,3351214900185,3351214953585
"MEMORY_COPY","MEMORY_COPY_HOST_TO_DEVICE",2,"Agent 0","Agent 1",1268007,3351215710698,3351215716018
"MEMORY_COPY","MEMORY_COPY_HOST_TO_DEVICE",2,"Agent 0","Agent 1",1268022,3351215815138,3351215833019
"MEMORY_COPY","MEMORY_COPY_HOST_TO_DEVICE",2,"Agent 0","Agent 1",1268038,3351215933829,3351215944669
"MEMORY_COPY","MEMORY_COPY_DEVICE_TO_HOST",5,"Agent 1","Agent 0",1268046,3351282850658,3351282888978
"MEMORY_COPY","MEMORY_COPY_DEVICE_TO_HOST",5,"Agent 1","Agent 0",1268047,3351282897578,3351282901898
"MEMORY_COPY","MEMORY_COPY_HOST_TO_DEVICE",2,"Agent 0","Agent 1",1268053,3351283560571,3351283565851
"MEMORY_COPY","MEMORY_COPY_HOST_TO_DEVICE",2,"Agent 0","Agent 1",1268057,3351283610171,3351283615451
"MEMORY_COPY","MEMORY_COPY_HOST_TO_DEVICE",2,"Agent 0","Agent 1",1268073,3351283737812,3351283749252
"MEMORY_COPY","MEMORY_COPY_HOST_TO_DEVICE",2,"Agent 0","Agent 1",1268179,3351284942656,3351284947816
"MEMORY_COPY","MEMORY_COPY_HOST_TO_DEVICE",2,"Agent 0","Agent 1",1268183,3351284965616,3351284970896
"MEMORY_COPY","MEMORY_COPY_HOST_TO_DEVICE",2,"Agent 0","Agent 1",1268199,3351285085307,3351285095947
"MEMORY_COPY","MEMORY_COPY_DEVICE_TO_HOST",5,"Agent 1","Agent 0",1268309,3351287790118,3351287794198
"MEMORY_COPY","MEMORY_COPY_DEVICE_TO_HOST",5,"Agent 1","Agent 0",1268310,3351287798358,3351287851398
"MEMORY_COPY","MEMORY_COPY_HOST_TO_DEVICE",2,"Agent 0","Agent 1",1268321,3351288611421,3351288616741
"MEMORY_COPY","MEMORY_COPY_HOST_TO_DEVICE",2,"Agent 0","Agent 1",1268336,3351288695901,3351288713821
"MEMORY_COPY","MEMORY_COPY_HOST_TO_DEVICE",2,"Agent 0","Agent 1",1268352,3351288812492,3351288824252
"MEMORY_COPY","MEMORY_COPY_DEVICE_TO_HOST",5,"Agent 1","Agent 0",1268360,3351355710501,3351355748821
"MEMORY_COPY","MEMORY_COPY_DEVICE_TO_HOST",5,"Agent 1","Agent 0",1268361,3351355757421,3351355761621
"MEMORY_COPY","MEMORY_COPY_HOST_TO_DEVICE",2,"Agent 0","Agent 1",1268367,3351356276323,3351356281683
"MEMORY_COPY","MEMORY_COPY_HOST_TO_DEVICE",2,"Agent 0","Agent 1",1268371,3351356299123,3351356304283
"MEMORY_COPY","MEMORY_COPY_HOST_TO_DEVICE",2,"Agent 0","Agent 1",1268387,3351356421404,3351356432404
"MEMORY_COPY","MEMORY_COPY_HOST_TO_DEVICE",2,"Agent 0","Agent 1",1268493,3351357746559,3351357751639
"MEMORY_COPY","MEMORY_COPY_HOST_TO_DEVICE",2,"Agent 0","Agent 1",1268497,3351357769019,3351357774379
"MEMORY_COPY","MEMORY_COPY_HOST_TO_DEVICE",2,"Agent 0","Agent 1",1268513,3351357881020,3351357891900
"MEMORY_COPY","MEMORY_COPY_DEVICE_TO_HOST",5,"Agent 1","Agent 0",1268623,3351360562960,3351360567240
"MEMORY_COPY","MEMORY_COPY_DEVICE_TO_HOST",5,"Agent 1","Agent 0",1268624,3351360571360,3351360625120
"MEMORY_COPY","MEMORY_COPY_HOST_TO_DEVICE",2,"Agent 0","Agent 1",1268635,3351361376793,3351361382073
"MEMORY_COPY","MEMORY_COPY_HOST_TO_DEVICE",2,"Agent 0","Agent 1",1268650,3351361462724,3351361480404
"MEMORY_COPY","MEMORY_COPY_HOST_TO_DEVICE",2,"Agent 0","Agent 1",1268666,3351361578144,3351361588864
"MEMORY_COPY","MEMORY_COPY_DEVICE_TO_HOST",5,"Agent 1","Agent 0",1268674,3351428466048,3351428504288
"MEMORY_COPY","MEMORY_COPY_DEVICE_TO_HOST",5,"Agent 1","Agent 0",1268675,3351428514608,3351428519048
"MEMORY_COPY","MEMORY_COPY_HOST_TO_DEVICE",2,"Agent 0","Agent 1",1268681,3351429047230,3351429052510
"MEMORY_COPY","MEMORY_COPY_HOST_TO_DEVICE",2,"Agent 0","Agent 1",1268685,3351429069930,3351429075290
"MEMORY_COPY","MEMORY_COPY_HOST_TO_DEVICE",2,"Agent 0","Agent 1",1268701,3351429189061,3351429199701
"MEMORY_COPY","MEMORY_COPY_HOST_TO_DEVICE",2,"Agent 0","Agent 1",1268807,3351430438605,3351430443965
"MEMORY_COPY","MEMORY_COPY_HOST_TO_DEVICE",2,"Agent 0","Agent 1",1268811,3351430461496,3351430466736
"MEMORY_COPY","MEMORY_COPY_HOST_TO_DEVICE",2,"Agent 0","Agent 1",1268827,3351430569336,3351430580176
"MEMORY_COPY","MEMORY_COPY_DEVICE_TO_HOST",5,"Agent 1","Agent 0",1268937,3351433271287,3351433275527
"MEMORY_COPY","MEMORY_COPY_DEVICE_TO_HOST",5,"Agent 1","Agent 0",1268938,3351433279727,3351433333287
"MEMORY_COPY","MEMORY_COPY_HOST_TO_DEVICE",2,"Agent 0","Agent 1",1268949,3351434094660,3351434099980
"MEMORY_COPY","MEMORY_COPY_HOST_TO_DEVICE",2,"Agent 0","Agent 1",1268964,3351434181740,3351434199460
"MEMORY_COPY","MEMORY_COPY_HOST_TO_DEVICE",2,"Agent 0","Agent 1",1268980,3351434298241,3351434309081
"MEMORY_COPY","MEMORY_COPY_DEVICE_TO_HOST",5,"Agent 1","Agent 0",1268988,3351501244389,3351501282709
"MEMORY_COPY","MEMORY_COPY_DEVICE_TO_HOST",5,"Agent 1","Agent 0",1268989,3351501387270,3351501391590
"MEMORY_COPY","MEMORY_COPY_HOST_TO_DEVICE",2,"Agent 0","Agent 1",1268995,3351501920432,3351501925632
"MEMORY_COPY","MEMORY_COPY_HOST_TO_DEVICE",2,"Agent 0","Agent 1",1268999,3351501942192,3351501947512
"MEMORY_COPY","MEMORY_COPY_HOST_TO_DEVICE",2,"Agent 0","Agent 1",1269015,3351502060642,3351502072002
"MEMORY_COPY","MEMORY_COPY_HOST_TO_DEVICE",2,"Agent 0","Agent 1",1269121,3351503309907,3351503315027
"MEMORY_COPY","MEMORY_COPY_HOST_TO_DEVICE",2,"Agent 0","Agent 1",1269125,3351503331237,3351503336317
"MEMORY_COPY","MEMORY_COPY_HOST_TO_DEVICE",2,"Agent 0","Agent 1",1269141,3351503438468,3351503449148
"MEMORY_COPY","MEMORY_COPY_DEVICE_TO_HOST",5,"Agent 1","Agent 0",1269251,3351506133577,3351506137657
"MEMORY_COPY","MEMORY_COPY_DEVICE_TO_HOST",5,"Agent 1","Agent 0",1269252,3351506141817,3351506203458
"MEMORY_COPY","MEMORY_COPY_HOST_TO_DEVICE",2,"Agent 0","Agent 1",1269263,3351507018921,3351507024161
"MEMORY_COPY","MEMORY_COPY_HOST_TO_DEVICE",2,"Agent 0","Agent 1",1269278,3351507106211,3351507123811
"MEMORY_COPY","MEMORY_COPY_HOST_TO_DEVICE",2,"Agent 0","Agent 1",1269294,3351507222432,3351507233232
"MEMORY_COPY","MEMORY_COPY_DEVICE_TO_HOST",5,"Agent 1","Agent 0",1269302,3351574229071,3351574268152
"MEMORY_COPY","MEMORY_COPY_DEVICE_TO_HOST",5,"Agent 1","Agent 0",1269303,3351574275952,3351574280312
"MEMORY_COPY","MEMORY_COPY_HOST_TO_DEVICE",2,"Agent 0","Agent 1",1269309,3351574822254,3351574827454
"MEMORY_COPY","MEMORY_COPY_HOST_TO_DEVICE",2,"Agent 0","Agent 1",1269313,3351574845544,3351574850864
"MEMORY_COPY","MEMORY_COPY_HOST_TO_DEVICE",2,"Agent 0","Agent 1",1269329,3351574970764,3351574981444
"MEMORY_COPY","MEMORY_COPY_HOST_TO_DEVICE",2,"Agent 0","Agent 1",1269435,3351576206489,3351576211809
"MEMORY_COPY","MEMORY_COPY_HOST_TO_DEVICE",2,"Agent 0","Agent 1",1269439,3351576228239,3351576233479
"MEMORY_COPY","MEMORY_COPY_HOST_TO_DEVICE",2,"Agent 0","Agent 1",1269455,3351576467750,3351576478590
"MEMORY_COPY","MEMORY_COPY_DEVICE_TO_HOST",5,"Agent 1","Agent 0",1269565,3351579136101,3351579140101
"MEMORY_COPY","MEMORY_COPY_DEVICE_TO_HOST",5,"Agent 1","Agent 0",1269566,3351579144181,3351579197261
"MEMORY_COPY","MEMORY_COPY_HOST_TO_DEVICE",2,"Agent 0","Agent 1",1269577,3351579948574,3351579953734
"MEMORY_COPY","MEMORY_COPY_HOST_TO_DEVICE",2,"Agent 0","Agent 1",1269592,3351580035404,3351580053324
"MEMORY_COPY","MEMORY_COPY_HOST_TO_DEVICE",2,"Agent 0","Agent 1",1269608,3351580149655,3351580160455
"MEMORY_COPY","MEMORY_COPY_DEVICE_TO_HOST",5,"Agent 1","Agent 0",1269616,3351647075827,3351647115787
"MEMORY_COPY","MEMORY_COPY_DEVICE_TO_HOST",5,"Agent 1","Agent 0",1269617,3351647123548,3351647127868
"MEMORY_COPY","MEMORY_COPY_HOST_TO_DEVICE",2,"Agent 0","Agent 1",1269623,3351647657400,3351647662600
"MEMORY_COPY","MEMORY_COPY_HOST_TO_DEVICE",2,"Agent 0","Agent 1",1269627,3351647679520,3351647684840
"MEMORY_COPY","MEMORY_COPY_HOST_TO_DEVICE",2,"Agent 0","Agent 1",1269643,3351647797700,3351647808380
"MEMORY_COPY","MEMORY_COPY_HOST_TO_DEVICE",2,"Agent 0","Agent 1",1269749,3351649027835,3351649033155
"MEMORY_COPY","MEMORY_COPY_HOST_TO_DEVICE",2,"Agent 0","Agent 1",1269753,3351649050215,3351649055335
"MEMORY_COPY","MEMORY_COPY_HOST_TO_DEVICE",2,"Agent 0","Agent 1",1269769,3351649157636,3351649168516
"MEMORY_COPY","MEMORY_COPY_DEVICE_TO_HOST",5,"Agent 1","Agent 0",1269879,3351651886786,3351651890986
"MEMORY_COPY","MEMORY_COPY_DEVICE_TO_HOST",5,"Agent 1","Agent 0",1269880,3351651895226,3351651948787
"MEMORY_COPY","MEMORY_COPY_HOST_TO_DEVICE",2,"Agent 0","Agent 1",1269891,3351652718830,3351652723990
"MEMORY_COPY","MEMORY_COPY_HOST_TO_DEVICE",2,"Agent 0","Agent 1",1269906,3351652806470,3351652824190
"MEMORY_COPY","MEMORY_COPY_HOST_TO_DEVICE",2,"Agent 0","Agent 1",1269922,3351652920590,3351652931710
"MEMORY_COPY","MEMORY_COPY_DEVICE_TO_HOST",5,"Agent 1","Agent 0",1269930,3351719854577,3351719892818
"MEMORY_COPY","MEMORY_COPY_DEVICE_TO_HOST",5,"Agent 1","Agent 0",1269931,3351719899738,3351719904138
"MEMORY_COPY","MEMORY_COPY_HOST_TO_DEVICE",2,"Agent 0","Agent 1",1269937,3351720437140,3351720442460
"MEMORY_COPY","MEMORY_COPY_HOST_TO_DEVICE",2,"Agent 0","Agent 1",1269941,3351720459690,3351720464930
"MEMORY_COPY","MEMORY_COPY_HOST_TO_DEVICE",2,"Agent 0","Agent 1",1269957,3351720582410,3351720593330
"MEMORY_COPY","MEMORY_COPY_HOST_TO_DEVICE",2,"Agent 0","Agent 1",1270063,3351721824685,3351721829885
"MEMORY_COPY","MEMORY_COPY_HOST_TO_DEVICE",2,"Agent 0","Agent 1",1270067,3351721846225,3351721851465
"MEMORY_COPY","MEMORY_COPY_HOST_TO_DEVICE",2,"Agent 0","Agent 1",1270083,3351721955636,3351721967276
"MEMORY_COPY","MEMORY_COPY_DEVICE_TO_HOST",5,"Agent 1","Agent 0",1270193,3351724645476,3351724649556
"MEMORY_COPY","MEMORY_COPY_DEVICE_TO_HOST",5,"Agent 1","Agent 0",1270194,3351724654556,3351724718037
"MEMORY_COPY","MEMORY_COPY_HOST_TO_DEVICE",2,"Agent 0","Agent 1",1270205,3351725494340,3351725499580
"MEMORY_COPY","MEMORY_COPY_HOST_TO_DEVICE",2,"Agent 0","Agent 1",1270220,3351725582030,3351725599910
"MEMORY_COPY","MEMORY_COPY_HOST_TO_DEVICE",2,"Agent 0","Agent 1",1270236,3351725695871,3351725706711
"MEMORY_COPY","MEMORY_COPY_DEVICE_TO_HOST",5,"Agent 1","Agent 0",1270244,3351792642326,3351792680807
"MEMORY_COPY","MEMORY_COPY_DEVICE_TO_HOST",5,"Agent 1","Agent 0",1270245,3351792687727,3351792691927
"MEMORY_COPY","MEMORY_COPY_HOST_TO_DEVICE",2,"Agent 0","Agent 1",1270251,3351793220449,3351793225689
"MEMORY_COPY","MEMORY_COPY_HOST_TO_DEVICE",2,"Agent 0","Agent 1",1270255,3351793243259,3351793248299
"MEMORY_COPY","MEMORY_COPY_HOST_TO_DEVICE",2,"Agent 0","Agent 1",1270271,3351793360409,3351793371209
"MEMORY_COPY","MEMORY_COPY_HOST_TO_DEVICE",2,"Agent 0","Agent 1",1270377,3351794598614,3351794603934
"MEMORY_COPY","MEMORY_COPY_HOST_TO_DEVICE",2,"Agent 0","Agent 1",1270381,3351794619534,3351794624694
"MEMORY_COPY","MEMORY_COPY_HOST_TO_DEVICE",2,"Agent 0","Agent 1",1270397,3351794725975,3351794736815
"MEMORY_COPY","MEMORY_COPY_DEVICE_TO_HOST",5,"Agent 1","Agent 0",1270507,3351797386815,3351797390895
"MEMORY_COPY","MEMORY_COPY_DEVICE_TO_HOST",5,"Agent 1","Agent 0",1270508,3351797395015,3351797448615
"MEMORY_COPY","MEMORY_COPY_HOST_TO_DEVICE",2,"Agent 0","Agent 1",1270519,3351798042508,3351798047868
"MEMORY_COPY","MEMORY_COPY_HOST_TO_DEVICE",2,"Agent 0","Agent 1",1270523,3351798061238,3351798066238
"MEMORY_COPY","MEMORY_COPY_HOST_TO_DEVICE",2,"Agent 0","Agent 1",1270539,3351798168778,3351798179818
"MEMORY_COPY","MEMORY_COPY_DEVICE_TO_HOST",5,"Agent 1","Agent 0",1270654,3351801462121,3351801466521
"MEMORY_COPY","MEMORY_COPY_DEVICE_TO_HOST",5,"Agent 1","Agent 0",1270655,3351801470041,3351801523441
"MEMORY_COPY","MEMORY_COPY_HOST_TO_DEVICE",2,"Agent 0","Agent 1",1270666,3351803506669,3351803513149
"MEMORY_COPY","MEMORY_COPY_HOST_TO_DEVICE",2,"Agent 0","Agent 1",1270681,3351803595700,3351803614860
"MEMORY_COPY","MEMORY_COPY_HOST_TO_DEVICE",2,"Agent 0","Agent 1",1270697,3351803714510,3351803733390
"MEMORY_COPY","MEMORY_COPY_DEVICE_TO_HOST",5,"Agent 1","Agent 0",1278011,3351881739200,3351881811960
"MEMORY_COPY","MEMORY_COPY_DEVICE_TO_HOST",5,"Agent 1","Agent 0",1278012,3351881825200,3351881830320
"MEMORY_COPY","MEMORY_COPY_HOST_TO_DEVICE",2,"Agent 0","Agent 1",1278018,3351882664333,3351882670813
"MEMORY_COPY","MEMORY_COPY_HOST_TO_DEVICE",2,"Agent 0","Agent 1",1278022,3351882696004,3351882702484
"MEMORY_COPY","MEMORY_COPY_HOST_TO_DEVICE",2,"Agent 0","Agent 1",1278038,3351882816524,3351882834964
"MEMORY_COPY","MEMORY_COPY_HOST_TO_DEVICE",2,"Agent 0","Agent 1",1278163,3351884379380,3351884384740
"MEMORY_COPY","MEMORY_COPY_HOST_TO_DEVICE",2,"Agent 0","Agent 1",1278167,3351884405630,3351884410630
"MEMORY_COPY","MEMORY_COPY_HOST_TO_DEVICE",2,"Agent 0","Agent 1",1278183,3351884513751,3351884524791
"MEMORY_COPY","MEMORY_COPY_DEVICE_TO_HOST",5,"Agent 1","Agent 0",1278293,3351887364832,3351887368992
"MEMORY_COPY","MEMORY_COPY_DEVICE_TO_HOST",5,"Agent 1","Agent 0",1278294,3351887373272,3351887441752
"MEMORY_COPY","MEMORY_COPY_HOST_TO_DEVICE",2,"Agent 0","Agent 1",1278305,3351889769901,3351889775222
"MEMORY_COPY","MEMORY_COPY_HOST_TO_DEVICE",2,"Agent 0","Agent 1",1278320,3351889863792,3351889885032
"MEMORY_COPY","MEMORY_COPY_HOST_TO_DEVICE",2,"Agent 0","Agent 1",1278336,3351889984482,3351889995402
"MEMORY_COPY","MEMORY_COPY_DEVICE_TO_HOST",5,"Agent 1","Agent 0",1284546,3351960466076,3351960504237
"MEMORY_COPY","MEMORY_COPY_DEVICE_TO_HOST",5,"Agent 1","Agent 0",1284547,3351960513397,3351960517637
"MEMORY_COPY","MEMORY_COPY_HOST_TO_DEVICE",2,"Agent 0","Agent 1",1284553,3351961275400,3351961280840
"MEMORY_COPY","MEMORY_COPY_HOST_TO_DEVICE",2,"Agent 0","Agent 1",1284557,3351961300270,3351961305630
"MEMORY_COPY","MEMORY_COPY_HOST_TO_DEVICE",2,"Agent 0","Agent 1",1284573,3351961457560,3351961468280
"MEMORY_COPY","MEMORY_COPY_HOST_TO_DEVICE",2,"Agent 0","Agent 1",1284679,3351962717305,3351962722465
"MEMORY_COPY","MEMORY_COPY_HOST_TO_DEVICE",2,"Agent 0","Agent 1",1284683,3351962739545,3351962744625
"MEMORY_COPY","MEMORY_COPY_HOST_TO_DEVICE",2,"Agent 0","Agent 1",1284699,3351962849076,3351962860236
"MEMORY_COPY","MEMORY_COPY_DEVICE_TO_HOST",5,"Agent 1","Agent 0",1284809,3351965601877,3351965606197
"MEMORY_COPY","MEMORY_COPY_DEVICE_TO_HOST",5,"Agent 1","Agent 0",1284810,3351965610317,3351965671157
"MEMORY_COPY","MEMORY_COPY_HOST_TO_DEVICE",2,"Agent 0","Agent 1",1284821,3351966438540,3351966443780
"MEMORY_COPY","MEMORY_COPY_HOST_TO_DEVICE",2,"Agent 0","Agent 1",1284836,3351966523860,3351966541580
"MEMORY_COPY","MEMORY_COPY_HOST_TO_DEVICE",2,"Agent 0","Agent 1",1284852,3351966798881,3351966810321
"MEMORY_COPY","MEMORY_COPY_DEVICE_TO_HOST",5,"Agent 1","Agent 0",1291067,3352056733077,3352056771277
"MEMORY_COPY","MEMORY_COPY_DEVICE_TO_HOST",5,"Agent 1","Agent 0",1291068,3352056890198,3352056894718
"MEMORY_COPY","MEMORY_COPY_HOST_TO_DEVICE",2,"Agent 0","Agent 1",1291074,3352057473480,3352057478760
"MEMORY_COPY","MEMORY_COPY_HOST_TO_DEVICE",2,"Agent 0","Agent 1",1291078,3352057499790,3352057505390
"MEMORY_COPY","MEMORY_COPY_HOST_TO_DEVICE",2,"Agent 0","Agent 1",1291094,3352057633651,3352057645811
"MEMORY_COPY","MEMORY_COPY_HOST_TO_DEVICE",2,"Agent 0","Agent 1",1291200,3352058877406,3352058882686
"MEMORY_COPY","MEMORY_COPY_HOST_TO_DEVICE",2,"Agent 0","Agent 1",1291204,3352058900286,3352058905566
"MEMORY_COPY","MEMORY_COPY_HOST_TO_DEVICE",2,"Agent 0","Agent 1",1291220,3352059021326,3352059032246
"MEMORY_COPY","MEMORY_COPY_DEVICE_TO_HOST",5,"Agent 1","Agent 0",1291330,3352061774037,3352061778197
"MEMORY_COPY","MEMORY_COPY_DEVICE_TO_HOST",5,"Agent 1","Agent 0",1291331,3352061782357,3352061849437
"MEMORY_COPY","MEMORY_COPY_HOST_TO_DEVICE",2,"Agent 0","Agent 1",1291342,3352062694401,3352062699841
"MEMORY_COPY","MEMORY_COPY_HOST_TO_DEVICE",2,"Agent 0","Agent 1",1291357,3352062786851,3352062806091
"MEMORY_COPY","MEMORY_COPY_HOST_TO_DEVICE",2,"Agent 0","Agent 1",1291373,3352062906291,3352062917171
"MEMORY_COPY","MEMORY_COPY_DEVICE_TO_HOST",5,"Agent 1","Agent 0",1291381,3352131687015,3352131725895
"MEMORY_COPY","MEMORY_COPY_DEVICE_TO_HOST",5,"Agent 1","Agent 0",1291382,3352131737935,3352131742375
"MEMORY_COPY","MEMORY_COPY_HOST_TO_DEVICE",2,"Agent 0","Agent 1",1291388,3352132394067,3352132399427
"MEMORY_COPY","MEMORY_COPY_HOST_TO_DEVICE",2,"Agent 0","Agent 1",1291392,3352132422478,3352132427638
"MEMORY_COPY","MEMORY_COPY_HOST_TO_DEVICE",2,"Agent 0","Agent 1",1291408,3352132546808,3352132559888
"MEMORY_COPY","MEMORY_COPY_HOST_TO_DEVICE",2,"Agent 0","Agent 1",1291514,3352133821883,3352133827363
"MEMORY_COPY","MEMORY_COPY_HOST_TO_DEVICE",2,"Agent 0","Agent 1",1291518,3352133847303,3352133853223
"MEMORY_COPY","MEMORY_COPY_HOST_TO_DEVICE",2,"Agent 0","Agent 1",1291534,3352133971394,3352133983594
"MEMORY_COPY","MEMORY_COPY_DEVICE_TO_HOST",5,"Agent 1","Agent 0",1291644,3352136717095,3352136721215
"MEMORY_COPY","MEMORY_COPY_DEVICE_TO_HOST",5,"Agent 1","Agent 0",1291645,3352136726215,3352136786775
"MEMORY_COPY","MEMORY_COPY_HOST_TO_DEVICE",2,"Agent 0","Agent 1",1291656,3352137653698,3352137659178
"MEMORY_COPY","MEMORY_COPY_HOST_TO_DEVICE",2,"Agent 0","Agent 1",1291671,3352137748559,3352137767839
"MEMORY_COPY","MEMORY_COPY_HOST_TO_DEVICE",2,"Agent 0","Agent 1",1291687,3352137872949,3352137884109
"MEMORY_COPY","MEMORY_COPY_DEVICE_TO_HOST",5,"Agent 1","Agent 0",1291695,3352204879548,3352204920228
"MEMORY_COPY","MEMORY_COPY_DEVICE_TO_HOST",5,"Agent 1","Agent 0",1291696,3352204928828,3352204933388
"MEMORY_COPY","MEMORY_COPY_HOST_TO_DEVICE",2,"Agent 0","Agent 1",1291702,3352205546821,3352205552141
"MEMORY_COPY","MEMORY_COPY_HOST_TO_DEVICE",2,"Agent 0","Agent 1",1291706,3352205570701,3352205575821
"MEMORY_COPY","MEMORY_COPY_HOST_TO_DEVICE",2,"Agent 0","Agent 1",1291722,3352205691301,3352205702301
"MEMORY_COPY","MEMORY_COPY_HOST_TO_DEVICE",2,"Agent 0","Agent 1",1291828,3352206925856,3352206931176
"MEMORY_COPY","MEMORY_COPY_HOST_TO_DEVICE",2,"Agent 0","Agent 1",1291832,3352206948246,3352206953526
"MEMORY_COPY","MEMORY_COPY_HOST_TO_DEVICE",2,"Agent 0","Agent 1",1291848,3352207061057,3352207072857
"MEMORY_COPY","MEMORY_COPY_DEVICE_TO_HOST",5,"Agent 1","Agent 0",1291958,3352209981208,3352209985368
"MEMORY_COPY","MEMORY_COPY_DEVICE_TO_HOST",5,"Agent 1","Agent 0",1291959,3352209989608,3352210051488
"MEMORY_COPY","MEMORY_COPY_HOST_TO_DEVICE",2,"Agent 0","Agent 1",1291970,3352210754861,3352210760261
"MEMORY_COPY","MEMORY_COPY_HOST_TO_DEVICE",2,"Agent 0","Agent 1",1291974,3352210773971,3352210779411
"MEMORY_COPY","MEMORY_COPY_HOST_TO_DEVICE",2,"Agent 0","Agent 1",1291990,3352210888902,3352210900542
"MEMORY_COPY","MEMORY_COPY_DEVICE_TO_HOST",5,"Agent 1","Agent 0",1292105,3352214244755,3352214248955
"MEMORY_COPY","MEMORY_COPY_DEVICE_TO_HOST",5,"Agent 1","Agent 0",1292106,3352214253275,3352214306475
"MEMORY_COPY","MEMORY_COPY_HOST_TO_DEVICE",2,"Agent 0","Agent 1",1292117,3352216383074,3352216389474
"MEMORY_COPY","MEMORY_COPY_HOST_TO_DEVICE",2,"Agent 0","Agent 1",1292132,3352216476044,3352216493724
"MEMORY_COPY","MEMORY_COPY_HOST_TO_DEVICE",2,"Agent 0","Agent 1",1292148,3352216592094,3352216610094
"MEMORY_COPY","MEMORY_COPY_DEVICE_TO_HOST",5,"Agent 1","Agent 0",1299462,3352294693806,3352294766766
"MEMORY_COPY","MEMORY_COPY_DEVICE_TO_HOST",5,"Agent 1","Agent 0",1299463,3352294778406,3352294783486
"MEMORY_COPY","MEMORY_COPY_HOST_TO_DEVICE",2,"Agent 0","Agent 1",1299469,3352295569849,3352295576409
"MEMORY_COPY","MEMORY_COPY_HOST_TO_DEVICE",2,"Agent 0","Agent 1",1299473,3352295597299,3352295603459
"MEMORY_COPY","MEMORY_COPY_HOST_TO_DEVICE",2,"Agent 0","Agent 1",1299489,3352295715500,3352295732860
"MEMORY_COPY","MEMORY_COPY_HOST_TO_DEVICE",2,"Agent 0","Agent 1",1299620,3352298254220,3352298259380
"MEMORY_COPY","MEMORY_COPY_HOST_TO_DEVICE",2,"Agent 0","Agent 1",1299624,3352298276810,3352298281890
"MEMORY_COPY","MEMORY_COPY_HOST_TO_DEVICE",2,"Agent 0","Agent 1",1299640,3352298386390,3352298397030
"MEMORY_COPY","MEMORY_COPY_DEVICE_TO_HOST",5,"Agent 1","Agent 0",1299750,3352301088911,3352301093071
"MEMORY_COPY","MEMORY_COPY_DEVICE_TO_HOST",5,"Agent 1","Agent 0",1299751,3352301097191,3352301150911
"MEMORY_COPY","MEMORY_COPY_HOST_TO_DEVICE",2,"Agent 0","Agent 1",1299762,3352301777354,3352301782514
"MEMORY_COPY","MEMORY_COPY_HOST_TO_DEVICE",2,"Agent 0","Agent 1",1299766,3352301795704,3352301800944
"MEMORY_COPY","MEMORY_COPY_HOST_TO_DEVICE",2,"Agent 0","Agent 1",1299782,3352301903974,3352301914614
"MEMORY_COPY","MEMORY_COPY_DEVICE_TO_HOST",5,"Agent 1","Agent 0",1299897,3352305222197,3352305226637
"MEMORY_COPY","MEMORY_COPY_DEVICE_TO_HOST",5,"Agent 1","Agent 0",1299898,3352305230957,3352305284878
"MEMORY_COPY","MEMORY_COPY_HOST_TO_DEVICE",2,"Agent 0","Agent 1",1299909,3352305984060,3352305990420
"MEMORY_COPY","MEMORY_COPY_HOST_TO_DEVICE",2,"Agent 0","Agent 1",1299924,3352306083741,3352306102061
"MEMORY_COPY","MEMORY_COPY_HOST_TO_DEVICE",2,"Agent 0","Agent 1",1299940,3352306200411,3352306218251
"MEMORY_COPY","MEMORY_COPY_DEVICE_TO_HOST",5,"Agent 1","Agent 0",1307262,3352417846765,3352417923886
"MEMORY_COPY","MEMORY_COPY_DEVICE_TO_HOST",5,"Agent 1","Agent 0",1307263,3352417932046,3352417937286
"MEMORY_COPY","MEMORY_COPY_HOST_TO_DEVICE",2,"Agent 0","Agent 1",1307269,3352418524288,3352418531128
"MEMORY_COPY","MEMORY_COPY_HOST_TO_DEVICE",2,"Agent 0","Agent 1",1307273,3352418551808,3352418558328
"MEMORY_COPY","MEMORY_COPY_HOST_TO_DEVICE",2,"Agent 0","Agent 1",1307289,3352418675749,3352418694349
"MEMORY_COPY","MEMORY_COPY_HOST_TO_DEVICE",2,"Agent 0","Agent 1",1307414,3352420191975,3352420197375
"MEMORY_COPY","MEMORY_COPY_HOST_TO_DEVICE",2,"Agent 0","Agent 1",1307418,3352420213505,3352420218785
"MEMORY_COPY","MEMORY_COPY_HOST_TO_DEVICE",2,"Agent 0","Agent 1",1307434,3352420321215,3352420331855
"MEMORY_COPY","MEMORY_COPY_DEVICE_TO_HOST",5,"Agent 1","Agent 0",1307544,3352423050616,3352423054696
"MEMORY_COPY","MEMORY_COPY_DEVICE_TO_HOST",5,"Agent 1","Agent 0",1307545,3352423058776,3352423112736
"MEMORY_COPY","MEMORY_COPY_HOST_TO_DEVICE",2,"Agent 0","Agent 1",1307556,3352425210845,3352425216885
"MEMORY_COPY","MEMORY_COPY_HOST_TO_DEVICE",2,"Agent 0","Agent 1",1307571,3352425298065,3352425315865
"MEMORY_COPY","MEMORY_COPY_HOST_TO_DEVICE",2,"Agent 0","Agent 1",1307587,3352425416195,3352425427395
"MEMORY_COPY","MEMORY_COPY_DEVICE_TO_HOST",5,"Agent 1","Agent 0",1313797,3352494529389,3352494567470
"MEMORY_COPY","MEMORY_COPY_DEVICE_TO_HOST",5,"Agent 1","Agent 0",1313798,3352494576550,3352494580990
"MEMORY_COPY","MEMORY_COPY_HOST_TO_DEVICE",2,"Agent 0","Agent 1",1313804,3352495280452,3352495285612
"MEMORY_COPY","MEMORY_COPY_HOST_TO_DEVICE",2,"Agent 0","Agent 1",1313808,3352495302883,3352495308243
"MEMORY_COPY","MEMORY_COPY_HOST_TO_DEVICE",2,"Agent 0","Agent 1",1313824,3352495433733,3352495445173
"MEMORY_COPY","MEMORY_COPY_HOST_TO_DEVICE",2,"Agent 0","Agent 1",1313930,3352496675428,3352496680868
"MEMORY_COPY","MEMORY_COPY_HOST_TO_DEVICE",2,"Agent 0","Agent 1",1313934,3352496708228,3352496713228
"MEMORY_COPY","MEMORY_COPY_HOST_TO_DEVICE",2,"Agent 0","Agent 1",1313950,3352497031369,3352497042209
"MEMORY_COPY","MEMORY_COPY_DEVICE_TO_HOST",5,"Agent 1","Agent 0",1314060,3352499725620,3352499729660
"MEMORY_COPY","MEMORY_COPY_DEVICE_TO_HOST",5,"Agent 1","Agent 0",1314061,3352499733860,3352499787100
"MEMORY_COPY","MEMORY_COPY_HOST_TO_DEVICE",2,"Agent 0","Agent 1",1314072,3352500571973,3352500577213
"MEMORY_COPY","MEMORY_COPY_HOST_TO_DEVICE",2,"Agent 0","Agent 1",1314087,3352500659864,3352500678784
"MEMORY_COPY","MEMORY_COPY_HOST_TO_DEVICE",2,"Agent 0","Agent 1",1314103,3352500777194,3352500788234
"MEMORY_COPY","MEMORY_COPY_DEVICE_TO_HOST",5,"Agent 1","Agent 0",1320321,3352601287400,3352601328920
"MEMORY_COPY","MEMORY_COPY_DEVICE_TO_HOST",5,"Agent 1","Agent 0",1320322,3352601336714,3352601341274
"MEMORY_COPY","MEMORY_COPY_HOST_TO_DEVICE",2,"Agent 0","Agent 1",1320328,3352601930038,3352601935878
"MEMORY_COPY","MEMORY_COPY_HOST_TO_DEVICE",2,"Agent 0","Agent 1",1320332,3352601955618,3352601962418
"MEMORY_COPY","MEMORY_COPY_HOST_TO_DEVICE",2,"Agent 0","Agent 1",1320348,3352602081915,3352602093275
"MEMORY_COPY","MEMORY_COPY_HOST_TO_DEVICE",2,"Agent 0","Agent 1",1320454,3352603329883,3352603335043
"MEMORY_COPY","MEMORY_COPY_HOST_TO_DEVICE",2,"Agent 0","Agent 1",1320458,3352603351673,3352603356673
"MEMORY_COPY","MEMORY_COPY_HOST_TO_DEVICE",2,"Agent 0","Agent 1",1320474,3352603458797,3352603469517
"MEMORY_COPY","MEMORY_COPY_DEVICE_TO_HOST",5,"Agent 1","Agent 0",1320584,3352606195578,3352606199898
"MEMORY_COPY","MEMORY_COPY_DEVICE_TO_HOST",5,"Agent 1","Agent 0",1320585,3352606204595,3352606261835
"MEMORY_COPY","MEMORY_COPY_HOST_TO_DEVICE",2,"Agent 0","Agent 1",1320596,3352607044035,3352607049875
"MEMORY_COPY","MEMORY_COPY_HOST_TO_DEVICE",2,"Agent 0","Agent 1",1320611,3352607133016,3352607150816
"MEMORY_COPY","MEMORY_COPY_HOST_TO_DEVICE",2,"Agent 0","Agent 1",1320627,3352607251427,3352607262507
"MEMORY_COPY","MEMORY_COPY_DEVICE_TO_HOST",5,"Agent 1","Agent 0",1320635,3352674765450,3352674803810
"MEMORY_COPY","MEMORY_COPY_DEVICE_TO_HOST",5,"Agent 1","Agent 0",1320636,3352674811050,3352674815610
"MEMORY_COPY","MEMORY_COPY_HOST_TO_DEVICE",2,"Agent 0","Agent 1",1320642,3352675357702,3352675363103
"MEMORY_COPY","MEMORY_COPY_HOST_TO_DEVICE",2,"Agent 0","Agent 1",1320646,3352675382773,3352675387813
"MEMORY_COPY","MEMORY_COPY_HOST_TO_DEVICE",2,"Agent 0","Agent 1",1320662,3352675502083,3352675513483
"MEMORY_COPY","MEMORY_COPY_HOST_TO_DEVICE",2,"Agent 0","Agent 1",1320768,3352676722348,3352676727668
"MEMORY_COPY","MEMORY_COPY_HOST_TO_DEVICE",2,"Agent 0","Agent 1",1320772,3352676744518,3352676749718
"MEMORY_COPY","MEMORY_COPY_HOST_TO_DEVICE",2,"Agent 0","Agent 1",1320788,3352676852408,3352676863328
"MEMORY_COPY","MEMORY_COPY_DEVICE_TO_HOST",5,"Agent 1","Agent 0",1320898,3352679559189,3352679563349
"MEMORY_COPY","MEMORY_COPY_DEVICE_TO_HOST",5,"Agent 1","Agent 0",1320899,3352679567509,3352679646269
"MEMORY_COPY","MEMORY_COPY_HOST_TO_DEVICE",2,"Agent 0","Agent 1",1320910,3352680552203,3352680557523
"MEMORY_COPY","MEMORY_COPY_HOST_TO_DEVICE",2,"Agent 0","Agent 1",1320925,3352680641163,3352680660643
"MEMORY_COPY","MEMORY_COPY_HOST_TO_DEVICE",2,"Agent 0","Agent 1",1320941,3352680757984,3352680768864
"MEMORY_COPY","MEMORY_COPY_DEVICE_TO_HOST",5,"Agent 1","Agent 0",1320949,3352747963900,3352748002501
"MEMORY_COPY","MEMORY_COPY_DEVICE_TO_HOST",5,"Agent 1","Agent 0",1320950,3352748011381,3352748015661
"MEMORY_COPY","MEMORY_COPY_HOST_TO_DEVICE",2,"Agent 0","Agent 1",1320956,3352748617033,3352748622313
"MEMORY_COPY","MEMORY_COPY_HOST_TO_DEVICE",2,"Agent 0","Agent 1",1320960,3352748640803,3352748645923
"MEMORY_COPY","MEMORY_COPY_HOST_TO_DEVICE",2,"Agent 0","Agent 1",1320976,3352748761504,3352748772224
"MEMORY_COPY","MEMORY_COPY_HOST_TO_DEVICE",2,"Agent 0","Agent 1",1321082,3352750022549,3352750027909
"MEMORY_COPY","MEMORY_COPY_HOST_TO_DEVICE",2,"Agent 0","Agent 1",1321086,3352750087509,3352750092909
"MEMORY_COPY","MEMORY_COPY_HOST_TO_DEVICE",2,"Agent 0","Agent 1",1321102,3352750202069,3352750214949
"MEMORY_COPY","MEMORY_COPY_DEVICE_TO_HOST",5,"Agent 1","Agent 0",1321212,3352752921570,3352752925570
"MEMORY_COPY","MEMORY_COPY_DEVICE_TO_HOST",5,"Agent 1","Agent 0",1321213,3352752929690,3352752986690
"MEMORY_COPY","MEMORY_COPY_HOST_TO_DEVICE",2,"Agent 0","Agent 1",1321224,3352753765313,3352753770673
"MEMORY_COPY","MEMORY_COPY_HOST_TO_DEVICE",2,"Agent 0","Agent 1",1321239,3352753863094,3352753880974
"MEMORY_COPY","MEMORY_COPY_HOST_TO_DEVICE",2,"Agent 0","Agent 1",1321255,3352754101455,3352754112335
"MEMORY_COPY","MEMORY_COPY_DEVICE_TO_HOST",5,"Agent 1","Agent 0",1321263,3352821151338,3352821189578
"MEMORY_COPY","MEMORY_COPY_DEVICE_TO_HOST",5,"Agent 1","Agent 0",1321264,3352821204258,3352821208578
"MEMORY_COPY","MEMORY_COPY_HOST_TO_DEVICE",2,"Agent 0","Agent 1",1321270,3352821783330,3352821788650
"MEMORY_COPY","MEMORY_COPY_HOST_TO_DEVICE",2,"Agent 0","Agent 1",1321274,3352821808401,3352821813441
"MEMORY_COPY","MEMORY_COPY_HOST_TO_DEVICE",2,"Agent 0","Agent 1",1321290,3352821929781,3352821940661
"MEMORY_COPY","MEMORY_COPY_HOST_TO_DEVICE",2,"Agent 0","Agent 1",1321396,3352823176716,3352823182196
"MEMORY_COPY","MEMORY_COPY_HOST_TO_DEVICE",2,"Agent 0","Agent 1",1321400,3352823203786,3352823209746
"MEMORY_COPY","MEMORY_COPY_HOST_TO_DEVICE",2,"Agent 0","Agent 1",1321416,3352823362187,3352823377347
"MEMORY_COPY","MEMORY_COPY_DEVICE_TO_HOST",5,"Agent 1","Agent 0",1321526,3352826080407,3352826084367
"MEMORY_COPY","MEMORY_COPY_DEVICE_TO_HOST",5,"Agent 1","Agent 0",1321527,3352826088527,3352826143728
"MEMORY_COPY","MEMORY_COPY_HOST_TO_DEVICE",2,"Agent 0","Agent 1",1321538,3352827007931,3352827013291
"MEMORY_COPY","MEMORY_COPY_HOST_TO_DEVICE",2,"Agent 0","Agent 1",1321553,3352827111842,3352827129802
"MEMORY_COPY","MEMORY_COPY_HOST_TO_DEVICE",2,"Agent 0","Agent 1",1321569,3352827230962,3352827242122
"MEMORY_COPY","MEMORY_COPY_DEVICE_TO_HOST",5,"Agent 1","Agent 0",1321577,3352894352962,3352894391202
"MEMORY_COPY","MEMORY_COPY_DEVICE_TO_HOST",5,"Agent 1","Agent 0",1321578,3352894401722,3352894405922
"MEMORY_COPY","MEMORY_COPY_HOST_TO_DEVICE",2,"Agent 0","Agent 1",1321584,3352894935704,3352894941024
"MEMORY_COPY","MEMORY_COPY_HOST_TO_DEVICE",2,"Agent 0","Agent 1",1321588,3352894958554,3352894963594
"MEMORY_COPY","MEMORY_COPY_HOST_TO_DEVICE",2,"Agent 0","Agent 1",1321604,3352895213635,3352895224515
"MEMORY_COPY","MEMORY_COPY_HOST_TO_DEVICE",2,"Agent 0","Agent 1",1321710,3352896437770,3352896442930
"MEMORY_COPY","MEMORY_COPY_HOST_TO_DEVICE",2,"Agent 0","Agent 1",1321714,3352896460030,3352896464990
"MEMORY_COPY","MEMORY_COPY_HOST_TO_DEVICE",2,"Agent 0","Agent 1",1321730,3352896592510,3352896603390
"MEMORY_COPY","MEMORY_COPY_DEVICE_TO_HOST",5,"Agent 1","Agent 0",1321840,3352899288901,3352899292861
"MEMORY_COPY","MEMORY_COPY_DEVICE_TO_HOST",5,"Agent 1","Agent 0",1321841,3352899297901,3352899351501
"MEMORY_COPY","MEMORY_COPY_HOST_TO_DEVICE",2,"Agent 0","Agent 1",1321852,3352900100874,3352900106114
"MEMORY_COPY","MEMORY_COPY_HOST_TO_DEVICE",2,"Agent 0","Agent 1",1321867,3352900189705,3352900207385
"MEMORY_COPY","MEMORY_COPY_HOST_TO_DEVICE",2,"Agent 0","Agent 1",1321883,3352900371095,3352900382215
"MEMORY_COPY","MEMORY_COPY_DEVICE_TO_HOST",5,"Agent 1","Agent 0",1321891,3352967338695,3352967377055
"MEMORY_COPY","MEMORY_COPY_DEVICE_TO_HOST",5,"Agent 1","Agent 0",1321892,3352967384815,3352967389055
"MEMORY_COPY","MEMORY_COPY_HOST_TO_DEVICE",2,"Agent 0","Agent 1",1321898,3352967915247,3352967920527
"MEMORY_COPY","MEMORY_COPY_HOST_TO_DEVICE",2,"Agent 0","Agent 1",1321902,3352967937288,3352967942368
"MEMORY_COPY","MEMORY_COPY_HOST_TO_DEVICE",2,"Agent 0","Agent 1",1321918,3352968056908,3352968068268
"MEMORY_COPY","MEMORY_COPY_HOST_TO_DEVICE",2,"Agent 0","Agent 1",1322024,3352969354993,3352969360433
"MEMORY_COPY","MEMORY_COPY_HOST_TO_DEVICE",2,"Agent 0","Agent 1",1322028,3352969377673,3352969382873
"MEMORY_COPY","MEMORY_COPY_HOST_TO_DEVICE",2,"Agent 0","Agent 1",1322044,3352969486404,3352969497284
"MEMORY_COPY","MEMORY_COPY_DEVICE_TO_HOST",5,"Agent 1","Agent 0",1322154,3352972173414,3352972177574
"MEMORY_COPY","MEMORY_COPY_DEVICE_TO_HOST",5,"Agent 1","Agent 0",1322155,3352972181734,3352972234775
"MEMORY_COPY","MEMORY_COPY_HOST_TO_DEVICE",2,"Agent 0","Agent 1",1322166,3352972989658,3352972994938
"MEMORY_COPY","MEMORY_COPY_HOST_TO_DEVICE",2,"Agent 0","Agent 1",1322181,3352973123868,3352973141708
"MEMORY_COPY","MEMORY_COPY_HOST_TO_DEVICE",2,"Agent 0","Agent 1",1322197,3352973241349,3352973252349
"MEMORY_COPY","MEMORY_COPY_DEVICE_TO_HOST",5,"Agent 1","Agent 0",1322205,3353040344927,3353040383367
"MEMORY_COPY","MEMORY_COPY_DEVICE_TO_HOST",5,"Agent 1","Agent 0",1322206,3353040492168,3353040496608
"MEMORY_COPY","MEMORY_COPY_HOST_TO_DEVICE",2,"Agent 0","Agent 1",1322212,3353041024420,3353041029660
"MEMORY_COPY","MEMORY_COPY_HOST_TO_DEVICE",2,"Agent 0","Agent 1",1322216,3353041047250,3353041052490
"MEMORY_COPY","MEMORY_COPY_HOST_TO_DEVICE",2,"Agent 0","Agent 1",1322232,3353041162931,3353041173971
"MEMORY_COPY","MEMORY_COPY_HOST_TO_DEVICE",2,"Agent 0","Agent 1",1322338,3353042388125,3353042393485
"MEMORY_COPY","MEMORY_COPY_HOST_TO_DEVICE",2,"Agent 0","Agent 1",1322342,3353042410876,3353042415916
"MEMORY_COPY","MEMORY_COPY_HOST_TO_DEVICE",2,"Agent 0","Agent 1",1322358,3353042517776,3353042528656
"MEMORY_COPY","MEMORY_COPY_DEVICE_TO_HOST",5,"Agent 1","Agent 0",1322468,3353045200532,3353045204612
"MEMORY_COPY","MEMORY_COPY_DEVICE_TO_HOST",5,"Agent 1","Agent 0",1322469,3353045208817,3353045266497
"MEMORY_COPY","MEMORY_COPY_HOST_TO_DEVICE",2,"Agent 0","Agent 1",1322480,3353046093460,3353046098660
"MEMORY_COPY","MEMORY_COPY_HOST_TO_DEVICE",2,"Agent 0","Agent 1",1322495,3353046181850,3353046201251
"MEMORY_COPY","MEMORY_COPY_HOST_TO_DEVICE",2,"Agent 0","Agent 1",1322511,3353046317531,3353046328371
"MEMORY_COPY","MEMORY_COPY_DEVICE_TO_HOST",5,"Agent 1","Agent 0",1322519,3353113240650,3353113278850
"MEMORY_COPY","MEMORY_COPY_DEVICE_TO_HOST",5,"Agent 1","Agent 0",1322520,3353113286650,3353113291290
"MEMORY_COPY","MEMORY_COPY_HOST_TO_DEVICE",2,"Agent 0","Agent 1",1322526,3353113819032,3353113824433
"MEMORY_COPY","MEMORY_COPY_HOST_TO_DEVICE",2,"Agent 0","Agent 1",1322530,3353113841253,3353113846453
"MEMORY_COPY","MEMORY_COPY_HOST_TO_DEVICE",2,"Agent 0","Agent 1",1322546,3353114019203,3353114030363
"MEMORY_COPY","MEMORY_COPY_HOST_TO_DEVICE",2,"Agent 0","Agent 1",1322652,3353115413609,3353115418889
"MEMORY_COPY","MEMORY_COPY_HOST_TO_DEVICE",2,"Agent 0","Agent 1",1322656,3353115436529,3353115441769
"MEMORY_COPY","MEMORY_COPY_HOST_TO_DEVICE",2,"Agent 0","Agent 1",1322672,3353115544509,3353115555349
"MEMORY_COPY","MEMORY_COPY_DEVICE_TO_HOST",5,"Agent 1","Agent 0",1322782,3353118253040,3353118257080
"MEMORY_COPY","MEMORY_COPY_DEVICE_TO_HOST",5,"Agent 1","Agent 0",1322783,3353118261280,3353118336960
"MEMORY_COPY","MEMORY_COPY_HOST_TO_DEVICE",2,"Agent 0","Agent 1",1322794,3353119200604,3353119205844
"MEMORY_COPY","MEMORY_COPY_HOST_TO_DEVICE",2,"Agent 0","Agent 1",1322809,3353119291324,3353119309244
"MEMORY_COPY","MEMORY_COPY_HOST_TO_DEVICE",2,"Agent 0","Agent 1",1322825,3353119409525,3353119420525
"MEMORY_COPY","MEMORY_COPY_DEVICE_TO_HOST",5,"Agent 1","Agent 0",1322833,3353186401963,3353186440363
"MEMORY_COPY","MEMORY_COPY_DEVICE_TO_HOST",5,"Agent 1","Agent 0",1322834,3353186449884,3353186454324
"MEMORY_COPY","MEMORY_COPY_HOST_TO_DEVICE",2,"Agent 0","Agent 1",1322840,3353186982006,3353186987246
"MEMORY_COPY","MEMORY_COPY_HOST_TO_DEVICE",2,"Agent 0","Agent 1",1322844,3353187004605,3353187009925
"MEMORY_COPY","MEMORY_COPY_HOST_TO_DEVICE",2,"Agent 0","Agent 1",1322860,3353187124956,3353187135636
"MEMORY_COPY","MEMORY_COPY_HOST_TO_DEVICE",2,"Agent 0","Agent 1",1322966,3353188360061,3353188365341
"MEMORY_COPY","MEMORY_COPY_HOST_TO_DEVICE",2,"Agent 0","Agent 1",1322970,3353188381961,3353188387121
"MEMORY_COPY","MEMORY_COPY_HOST_TO_DEVICE",2,"Agent 0","Agent 1",1322986,3353188489192,3353188500112
"MEMORY_COPY","MEMORY_COPY_DEVICE_TO_HOST",5,"Agent 1","Agent 0",1323096,3353191339693,3353191343893
"MEMORY_COPY","MEMORY_COPY_DEVICE_TO_HOST",5,"Agent 1","Agent 0",1323097,3353191348133,3353191401813
"MEMORY_COPY","MEMORY_COPY_HOST_TO_DEVICE",2,"Agent 0","Agent 1",1323108,3353192157836,3353192163196
"MEMORY_COPY","MEMORY_COPY_HOST_TO_DEVICE",2,"Agent 0","Agent 1",1323123,3353192252086,3353192269846
"MEMORY_COPY","MEMORY_COPY_HOST_TO_DEVICE",2,"Agent 0","Agent 1",1323139,3353192367867,3353192378787
"MEMORY_COPY","MEMORY_COPY_DEVICE_TO_HOST",5,"Agent 1","Agent 0",1323147,3353260051330,3353260089770
"MEMORY_COPY","MEMORY_COPY_DEVICE_TO_HOST",5,"Agent 1","Agent 0",1323148,3353260099330,3353260103610
"MEMORY_COPY","MEMORY_COPY_HOST_TO_DEVICE",2,"Agent 0","Agent 1",1323154,3353260659802,3353260665122
"MEMORY_COPY","MEMORY_COPY_HOST_TO_DEVICE",2,"Agent 0","Agent 1",1323158,3353260684782,3353260689862
"MEMORY_COPY","MEMORY_COPY_HOST_TO_DEVICE",2,"Agent 0","Agent 1",1323174,3353260820973,3353260833493
"MEMORY_COPY","MEMORY_COPY_HOST_TO_DEVICE",2,"Agent 0","Agent 1",1323280,3353262117978,3353262123338
"MEMORY_COPY","MEMORY_COPY_HOST_TO_DEVICE",2,"Agent 0","Agent 1",1323284,3353262142388,3353262147708
"MEMORY_COPY","MEMORY_COPY_HOST_TO_DEVICE",2,"Agent 0","Agent 1",1323300,3353262268499,3353262279339
"MEMORY_COPY","MEMORY_COPY_DEVICE_TO_HOST",5,"Agent 1","Agent 0",1323410,3353264985989,3353264990229
"MEMORY_COPY","MEMORY_COPY_DEVICE_TO_HOST",5,"Agent 1","Agent 0",1323411,3353264994469,3353265058350
"MEMORY_COPY","MEMORY_COPY_HOST_TO_DEVICE",2,"Agent 0","Agent 1",1323422,3353265800312,3353265805473
"MEMORY_COPY","MEMORY_COPY_HOST_TO_DEVICE",2,"Agent 0","Agent 1",1323437,3353265908073,3353265926233
"MEMORY_COPY","MEMORY_COPY_HOST_TO_DEVICE",2,"Agent 0","Agent 1",1323453,3353266029983,3353266041343
"MEMORY_COPY","MEMORY_COPY_DEVICE_TO_HOST",5,"Agent 1","Agent 0",1323461,3353334030546,3353334069066
"MEMORY_COPY","MEMORY_COPY_DEVICE_TO_HOST",5,"Agent 1","Agent 0",1323462,3353334076826,3353334081186
"MEMORY_COPY","MEMORY_COPY_HOST_TO_DEVICE",2,"Agent 0","Agent 1",1323468,3353334630148,3353334635508
"MEMORY_COPY","MEMORY_COPY_HOST_TO_DEVICE",2,"Agent 0","Agent 1",1323472,3353334653038,3353334658118
"MEMORY_COPY","MEMORY_COPY_HOST_TO_DEVICE",2,"Agent 0","Agent 1",1323488,3353334772908,3353334783909
"MEMORY_COPY","MEMORY_COPY_HOST_TO_DEVICE",2,"Agent 0","Agent 1",1323594,3353336049164,3353336054164
"MEMORY_COPY","MEMORY_COPY_HOST_TO_DEVICE",2,"Agent 0","Agent 1",1323598,3353336070374,3353336075334
"MEMORY_COPY","MEMORY_COPY_HOST_TO_DEVICE",2,"Agent 0","Agent 1",1323614,3353336172364,3353336183124
"MEMORY_COPY","MEMORY_COPY_DEVICE_TO_HOST",5,"Agent 1","Agent 0",1323724,3353338915905,3353338919905
"MEMORY_COPY","MEMORY_COPY_DEVICE_TO_HOST",5,"Agent 1","Agent 0",1323725,3353338924145,3353338983465
"MEMORY_COPY","MEMORY_COPY_HOST_TO_DEVICE",2,"Agent 0","Agent 1",1323736,3353339574047,3353339579247
"MEMORY_COPY","MEMORY_COPY_HOST_TO_DEVICE",2,"Agent 0","Agent 1",1323740,3353339592398,3353339597518
"MEMORY_COPY","MEMORY_COPY_HOST_TO_DEVICE",2,"Agent 0","Agent 1",1323756,3353339701638,3353339728558
"MEMORY_COPY","MEMORY_COPY_DEVICE_TO_HOST",5,"Agent 1","Agent 0",1323871,3353343079921,3353343084081
"MEMORY_COPY","MEMORY_COPY_DEVICE_TO_HOST",5,"Agent 1","Agent 0",1323872,3353343087561,3353343148842
"MEMORY_COPY","MEMORY_COPY_HOST_TO_DEVICE",2,"Agent 0","Agent 1",1323883,3353345102739,3353345109139
"MEMORY_COPY","MEMORY_COPY_HOST_TO_DEVICE",2,"Agent 0","Agent 1",1323898,3353345194580,3353345214100
"MEMORY_COPY","MEMORY_COPY_HOST_TO_DEVICE",2,"Agent 0","Agent 1",1323914,3353345313370,3353345332130
"MEMORY_COPY","MEMORY_COPY_DEVICE_TO_HOST",5,"Agent 1","Agent 0",1331228,3353425336809,3353425409770
"MEMORY_COPY","MEMORY_COPY_DEVICE_TO_HOST",5,"Agent 1","Agent 0",1331229,3353425420610,3353425425650
"MEMORY_COPY","MEMORY_COPY_HOST_TO_DEVICE",2,"Agent 0","Agent 1",1331235,3353426166383,3353426173023
"MEMORY_COPY","MEMORY_COPY_HOST_TO_DEVICE",2,"Agent 0","Agent 1",1331239,3353426192843,3353426199203
"MEMORY_COPY","MEMORY_COPY_HOST_TO_DEVICE",2,"Agent 0","Agent 1",1331255,3353426313933,3353426332533
"MEMORY_COPY","MEMORY_COPY_HOST_TO_DEVICE",2,"Agent 0","Agent 1",1331380,3353428472542,3353428477662
"MEMORY_COPY","MEMORY_COPY_HOST_TO_DEVICE",2,"Agent 0","Agent 1",1331384,3353428494322,3353428499642
"MEMORY_COPY","MEMORY_COPY_HOST_TO_DEVICE",2,"Agent 0","Agent 1",1331400,3353428602412,3353428613732
"MEMORY_COPY","MEMORY_COPY_DEVICE_TO_HOST",5,"Agent 1","Agent 0",1331510,3353431409243,3353431413443
"MEMORY_COPY","MEMORY_COPY_DEVICE_TO_HOST",5,"Agent 1","Agent 0",1331511,3353431417603,3353431477444
"MEMORY_COPY","MEMORY_COPY_HOST_TO_DEVICE",2,"Agent 0","Agent 1",1331522,3353432103246,3353432108486
"MEMORY_COPY","MEMORY_COPY_HOST_TO_DEVICE",2,"Agent 0","Agent 1",1331526,3353432122046,3353432127126
"MEMORY_COPY","MEMORY_COPY_HOST_TO_DEVICE",2,"Agent 0","Agent 1",1331542,3353432231347,3353432242027
"MEMORY_COPY","MEMORY_COPY_DEVICE_TO_HOST",5,"Agent 1","Agent 0",1331657,3353435621690,3353435625930
"MEMORY_COPY","MEMORY_COPY_DEVICE_TO_HOST",5,"Agent 1","Agent 0",1331658,3353435630330,3353435689770
"MEMORY_COPY","MEMORY_COPY_HOST_TO_DEVICE",2,"Agent 0","Agent 1",1331669,3353436332303,3353436338583
"MEMORY_COPY","MEMORY_COPY_HOST_TO_DEVICE",2,"Agent 0","Agent 1",1331684,3353436416553,3353436434313
"MEMORY_COPY","MEMORY_COPY_HOST_TO_DEVICE",2,"Agent 0","Agent 1",1331700,3353436532024,3353436549864
"MEMORY_COPY","MEMORY_COPY_DEVICE_TO_HOST",5,"Agent 1","Agent 0",1339022,3353552213837,3353552287477
"MEMORY_COPY","MEMORY_COPY_DEVICE_TO_HOST",5,"Agent 1","Agent 0",1339023,3353552297037,3353552302317
"MEMORY_COPY","MEMORY_COPY_HOST_TO_DEVICE",2,"Agent 0","Agent 1",1339029,3353552863294,3353552870134
"MEMORY_COPY","MEMORY_COPY_HOST_TO_DEVICE",2,"Agent 0","Agent 1",1339033,3353552888019,3353552894619
"MEMORY_COPY","MEMORY_COPY_HOST_TO_DEVICE",2,"Agent 0","Agent 1",1339049,3353553050930,3353553071530
"MEMORY_COPY","MEMORY_COPY_HOST_TO_DEVICE",2,"Agent 0","Agent 1",1339180,3353554853317,3353554858477
"MEMORY_COPY","MEMORY_COPY_HOST_TO_DEVICE",2,"Agent 0","Agent 1",1339184,3353554873607,3353554878607
"MEMORY_COPY","MEMORY_COPY_HOST_TO_DEVICE",2,"Agent 0","Agent 1",1339200,3353554981788,3353554992868
"MEMORY_COPY","MEMORY_COPY_DEVICE_TO_HOST",5,"Agent 1","Agent 0",1339310,3353557720548,3353557724748
"MEMORY_COPY","MEMORY_COPY_DEVICE_TO_HOST",5,"Agent 1","Agent 0",1339311,3353557728868,3353557794189
"MEMORY_COPY","MEMORY_COPY_HOST_TO_DEVICE",2,"Agent 0","Agent 1",1339322,3353559986617,3353559992497
"MEMORY_COPY","MEMORY_COPY_HOST_TO_DEVICE",2,"Agent 0","Agent 1",1339337,3353560089148,3353560111548
"MEMORY_COPY","MEMORY_COPY_HOST_TO_DEVICE",2,"Agent 0","Agent 1",1339353,3353560214568,3353560226768
"MEMORY_COPY","MEMORY_COPY_DEVICE_TO_HOST",5,"Agent 1","Agent 0",1345563,3353630594868,3353630633469
"MEMORY_COPY","MEMORY_COPY_DEVICE_TO_HOST",5,"Agent 1","Agent 0",1345564,3353630643269,3353630647669
"MEMORY_COPY","MEMORY_COPY_HOST_TO_DEVICE",2,"Agent 0","Agent 1",1345570,3353631330001,3353631335281
"MEMORY_COPY","MEMORY_COPY_HOST_TO_DEVICE",2,"Agent 0","Agent 1",1345574,3353631352481,3353631357641
"MEMORY_COPY","MEMORY_COPY_HOST_TO_DEVICE",2,"Agent 0","Agent 1",1345590,3353631469352,3353631479992
"MEMORY_COPY","MEMORY_COPY_HOST_TO_DEVICE",2,"Agent 0","Agent 1",1345696,3353632749627,3353632754747
"MEMORY_COPY","MEMORY_COPY_HOST_TO_DEVICE",2,"Agent 0","Agent 1",1345700,3353632771047,3353632776087
"MEMORY_COPY","MEMORY_COPY_HOST_TO_DEVICE",2,"Agent 0","Agent 1",1345716,3353632875147,3353632886547
"MEMORY_COPY","MEMORY_COPY_DEVICE_TO_HOST",5,"Agent 1","Agent 0",1345826,3353635618868,3353635623108
"MEMORY_COPY","MEMORY_COPY_DEVICE_TO_HOST",5,"Agent 1","Agent 0",1345827,3353635627188,3353635687109
"MEMORY_COPY","MEMORY_COPY_HOST_TO_DEVICE",2,"Agent 0","Agent 1",1345838,3353636455332,3353636460532
"MEMORY_COPY","MEMORY_COPY_HOST_TO_DEVICE",2,"Agent 0","Agent 1",1345853,3353636541362,3353636560682
"MEMORY_COPY","MEMORY_COPY_HOST_TO_DEVICE",2,"Agent 0","Agent 1",1345869,3353636657812,3353636669732
"MEMORY_COPY","MEMORY_COPY_DEVICE_TO_HOST",5,"Agent 1","Agent 0",1352087,3353738781172,3353738841492
"MEMORY_COPY","MEMORY_COPY_DEVICE_TO_HOST",5,"Agent 1","Agent 0",1352088,3353738851692,3353738856212
"MEMORY_COPY","MEMORY_COPY_HOST_TO_DEVICE",2,"Agent 0","Agent 1",1352094,3353739407374,3353739413334
"MEMORY_COPY","MEMORY_COPY_HOST_TO_DEVICE",2,"Agent 0","Agent 1",1352098,3353739430984,3353739436504
"MEMORY_COPY","MEMORY_COPY_HOST_TO_DEVICE",2,"Agent 0","Agent 1",1352114,3353739606125,3353739616805
"MEMORY_COPY","MEMORY_COPY_HOST_TO_DEVICE",2,"Agent 0","Agent 1",1352220,3353740841980,3353740847220
"MEMORY_COPY","MEMORY_COPY_HOST_TO_DEVICE",2,"Agent 0","Agent 1",1352224,3353740863860,3353740869180
"MEMORY_COPY","MEMORY_COPY_HOST_TO_DEVICE",2,"Agent 0","Agent 1",1352240,3353740977031,3353740988111
"MEMORY_COPY","MEMORY_COPY_DEVICE_TO_HOST",5,"Agent 1","Agent 0",1352350,3353743766482,3353743770802
"MEMORY_COPY","MEMORY_COPY_DEVICE_TO_HOST",5,"Agent 1","Agent 0",1352351,3353743774882,3353743835442
"MEMORY_COPY","MEMORY_COPY_HOST_TO_DEVICE",2,"Agent 0","Agent 1",1352362,3353744605385,3353744611265
"MEMORY_COPY","MEMORY_COPY_HOST_TO_DEVICE",2,"Agent 0","Agent 1",1352377,3353744695065,3353744713025
"MEMORY_COPY","MEMORY_COPY_HOST_TO_DEVICE",2,"Agent 0","Agent 1",1352393,3353744813346,3353744824466
"MEMORY_COPY","MEMORY_COPY_DEVICE_TO_HOST",5,"Agent 1","Agent 0",1352401,3353813210729,3353813249209
"MEMORY_COPY","MEMORY_COPY_DEVICE_TO_HOST",5,"Agent 1","Agent 0",1352402,3353813258729,3353813263209
"MEMORY_COPY","MEMORY_COPY_HOST_TO_DEVICE",2,"Agent 0","Agent 1",1352408,3353813793271,3353813798671
"MEMORY_COPY","MEMORY_COPY_HOST_TO_DEVICE",2,"Agent 0","Agent 1",1352412,3353813819591,3353813824711
"MEMORY_COPY","MEMORY_COPY_HOST_TO_DEVICE",2,"Agent 0","Agent 1",1352428,3353813941722,3353813952522
"MEMORY_COPY","MEMORY_COPY_HOST_TO_DEVICE",2,"Agent 0","Agent 1",1352534,3353815198737,3353815203897
"MEMORY_COPY","MEMORY_COPY_HOST_TO_DEVICE",2,"Agent 0","Agent 1",1352538,3353815221977,3353815227017
"MEMORY_COPY","MEMORY_COPY_HOST_TO_DEVICE",2,"Agent 0","Agent 1",1352554,3353815327767,3353815339167
"MEMORY_COPY","MEMORY_COPY_DEVICE_TO_HOST",5,"Agent 1","Agent 0",1352664,3353818088138,3353818092498
"MEMORY_COPY","MEMORY_COPY_DEVICE_TO_HOST",5,"Agent 1","Agent 0",1352665,3353818096618,3353818159019
"MEMORY_COPY","MEMORY_COPY_HOST_TO_DEVICE",2,"Agent 0","Agent 1",1352676,3353818920842,3353818926082
"MEMORY_COPY","MEMORY_COPY_HOST_TO_DEVICE",2,"Agent 0","Agent 1",1352691,3353819016642,3353819034322
"MEMORY_COPY","MEMORY_COPY_HOST_TO_DEVICE",2,"Agent 0","Agent 1",1352707,3353819136572,3353819147412
"MEMORY_COPY","MEMORY_COPY_DEVICE_TO_HOST",5,"Agent 1","Agent 0",1352715,3353887741203,3353887780483
"MEMORY_COPY","MEMORY_COPY_DEVICE_TO_HOST",5,"Agent 1","Agent 0",1352716,3353887790043,3353887794563
"MEMORY_COPY","MEMORY_COPY_HOST_TO_DEVICE",2,"Agent 0","Agent 1",1352722,3353888338465,3353888343705
"MEMORY_COPY","MEMORY_COPY_HOST_TO_DEVICE",2,"Agent 0","Agent 1",1352726,3353888360956,3353888366036
"MEMORY_COPY","MEMORY_COPY_HOST_TO_DEVICE",2,"Agent 0","Agent 1",1352742,3353888482336,3353888493056
"MEMORY_COPY","MEMORY_COPY_HOST_TO_DEVICE",2,"Agent 0","Agent 1",1352848,3353889858301,3353889863701
"MEMORY_COPY","MEMORY_COPY_HOST_TO_DEVICE",2,"Agent 0","Agent 1",1352852,3353889882092,3353889887332
"MEMORY_COPY","MEMORY_COPY_HOST_TO_DEVICE",2,"Agent 0","Agent 1",1352868,3353889997202,3353890010802
"MEMORY_COPY","MEMORY_COPY_DEVICE_TO_HOST",5,"Agent 1","Agent 0",1352978,3353892770973,3353892775133
"MEMORY_COPY","MEMORY_COPY_DEVICE_TO_HOST",5,"Agent 1","Agent 0",1352979,3353892779293,3353892841773
"MEMORY_COPY","MEMORY_COPY_HOST_TO_DEVICE",2,"Agent 0","Agent 1",1352990,3353893619776,3353893624976
"MEMORY_COPY","MEMORY_COPY_HOST_TO_DEVICE",2,"Agent 0","Agent 1",1353005,3353893729517,3353893747437
"MEMORY_COPY","MEMORY_COPY_HOST_TO_DEVICE",2,"Agent 0","Agent 1",1353021,3353893850997,3353893861997
"MEMORY_COPY","MEMORY_COPY_DEVICE_TO_HOST",5,"Agent 1","Agent 0",1353029,3353961734079,3353961772839
"MEMORY_COPY","MEMORY_COPY_DEVICE_TO_HOST",5,"Agent 1","Agent 0",1353030,3353961782319,3353961786679
"MEMORY_COPY","MEMORY_COPY_HOST_TO_DEVICE",2,"Agent 0","Agent 1",1353036,3353962352542,3353962357862
"MEMORY_COPY","MEMORY_COPY_HOST_TO_DEVICE",2,"Agent 0","Agent 1",1353040,3353962375692,3353962380852
"MEMORY_COPY","MEMORY_COPY_HOST_TO_DEVICE",2,"Agent 0","Agent 1",1353056,3353962498262,3353962508902
"MEMORY_COPY","MEMORY_COPY_HOST_TO_DEVICE",2,"Agent 0","Agent 1",1353162,3353963765777,3353963771097
"MEMORY_COPY","MEMORY_COPY_HOST_TO_DEVICE",2,"Agent 0","Agent 1",1353166,3353963787717,3353963792997
"MEMORY_COPY","MEMORY_COPY_HOST_TO_DEVICE",2,"Agent 0","Agent 1",1353182,3353963894558,3353963906678
"MEMORY_COPY","MEMORY_COPY_DEVICE_TO_HOST",5,"Agent 1","Agent 0",1353292,3353966576845,3353966581005
"MEMORY_COPY","MEMORY_COPY_DEVICE_TO_HOST",5,"Agent 1","Agent 0",1353293,3353966585978,3353966670979
"MEMORY_COPY","MEMORY_COPY_HOST_TO_DEVICE",2,"Agent 0","Agent 1",1353304,3353967322761,3353967327921
"MEMORY_COPY","MEMORY_COPY_HOST_TO_DEVICE",2,"Agent 0","Agent 1",1353308,3353967342281,3353967347561
"MEMORY_COPY","MEMORY_COPY_HOST_TO_DEVICE",2,"Agent 0","Agent 1",1353324,3353967453472,3353967464152
"MEMORY_COPY","MEMORY_COPY_DEVICE_TO_HOST",5,"Agent 1","Agent 0",1353439,3353970855575,3353970859975
"MEMORY_COPY","MEMORY_COPY_DEVICE_TO_HOST",5,"Agent 1","Agent 0",1353440,3353970863495,3353970934735
"MEMORY_COPY","MEMORY_COPY_HOST_TO_DEVICE",2,"Agent 0","Agent 1",1353451,3353971319647,3353971325047
"MEMORY_COPY","MEMORY_COPY_HOST_TO_DEVICE",2,"Agent 0","Agent 1",1353455,3353971401747,3353971406947
"MEMORY_COPY","MEMORY_COPY_HOST_TO_DEVICE",2,"Agent 0","Agent 1",1353471,3353971508638,3353971519478
"MEMORY_COPY","MEMORY_COPY_DEVICE_TO_HOST",5,"Agent 1","Agent 0",1353479,3353974183928,3353974188208
"MEMORY_COPY","MEMORY_COPY_DEVICE_TO_HOST",5,"Agent 1","Agent 0",1353480,3353974192528,3353974259089
"MEMORY_COPY","MEMORY_COPY_HOST_TO_DEVICE",2,"Agent 0","Agent 1",1353491,3353974589820,3353974595140
"MEMORY_COPY","MEMORY_COPY_HOST_TO_DEVICE",2,"Agent 0","Agent 1",1353495,3353974608420,3353974613500
"MEMORY_COPY","MEMORY_COPY_HOST_TO_DEVICE",2,"Agent 0","Agent 1",1353511,3353974717200,3353974728120
"MEMORY_COPY","MEMORY_COPY_DEVICE_TO_HOST",5,"Agent 1","Agent 0",1353519,3353977380511,3353977384831
"MEMORY_COPY","MEMORY_COPY_DEVICE_TO_HOST",5,"Agent 1","Agent 0",1353520,3353977389191,3353977452311
"MEMORY_COPY","MEMORY_COPY_HOST_TO_DEVICE",2,"Agent 0","Agent 1",1353531,3353979456899,3353979465459
"MEMORY_COPY","MEMORY_COPY_HOST_TO_DEVICE",2,"Agent 0","Agent 1",1353546,3353979548860,3353979566700
"MEMORY_COPY","MEMORY_COPY_HOST_TO_DEVICE",2,"Agent 0","Agent 1",1353562,3353979664390,3353979696270
"MEMORY_COPY","MEMORY_COPY_DEVICE_TO_HOST",5,"Agent 1","Agent 0",1360876,3354069529855,3354069672336
"MEMORY_COPY","MEMORY_COPY_DEVICE_TO_HOST",5,"Agent 1","Agent 0",1360877,3354069682256,3354069688576
"MEMORY_COPY","MEMORY_COPY_HOST_TO_DEVICE",2,"Agent 0","Agent 1",1360883,3354070511349,3354070520029
"MEMORY_COPY","MEMORY_COPY_HOST_TO_DEVICE",2,"Agent 0","Agent 1",1360887,3354070539419,3354070548499
"MEMORY_COPY","MEMORY_COPY_HOST_TO_DEVICE",2,"Agent 0","Agent 1",1360903,3354070662720,3354070695960
"MEMORY_COPY","MEMORY_COPY_HOST_TO_DEVICE",2,"Agent 0","Agent 1",1361048,3354072676958,3354072682318
"MEMORY_COPY","MEMORY_COPY_HOST_TO_DEVICE",2,"Agent 0","Agent 1",1361052,3354072698418,3354072703698
"MEMORY_COPY","MEMORY_COPY_HOST_TO_DEVICE",2,"Agent 0","Agent 1",1361068,3354072874728,3354072887528
"MEMORY_COPY","MEMORY_COPY_DEVICE_TO_HOST",5,"Agent 1","Agent 0",1361178,3354075595249,3354075599289
"MEMORY_COPY","MEMORY_COPY_DEVICE_TO_HOST",5,"Agent 1","Agent 0",1361179,3354075603489,3354075659009
"MEMORY_COPY","MEMORY_COPY_HOST_TO_DEVICE",2,"Agent 0","Agent 1",1361190,3354076287272,3354076292392
"MEMORY_COPY","MEMORY_COPY_HOST_TO_DEVICE",2,"Agent 0","Agent 1",1361194,3354076305492,3354076310532
"MEMORY_COPY","MEMORY_COPY_HOST_TO_DEVICE",2,"Agent 0","Agent 1",1361210,3354076413402,3354076424122
"MEMORY_COPY","MEMORY_COPY_DEVICE_TO_HOST",5,"Agent 1","Agent 0",1361325,3354079766826,3354079771066
"MEMORY_COPY","MEMORY_COPY_DEVICE_TO_HOST",5,"Agent 1","Agent 0",1361326,3354079776306,3354079836386
"MEMORY_COPY","MEMORY_COPY_HOST_TO_DEVICE",2,"Agent 0","Agent 1",1361337,3354080355738,3354080363738
"MEMORY_COPY","MEMORY_COPY_HOST_TO_DEVICE",2,"Agent 0","Agent 1",1361341,3354080379308,3354080384468
"MEMORY_COPY","MEMORY_COPY_HOST_TO_DEVICE",2,"Agent 0","Agent 1",1361357,3354080498589,3354080510549
"MEMORY_COPY","MEMORY_COPY_DEVICE_TO_HOST",5,"Agent 1","Agent 0",1361365,3354083179729,3354083184009
"MEMORY_COPY","MEMORY_COPY_DEVICE_TO_HOST",5,"Agent 1","Agent 0",1361366,3354083188369,3354083241649
"MEMORY_COPY","MEMORY_COPY_HOST_TO_DEVICE",2,"Agent 0","Agent 1",1361377,3354083567811,3354083573051
"MEMORY_COPY","MEMORY_COPY_HOST_TO_DEVICE",2,"Agent 0","Agent 1",1361381,3354083585541,3354083590701
"MEMORY_COPY","MEMORY_COPY_HOST_TO_DEVICE",2,"Agent 0","Agent 1",1361397,3354083693041,3354083703921
"MEMORY_COPY","MEMORY_COPY_DEVICE_TO_HOST",5,"Agent 1","Agent 0",1361405,3354086360182,3354086364502
"MEMORY_COPY","MEMORY_COPY_DEVICE_TO_HOST",5,"Agent 1","Agent 0",1361406,3354086368822,3354086422102
"MEMORY_COPY","MEMORY_COPY_HOST_TO_DEVICE",2,"Agent 0","Agent 1",1361417,3354087053305,3354087061945
"MEMORY_COPY","MEMORY_COPY_HOST_TO_DEVICE",2,"Agent 0","Agent 1",1361432,3354087138975,3354087156615
"MEMORY_COPY","MEMORY_COPY_HOST_TO_DEVICE",2,"Agent 0","Agent 1",1361448,3354087255285,3354087287405
"MEMORY_COPY","MEMORY_COPY_DEVICE_TO_HOST",5,"Agent 1","Agent 0",1368770,3354212530688,3354212675209
"MEMORY_COPY","MEMORY_COPY_DEVICE_TO_HOST",5,"Agent 1","Agent 0",1368771,3354212700449,3354212707089
"MEMORY_COPY","MEMORY_COPY_HOST_TO_DEVICE",2,"Agent 0","Agent 1",1368777,3354213325071,3354213334511
"MEMORY_COPY","MEMORY_COPY_HOST_TO_DEVICE",2,"Agent 0","Agent 1",1368781,3354213354251,3354213363291
"MEMORY_COPY","MEMORY_COPY_HOST_TO_DEVICE",2,"Agent 0","Agent 1",1368797,3354213483412,3354213517052
"MEMORY_COPY","MEMORY_COPY_HOST_TO_DEVICE",2,"Agent 0","Agent 1",1368942,3354215677841,3354215683201
"MEMORY_COPY","MEMORY_COPY_HOST_TO_DEVICE",2,"Agent 0","Agent 1",1368946,3354215700151,3354215705151
"MEMORY_COPY","MEMORY_COPY_HOST_TO_DEVICE",2,"Agent 0","Agent 1",1368962,3354215830731,3354215841451
"MEMORY_COPY","MEMORY_COPY_DEVICE_TO_HOST",5,"Agent 1","Agent 0",1369072,3354218559292,3354218563772
"MEMORY_COPY","MEMORY_COPY_DEVICE_TO_HOST",5,"Agent 1","Agent 0",1369073,3354218568012,3354218621772
"MEMORY_COPY","MEMORY_COPY_HOST_TO_DEVICE",2,"Agent 0","Agent 1",1369084,3354219228055,3354219233295
"MEMORY_COPY","MEMORY_COPY_HOST_TO_DEVICE",2,"Agent 0","Agent 1",1369088,3354219248185,3354219253305
"MEMORY_COPY","MEMORY_COPY_HOST_TO_DEVICE",2,"Agent 0","Agent 1",1369104,3354219366085,3354219377445
"MEMORY_COPY","MEMORY_COPY_DEVICE_TO_HOST",5,"Agent 1","Agent 0",1369219,3354222765899,3354222770219
"MEMORY_COPY","MEMORY_COPY_DEVICE_TO_HOST",5,"Agent 1","Agent 0",1369220,3354222774579,3354222827939
"MEMORY_COPY","MEMORY_COPY_HOST_TO_DEVICE",2,"Agent 0","Agent 1",1369231,3354223176710,3354223181990
"MEMORY_COPY","MEMORY_COPY_HOST_TO_DEVICE",2,"Agent 0","Agent 1",1369235,3354223194880,3354223200200
"MEMORY_COPY","MEMORY_COPY_HOST_TO_DEVICE",2,"Agent 0","Agent 1",1369251,3354223325641,3354223337481
"MEMORY_COPY","MEMORY_COPY_DEVICE_TO_HOST",5,"Agent 1","Agent 0",1369259,3354226003352,3354226007632
"MEMORY_COPY","MEMORY_COPY_DEVICE_TO_HOST",5,"Agent 1","Agent 0",1369260,3354226011992,3354226066392
"MEMORY_COPY","MEMORY_COPY_HOST_TO_DEVICE",2,"Agent 0","Agent 1",1369271,3354226372033,3354226377313
"MEMORY_COPY","MEMORY_COPY_HOST_TO_DEVICE",2,"Agent 0","Agent 1",1369275,3354226389763,3354226395003
"MEMORY_COPY","MEMORY_COPY_HOST_TO_DEVICE",2,"Agent 0","Agent 1",1369291,3354226494463,3354226505383
"MEMORY_COPY","MEMORY_COPY_DEVICE_TO_HOST",5,"Agent 1","Agent 0",1369299,3354229180964,3354229185204
"MEMORY_COPY","MEMORY_COPY_DEVICE_TO_HOST",5,"Agent 1","Agent 0",1369300,3354229189644,3354229243964
"MEMORY_COPY","MEMORY_COPY_HOST_TO_DEVICE",2,"Agent 0","Agent 1",1369311,3354229931077,3354229940517
"MEMORY_COPY","MEMORY_COPY_HOST_TO_DEVICE",2,"Agent 0","Agent 1",1369326,3354230023947,3354230043467
"MEMORY_COPY","MEMORY_COPY_HOST_TO_DEVICE",2,"Agent 0","Agent 1",1369342,3354230148728,3354230181528
"MEMORY_COPY","MEMORY_COPY_DEVICE_TO_HOST",5,"Agent 1","Agent 0",1369350,3354317991256,3354318133857
"MEMORY_COPY","MEMORY_COPY_DEVICE_TO_HOST",5,"Agent 1","Agent 0",1369351,3354318155377,3354318161937
"MEMORY_COPY","MEMORY_COPY_HOST_TO_DEVICE",2,"Agent 0","Agent 1",1369357,3354318747279,3354318755999
"MEMORY_COPY","MEMORY_COPY_HOST_TO_DEVICE",2,"Agent 0","Agent 1",1369361,3354318772279,3354318780719
"MEMORY_COPY","MEMORY_COPY_HOST_TO_DEVICE",2,"Agent 0","Agent 1",1369377,3354318892970,3354318923690
"MEMORY_COPY","MEMORY_COPY_HOST_TO_DEVICE",2,"Agent 0","Agent 1",1369522,3354320908670,3354320913870
"MEMORY_COPY","MEMORY_COPY_HOST_TO_DEVICE",2,"Agent 0","Agent 1",1369526,3354320932520,3354320937600
"MEMORY_COPY","MEMORY_COPY_HOST_TO_DEVICE",2,"Agent 0","Agent 1",1369542,3354321050521,3354321061201
"MEMORY_COPY","MEMORY_COPY_DEVICE_TO_HOST",5,"Agent 1","Agent 0",1369652,3354323831332,3354323835572
"MEMORY_COPY","MEMORY_COPY_DEVICE_TO_HOST",5,"Agent 1","Agent 0",1369653,3354323839732,3354323898252
"MEMORY_COPY","MEMORY_COPY_HOST_TO_DEVICE",2,"Agent 0","Agent 1",1369664,3354326027720,3354326033080
"MEMORY_COPY","MEMORY_COPY_HOST_TO_DEVICE",2,"Agent 0","Agent 1",1369679,3354326117971,3354326135731
"MEMORY_COPY","MEMORY_COPY_HOST_TO_DEVICE",2,"Agent 0","Agent 1",1369695,3354326236301,3354326247701
"MEMORY_COPY","MEMORY_COPY_DEVICE_TO_HOST",5,"Agent 1","Agent 0",1375905,3354395469617,3354395507897
"MEMORY_COPY","MEMORY_COPY_DEVICE_TO_HOST",5,"Agent 1","Agent 0",1375906,3354395516137,3354395520417
"MEMORY_COPY","MEMORY_COPY_HOST_TO_DEVICE",2,"Agent 0","Agent 1",1375912,3354396305900,3354396311260
"MEMORY_COPY","MEMORY_COPY_HOST_TO_DEVICE",2,"Agent 0","Agent 1",1375916,3354396326860,3354396332580
"MEMORY_COPY","MEMORY_COPY_HOST_TO_DEVICE",2,"Agent 0","Agent 1",1375932,3354396447670,3354396458790
"MEMORY_COPY","MEMORY_COPY_HOST_TO_DEVICE",2,"Agent 0","Agent 1",1376038,3354397752526,3354397757886
"MEMORY_COPY","MEMORY_COPY_HOST_TO_DEVICE",2,"Agent 0","Agent 1",1376042,3354397774206,3354397779206
"MEMORY_COPY","MEMORY_COPY_HOST_TO_DEVICE",2,"Agent 0","Agent 1",1376058,3354397878946,3354397889786
"MEMORY_COPY","MEMORY_COPY_DEVICE_TO_HOST",5,"Agent 1","Agent 0",1376168,3354400588747,3354400592947
"MEMORY_COPY","MEMORY_COPY_DEVICE_TO_HOST",5,"Agent 1","Agent 0",1376169,3354400597067,3354400650587
"MEMORY_COPY","MEMORY_COPY_HOST_TO_DEVICE",2,"Agent 0","Agent 1",1376180,3354401285440,3354401290720
"MEMORY_COPY","MEMORY_COPY_HOST_TO_DEVICE",2,"Agent 0","Agent 1",1376184,3354401303850,3354401308930
"MEMORY_COPY","MEMORY_COPY_HOST_TO_DEVICE",2,"Agent 0","Agent 1",1376200,3354401413670,3354401424510
"MEMORY_COPY","MEMORY_COPY_DEVICE_TO_HOST",5,"Agent 1","Agent 0",1376315,3354404864134,3354404868374
"MEMORY_COPY","MEMORY_COPY_DEVICE_TO_HOST",5,"Agent 1","Agent 0",1376316,3354404872694,3354404926174
"MEMORY_COPY","MEMORY_COPY_HOST_TO_DEVICE",2,"Agent 0","Agent 1",1376327,3354405454086,3354405459366
"MEMORY_COPY","MEMORY_COPY_HOST_TO_DEVICE",2,"Agent 0","Agent 1",1376331,3354405472796,3354405477836
"MEMORY_COPY","MEMORY_COPY_HOST_TO_DEVICE",2,"Agent 0","Agent 1",1376347,3354405646467,3354405657267
"MEMORY_COPY","MEMORY_COPY_DEVICE_TO_HOST",5,"Agent 1","Agent 0",1376355,3354408332227,3354408336667
"MEMORY_COPY","MEMORY_COPY_DEVICE_TO_HOST",5,"Agent 1","Agent 0",1376356,3354408340267,3354408393548
"MEMORY_COPY","MEMORY_COPY_HOST_TO_DEVICE",2,"Agent 0","Agent 1",1376367,3354408704979,3354408710219
"MEMORY_COPY","MEMORY_COPY_HOST_TO_DEVICE",2,"Agent 0","Agent 1",1376371,3354408753649,3354408758689
"MEMORY_COPY","MEMORY_COPY_HOST_TO_DEVICE",2,"Agent 0","Agent 1",1376387,3354408862280,3354408872960
"MEMORY_COPY","MEMORY_COPY_DEVICE_TO_HOST",5,"Agent 1","Agent 0",1376395,3354411563590,3354411567870
"MEMORY_COPY","MEMORY_COPY_DEVICE_TO_HOST",5,"Agent 1","Agent 0",1376396,3354411571430,3354411640631
"MEMORY_COPY","MEMORY_COPY_HOST_TO_DEVICE",2,"Agent 0","Agent 1",1376407,3354413645138,3354413653899
"MEMORY_COPY","MEMORY_COPY_HOST_TO_DEVICE",2,"Agent 0","Agent 1",1376422,3354413735919,3354413753679
"MEMORY_COPY","MEMORY_COPY_HOST_TO_DEVICE",2,"Agent 0","Agent 1",1376438,3354413852159,3354413883959
"MEMORY_COPY","MEMORY_COPY_DEVICE_TO_HOST",5,"Agent 1","Agent 0",1383752,3354511248935,3354511413176
"MEMORY_COPY","MEMORY_COPY_DEVICE_TO_HOST",5,"Agent 1","Agent 0",1383753,3354511423976,3354511430256
"MEMORY_COPY","MEMORY_COPY_HOST_TO_DEVICE",2,"Agent 0","Agent 1",1383759,3354512276490,3354512285210
"MEMORY_COPY","MEMORY_COPY_HOST_TO_DEVICE",2,"Agent 0","Agent 1",1383763,3354512304890,3354512314250
"MEMORY_COPY","MEMORY_COPY_HOST_TO_DEVICE",2,"Agent 0","Agent 1",1383779,3354512433710,3354512468310
"MEMORY_COPY","MEMORY_COPY_HOST_TO_DEVICE",2,"Agent 0","Agent 1",1383924,3354515473362,3354515478642
"MEMORY_COPY","MEMORY_COPY_HOST_TO_DEVICE",2,"Agent 0","Agent 1",1383928,3354515496442,3354515501642
"MEMORY_COPY","MEMORY_COPY_HOST_TO_DEVICE",2,"Agent 0","Agent 1",1383944,3354515604463,3354515615063
"MEMORY_COPY","MEMORY_COPY_DEVICE_TO_HOST",5,"Agent 1","Agent 0",1384054,3354518355374,3354518359534
"MEMORY_COPY","MEMORY_COPY_DEVICE_TO_HOST",5,"Agent 1","Agent 0",1384055,3354518363654,3354518416854
"MEMORY_COPY","MEMORY_COPY_HOST_TO_DEVICE",2,"Agent 0","Agent 1",1384066,3354519014406,3354519019606
"MEMORY_COPY","MEMORY_COPY_HOST_TO_DEVICE",2,"Agent 0","Agent 1",1384070,3354519037116,3354519042156
"MEMORY_COPY","MEMORY_COPY_HOST_TO_DEVICE",2,"Agent 0","Agent 1",1384086,3354519149327,3354519159967
"MEMORY_COPY","MEMORY_COPY_DEVICE_TO_HOST",5,"Agent 1","Agent 0",1384201,3354522638051,3354522642411
"MEMORY_COPY","MEMORY_COPY_DEVICE_TO_HOST",5,"Agent 1","Agent 0",1384202,3354522646771,3354522707411
"MEMORY_COPY","MEMORY_COPY_HOST_TO_DEVICE",2,"Agent 0","Agent 1",1384213,3354523042962,3354523048282
"MEMORY_COPY","MEMORY_COPY_HOST_TO_DEVICE",2,"Agent 0","Agent 1",1384217,3354523061052,3354523066332
"MEMORY_COPY","MEMORY_COPY_HOST_TO_DEVICE",2,"Agent 0","Agent 1",1384233,3354523171453,3354523183373
"MEMORY_COPY","MEMORY_COPY_DEVICE_TO_HOST",5,"Agent 1","Agent 0",1384241,3354525847453,3354525851773
"MEMORY_COPY","MEMORY_COPY_DEVICE_TO_HOST",5,"Agent 1","Agent 0",1384242,3354525856133,3354525909374
"MEMORY_COPY","MEMORY_COPY_HOST_TO_DEVICE",2,"Agent 0","Agent 1",1384253,3354526439026,3354526444186
"MEMORY_COPY","MEMORY_COPY_HOST_TO_DEVICE",2,"Agent 0","Agent 1",1384257,3354526459356,3354526464436
"MEMORY_COPY","MEMORY_COPY_HOST_TO_DEVICE",2,"Agent 0","Agent 1",1384273,3354526565076,3354526575756
"MEMORY_COPY","MEMORY_COPY_DEVICE_TO_HOST",5,"Agent 1","Agent 0",1384281,3354529237017,3354529241257
"MEMORY_COPY","MEMORY_COPY_DEVICE_TO_HOST",5,"Agent 1","Agent 0",1384282,3354529245617,3354529301617
"MEMORY_COPY","MEMORY_COPY_HOST_TO_DEVICE",2,"Agent 0","Agent 1",1384293,3354529972900,3354529981620
"MEMORY_COPY","MEMORY_COPY_HOST_TO_DEVICE",2,"Agent 0","Agent 1",1384308,3354530064300,3354530084180
"MEMORY_COPY","MEMORY_COPY_HOST_TO_DEVICE",2,"Agent 0","Agent 1",1384324,3354530188440,3354530222561
"MEMORY_COPY","MEMORY_COPY_DEVICE_TO_HOST",5,"Agent 1","Agent 0",1391643,3354643841278,3354643988718
"MEMORY_COPY","MEMORY_COPY_DEVICE_TO_HOST",5,"Agent 1","Agent 0",1391644,3354643998199,3354644004599
"MEMORY_COPY","MEMORY_COPY_HOST_TO_DEVICE",2,"Agent 0","Agent 1",1391650,3354644609021,3354644617781
"MEMORY_COPY","MEMORY_COPY_HOST_TO_DEVICE",2,"Agent 0","Agent 1",1391654,3354644682941,3354644691821
"MEMORY_COPY","MEMORY_COPY_HOST_TO_DEVICE",2,"Agent 0","Agent 1",1391670,3354644804782,3354644838822
"MEMORY_COPY","MEMORY_COPY_HOST_TO_DEVICE",2,"Agent 0","Agent 1",1391815,3354646945050,3354646950410
"MEMORY_COPY","MEMORY_COPY_HOST_TO_DEVICE",2,"Agent 0","Agent 1",1391819,3354646971960,3354646977160
"MEMORY_COPY","MEMORY_COPY_HOST_TO_DEVICE",2,"Agent 0","Agent 1",1391835,3354647083901,3354647094781
"MEMORY_COPY","MEMORY_COPY_DEVICE_TO_HOST",5,"Agent 1","Agent 0",1391945,3354649842389,3354649846549
"MEMORY_COPY","MEMORY_COPY_DEVICE_TO_HOST",5,"Agent 1","Agent 0",1391946,3354649850712,3354649904392
"MEMORY_COPY","MEMORY_COPY_HOST_TO_DEVICE",2,"Agent 0","Agent 1",1391957,3354650587655,3354650593015
"MEMORY_COPY","MEMORY_COPY_HOST_TO_DEVICE",2,"Agent 0","Agent 1",1391961,3354650606565,3354650611565
"MEMORY_COPY","MEMORY_COPY_HOST_TO_DEVICE",2,"Agent 0","Agent 1",1391977,3354650716565,3354650727245
"MEMORY_COPY","MEMORY_COPY_DEVICE_TO_HOST",5,"Agent 1","Agent 0",1392092,3354654048418,3354654052858
"MEMORY_COPY","MEMORY_COPY_DEVICE_TO_HOST",5,"Agent 1","Agent 0",1392093,3354654059738,3354654113699
"MEMORY_COPY","MEMORY_COPY_HOST_TO_DEVICE",2,"Agent 0","Agent 1",1392104,3354654428390,3354654433590
"MEMORY_COPY","MEMORY_COPY_HOST_TO_DEVICE",2,"Agent 0","Agent 1",1392108,3354654446380,3354654451420
"MEMORY_COPY","MEMORY_COPY_HOST_TO_DEVICE",2,"Agent 0","Agent 1",1392124,3354654555120,3354654566240
"MEMORY_COPY","MEMORY_COPY_DEVICE_TO_HOST",5,"Agent 1","Agent 0",1392132,3354657215501,3354657219821
"MEMORY_COPY","MEMORY_COPY_DEVICE_TO_HOST",5,"Agent 1","Agent 0",1392133,3354657224141,3354657278341
"MEMORY_COPY","MEMORY_COPY_HOST_TO_DEVICE",2,"Agent 0","Agent 1",1392144,3354657612162,3354657617562
"MEMORY_COPY","MEMORY_COPY_HOST_TO_DEVICE",2,"Agent 0","Agent 1",1392148,3354657630502,3354657635662
"MEMORY_COPY","MEMORY_COPY_HOST_TO_DEVICE",2,"Agent 0","Agent 1",1392164,3354657737933,3354657748653
"MEMORY_COPY","MEMORY_COPY_DEVICE_TO_HOST",5,"Agent 1","Agent 0",1392172,3354660462064,3354660466624
"MEMORY_COPY","MEMORY_COPY_DEVICE_TO_HOST",5,"Agent 1","Agent 0",1392173,3354660474384,3354660548984
"MEMORY_COPY","MEMORY_COPY_HOST_TO_DEVICE",2,"Agent 0","Agent 1",1392184,3354662576652,3354662586372
"MEMORY_COPY","MEMORY_COPY_HOST_TO_DEVICE",2,"Agent 0","Agent 1",1392199,3354662669962,3354662687922
"MEMORY_COPY","MEMORY_COPY_HOST_TO_DEVICE",2,"Agent 0","Agent 1",1392215,3354662787143,3354662826023
"MEMORY_COPY","MEMORY_COPY_DEVICE_TO_HOST",5,"Agent 1","Agent 0",1399529,3354772764251,3354772963691
"MEMORY_COPY","MEMORY_COPY_DEVICE_TO_HOST",5,"Agent 1","Agent 0",1399530,3354772974452,3354772981492
"MEMORY_COPY","MEMORY_COPY_HOST_TO_DEVICE",2,"Agent 0","Agent 1",1399536,3354773856285,3354773866205
"MEMORY_COPY","MEMORY_COPY_HOST_TO_DEVICE",2,"Agent 0","Agent 1",1399540,3354773886155,3354773895795
"MEMORY_COPY","MEMORY_COPY_HOST_TO_DEVICE",2,"Agent 0","Agent 1",1399556,3354774019846,3354774060726
"MEMORY_COPY","MEMORY_COPY_HOST_TO_DEVICE",2,"Agent 0","Agent 1",1399708,3354776861467,3354776866587
"MEMORY_COPY","MEMORY_COPY_HOST_TO_DEVICE",2,"Agent 0","Agent 1",1399712,3354776885037,3354776890117
"MEMORY_COPY","MEMORY_COPY_HOST_TO_DEVICE",2,"Agent 0","Agent 1",1399728,3354776994277,3354777005477
"MEMORY_COPY","MEMORY_COPY_DEVICE_TO_HOST",5,"Agent 1","Agent 0",1399838,3354779775018,3354779779138
"MEMORY_COPY","MEMORY_COPY_DEVICE_TO_HOST",5,"Agent 1","Agent 0",1399839,3354779787538,3354779856339
"MEMORY_COPY","MEMORY_COPY_HOST_TO_DEVICE",2,"Agent 0","Agent 1",1399850,3354780559392,3354780564672
"MEMORY_COPY","MEMORY_COPY_HOST_TO_DEVICE",2,"Agent 0","Agent 1",1399854,3354780578712,3354780583912
"MEMORY_COPY","MEMORY_COPY_HOST_TO_DEVICE",2,"Agent 0","Agent 1",1399870,3354780691542,3354780702662
"MEMORY_COPY","MEMORY_COPY_DEVICE_TO_HOST",5,"Agent 1","Agent 0",1399985,3354784144816,3354784149016
"MEMORY_COPY","MEMORY_COPY_DEVICE_TO_HOST",5,"Agent 1","Agent 0",1399986,3354784155056,3354784215016
"MEMORY_COPY","MEMORY_COPY_HOST_TO_DEVICE",2,"Agent 0","Agent 1",1399997,3354784735928,3354784741248
"MEMORY_COPY","MEMORY_COPY_HOST_TO_DEVICE",2,"Agent 0","Agent 1",1400001,3354784793528,3354784799088
"MEMORY_COPY","MEMORY_COPY_HOST_TO_DEVICE",2,"Agent 0","Agent 1",1400017,3354784933529,3354784946209
"MEMORY_COPY","MEMORY_COPY_DEVICE_TO_HOST",5,"Agent 1","Agent 0",1400025,3354787664540,3354787668820
"MEMORY_COPY","MEMORY_COPY_DEVICE_TO_HOST",5,"Agent 1","Agent 0",1400026,3354787675740,3354787735900
"MEMORY_COPY","MEMORY_COPY_HOST_TO_DEVICE",2,"Agent 0","Agent 1",1400037,3354788075941,3354788081101
"MEMORY_COPY","MEMORY_COPY_HOST_TO_DEVICE",2,"Agent 0","Agent 1",1400041,3354788093731,3354788099011
"MEMORY_COPY","MEMORY_COPY_HOST_TO_DEVICE",2,"Agent 0","Agent 1",1400057,3354788202512,3354788213912
"MEMORY_COPY","MEMORY_COPY_DEVICE_TO_HOST",5,"Agent 1","Agent 0",1400065,3354790926663,3354790930983
"MEMORY_COPY","MEMORY_COPY_DEVICE_TO_HOST",5,"Agent 1","Agent 0",1400066,3354790935303,3354790994983
"MEMORY_COPY","MEMORY_COPY_HOST_TO_DEVICE",2,"Agent 0","Agent 1",1400077,3354791648005,3354791659965
"MEMORY_COPY","MEMORY_COPY_HOST_TO_DEVICE",2,"Agent 0","Agent 1",1400092,3354791743296,3354791761896
"MEMORY_COPY","MEMORY_COPY_HOST_TO_DEVICE",2,"Agent 0","Agent 1",1400108,3354791860446,3354791901486
"MEMORY_COPY","MEMORY_COPY_DEVICE_TO_HOST",5,"Agent 1","Agent 0",1407430,3354944058312,3354944283233
"MEMORY_COPY","MEMORY_COPY_DEVICE_TO_HOST",5,"Agent 1","Agent 0",1407431,3354944375354,3354944382874
"MEMORY_COPY","MEMORY_COPY_HOST_TO_DEVICE",2,"Agent 0","Agent 1",1407437,3354945204987,3354945215867
"MEMORY_COPY","MEMORY_COPY_HOST_TO_DEVICE",2,"Agent 0","Agent 1",1407441,3354945239997,3354945250237
"MEMORY_COPY","MEMORY_COPY_HOST_TO_DEVICE",2,"Agent 0","Agent 1",1407457,3354945381288,3354945421728
"MEMORY_COPY","MEMORY_COPY_HOST_TO_DEVICE",2,"Agent 0","Agent 1",1407609,3354948217829,3354948223069
"MEMORY_COPY","MEMORY_COPY_HOST_TO_DEVICE",2,"Agent 0","Agent 1",1407613,3354948240679,3354948245799
"MEMORY_COPY","MEMORY_COPY_HOST_TO_DEVICE",2,"Agent 0","Agent 1",1407629,3354948353289,3354948364009
"MEMORY_COPY","MEMORY_COPY_DEVICE_TO_HOST",5,"Agent 1","Agent 0",1407739,3354951069220,3354951073420
"MEMORY_COPY","MEMORY_COPY_DEVICE_TO_HOST",5,"Agent 1","Agent 0",1407740,3354951077500,3354951131100
"MEMORY_COPY","MEMORY_COPY_HOST_TO_DEVICE",2,"Agent 0","Agent 1",1407751,3354951730793,3354951736073
"MEMORY_COPY","MEMORY_COPY_HOST_TO_DEVICE",2,"Agent 0","Agent 1",1407755,3354951749263,3354951754263
"MEMORY_COPY","MEMORY_COPY_HOST_TO_DEVICE",2,"Agent 0","Agent 1",1407771,3354951857523,3354951868443
"MEMORY_COPY","MEMORY_COPY_DEVICE_TO_HOST",5,"Agent 1","Agent 0",1407886,3354955200856,3354955205216
"MEMORY_COPY","MEMORY_COPY_DEVICE_TO_HOST",5,"Agent 1","Agent 0",1407887,3354955213856,3354955267257
"MEMORY_COPY","MEMORY_COPY_HOST_TO_DEVICE",2,"Agent 0","Agent 1",1407898,3354955581348,3354955586628
"MEMORY_COPY","MEMORY_COPY_HOST_TO_DEVICE",2,"Agent 0","Agent 1",1407902,3354955601508,3354955606788
"MEMORY_COPY","MEMORY_COPY_HOST_TO_DEVICE",2,"Agent 0","Agent 1",1407918,3354955709828,3354955720788
"MEMORY_COPY","MEMORY_COPY_DEVICE_TO_HOST",5,"Agent 1","Agent 0",1407926,3354958392309,3354958396509
"MEMORY_COPY","MEMORY_COPY_DEVICE_TO_HOST",5,"Agent 1","Agent 0",1407927,3354958463029,3354958534630
"MEMORY_COPY","MEMORY_COPY_HOST_TO_DEVICE",2,"Agent 0","Agent 1",1407938,3354958861351,3354958866831
"MEMORY_COPY","MEMORY_COPY_HOST_TO_DEVICE",2,"Agent 0","Agent 1",1407942,3354958879601,3354958884721
"MEMORY_COPY","MEMORY_COPY_HOST_TO_DEVICE",2,"Agent 0","Agent 1",1407958,3354958988061,3354958998821
"MEMORY_COPY","MEMORY_COPY_DEVICE_TO_HOST",5,"Agent 1","Agent 0",1407966,3354961701122,3354961705522
"MEMORY_COPY","MEMORY_COPY_DEVICE_TO_HOST",5,"Agent 1","Agent 0",1407967,3354961712402,3354961768162
"MEMORY_COPY","MEMORY_COPY_HOST_TO_DEVICE",2,"Agent 0","Agent 1",1407978,3354962453295,3354962463575
"MEMORY_COPY","MEMORY_COPY_HOST_TO_DEVICE",2,"Agent 0","Agent 1",1407993,3354962544195,3354962561916
"MEMORY_COPY","MEMORY_COPY_HOST_TO_DEVICE",2,"Agent 0","Agent 1",1408009,3354962701706,3354962740826
"MEMORY_COPY","MEMORY_COPY_DEVICE_TO_HOST",5,"Agent 1","Agent 0",1408017,3355070098978,3355070276339
"MEMORY_COPY","MEMORY_COPY_DEVICE_TO_HOST",5,"Agent 1","Agent 0",1408018,3355070291059,3355070298139
"MEMORY_COPY","MEMORY_COPY_HOST_TO_DEVICE",2,"Agent 0","Agent 1",1408024,3355070956252,3355070966412
"MEMORY_COPY","MEMORY_COPY_HOST_TO_DEVICE",2,"Agent 0","Agent 1",1408028,3355070986002,3355070995602
"MEMORY_COPY","MEMORY_COPY_HOST_TO_DEVICE",2,"Agent 0","Agent 1",1408044,3355071119802,3355071157442
"MEMORY_COPY","MEMORY_COPY_HOST_TO_DEVICE",2,"Agent 0","Agent 1",1408196,3355074053924,3355074059284
"MEMORY_COPY","MEMORY_COPY_HOST_TO_DEVICE",2,"Agent 0","Agent 1",1408200,3355074077344,3355074082904
"MEMORY_COPY","MEMORY_COPY_HOST_TO_DEVICE",2,"Agent 0","Agent 1",1408216,3355074194035,3355074205635
"MEMORY_COPY","MEMORY_COPY_DEVICE_TO_HOST",5,"Agent 1","Agent 0",1408326,3355077003546,3355077007626
"MEMORY_COPY","MEMORY_COPY_DEVICE_TO_HOST",5,"Agent 1","Agent 0",1408327,3355077016146,3355077075946
"MEMORY_COPY","MEMORY_COPY_HOST_TO_DEVICE",2,"Agent 0","Agent 1",1408338,3355077787759,3355077793159
"MEMORY_COPY","MEMORY_COPY_HOST_TO_DEVICE",2,"Agent 0","Agent 1",1408342,3355077807499,3355077812659
"MEMORY_COPY","MEMORY_COPY_HOST_TO_DEVICE",2,"Agent 0","Agent 1",1408358,3355077932289,3355077944529
"MEMORY_COPY","MEMORY_COPY_DEVICE_TO_HOST",5,"Agent 1","Agent 0",1408473,3355081512603,3355081516803
"MEMORY_COPY","MEMORY_COPY_DEVICE_TO_HOST",5,"Agent 1","Agent 0",1408474,3355081521204,3355081582684
"MEMORY_COPY","MEMORY_COPY_HOST_TO_DEVICE",2,"Agent 0","Agent 1",1408485,3355082148536,3355082153936
"MEMORY_COPY","MEMORY_COPY_HOST_TO_DEVICE",2,"Agent 0","Agent 1",1408489,3355082166996,3355082172076
"MEMORY_COPY","MEMORY_COPY_HOST_TO_DEVICE",2,"Agent 0","Agent 1",1408505,3355082279737,3355082291257
"MEMORY_COPY","MEMORY_COPY_DEVICE_TO_HOST",5,"Agent 1","Agent 0",1408513,3355084951777,3355084956097
"MEMORY_COPY","MEMORY_COPY_DEVICE_TO_HOST",5,"Agent 1","Agent 0",1408514,3355084963857,3355085023817
"MEMORY_COPY","MEMORY_COPY_HOST_TO_DEVICE",2,"Agent 0","Agent 1",1408525,3355085372189,3355085377429
"MEMORY_COPY","MEMORY_COPY_HOST_TO_DEVICE",2,"Agent 0","Agent 1",1408529,3355085389899,3355085395219
"MEMORY_COPY","MEMORY_COPY_HOST_TO_DEVICE",2,"Agent 0","Agent 1",1408545,3355085499939,3355085511099
"MEMORY_COPY","MEMORY_COPY_DEVICE_TO_HOST",5,"Agent 1","Agent 0",1408553,3355088172280,3355088176480
"MEMORY_COPY","MEMORY_COPY_DEVICE_TO_HOST",5,"Agent 1","Agent 0",1408554,3355088180880,3355088234200
"MEMORY_COPY","MEMORY_COPY_HOST_TO_DEVICE",2,"Agent 0","Agent 1",1408565,3355090211518,3355090220318
"MEMORY_COPY","MEMORY_COPY_HOST_TO_DEVICE",2,"Agent 0","Agent 1",1408580,3355090301068,3355090319748
"MEMORY_COPY","MEMORY_COPY_HOST_TO_DEVICE",2,"Agent 0","Agent 1",1408596,3355090416219,3355090449299
"MEMORY_COPY","MEMORY_COPY_DEVICE_TO_HOST",5,"Agent 1","Agent 0",1415910,3355180538699,3355180681220
"MEMORY_COPY","MEMORY_COPY_DEVICE_TO_HOST",5,"Agent 1","Agent 0",1415911,3355180690260,3355180696740
"MEMORY_COPY","MEMORY_COPY_HOST_TO_DEVICE",2,"Agent 0","Agent 1",1415917,3355181422123,3355181430723
"MEMORY_COPY","MEMORY_COPY_HOST_TO_DEVICE",2,"Agent 0","Agent 1",1415921,3355181452123,3355181460603
"MEMORY_COPY","MEMORY_COPY_HOST_TO_DEVICE",2,"Agent 0","Agent 1",1415937,3355181570063,3355181600863
"MEMORY_COPY","MEMORY_COPY_HOST_TO_DEVICE",2,"Agent 0","Agent 1",1416082,3355183598061,3355183603421
"MEMORY_COPY","MEMORY_COPY_HOST_TO_DEVICE",2,"Agent 0","Agent 1",1416086,3355183620781,3355183625901
"MEMORY_COPY","MEMORY_COPY_HOST_TO_DEVICE",2,"Agent 0","Agent 1",1416102,3355183867022,3355183877942
"MEMORY_COPY","MEMORY_COPY_DEVICE_TO_HOST",5,"Agent 1","Agent 0",1416212,3355186598213,3355186602453
"MEMORY_COPY","MEMORY_COPY_DEVICE_TO_HOST",5,"Agent 1","Agent 0",1416213,3355186606613,3355186660053
"MEMORY_COPY","MEMORY_COPY_HOST_TO_DEVICE",2,"Agent 0","Agent 1",1416224,3355187282126,3355187287486
"MEMORY_COPY","MEMORY_COPY_HOST_TO_DEVICE",2,"Agent 0","Agent 1",1416228,3355187301346,3355187306626
"MEMORY_COPY","MEMORY_COPY_HOST_TO_DEVICE",2,"Agent 0","Agent 1",1416244,3355187408776,3355187419537
"MEMORY_COPY","MEMORY_COPY_DEVICE_TO_HOST",5,"Agent 1","Agent 0",1416359,3355190706460,3355190710820
"MEMORY_COPY","MEMORY_COPY_DEVICE_TO_HOST",5,"Agent 1","Agent 0",1416360,3355190717700,3355190787620
"MEMORY_COPY","MEMORY_COPY_HOST_TO_DEVICE",2,"Agent 0","Agent 1",1416371,3355191126491,3355191131771
"MEMORY_COPY","MEMORY_COPY_HOST_TO_DEVICE",2,"Agent 0","Agent 1",1416375,3355191144421,3355191149501
"MEMORY_COPY","MEMORY_COPY_HOST_TO_DEVICE",2,"Agent 0","Agent 1",1416391,3355191252612,3355191263492
"MEMORY_COPY","MEMORY_COPY_DEVICE_TO_HOST",5,"Agent 1","Agent 0",1416399,3355193924522,3355193928882
"MEMORY_COPY","MEMORY_COPY_DEVICE_TO_HOST",5,"Agent 1","Agent 0",1416400,3355193933242,3355193989483
"MEMORY_COPY","MEMORY_COPY_HOST_TO_DEVICE",2,"Agent 0","Agent 1",1416411,3355194332344,3355194337664
"MEMORY_COPY","MEMORY_COPY_HOST_TO_DEVICE",2,"Agent 0","Agent 1",1416415,3355194350144,3355194355504
"MEMORY_COPY","MEMORY_COPY_HOST_TO_DEVICE",2,"Agent 0","Agent 1",1416431,3355194458704,3355194469544
"MEMORY_COPY","MEMORY_COPY_DEVICE_TO_HOST",5,"Agent 1","Agent 0",1416439,3355197129135,3355197133415
"MEMORY_COPY","MEMORY_COPY_DEVICE_TO_HOST",5,"Agent 1","Agent 0",1416440,3355197140335,3355197197575
"MEMORY_COPY","MEMORY_COPY_HOST_TO_DEVICE",2,"Agent 0","Agent 1",1416451,3355199182283,3355199192043
"MEMORY_COPY","MEMORY_COPY_HOST_TO_DEVICE",2,"Agent 0","Agent 1",1416466,3355199291494,3355199309654
"MEMORY_COPY","MEMORY_COPY_HOST_TO_DEVICE",2,"Agent 0","Agent 1",1416482,3355199405584,3355199444584
"MEMORY_COPY","MEMORY_COPY_DEVICE_TO_HOST",5,"Agent 1","Agent 0",1423796,3355308816927,3355308994207
"MEMORY_COPY","MEMORY_COPY_DEVICE_TO_HOST",5,"Agent 1","Agent 0",1423797,3355309007447,3355309014647
"MEMORY_COPY","MEMORY_COPY_HOST_TO_DEVICE",2,"Agent 0","Agent 1",1423803,3355309926931,3355309936931
"MEMORY_COPY","MEMORY_COPY_HOST_TO_DEVICE",2,"Agent 0","Agent 1",1423807,3355309955051,3355309964531
"MEMORY_COPY","MEMORY_COPY_HOST_TO_DEVICE",2,"Agent 0","Agent 1",1423823,3355310076842,3355310114682
"MEMORY_COPY","MEMORY_COPY_HOST_TO_DEVICE",2,"Agent 0","Agent 1",1423975,3355313027243,3355313032403
"MEMORY_COPY","MEMORY_COPY_HOST_TO_DEVICE",2,"Agent 0","Agent 1",1423979,3355313049863,3355313055103
"MEMORY_COPY","MEMORY_COPY_HOST_TO_DEVICE",2,"Agent 0","Agent 1",1423995,3355313157994,3355313169554
"MEMORY_COPY","MEMORY_COPY_DEVICE_TO_HOST",5,"Agent 1","Agent 0",1424105,3355316018625,3355316022705
"MEMORY_COPY","MEMORY_COPY_DEVICE_TO_HOST",5,"Agent 1","Agent 0",1424106,3355316028545,3355316081585
"MEMORY_COPY","MEMORY_COPY_HOST_TO_DEVICE",2,"Agent 0","Agent 1",1424117,3355316683188,3355316688388
"MEMORY_COPY","MEMORY_COPY_HOST_TO_DEVICE",2,"Agent 0","Agent 1",1424121,3355316701568,3355316706608
"MEMORY_COPY","MEMORY_COPY_HOST_TO_DEVICE",2,"Agent 0","Agent 1",1424137,3355316810418,3355316821098
"MEMORY_COPY","MEMORY_COPY_DEVICE_TO_HOST",5,"Agent 1","Agent 0",1424252,3355320189862,3355320194382
"MEMORY_COPY","MEMORY_COPY_DEVICE_TO_HOST",5,"Agent 1","Agent 0",1424253,3355320220822,3355320274502
"MEMORY_COPY","MEMORY_COPY_HOST_TO_DEVICE",2,"Agent 0","Agent 1",1424264,3355320601543,3355320606863
"MEMORY_COPY","MEMORY_COPY_HOST_TO_DEVICE",2,"Agent 0","Agent 1",1424268,3355320619383,3355320624423
"MEMORY_COPY","MEMORY_COPY_HOST_TO_DEVICE",2,"Agent 0","Agent 1",1424284,3355320724494,3355320735374
"MEMORY_COPY","MEMORY_COPY_DEVICE_TO_HOST",5,"Agent 1","Agent 0",1424292,3355323391024,3355323395304
"MEMORY_COPY","MEMORY_COPY_DEVICE_TO_HOST",5,"Agent 1","Agent 0",1424293,3355323399664,3355323462465
"MEMORY_COPY","MEMORY_COPY_HOST_TO_DEVICE",2,"Agent 0","Agent 1",1424304,3355323784116,3355323789396
"MEMORY_COPY","MEMORY_COPY_HOST_TO_DEVICE",2,"Agent 0","Agent 1",1424308,3355323801326,3355323806366
"MEMORY_COPY","MEMORY_COPY_HOST_TO_DEVICE",2,"Agent 0","Agent 1",1424324,3355323909096,3355323920016
"MEMORY_COPY","MEMORY_COPY_DEVICE_TO_HOST",5,"Agent 1","Agent 0",1424332,3355326584997,3355326589397
"MEMORY_COPY","MEMORY_COPY_DEVICE_TO_HOST",5,"Agent 1","Agent 0",1424333,3355326593757,3355326647037
"MEMORY_COPY","MEMORY_COPY_HOST_TO_DEVICE",2,"Agent 0","Agent 1",1424344,3355327289020,3355327298660
"MEMORY_COPY","MEMORY_COPY_HOST_TO_DEVICE",2,"Agent 0","Agent 1",1424359,3355327381760,3355327401240
"MEMORY_COPY","MEMORY_COPY_HOST_TO_DEVICE",2,"Agent 0","Agent 1",1424375,3355327502081,3355327540721
"MEMORY_COPY","MEMORY_COPY_DEVICE_TO_HOST",5,"Agent 1","Agent 0",1431694,3355461911856,3355462089456
"MEMORY_COPY","MEMORY_COPY_DEVICE_TO_HOST",5,"Agent 1","Agent 0",1431695,3355462099776,3355462107096
"MEMORY_COPY","MEMORY_COPY_HOST_TO_DEVICE",2,"Agent 0","Agent 1",1431701,3355462726199,3355462736239
"MEMORY_COPY","MEMORY_COPY_HOST_TO_DEVICE",2,"Agent 0","Agent 1",1431705,3355462755929,3355462765449
"MEMORY_COPY","MEMORY_COPY_HOST_TO_DEVICE",2,"Agent 0","Agent 1",1431721,3355462879530,3355462917050
"MEMORY_COPY","MEMORY_COPY_HOST_TO_DEVICE",2,"Agent 0","Agent 1",1431873,3355465680081,3355465685201
"MEMORY_COPY","MEMORY_COPY_HOST_TO_DEVICE",2,"Agent 0","Agent 1",1431877,3355465703471,3355465708511
"MEMORY_COPY","MEMORY_COPY_HOST_TO_DEVICE",2,"Agent 0","Agent 1",1431893,3355465817911,3355465828951
"MEMORY_COPY","MEMORY_COPY_DEVICE_TO_HOST",5,"Agent 1","Agent 0",1432003,3355468552862,3355468557102
"MEMORY_COPY","MEMORY_COPY_DEVICE_TO_HOST",5,"Agent 1","Agent 0",1432004,3355468561342,3355468614542
"MEMORY_COPY","MEMORY_COPY_HOST_TO_DEVICE",2,"Agent 0","Agent 1",1432015,3355469218615,3355469223855
"MEMORY_COPY","MEMORY_COPY_HOST_TO_DEVICE",2,"Agent 0","Agent 1",1432019,3355469237515,3355469242595
"MEMORY_COPY","MEMORY_COPY_HOST_TO_DEVICE",2,"Agent 0","Agent 1",1432035,3355469387965,3355469398605
"MEMORY_COPY","MEMORY_COPY_DEVICE_TO_HOST",5,"Agent 1","Agent 0",1432150,3355472729829,3355472734189
"MEMORY_COPY","MEMORY_COPY_DEVICE_TO_HOST",5,"Agent 1","Agent 0",1432151,3355472742829,3355472800829
"MEMORY_COPY","MEMORY_COPY_HOST_TO_DEVICE",2,"Agent 0","Agent 1",1432162,3355473164370,3355473169570
"MEMORY_COPY","MEMORY_COPY_HOST_TO_DEVICE",2,"Agent 0","Agent 1",1432166,3355473275781,3355473281261
"MEMORY_COPY","MEMORY_COPY_HOST_TO_DEVICE",2,"Agent 0","Agent 1",1432182,3355473412011,3355473423411
"MEMORY_COPY","MEMORY_COPY_DEVICE_TO_HOST",5,"Agent 1","Agent 0",1432190,3355476107872,3355476112112
"MEMORY_COPY","MEMORY_COPY_DEVICE_TO_HOST",5,"Agent 1","Agent 0",1432191,3355476116512,3355476169752
"MEMORY_COPY","MEMORY_COPY_HOST_TO_DEVICE",2,"Agent 0","Agent 1",1432202,3355476699254,3355476704494
"MEMORY_COPY","MEMORY_COPY_HOST_TO_DEVICE",2,"Agent 0","Agent 1",1432206,3355476720054,3355476725054
"MEMORY_COPY","MEMORY_COPY_HOST_TO_DEVICE",2,"Agent 0","Agent 1",1432222,3355476825475,3355476836395
"MEMORY_COPY","MEMORY_COPY_DEVICE_TO_HOST",5,"Agent 1","Agent 0",1432230,3355479509985,3355479514385
"MEMORY_COPY","MEMORY_COPY_DEVICE_TO_HOST",5,"Agent 1","Agent 0",1432231,3355479519665,3355479573186
"MEMORY_COPY","MEMORY_COPY_HOST_TO_DEVICE",2,"Agent 0","Agent 1",1432242,3355480200978,3355480211218
"MEMORY_COPY","MEMORY_COPY_HOST_TO_DEVICE",2,"Agent 0","Agent 1",1432257,3355480310649,3355480328729
"MEMORY_COPY","MEMORY_COPY_HOST_TO_DEVICE",2,"Agent 0","Agent 1",1432273,3355480429409,3355480468289
"MEMORY_COPY","MEMORY_COPY_DEVICE_TO_HOST",5,"Agent 1","Agent 0",1432281,3355587819888,3355587997368
"MEMORY_COPY","MEMORY_COPY_DEVICE_TO_HOST",5,"Agent 1","Agent 0",1432282,3355588021168,3355588028329
"MEMORY_COPY","MEMORY_COPY_HOST_TO_DEVICE",2,"Agent 0","Agent 1",1432288,3355588642801,3355588652721
"MEMORY_COPY","MEMORY_COPY_HOST_TO_DEVICE",2,"Agent 0","Agent 1",1432292,3355588671421,3355588680941
"MEMORY_COPY","MEMORY_COPY_HOST_TO_DEVICE",2,"Agent 0","Agent 1",1432308,3355588793252,3355588830732
"MEMORY_COPY","MEMORY_COPY_HOST_TO_DEVICE",2,"Agent 0","Agent 1",1432460,3355591590063,3355591595303
"MEMORY_COPY","MEMORY_COPY_HOST_TO_DEVICE",2,"Agent 0","Agent 1",1432464,3355591616973,3355591622373
"MEMORY_COPY","MEMORY_COPY_HOST_TO_DEVICE",2,"Agent 0","Agent 1",1432480,3355591728013,3355591738693
"MEMORY_COPY","MEMORY_COPY_DEVICE_TO_HOST",5,"Agent 1","Agent 0",1432590,3355594487374,3355594491494
"MEMORY_COPY","MEMORY_COPY_DEVICE_TO_HOST",5,"Agent 1","Agent 0",1432591,3355594495694,3355594549014
"MEMORY_COPY","MEMORY_COPY_HOST_TO_DEVICE",2,"Agent 0","Agent 1",1432602,3355595168157,3355595173397
"MEMORY_COPY","MEMORY_COPY_HOST_TO_DEVICE",2,"Agent 0","Agent 1",1432606,3355595187057,3355595192137
"MEMORY_COPY","MEMORY_COPY_HOST_TO_DEVICE",2,"Agent 0","Agent 1",1432622,3355595303667,3355595314307
"MEMORY_COPY","MEMORY_COPY_DEVICE_TO_HOST",5,"Agent 1","Agent 0",1432737,3355598636371,3355598640651
"MEMORY_COPY","MEMORY_COPY_DEVICE_TO_HOST",5,"Agent 1","Agent 0",1432738,3355598649251,3355598715731
"MEMORY_COPY","MEMORY_COPY_HOST_TO_DEVICE",2,"Agent 0","Agent 1",1432749,3355599056342,3355599061702
"MEMORY_COPY","MEMORY_COPY_HOST_TO_DEVICE",2,"Agent 0","Agent 1",1432753,3355599125192,3355599130432
"MEMORY_COPY","MEMORY_COPY_HOST_TO_DEVICE",2,"Agent 0","Agent 1",1432769,3355599232153,3355599243033
"MEMORY_COPY","MEMORY_COPY_DEVICE_TO_HOST",5,"Agent 1","Agent 0",1432777,3355601889393,3355601893593
"MEMORY_COPY","MEMORY_COPY_DEVICE_TO_HOST",5,"Agent 1","Agent 0",1432778,3355601901313,3355601954554
"MEMORY_COPY","MEMORY_COPY_HOST_TO_DEVICE",2,"Agent 0","Agent 1",1432789,3355602263535,3355602268815
"MEMORY_COPY","MEMORY_COPY_HOST_TO_DEVICE",2,"Agent 0","Agent 1",1432793,3355602281275,3355602286355
"MEMORY_COPY","MEMORY_COPY_HOST_TO_DEVICE",2,"Agent 0","Agent 1",1432809,3355602388255,3355602399135
"MEMORY_COPY","MEMORY_COPY_DEVICE_TO_HOST",5,"Agent 1","Agent 0",1432817,3355605057436,3355605061756
"MEMORY_COPY","MEMORY_COPY_DEVICE_TO_HOST",5,"Agent 1","Agent 0",1432818,3355605069556,3355605122956
"MEMORY_COPY","MEMORY_COPY_HOST_TO_DEVICE",2,"Agent 0","Agent 1",1432829,3355605735939,3355605745579
"MEMORY_COPY","MEMORY_COPY_HOST_TO_DEVICE",2,"Agent 0","Agent 1",1432844,3355605828009,3355605846209
"MEMORY_COPY","MEMORY_COPY_HOST_TO_DEVICE",2,"Agent 0","Agent 1",1432860,3355605945179,3355605984460
"MEMORY_COPY","MEMORY_COPY_DEVICE_TO_HOST",5,"Agent 1","Agent 0",1432868,3355713266029,3355713445630
"MEMORY_COPY","MEMORY_COPY_DEVICE_TO_HOST",5,"Agent 1","Agent 0",1432869,3355713455150,3355713462190
"MEMORY_COPY","MEMORY_COPY_HOST_TO_DEVICE",2,"Agent 0","Agent 1",1432875,3355714081372,3355714091452
"MEMORY_COPY","MEMORY_COPY_HOST_TO_DEVICE",2,"Agent 0","Agent 1",1432879,3355714111962,3355714121922
"MEMORY_COPY","MEMORY_COPY_HOST_TO_DEVICE",2,"Agent 0","Agent 1",1432895,3355714240133,3355714277733
"MEMORY_COPY","MEMORY_COPY_HOST_TO_DEVICE",2,"Agent 0","Agent 1",1433047,3355717186175,3355717191335
"MEMORY_COPY","MEMORY_COPY_HOST_TO_DEVICE",2,"Agent 0","Agent 1",1433051,3355717211485,3355717216485
"MEMORY_COPY","MEMORY_COPY_HOST_TO_DEVICE",2,"Agent 0","Agent 1",1433067,3355717321705,3355717332345
"MEMORY_COPY","MEMORY_COPY_DEVICE_TO_HOST",5,"Agent 1","Agent 0",1433177,3355720028319,3355720032479
"MEMORY_COPY","MEMORY_COPY_DEVICE_TO_HOST",5,"Agent 1","Agent 0",1433178,3355720036546,3355720090026
"MEMORY_COPY","MEMORY_COPY_HOST_TO_DEVICE",2,"Agent 0","Agent 1",1433189,3355720730859,3355720736179
"MEMORY_COPY","MEMORY_COPY_HOST_TO_DEVICE",2,"Agent 0","Agent 1",1433193,3355720749199,3355720754639
"MEMORY_COPY","MEMORY_COPY_HOST_TO_DEVICE",2,"Agent 0","Agent 1",1433209,3355720860049,3355720871649
"MEMORY_COPY","MEMORY_COPY_DEVICE_TO_HOST",5,"Agent 1","Agent 0",1433324,3355724304713,3355724308953
"MEMORY_COPY","MEMORY_COPY_DEVICE_TO_HOST",5,"Agent 1","Agent 0",1433325,3355724316753,3355724370153
"MEMORY_COPY","MEMORY_COPY_HOST_TO_DEVICE",2,"Agent 0","Agent 1",1433336,3355724896785,3355724901985
"MEMORY_COPY","MEMORY_COPY_HOST_TO_DEVICE",2,"Agent 0","Agent 1",1433340,3355724915885,3355724921005
"MEMORY_COPY","MEMORY_COPY_HOST_TO_DEVICE",2,"Agent 0","Agent 1",1433356,3355725077866,3355725088666
"MEMORY_COPY","MEMORY_COPY_DEVICE_TO_HOST",5,"Agent 1","Agent 0",1433364,3355727757926,3355727762326
"MEMORY_COPY","MEMORY_COPY_DEVICE_TO_HOST",5,"Agent 1","Agent 0",1433365,3355727766726,3355727833967
"MEMORY_COPY","MEMORY_COPY_HOST_TO_DEVICE",2,"Agent 0","Agent 1",1433376,3355728180278,3355728185558
"MEMORY_COPY","MEMORY_COPY_HOST_TO_DEVICE",2,"Agent 0","Agent 1",1433380,3355728199138,3355728204418
"MEMORY_COPY","MEMORY_COPY_HOST_TO_DEVICE",2,"Agent 0","Agent 1",1433396,3355728315769,3355728330489
"MEMORY_COPY","MEMORY_COPY_DEVICE_TO_HOST",5,"Agent 1","Agent 0",1433404,3355731021479,3355731025719
"MEMORY_COPY","MEMORY_COPY_DEVICE_TO_HOST",5,"Agent 1","Agent 0",1433405,3355731033559,3355731095840
"MEMORY_COPY","MEMORY_COPY_HOST_TO_DEVICE",2,"Agent 0","Agent 1",1433416,3355731883443,3355731893203
"MEMORY_COPY","MEMORY_COPY_HOST_TO_DEVICE",2,"Agent 0","Agent 1",1433431,3355731975413,3355731998373
"MEMORY_COPY","MEMORY_COPY_HOST_TO_DEVICE",2,"Agent 0","Agent 1",1433447,3355732111564,3355732153044
"MEMORY_COPY","MEMORY_COPY_DEVICE_TO_HOST",5,"Agent 1","Agent 0",1433455,3355839488386,3355839666107
"MEMORY_COPY","MEMORY_COPY_DEVICE_TO_HOST",5,"Agent 1","Agent 0",1433456,3355839714627,3355839721747
"MEMORY_COPY","MEMORY_COPY_HOST_TO_DEVICE",2,"Agent 0","Agent 1",1433462,3355840389299,3355840399380
"MEMORY_COPY","MEMORY_COPY_HOST_TO_DEVICE",2,"Agent 0","Agent 1",1433466,3355840422050,3355840431530
"MEMORY_COPY","MEMORY_COPY_HOST_TO_DEVICE",2,"Agent 0","Agent 1",1433482,3355840549480,3355840587200
"MEMORY_COPY","MEMORY_COPY_HOST_TO_DEVICE",2,"Agent 0","Agent 1",1433634,3355843326401,3355843331681
"MEMORY_COPY","MEMORY_COPY_HOST_TO_DEVICE",2,"Agent 0","Agent 1",1433638,3355843352141,3355843357421
"MEMORY_COPY","MEMORY_COPY_HOST_TO_DEVICE",2,"Agent 0","Agent 1",1433654,3355843463292,3355843474132
"MEMORY_COPY","MEMORY_COPY_DEVICE_TO_HOST",5,"Agent 1","Agent 0",1433764,3355846178442,3355846182482
"MEMORY_COPY","MEMORY_COPY_DEVICE_TO_HOST",5,"Agent 1","Agent 0",1433765,3355846186642,3355846240283
"MEMORY_COPY","MEMORY_COPY_HOST_TO_DEVICE",2,"Agent 0","Agent 1",1433776,3355846846905,3355846852185
"MEMORY_COPY","MEMORY_COPY_HOST_TO_DEVICE",2,"Agent 0","Agent 1",1433780,3355846916265,3355846921505
"MEMORY_COPY","MEMORY_COPY_HOST_TO_DEVICE",2,"Agent 0","Agent 1",1433796,3355847026646,3355847037526
"MEMORY_COPY","MEMORY_COPY_DEVICE_TO_HOST",5,"Agent 1","Agent 0",1433911,3355850344739,3355850349019
"MEMORY_COPY","MEMORY_COPY_DEVICE_TO_HOST",5,"Agent 1","Agent 0",1433912,3355850353419,3355850406739
"MEMORY_COPY","MEMORY_COPY_HOST_TO_DEVICE",2,"Agent 0","Agent 1",1433923,3355850738690,3355850743971
"MEMORY_COPY","MEMORY_COPY_HOST_TO_DEVICE",2,"Agent 0","Agent 1",1433927,3355850757691,3355850762811
"MEMORY_COPY","MEMORY_COPY_HOST_TO_DEVICE",2,"Agent 0","Agent 1",1433943,3355850864711,3355850875551
"MEMORY_COPY","MEMORY_COPY_DEVICE_TO_HOST",5,"Agent 1","Agent 0",1433951,3355853537252,3355853541572
"MEMORY_COPY","MEMORY_COPY_DEVICE_TO_HOST",5,"Agent 1","Agent 0",1433952,3355853545052,3355853598812
"MEMORY_COPY","MEMORY_COPY_HOST_TO_DEVICE",2,"Agent 0","Agent 1",1433963,3355853908553,3355853913753
"MEMORY_COPY","MEMORY_COPY_HOST_TO_DEVICE",2,"Agent 0","Agent 1",1433967,3355853926383,3355853931543
"MEMORY_COPY","MEMORY_COPY_HOST_TO_DEVICE",2,"Agent 0","Agent 1",1433983,3355854033294,3355854043974
"MEMORY_COPY","MEMORY_COPY_DEVICE_TO_HOST",5,"Agent 1","Agent 0",1433991,3355856720864,3355856725184
"MEMORY_COPY","MEMORY_COPY_DEVICE_TO_HOST",5,"Agent 1","Agent 0",1433992,3355856729624,3355856811025
"MEMORY_COPY","MEMORY_COPY_HOST_TO_DEVICE",2,"Agent 0","Agent 1",1434003,3355857536747,3355857546507
"MEMORY_COPY","MEMORY_COPY_HOST_TO_DEVICE",2,"Agent 0","Agent 1",1434018,3355857627248,3355857646328
"MEMORY_COPY","MEMORY_COPY_HOST_TO_DEVICE",2,"Agent 0","Agent 1",1434034,3355857748518,3355857789038
"MEMORY_COPY","MEMORY_COPY_DEVICE_TO_HOST",5,"Agent 1","Agent 0",1434042,3355965001727,3355965180687
"MEMORY_COPY","MEMORY_COPY_DEVICE_TO_HOST",5,"Agent 1","Agent 0",1434043,3355965190940,3355965198140
"MEMORY_COPY","MEMORY_COPY_HOST_TO_DEVICE",2,"Agent 0","Agent 1",1434049,3355965822539,3355965832499
"MEMORY_COPY","MEMORY_COPY_HOST_TO_DEVICE",2,"Agent 0","Agent 1",1434053,3355965849129,3355965858689
"MEMORY_COPY","MEMORY_COPY_HOST_TO_DEVICE",2,"Agent 0","Agent 1",1434069,3355965970945,3355966010225
"MEMORY_COPY","MEMORY_COPY_HOST_TO_DEVICE",2,"Agent 0","Agent 1",1434221,3355968752629,3355968757789
"MEMORY_COPY","MEMORY_COPY_HOST_TO_DEVICE",2,"Agent 0","Agent 1",1434225,3355968777165,3355968782245
"MEMORY_COPY","MEMORY_COPY_HOST_TO_DEVICE",2,"Agent 0","Agent 1",1434241,3355968885240,3355968895960
"MEMORY_COPY","MEMORY_COPY_DEVICE_TO_HOST",5,"Agent 1","Agent 0",1434351,3355971612793,3355971616953
"MEMORY_COPY","MEMORY_COPY_DEVICE_TO_HOST",5,"Agent 1","Agent 0",1434352,3355971622391,3355971684631
"MEMORY_COPY","MEMORY_COPY_HOST_TO_DEVICE",2,"Agent 0","Agent 1",1434363,3355972330242,3355972335522
"MEMORY_COPY","MEMORY_COPY_HOST_TO_DEVICE",2,"Agent 0","Agent 1",1434367,3355972348576,3355972353656
"MEMORY_COPY","MEMORY_COPY_HOST_TO_DEVICE",2,"Agent 0","Agent 1",1434383,3355972457883,3355972468563
"MEMORY_COPY","MEMORY_COPY_DEVICE_TO_HOST",5,"Agent 1","Agent 0",1434498,3355975891702,3355975895982
"MEMORY_COPY","MEMORY_COPY_DEVICE_TO_HOST",5,"Agent 1","Agent 0",1434499,3355975904088,3355975957488
"MEMORY_COPY","MEMORY_COPY_HOST_TO_DEVICE",2,"Agent 0","Agent 1",1434510,3355976290468,3355976295708
"MEMORY_COPY","MEMORY_COPY_HOST_TO_DEVICE",2,"Agent 0","Agent 1",1434514,3355976308471,3355976313511
"MEMORY_COPY","MEMORY_COPY_HOST_TO_DEVICE",2,"Agent 0","Agent 1",1434530,3355976415865,3355976426745
"MEMORY_COPY","MEMORY_COPY_DEVICE_TO_HOST",5,"Agent 1","Agent 0",1434538,3355979077364,3355979081724
"MEMORY_COPY","MEMORY_COPY_DEVICE_TO_HOST",5,"Agent 1","Agent 0",1434539,3355979086363,3355979139563
"MEMORY_COPY","MEMORY_COPY_HOST_TO_DEVICE",2,"Agent 0","Agent 1",1434550,3355979442876,3355979448076
"MEMORY_COPY","MEMORY_COPY_HOST_TO_DEVICE",2,"Agent 0","Agent 1",1434554,3355979460200,3355979465600
"MEMORY_COPY","MEMORY_COPY_HOST_TO_DEVICE",2,"Agent 0","Agent 1",1434570,3355979629419,3355979640139
"MEMORY_COPY","MEMORY_COPY_DEVICE_TO_HOST",5,"Agent 1","Agent 0",1434578,3355982304304,3355982308744
"MEMORY_COPY","MEMORY_COPY_DEVICE_TO_HOST",5,"Agent 1","Agent 0",1434579,3355982315798,3355982369198
"MEMORY_COPY","MEMORY_COPY_HOST_TO_DEVICE",2,"Agent 0","Agent 1",1434590,3355983009687,3355983019447
"MEMORY_COPY","MEMORY_COPY_HOST_TO_DEVICE",2,"Agent 0","Agent 1",1434605,3355983100495,3355983118495
"MEMORY_COPY","MEMORY_COPY_HOST_TO_DEVICE",2,"Agent 0","Agent 1",1434621,3355983218898,3355983257738
"MEMORY_COPY","MEMORY_COPY_DEVICE_TO_HOST",5,"Agent 1","Agent 0",1434629,3356091231360,3356091409721
"MEMORY_COPY","MEMORY_COPY_DEVICE_TO_HOST",5,"Agent 1","Agent 0",1434630,3356091422081,3356091429241
"MEMORY_COPY","MEMORY_COPY_HOST_TO_DEVICE",2,"Agent 0","Agent 1",1434636,3356092061183,3356092071063
"MEMORY_COPY","MEMORY_COPY_HOST_TO_DEVICE",2,"Agent 0","Agent 1",1434640,3356092092404,3356092101924
"MEMORY_COPY","MEMORY_COPY_HOST_TO_DEVICE",2,"Agent 0","Agent 1",1434656,3356092354355,3356092392115
"MEMORY_COPY","MEMORY_COPY_HOST_TO_DEVICE",2,"Agent 0","Agent 1",1434808,3356095119666,3356095125026
"MEMORY_COPY","MEMORY_COPY_HOST_TO_DEVICE",2,"Agent 0","Agent 1",1434812,3356095145646,3356095150846
"MEMORY_COPY","MEMORY_COPY_HOST_TO_DEVICE",2,"Agent 0","Agent 1",1434828,3356095256526,3356095267406
"MEMORY_COPY","MEMORY_COPY_DEVICE_TO_HOST",5,"Agent 1","Agent 0",1434938,3356097965157,3356097969117
"MEMORY_COPY","MEMORY_COPY_DEVICE_TO_HOST",5,"Agent 1","Agent 0",1434939,3356097973277,3356098029717
"MEMORY_COPY","MEMORY_COPY_HOST_TO_DEVICE",2,"Agent 0","Agent 1",1434950,3356098638249,3356098643489
"MEMORY_COPY","MEMORY_COPY_HOST_TO_DEVICE",2,"Agent 0","Agent 1",1434954,3356098657480,3356098662480
"MEMORY_COPY","MEMORY_COPY_HOST_TO_DEVICE",2,"Agent 0","Agent 1",1434970,3356098773610,3356098784330
"MEMORY_COPY","MEMORY_COPY_DEVICE_TO_HOST",5,"Agent 1","Agent 0",1435085,3356102138559,3356102142679
"MEMORY_COPY","MEMORY_COPY_DEVICE_TO_HOST",5,"Agent 1","Agent 0",1435086,3356102149559,3356102202760
"MEMORY_COPY","MEMORY_COPY_HOST_TO_DEVICE",2,"Agent 0","Agent 1",1435097,3356102515121,3356102520361
"MEMORY_COPY","MEMORY_COPY_HOST_TO_DEVICE",2,"Agent 0","Agent 1",1435101,3356102532091,3356102537411
"MEMORY_COPY","MEMORY_COPY_HOST_TO_DEVICE",2,"Agent 0","Agent 1",1435117,3356102679912,3356102690752
"MEMORY_COPY","MEMORY_COPY_DEVICE_TO_HOST",5,"Agent 1","Agent 0",1435125,3356105355342,3356105359622
"MEMORY_COPY","MEMORY_COPY_DEVICE_TO_HOST",5,"Agent 1","Agent 0",1435126,3356105363942,3356105417462
"MEMORY_COPY","MEMORY_COPY_HOST_TO_DEVICE",2,"Agent 0","Agent 1",1435137,3356105753024,3356105758264
"MEMORY_COPY","MEMORY_COPY_HOST_TO_DEVICE",2,"Agent 0","Agent 1",1435141,3356105770754,3356105775994
"MEMORY_COPY","MEMORY_COPY_HOST_TO_DEVICE",2,"Agent 0","Agent 1",1435157,3356105877714,3356105888554
"MEMORY_COPY","MEMORY_COPY_DEVICE_TO_HOST",5,"Agent 1","Agent 0",1435165,3356108542405,3356108546765
"MEMORY_COPY","MEMORY_COPY_DEVICE_TO_HOST",5,"Agent 1","Agent 0",1435166,3356108553645,3356108607085
"MEMORY_COPY","MEMORY_COPY_HOST_TO_DEVICE",2,"Agent 0","Agent 1",1435177,3356109270048,3356109279808
"MEMORY_COPY","MEMORY_COPY_HOST_TO_DEVICE",2,"Agent 0","Agent 1",1435192,3356109358678,3356109376598
"MEMORY_COPY","MEMORY_COPY_HOST_TO_DEVICE",2,"Agent 0","Agent 1",1435208,3356109474179,3356109513339
"MEMORY_COPY","MEMORY_COPY_DEVICE_TO_HOST",5,"Agent 1","Agent 0",1435216,3356216723158,3356216901439
"MEMORY_COPY","MEMORY_COPY_DEVICE_TO_HOST",5,"Agent 1","Agent 0",1435217,3356216910999,3356216918159
"MEMORY_COPY","MEMORY_COPY_HOST_TO_DEVICE",2,"Agent 0","Agent 1",1435223,3356217515831,3356217525751
"MEMORY_COPY","MEMORY_COPY_HOST_TO_DEVICE",2,"Agent 0","Agent 1",1435227,3356217542311,3356217551871
"MEMORY_COPY","MEMORY_COPY_HOST_TO_DEVICE",2,"Agent 0","Agent 1",1435243,3356217661462,3356217701542
"MEMORY_COPY","MEMORY_COPY_HOST_TO_DEVICE",2,"Agent 0","Agent 1",1435395,3356220507793,3356220512953
"MEMORY_COPY","MEMORY_COPY_HOST_TO_DEVICE",2,"Agent 0","Agent 1",1435399,3356220531723,3356220536803
"MEMORY_COPY","MEMORY_COPY_HOST_TO_DEVICE",2,"Agent 0","Agent 1",1435415,3356220641464,3356220652184
"MEMORY_COPY","MEMORY_COPY_DEVICE_TO_HOST",5,"Agent 1","Agent 0",1435525,3356223334044,3356223338004
"MEMORY_COPY","MEMORY_COPY_DEVICE_TO_HOST",5,"Agent 1","Agent 0",1435526,3356223342244,3356223414165
"MEMORY_COPY","MEMORY_COPY_HOST_TO_DEVICE",2,"Agent 0","Agent 1",1435537,3356224059607,3356224064767
"MEMORY_COPY","MEMORY_COPY_HOST_TO_DEVICE",2,"Agent 0","Agent 1",1435541,3356224078987,3356224084027
"MEMORY_COPY","MEMORY_COPY_HOST_TO_DEVICE",2,"Agent 0","Agent 1",1435557,3356224187758,3356224198398
"MEMORY_COPY","MEMORY_COPY_DEVICE_TO_HOST",5,"Agent 1","Agent 0",1435672,3356227493721,3356227497921
"MEMORY_COPY","MEMORY_COPY_DEVICE_TO_HOST",5,"Agent 1","Agent 0",1435673,3356227504841,3356227564081
"MEMORY_COPY","MEMORY_COPY_HOST_TO_DEVICE",2,"Agent 0","Agent 1",1435684,3356227896452,3356227901652
"MEMORY_COPY","MEMORY_COPY_HOST_TO_DEVICE",2,"Agent 0","Agent 1",1435688,3356227914202,3356227919482
"MEMORY_COPY","MEMORY_COPY_HOST_TO_DEVICE",2,"Agent 0","Agent 1",1435704,3356228090583,3356228101423
"MEMORY_COPY","MEMORY_COPY_DEVICE_TO_HOST",5,"Agent 1","Agent 0",1435712,3356230754554,3356230758914
"MEMORY_COPY","MEMORY_COPY_DEVICE_TO_HOST",5,"Agent 1","Agent 0",1435713,3356230763234,3356230816474
"MEMORY_COPY","MEMORY_COPY_HOST_TO_DEVICE",2,"Agent 0","Agent 1",1435724,3356231125495,3356231130735
"MEMORY_COPY","MEMORY_COPY_HOST_TO_DEVICE",2,"Agent 0","Agent 1",1435728,3356231142735,3356231147735
"MEMORY_COPY","MEMORY_COPY_HOST_TO_DEVICE",2,"Agent 0","Agent 1",1435744,3356231247396,3356231258116
"MEMORY_COPY","MEMORY_COPY_DEVICE_TO_HOST",5,"Agent 1","Agent 0",1435752,3356233918016,3356233922336
"MEMORY_COPY","MEMORY_COPY_DEVICE_TO_HOST",5,"Agent 1","Agent 0",1435753,3356233929256,3356233994017
"MEMORY_COPY","MEMORY_COPY_HOST_TO_DEVICE",2,"Agent 0","Agent 1",1435764,3356234656979,3356234666779
"MEMORY_COPY","MEMORY_COPY_HOST_TO_DEVICE",2,"Agent 0","Agent 1",1435779,3356234744440,3356234763520
"MEMORY_COPY","MEMORY_COPY_HOST_TO_DEVICE",2,"Agent 0","Agent 1",1435795,3356234866270,3356234906910
"MEMORY_COPY","MEMORY_COPY_DEVICE_TO_HOST",5,"Agent 1","Agent 0",1435803,3356343401389,3356343579190
"MEMORY_COPY","MEMORY_COPY_DEVICE_TO_HOST",5,"Agent 1","Agent 0",1435804,3356343589550,3356343596990
"MEMORY_COPY","MEMORY_COPY_HOST_TO_DEVICE",2,"Agent 0","Agent 1",1435810,3356344283992,3356344294153
"MEMORY_COPY","MEMORY_COPY_HOST_TO_DEVICE",2,"Agent 0","Agent 1",1435814,3356344312683,3356344343883
"MEMORY_COPY","MEMORY_COPY_HOST_TO_DEVICE",2,"Agent 0","Agent 1",1435830,3356344458633,3356344502273
"MEMORY_COPY","MEMORY_COPY_HOST_TO_DEVICE",2,"Agent 0","Agent 1",1435982,3356347230374,3356347235694
"MEMORY_COPY","MEMORY_COPY_HOST_TO_DEVICE",2,"Agent 0","Agent 1",1435986,3356347286404,3356347291684
"MEMORY_COPY","MEMORY_COPY_HOST_TO_DEVICE",2,"Agent 0","Agent 1",1436002,3356347396225,3356347406865
"MEMORY_COPY","MEMORY_COPY_DEVICE_TO_HOST",5,"Agent 1","Agent 0",1436112,3356350132186,3356350136306
"MEMORY_COPY","MEMORY_COPY_DEVICE_TO_HOST",5,"Agent 1","Agent 0",1436113,3356350140386,3356350208346
"MEMORY_COPY","MEMORY_COPY_HOST_TO_DEVICE",2,"Agent 0","Agent 1",1436124,3356350764618,3356350770138
"MEMORY_COPY","MEMORY_COPY_HOST_TO_DEVICE",2,"Agent 0","Agent 1",1436128,3356350781938,3356350788738
"MEMORY_COPY","MEMORY_COPY_HOST_TO_DEVICE",2,"Agent 0","Agent 1",1436144,3356350890939,3356350902179
"MEMORY_COPY","MEMORY_COPY_DEVICE_TO_HOST",5,"Agent 1","Agent 0",1436259,3356354244412,3356354248732
"MEMORY_COPY","MEMORY_COPY_DEVICE_TO_HOST",5,"Agent 1","Agent 0",1436260,3356354262852,3356354356292
"MEMORY_COPY","MEMORY_COPY_HOST_TO_DEVICE",2,"Agent 0","Agent 1",1436271,3356354886095,3356354891455
"MEMORY_COPY","MEMORY_COPY_HOST_TO_DEVICE",2,"Agent 0","Agent 1",1436275,3356354904265,3356354909465
"MEMORY_COPY","MEMORY_COPY_HOST_TO_DEVICE",2,"Agent 0","Agent 1",1436291,3356355016895,3356355028495
"MEMORY_COPY","MEMORY_COPY_DEVICE_TO_HOST",5,"Agent 1","Agent 0",1436299,3356357745476,3356357750796
"MEMORY_COPY","MEMORY_COPY_DEVICE_TO_HOST",5,"Agent 1","Agent 0",1436300,3356357755196,3356357818316
"MEMORY_COPY","MEMORY_COPY_HOST_TO_DEVICE",2,"Agent 0","Agent 1",1436311,3356358346908,3356358352068
"MEMORY_COPY","MEMORY_COPY_HOST_TO_DEVICE",2,"Agent 0","Agent 1",1436315,3356358364428,3356358369548
"MEMORY_COPY","MEMORY_COPY_HOST_TO_DEVICE",2,"Agent 0","Agent 1",1436331,3356358470849,3356358482089
"MEMORY_COPY","MEMORY_COPY_DEVICE_TO_HOST",5,"Agent 1","Agent 0",1436339,3356361183089,3356361187369
"MEMORY_COPY","MEMORY_COPY_DEVICE_TO_HOST",5,"Agent 1","Agent 0",1436340,3356361190889,3356361255530
"MEMORY_COPY","MEMORY_COPY_HOST_TO_DEVICE",2,"Agent 0","Agent 1",1436351,3356361895732,3356361905412
"MEMORY_COPY","MEMORY_COPY_HOST_TO_DEVICE",2,"Agent 0","Agent 1",1436366,3356361982623,3356362000903
"MEMORY_COPY","MEMORY_COPY_HOST_TO_DEVICE",2,"Agent 0","Agent 1",1436382,3356362102433,3356362141233
"MEMORY_COPY","MEMORY_COPY_DEVICE_TO_HOST",5,"Agent 1","Agent 0",1436390,3356470935519,3356471114160
"MEMORY_COPY","MEMORY_COPY_DEVICE_TO_HOST",5,"Agent 1","Agent 0",1436391,3356471126160,3356471133400
"MEMORY_COPY","MEMORY_COPY_HOST_TO_DEVICE",2,"Agent 0","Agent 1",1436397,3356471766113,3356471776073
"MEMORY_COPY","MEMORY_COPY_HOST_TO_DEVICE",2,"Agent 0","Agent 1",1436401,3356471797803,3356471808283
"MEMORY_COPY","MEMORY_COPY_HOST_TO_DEVICE",2,"Agent 0","Agent 1",1436417,3356472090724,3356472130964
"MEMORY_COPY","MEMORY_COPY_HOST_TO_DEVICE",2,"Agent 0","Agent 1",1436569,3356474955475,3356474960635
"MEMORY_COPY","MEMORY_COPY_HOST_TO_DEVICE",2,"Agent 0","Agent 1",1436573,3356474978495,3356474983575
"MEMORY_COPY","MEMORY_COPY_HOST_TO_DEVICE",2,"Agent 0","Agent 1",1436589,3356475087116,3356475098636
"MEMORY_COPY","MEMORY_COPY_DEVICE_TO_HOST",5,"Agent 1","Agent 0",1436699,3356477974297,3356477978577
"MEMORY_COPY","MEMORY_COPY_DEVICE_TO_HOST",5,"Agent 1","Agent 0",1436700,3356478075658,3356478135458
"MEMORY_COPY","MEMORY_COPY_HOST_TO_DEVICE",2,"Agent 0","Agent 1",1436711,3356478751990,3356478757190
"MEMORY_COPY","MEMORY_COPY_HOST_TO_DEVICE",2,"Agent 0","Agent 1",1436715,3356478770370,3356478775610
"MEMORY_COPY","MEMORY_COPY_HOST_TO_DEVICE",2,"Agent 0","Agent 1",1436731,3356478879111,3356478890391
"MEMORY_COPY","MEMORY_COPY_DEVICE_TO_HOST",5,"Agent 1","Agent 0",1436846,3356482380915,3356482385195
"MEMORY_COPY","MEMORY_COPY_DEVICE_TO_HOST",5,"Agent 1","Agent 0",1436847,3356482389675,3356482460275
"MEMORY_COPY","MEMORY_COPY_HOST_TO_DEVICE",2,"Agent 0","Agent 1",1436858,3356482797546,3356482802706
"MEMORY_COPY","MEMORY_COPY_HOST_TO_DEVICE",2,"Agent 0","Agent 1",1436862,3356482814866,3356482820066
"MEMORY_COPY","MEMORY_COPY_HOST_TO_DEVICE",2,"Agent 0","Agent 1",1436878,3356482921777,3356482932857
"MEMORY_COPY","MEMORY_COPY_DEVICE_TO_HOST",5,"Agent 1","Agent 0",1436886,3356485646958,3356485651238
"MEMORY_COPY","MEMORY_COPY_DEVICE_TO_HOST",5,"Agent 1","Agent 0",1436887,3356485655598,3356485729558
"MEMORY_COPY","MEMORY_COPY_HOST_TO_DEVICE",2,"Agent 0","Agent 1",1436898,3356486241340,3356486246580
"MEMORY_COPY","MEMORY_COPY_HOST_TO_DEVICE",2,"Agent 0","Agent 1",1436902,3356486259510,3356486264590
"MEMORY_COPY","MEMORY_COPY_HOST_TO_DEVICE",2,"Agent 0","Agent 1",1436918,3356486368760,3356486379480
"MEMORY_COPY","MEMORY_COPY_DEVICE_TO_HOST",5,"Agent 1","Agent 0",1436926,3356489083231,3356489087471
"MEMORY_COPY","MEMORY_COPY_DEVICE_TO_HOST",5,"Agent 1","Agent 0",1436927,3356489091831,3356489170192
"MEMORY_COPY","MEMORY_COPY_HOST_TO_DEVICE",2,"Agent 0","Agent 1",1436938,3356489756344,3356489765944
"MEMORY_COPY","MEMORY_COPY_HOST_TO_DEVICE",2,"Agent 0","Agent 1",1436953,3356489853884,3356489871844
"MEMORY_COPY","MEMORY_COPY_HOST_TO_DEVICE",2,"Agent 0","Agent 1",1436969,3356489991455,3356490031535
"MEMORY_COPY","MEMORY_COPY_DEVICE_TO_HOST",5,"Agent 1","Agent 0",1436977,3356600533811,3356600746372
"MEMORY_COPY","MEMORY_COPY_DEVICE_TO_HOST",5,"Agent 1","Agent 0",1436978,3356600764732,3356600774812
"MEMORY_COPY","MEMORY_COPY_HOST_TO_DEVICE",2,"Agent 0","Agent 1",1436984,3356601530395,3356601541755
"MEMORY_COPY","MEMORY_COPY_HOST_TO_DEVICE",2,"Agent 0","Agent 1",1436988,3356601561185,3356601573385
"MEMORY_COPY","MEMORY_COPY_HOST_TO_DEVICE",2,"Agent 0","Agent 1",1437004,3356601692816,3356601736896
"MEMORY_COPY","MEMORY_COPY_HOST_TO_DEVICE",2,"Agent 0","Agent 1",1437156,3356604525937,3356604531217
"MEMORY_COPY","MEMORY_COPY_HOST_TO_DEVICE",2,"Agent 0","Agent 1",1437160,3356604551307,3356604556987
"MEMORY_COPY","MEMORY_COPY_HOST_TO_DEVICE",2,"Agent 0","Agent 1",1437176,3356604673717,3356604686878
"MEMORY_COPY","MEMORY_COPY_DEVICE_TO_HOST",5,"Agent 1","Agent 0",1437286,3356607394858,3356607399138
"MEMORY_COPY","MEMORY_COPY_DEVICE_TO_HOST",5,"Agent 1","Agent 0",1437287,3356607403258,3356607484379
"MEMORY_COPY","MEMORY_COPY_HOST_TO_DEVICE",2,"Agent 0","Agent 1",1437298,3356608233732,3356608239452
"MEMORY_COPY","MEMORY_COPY_HOST_TO_DEVICE",2,"Agent 0","Agent 1",1437302,3356608252212,3356608257972
"MEMORY_COPY","MEMORY_COPY_HOST_TO_DEVICE",2,"Agent 0","Agent 1",1437318,3356608371682,3356608382562
"MEMORY_COPY","MEMORY_COPY_DEVICE_TO_HOST",5,"Agent 1","Agent 0",1437433,3356611747026,3356611751426
"MEMORY_COPY","MEMORY_COPY_DEVICE_TO_HOST",5,"Agent 1","Agent 0",1437434,3356611755786,3356611814066
"MEMORY_COPY","MEMORY_COPY_HOST_TO_DEVICE",2,"Agent 0","Agent 1",1437445,3356612342668,3356612347708
"MEMORY_COPY","MEMORY_COPY_HOST_TO_DEVICE",2,"Agent 0","Agent 1",1437449,3356612360138,3356612365498
"MEMORY_COPY","MEMORY_COPY_HOST_TO_DEVICE",2,"Agent 0","Agent 1",1437465,3356612616559,3356612627639
"MEMORY_COPY","MEMORY_COPY_DEVICE_TO_HOST",5,"Agent 1","Agent 0",1437473,3356615437460,3356615441820
"MEMORY_COPY","MEMORY_COPY_DEVICE_TO_HOST",5,"Agent 1","Agent 0",1437474,3356615446140,3356615504860
"MEMORY_COPY","MEMORY_COPY_HOST_TO_DEVICE",2,"Agent 0","Agent 1",1437485,3356615825222,3356615830502
"MEMORY_COPY","MEMORY_COPY_HOST_TO_DEVICE",2,"Agent 0","Agent 1",1437489,3356615842652,3356615847732
"MEMORY_COPY","MEMORY_COPY_HOST_TO_DEVICE",2,"Agent 0","Agent 1",1437505,3356616014942,3356616025702
"MEMORY_COPY","MEMORY_COPY_DEVICE_TO_HOST",5,"Agent 1","Agent 0",1437513,3356618719643,3356618723843
"MEMORY_COPY","MEMORY_COPY_DEVICE_TO_HOST",5,"Agent 1","Agent 0",1437514,3356618729883,3356618788843
"MEMORY_COPY","MEMORY_COPY_HOST_TO_DEVICE",2,"Agent 0","Agent 1",1437525,3356619483326,3356619493166
"MEMORY_COPY","MEMORY_COPY_HOST_TO_DEVICE",2,"Agent 0","Agent 1",1437540,3356619572087,3356619591607
"MEMORY_COPY","MEMORY_COPY_HOST_TO_DEVICE",2,"Agent 0","Agent 1",1437556,3356619695477,3356619736837
"MEMORY_COPY","MEMORY_COPY_DEVICE_TO_HOST",5,"Agent 1","Agent 0",1437564,3356727942242,3356728119642
"MEMORY_COPY","MEMORY_COPY_DEVICE_TO_HOST",5,"Agent 1","Agent 0",1437565,3356728129625,3356728136945
"MEMORY_COPY","MEMORY_COPY_HOST_TO_DEVICE",2,"Agent 0","Agent 1",1437571,3356728763979,3356728774019
"MEMORY_COPY","MEMORY_COPY_HOST_TO_DEVICE",2,"Agent 0","Agent 1",1437575,3356728806859,3356728816379
"MEMORY_COPY","MEMORY_COPY_HOST_TO_DEVICE",2,"Agent 0","Agent 1",1437591,3356728927591,3356728965391
"MEMORY_COPY","MEMORY_COPY_HOST_TO_DEVICE",2,"Agent 0","Agent 1",1437743,3356731752289,3356731757489
"MEMORY_COPY","MEMORY_COPY_HOST_TO_DEVICE",2,"Agent 0","Agent 1",1437747,3356731775462,3356731780582
"MEMORY_COPY","MEMORY_COPY_HOST_TO_DEVICE",2,"Agent 0","Agent 1",1437763,3356731885561,3356731896281
"MEMORY_COPY","MEMORY_COPY_DEVICE_TO_HOST",5,"Agent 1","Agent 0",1437873,3356734606492,3356734610732
"MEMORY_COPY","MEMORY_COPY_DEVICE_TO_HOST",5,"Agent 1","Agent 0",1437874,3356734615493,3356734688493
"MEMORY_COPY","MEMORY_COPY_HOST_TO_DEVICE",2,"Agent 0","Agent 1",1437885,3356735353997,3356735359357
"MEMORY_COPY","MEMORY_COPY_HOST_TO_DEVICE",2,"Agent 0","Agent 1",1437889,3356735373274,3356735378714
"MEMORY_COPY","MEMORY_COPY_HOST_TO_DEVICE",2,"Agent 0","Agent 1",1437905,3356735487792,3356735499592
"MEMORY_COPY","MEMORY_COPY_DEVICE_TO_HOST",5,"Agent 1","Agent 0",1438020,3356738856847,3356738861327
"MEMORY_COPY","MEMORY_COPY_DEVICE_TO_HOST",5,"Agent 1","Agent 0",1438021,3356738866107,3356738919507
"MEMORY_COPY","MEMORY_COPY_HOST_TO_DEVICE",2,"Agent 0","Agent 1",1438032,3356739250633,3356739255873
"MEMORY_COPY","MEMORY_COPY_HOST_TO_DEVICE",2,"Agent 0","Agent 1",1438036,3356739268817,3356739274137
"MEMORY_COPY","MEMORY_COPY_HOST_TO_DEVICE",2,"Agent 0","Agent 1",1438052,3356739374567,3356739385207
"MEMORY_COPY","MEMORY_COPY_DEVICE_TO_HOST",5,"Agent 1","Agent 0",1438060,3356742043931,3356742048331
"MEMORY_COPY","MEMORY_COPY_DEVICE_TO_HOST",5,"Agent 1","Agent 0",1438061,3356742052679,3356742106040
"MEMORY_COPY","MEMORY_COPY_HOST_TO_DEVICE",2,"Agent 0","Agent 1",1438072,3356742427077,3356742432357
"MEMORY_COPY","MEMORY_COPY_HOST_TO_DEVICE",2,"Agent 0","Agent 1",1438076,3356742444329,3356742449409
"MEMORY_COPY","MEMORY_COPY_HOST_TO_DEVICE",2,"Agent 0","Agent 1",1438092,3356742550912,3356742562192
"MEMORY_COPY","MEMORY_COPY_DEVICE_TO_HOST",5,"Agent 1","Agent 0",1438100,3356745210827,3356745215107
"MEMORY_COPY","MEMORY_COPY_DEVICE_TO_HOST",5,"Agent 1","Agent 0",1438101,3356745219477,3356745272957
"MEMORY_COPY","MEMORY_COPY_HOST_TO_DEVICE",2,"Agent 0","Agent 1",1438112,3356745897856,3356745907616
"MEMORY_COPY","MEMORY_COPY_HOST_TO_DEVICE",2,"Agent 0","Agent 1",1438127,3356745985928,3356746004328
"MEMORY_COPY","MEMORY_COPY_HOST_TO_DEVICE",2,"Agent 0","Agent 1",1438143,3356746104200,3356746143041
"MEMORY_COPY","MEMORY_COPY_DEVICE_TO_HOST",5,"Agent 1","Agent 0",1438151,3356853432337,3356853642858
"MEMORY_COPY","MEMORY_COPY_DEVICE_TO_HOST",5,"Agent 1","Agent 0",1438152,3356853653218,3356853660338
"MEMORY_COPY","MEMORY_COPY_HOST_TO_DEVICE",2,"Agent 0","Agent 1",1438158,3356854291481,3356854301961
"MEMORY_COPY","MEMORY_COPY_HOST_TO_DEVICE",2,"Agent 0","Agent 1",1438162,3356854319611,3356854329851
"MEMORY_COPY","MEMORY_COPY_HOST_TO_DEVICE",2,"Agent 0","Agent 1",1438178,3356854441711,3356854480671
"MEMORY_COPY","MEMORY_COPY_HOST_TO_DEVICE",2,"Agent 0","Agent 1",1438330,3356857224722,3356857229882
"MEMORY_COPY","MEMORY_COPY_HOST_TO_DEVICE",2,"Agent 0","Agent 1",1438334,3356857248512,3356857253632
"MEMORY_COPY","MEMORY_COPY_HOST_TO_DEVICE",2,"Agent 0","Agent 1",1438350,3356857356933,3356857367613
"MEMORY_COPY","MEMORY_COPY_DEVICE_TO_HOST",5,"Agent 1","Agent 0",1438460,3356860076404,3356860080524
"MEMORY_COPY","MEMORY_COPY_DEVICE_TO_HOST",5,"Agent 1","Agent 0",1438461,3356860087924,3356860141604
"MEMORY_COPY","MEMORY_COPY_HOST_TO_DEVICE",2,"Agent 0","Agent 1",1438472,3356860751716,3356860757036
"MEMORY_COPY","MEMORY_COPY_HOST_TO_DEVICE",2,"Agent 0","Agent 1",1438476,3356860771026,3356860776186
"MEMORY_COPY","MEMORY_COPY_HOST_TO_DEVICE",2,"Agent 0","Agent 1",1438492,3356860880747,3356860891467
"MEMORY_COPY","MEMORY_COPY_DEVICE_TO_HOST",5,"Agent 1","Agent 0",1438607,3356864330666,3356864334826
"MEMORY_COPY","MEMORY_COPY_DEVICE_TO_HOST",5,"Agent 1","Agent 0",1438608,3356864339186,3356864392467
"MEMORY_COPY","MEMORY_COPY_HOST_TO_DEVICE",2,"Agent 0","Agent 1",1438619,3356864708028,3356864713388
"MEMORY_COPY","MEMORY_COPY_HOST_TO_DEVICE",2,"Agent 0","Agent 1",1438623,3356864756048,3356864761488
"MEMORY_COPY","MEMORY_COPY_HOST_TO_DEVICE",2,"Agent 0","Agent 1",1438639,3356864863129,3356864874009
"MEMORY_COPY","MEMORY_COPY_DEVICE_TO_HOST",5,"Agent 1","Agent 0",1438647,3356867532779,3356867537139
"MEMORY_COPY","MEMORY_COPY_DEVICE_TO_HOST",5,"Agent 1","Agent 0",1438648,3356867541499,3356867614979
"MEMORY_COPY","MEMORY_COPY_HOST_TO_DEVICE",2,"Agent 0","Agent 1",1438659,3356867924111,3356867929311
"MEMORY_COPY","MEMORY_COPY_HOST_TO_DEVICE",2,"Agent 0","Agent 1",1438663,3356867941261,3356867946501
"MEMORY_COPY","MEMORY_COPY_HOST_TO_DEVICE",2,"Agent 0","Agent 1",1438679,3356868051421,3356868062981
"MEMORY_COPY","MEMORY_COPY_DEVICE_TO_HOST",5,"Agent 1","Agent 0",1438687,3356870710532,3356870714812
"MEMORY_COPY","MEMORY_COPY_DEVICE_TO_HOST",5,"Agent 1","Agent 0",1438688,3356870719132,3356870772452
"MEMORY_COPY","MEMORY_COPY_HOST_TO_DEVICE",2,"Agent 0","Agent 1",1438699,3356871412335,3356871422095
"MEMORY_COPY","MEMORY_COPY_HOST_TO_DEVICE",2,"Agent 0","Agent 1",1438714,3356871500565,3356871518885
"MEMORY_COPY","MEMORY_COPY_HOST_TO_DEVICE",2,"Agent 0","Agent 1",1438730,3356871617735,3356871658655
"MEMORY_COPY","MEMORY_COPY_DEVICE_TO_HOST",5,"Agent 1","Agent 0",1438738,3356979107071,3356979285672
"MEMORY_COPY","MEMORY_COPY_DEVICE_TO_HOST",5,"Agent 1","Agent 0",1438739,3356979295192,3356979302352
"MEMORY_COPY","MEMORY_COPY_HOST_TO_DEVICE",2,"Agent 0","Agent 1",1438745,3356979890865,3356979900785
"MEMORY_COPY","MEMORY_COPY_HOST_TO_DEVICE",2,"Agent 0","Agent 1",1438749,3356979917565,3356979927365
"MEMORY_COPY","MEMORY_COPY_HOST_TO_DEVICE",2,"Agent 0","Agent 1",1438765,3356980041505,3356980079345
"MEMORY_COPY","MEMORY_COPY_HOST_TO_DEVICE",2,"Agent 0","Agent 1",1438917,3356982823736,3356982828896
"MEMORY_COPY","MEMORY_COPY_HOST_TO_DEVICE",2,"Agent 0","Agent 1",1438921,3356982846696,3356982851776
"MEMORY_COPY","MEMORY_COPY_HOST_TO_DEVICE",2,"Agent 0","Agent 1",1438937,3356982956917,3356982969117
"MEMORY_COPY","MEMORY_COPY_DEVICE_TO_HOST",5,"Agent 1","Agent 0",1439047,3356985761318,3356985765478
"MEMORY_COPY","MEMORY_COPY_DEVICE_TO_HOST",5,"Agent 1","Agent 0",1439048,3356985772918,3356985836278
"MEMORY_COPY","MEMORY_COPY_HOST_TO_DEVICE",2,"Agent 0","Agent 1",1439059,3356986484381,3356986489741
"MEMORY_COPY","MEMORY_COPY_HOST_TO_DEVICE",2,"Agent 0","Agent 1",1439063,3356986502891,3356986507971
"MEMORY_COPY","MEMORY_COPY_HOST_TO_DEVICE",2,"Agent 0","Agent 1",1439079,3356986608621,3356986619421
"MEMORY_COPY","MEMORY_COPY_DEVICE_TO_HOST",5,"Agent 1","Agent 0",1439194,3356989935381,3356989939581
"MEMORY_COPY","MEMORY_COPY_DEVICE_TO_HOST",5,"Agent 1","Agent 0",1439195,3356989997702,3356990074502
"MEMORY_COPY","MEMORY_COPY_HOST_TO_DEVICE",2,"Agent 0","Agent 1",1439206,3356990604194,3356990609474
"MEMORY_COPY","MEMORY_COPY_HOST_TO_DEVICE",2,"Agent 0","Agent 1",1439210,3356990653274,3356990658714
"MEMORY_COPY","MEMORY_COPY_HOST_TO_DEVICE",2,"Agent 0","Agent 1",1439226,3356990759825,3356990770705
"MEMORY_COPY","MEMORY_COPY_DEVICE_TO_HOST",5,"Agent 1","Agent 0",1439234,3356993436075,3356993440275
"MEMORY_COPY","MEMORY_COPY_DEVICE_TO_HOST",5,"Agent 1","Agent 0",1439235,3356993444635,3356993497956
"MEMORY_COPY","MEMORY_COPY_HOST_TO_DEVICE",2,"Agent 0","Agent 1",1439246,3356993819087,3356993824367
"MEMORY_COPY","MEMORY_COPY_HOST_TO_DEVICE",2,"Agent 0","Agent 1",1439250,3356993836537,3356993841617
"MEMORY_COPY","MEMORY_COPY_HOST_TO_DEVICE",2,"Agent 0","Agent 1",1439266,3356993942157,3356993953037
"MEMORY_COPY","MEMORY_COPY_DEVICE_TO_HOST",5,"Agent 1","Agent 0",1439274,3356996633498,3356996637938
"MEMORY_COPY","MEMORY_COPY_DEVICE_TO_HOST",5,"Agent 1","Agent 0",1439275,3356996642338,3356996695898
"MEMORY_COPY","MEMORY_COPY_HOST_TO_DEVICE",2,"Agent 0","Agent 1",1439286,3356997373161,3356997383161
"MEMORY_COPY","MEMORY_COPY_HOST_TO_DEVICE",2,"Agent 0","Agent 1",1439301,3356997468441,3356997487681
"MEMORY_COPY","MEMORY_COPY_HOST_TO_DEVICE",2,"Agent 0","Agent 1",1439317,3356997601002,3356997639762
"MEMORY_COPY","MEMORY_COPY_DEVICE_TO_HOST",5,"Agent 1","Agent 0",1439325,3357104794166,3357104972807
"MEMORY_COPY","MEMORY_COPY_DEVICE_TO_HOST",5,"Agent 1","Agent 0",1439326,3357104982367,3357104989647
"MEMORY_COPY","MEMORY_COPY_HOST_TO_DEVICE",2,"Agent 0","Agent 1",1439332,3357105593089,3357105603089
"MEMORY_COPY","MEMORY_COPY_HOST_TO_DEVICE",2,"Agent 0","Agent 1",1439336,3357105620199,3357105629719
"MEMORY_COPY","MEMORY_COPY_HOST_TO_DEVICE",2,"Agent 0","Agent 1",1439352,3357105740950,3357105779590
"MEMORY_COPY","MEMORY_COPY_HOST_TO_DEVICE",2,"Agent 0","Agent 1",1439504,3357108514881,3357108520041
"MEMORY_COPY","MEMORY_COPY_HOST_TO_DEVICE",2,"Agent 0","Agent 1",1439508,3357108539961,3357108545281
"MEMORY_COPY","MEMORY_COPY_HOST_TO_DEVICE",2,"Agent 0","Agent 1",1439524,3357108648531,3357108659171
"MEMORY_COPY","MEMORY_COPY_DEVICE_TO_HOST",5,"Agent 1","Agent 0",1439634,3357111361262,3357111365302
"MEMORY_COPY","MEMORY_COPY_DEVICE_TO_HOST",5,"Agent 1","Agent 0",1439635,3357111370262,3357111429062
"MEMORY_COPY","MEMORY_COPY_HOST_TO_DEVICE",2,"Agent 0","Agent 1",1439646,3357112043515,3357112048795
"MEMORY_COPY","MEMORY_COPY_HOST_TO_DEVICE",2,"Agent 0","Agent 1",1439650,3357112062405,3357112067445
"MEMORY_COPY","MEMORY_COPY_HOST_TO_DEVICE",2,"Agent 0","Agent 1",1439666,3357112176305,3357112186945
"MEMORY_COPY","MEMORY_COPY_DEVICE_TO_HOST",5,"Agent 1","Agent 0",1439781,3357115454621,3357115458901
"MEMORY_COPY","MEMORY_COPY_DEVICE_TO_HOST",5,"Agent 1","Agent 0",1439782,3357115466661,3357115543502
"MEMORY_COPY","MEMORY_COPY_HOST_TO_DEVICE",2,"Agent 0","Agent 1",1439793,3357116034954,3357116040194
"MEMORY_COPY","MEMORY_COPY_HOST_TO_DEVICE",2,"Agent 0","Agent 1",1439797,3357116067034,3357116072394
"MEMORY_COPY","MEMORY_COPY_HOST_TO_DEVICE",2,"Agent 0","Agent 1",1439813,3357116177664,3357116188704
"MEMORY_COPY","MEMORY_COPY_DEVICE_TO_HOST",5,"Agent 1","Agent 0",1439821,3357118841325,3357118845605
"MEMORY_COPY","MEMORY_COPY_DEVICE_TO_HOST",5,"Agent 1","Agent 0",1439822,3357118850005,3357118903165
"MEMORY_COPY","MEMORY_COPY_HOST_TO_DEVICE",2,"Agent 0","Agent 1",1439833,3357119234386,3357119239666
"MEMORY_COPY","MEMORY_COPY_HOST_TO_DEVICE",2,"Agent 0","Agent 1",1439837,3357119252446,3357119257727
"MEMORY_COPY","MEMORY_COPY_HOST_TO_DEVICE",2,"Agent 0","Agent 1",1439853,3357119358257,3357119368897
"MEMORY_COPY","MEMORY_COPY_DEVICE_TO_HOST",5,"Agent 1","Agent 0",1439861,3357122011717,3357122016117
"MEMORY_COPY","MEMORY_COPY_DEVICE_TO_HOST",5,"Agent 1","Agent 0",1439862,3357122021237,3357122074558
"MEMORY_COPY","MEMORY_COPY_HOST_TO_DEVICE",2,"Agent 0","Agent 1",1439873,3357122743550,3357122753470
"MEMORY_COPY","MEMORY_COPY_HOST_TO_DEVICE",2,"Agent 0","Agent 1",1439888,3357122837761,3357122858881
"MEMORY_COPY","MEMORY_COPY_HOST_TO_DEVICE",2,"Agent 0","Agent 1",1439904,3357123084782,3357123123382
"MEMORY_COPY","MEMORY_COPY_DEVICE_TO_HOST",5,"Agent 1","Agent 0",1439912,3357230306289,3357230483530
"MEMORY_COPY","MEMORY_COPY_DEVICE_TO_HOST",5,"Agent 1","Agent 0",1439913,3357230493050,3357230500170
"MEMORY_COPY","MEMORY_COPY_HOST_TO_DEVICE",2,"Agent 0","Agent 1",1439919,3357231099963,3357231109963
"MEMORY_COPY","MEMORY_COPY_HOST_TO_DEVICE",2,"Agent 0","Agent 1",1439923,3357231127953,3357231138273
"MEMORY_COPY","MEMORY_COPY_HOST_TO_DEVICE",2,"Agent 0","Agent 1",1439939,3357231250703,3357231291223
"MEMORY_COPY","MEMORY_COPY_HOST_TO_DEVICE",2,"Agent 0","Agent 1",1440091,3357234071694,3357234076854
"MEMORY_COPY","MEMORY_COPY_HOST_TO_DEVICE",2,"Agent 0","Agent 1",1440095,3357234097764,3357234102804
"MEMORY_COPY","MEMORY_COPY_HOST_TO_DEVICE",2,"Agent 0","Agent 1",1440111,3357234206595,3357234217275
"MEMORY_COPY","MEMORY_COPY_DEVICE_TO_HOST",5,"Agent 1","Agent 0",1440221,3357236957616,3357236961856
"MEMORY_COPY","MEMORY_COPY_DEVICE_TO_HOST",5,"Agent 1","Agent 0",1440222,3357236966056,3357237027816
"MEMORY_COPY","MEMORY_COPY_HOST_TO_DEVICE",2,"Agent 0","Agent 1",1440233,3357237642349,3357237647669
"MEMORY_COPY","MEMORY_COPY_HOST_TO_DEVICE",2,"Agent 0","Agent 1",1440237,3357237660499,3357237665779
"MEMORY_COPY","MEMORY_COPY_HOST_TO_DEVICE",2,"Agent 0","Agent 1",1440253,3357237906120,3357237917000
"MEMORY_COPY","MEMORY_COPY_DEVICE_TO_HOST",5,"Agent 1","Agent 0",1440368,3357241318920,3357241323160
"MEMORY_COPY","MEMORY_COPY_DEVICE_TO_HOST",5,"Agent 1","Agent 0",1440369,3357241330920,3357241384121
"MEMORY_COPY","MEMORY_COPY_HOST_TO_DEVICE",2,"Agent 0","Agent 1",1440380,3357241725552,3357241730752
"MEMORY_COPY","MEMORY_COPY_HOST_TO_DEVICE",2,"Agent 0","Agent 1",1440384,3357241743442,3357241748522
"MEMORY_COPY","MEMORY_COPY_HOST_TO_DEVICE",2,"Agent 0","Agent 1",1440400,3357241847063,3357241857743
"MEMORY_COPY","MEMORY_COPY_DEVICE_TO_HOST",5,"Agent 1","Agent 0",1440408,3357244516053,3357244520453
"MEMORY_COPY","MEMORY_COPY_DEVICE_TO_HOST",5,"Agent 1","Agent 0",1440409,3357244524813,3357244578333
"MEMORY_COPY","MEMORY_COPY_HOST_TO_DEVICE",2,"Agent 0","Agent 1",1440420,3357244883045,3357244888365
"MEMORY_COPY","MEMORY_COPY_HOST_TO_DEVICE",2,"Agent 0","Agent 1",1440424,3357244900785,3357244906105
"MEMORY_COPY","MEMORY_COPY_HOST_TO_DEVICE",2,"Agent 0","Agent 1",1440440,3357245010355,3357245021155
"MEMORY_COPY","MEMORY_COPY_DEVICE_TO_HOST",5,"Agent 1","Agent 0",1440448,3357247672416,3357247676616
"MEMORY_COPY","MEMORY_COPY_DEVICE_TO_HOST",5,"Agent 1","Agent 0",1440449,3357247684376,3357247738496
"MEMORY_COPY","MEMORY_COPY_HOST_TO_DEVICE",2,"Agent 0","Agent 1",1440460,3357248404809,3357248414689
"MEMORY_COPY","MEMORY_COPY_HOST_TO_DEVICE",2,"Agent 0","Agent 1",1440475,3357248494979,3357248514219
"MEMORY_COPY","MEMORY_COPY_HOST_TO_DEVICE",2,"Agent 0","Agent 1",1440491,3357248614099,3357248653740
"MEMORY_COPY","MEMORY_COPY_DEVICE_TO_HOST",5,"Agent 1","Agent 0",1440499,3357355731573,3357355914814
"MEMORY_COPY","MEMORY_COPY_DEVICE_TO_HOST",5,"Agent 1","Agent 0",1440500,3357355925214,3357355932254
"MEMORY_COPY","MEMORY_COPY_HOST_TO_DEVICE",2,"Agent 0","Agent 1",1440506,3357356544376,3357356554456
"MEMORY_COPY","MEMORY_COPY_HOST_TO_DEVICE",2,"Agent 0","Agent 1",1440510,3357356571837,3357356581797
"MEMORY_COPY","MEMORY_COPY_HOST_TO_DEVICE",2,"Agent 0","Agent 1",1440526,3357356693567,3357356731167
"MEMORY_COPY","MEMORY_COPY_HOST_TO_DEVICE",2,"Agent 0","Agent 1",1440678,3357359465928,3357359471128
"MEMORY_COPY","MEMORY_COPY_HOST_TO_DEVICE",2,"Agent 0","Agent 1",1440682,3357359491638,3357359496718
"MEMORY_COPY","MEMORY_COPY_HOST_TO_DEVICE",2,"Agent 0","Agent 1",1440698,3357359599629,3357359610389
"MEMORY_COPY","MEMORY_COPY_DEVICE_TO_HOST",5,"Agent 1","Agent 0",1440808,3357362312539,3357362316619
"MEMORY_COPY","MEMORY_COPY_DEVICE_TO_HOST",5,"Agent 1","Agent 0",1440809,3357362320779,3357362374100
"MEMORY_COPY","MEMORY_COPY_HOST_TO_DEVICE",2,"Agent 0","Agent 1",1440820,3357362974012,3357362979212
"MEMORY_COPY","MEMORY_COPY_HOST_TO_DEVICE",2,"Agent 0","Agent 1",1440824,3357362992012,3357362997332
"MEMORY_COPY","MEMORY_COPY_HOST_TO_DEVICE",2,"Agent 0","Agent 1",1440840,3357363104032,3357363114632
"MEMORY_COPY","MEMORY_COPY_DEVICE_TO_HOST",5,"Agent 1","Agent 0",1440955,3357366492836,3357366496956
"MEMORY_COPY","MEMORY_COPY_DEVICE_TO_HOST",5,"Agent 1","Agent 0",1440956,3357366504716,3357366561476
"MEMORY_COPY","MEMORY_COPY_HOST_TO_DEVICE",2,"Agent 0","Agent 1",1440967,3357366930228,3357366935428
"MEMORY_COPY","MEMORY_COPY_HOST_TO_DEVICE",2,"Agent 0","Agent 1",1440971,3357366948418,3357366953498
"MEMORY_COPY","MEMORY_COPY_HOST_TO_DEVICE",2,"Agent 0","Agent 1",1440987,3357367054968,3357367065848
"MEMORY_COPY","MEMORY_COPY_DEVICE_TO_HOST",5,"Agent 1","Agent 0",1440995,3357369721579,3357369725859
"MEMORY_COPY","MEMORY_COPY_DEVICE_TO_HOST",5,"Agent 1","Agent 0",1440996,3357369730219,3357369783539
"MEMORY_COPY","MEMORY_COPY_HOST_TO_DEVICE",2,"Agent 0","Agent 1",1441007,3357370107370,3357370112690
"MEMORY_COPY","MEMORY_COPY_HOST_TO_DEVICE",2,"Agent 0","Agent 1",1441011,3357370124760,3357370130080
"MEMORY_COPY","MEMORY_COPY_HOST_TO_DEVICE",2,"Agent 0","Agent 1",1441027,3357370231801,3357370242761
"MEMORY_COPY","MEMORY_COPY_DEVICE_TO_HOST",5,"Agent 1","Agent 0",1441035,3357372913991,3357372918271
"MEMORY_COPY","MEMORY_COPY_DEVICE_TO_HOST",5,"Agent 1","Agent 0",1441036,3357372925191,3357373007912
"MEMORY_COPY","MEMORY_COPY_HOST_TO_DEVICE",2,"Agent 0","Agent 1",1441047,3357373647034,3357373657914
"MEMORY_COPY","MEMORY_COPY_HOST_TO_DEVICE",2,"Agent 0","Agent 1",1441062,3357373740605,3357373760805
"MEMORY_COPY","MEMORY_COPY_HOST_TO_DEVICE",2,"Agent 0","Agent 1",1441078,3357373862495,3357373901935
"MEMORY_COPY","MEMORY_COPY_DEVICE_TO_HOST",5,"Agent 1","Agent 0",1441086,3357481834200,3357482011800
"MEMORY_COPY","MEMORY_COPY_DEVICE_TO_HOST",5,"Agent 1","Agent 0",1441087,3357482022161,3357482029361
"MEMORY_COPY","MEMORY_COPY_HOST_TO_DEVICE",2,"Agent 0","Agent 1",1441093,3357482650313,3357482660353
"MEMORY_COPY","MEMORY_COPY_HOST_TO_DEVICE",2,"Agent 0","Agent 1",1441097,3357482677713,3357482687193
"MEMORY_COPY","MEMORY_COPY_HOST_TO_DEVICE",2,"Agent 0","Agent 1",1441113,3357482798674,3357482836274
"MEMORY_COPY","MEMORY_COPY_HOST_TO_DEVICE",2,"Agent 0","Agent 1",1441265,3357485568155,3357485573515
"MEMORY_COPY","MEMORY_COPY_HOST_TO_DEVICE",2,"Agent 0","Agent 1",1441269,3357485594785,3357485600105
"MEMORY_COPY","MEMORY_COPY_HOST_TO_DEVICE",2,"Agent 0","Agent 1",1441285,3357485705025,3357485715665
"MEMORY_COPY","MEMORY_COPY_DEVICE_TO_HOST",5,"Agent 1","Agent 0",1441395,3357488561136,3357488565416
"MEMORY_COPY","MEMORY_COPY_DEVICE_TO_HOST",5,"Agent 1","Agent 0",1441396,3357488570536,3357488624577
"MEMORY_COPY","MEMORY_COPY_HOST_TO_DEVICE",2,"Agent 0","Agent 1",1441407,3357489227749,3357489233069
"MEMORY_COPY","MEMORY_COPY_HOST_TO_DEVICE",2,"Agent 0","Agent 1",1441411,3357489246689,3357489251969
"MEMORY_COPY","MEMORY_COPY_HOST_TO_DEVICE",2,"Agent 0","Agent 1",1441427,3357489354590,3357489365470
"MEMORY_COPY","MEMORY_COPY_DEVICE_TO_HOST",5,"Agent 1","Agent 0",1441542,3357492654783,3357492659103
"MEMORY_COPY","MEMORY_COPY_DEVICE_TO_HOST",5,"Agent 1","Agent 0",1441543,3357492666863,3357492721423
"MEMORY_COPY","MEMORY_COPY_HOST_TO_DEVICE",2,"Agent 0","Agent 1",1441554,3357493050614,3357493055894
"MEMORY_COPY","MEMORY_COPY_HOST_TO_DEVICE",2,"Agent 0","Agent 1",1441558,3357493069524,3357493074644
"MEMORY_COPY","MEMORY_COPY_HOST_TO_DEVICE",2,"Agent 0","Agent 1",1441574,3357493176145,3357493187025
"MEMORY_COPY","MEMORY_COPY_DEVICE_TO_HOST",5,"Agent 1","Agent 0",1441582,3357495849395,3357495853675
"MEMORY_COPY","MEMORY_COPY_DEVICE_TO_HOST",5,"Agent 1","Agent 0",1441583,3357495858035,3357495911276
"MEMORY_COPY","MEMORY_COPY_HOST_TO_DEVICE",2,"Agent 0","Agent 1",1441594,3357496235257,3357496240497
"MEMORY_COPY","MEMORY_COPY_HOST_TO_DEVICE",2,"Agent 0","Agent 1",1441598,3357496252887,3357496258167
"MEMORY_COPY","MEMORY_COPY_HOST_TO_DEVICE",2,"Agent 0","Agent 1",1441614,3357496359777,3357496371657
"MEMORY_COPY","MEMORY_COPY_DEVICE_TO_HOST",5,"Agent 1","Agent 0",1441622,3357499041148,3357499045388
"MEMORY_COPY","MEMORY_COPY_DEVICE_TO_HOST",5,"Agent 1","Agent 0",1441623,3357499053148,3357499109508
"MEMORY_COPY","MEMORY_COPY_HOST_TO_DEVICE",2,"Agent 0","Agent 1",1441634,3357499770371,3357499780251
"MEMORY_COPY","MEMORY_COPY_HOST_TO_DEVICE",2,"Agent 0","Agent 1",1441649,3357499859021,3357499877621
"MEMORY_COPY","MEMORY_COPY_HOST_TO_DEVICE",2,"Agent 0","Agent 1",1441665,3357500109102,3357500148062
"MEMORY_COPY","MEMORY_COPY_DEVICE_TO_HOST",5,"Agent 1","Agent 0",1441673,3357607358070,3357607535191
"MEMORY_COPY","MEMORY_COPY_DEVICE_TO_HOST",5,"Agent 1","Agent 0",1441674,3357607544711,3357607551791
"MEMORY_COPY","MEMORY_COPY_HOST_TO_DEVICE",2,"Agent 0","Agent 1",1441680,3357608145614,3357608155774
"MEMORY_COPY","MEMORY_COPY_HOST_TO_DEVICE",2,"Agent 0","Agent 1",1441684,3357608173584,3357608183344
"MEMORY_COPY","MEMORY_COPY_HOST_TO_DEVICE",2,"Agent 0","Agent 1",1441700,3357608295624,3357608333504
"MEMORY_COPY","MEMORY_COPY_HOST_TO_DEVICE",2,"Agent 0","Agent 1",1441852,3357611084395,3357611089675
"MEMORY_COPY","MEMORY_COPY_HOST_TO_DEVICE",2,"Agent 0","Agent 1",1441856,3357611109965,3357611115125
"MEMORY_COPY","MEMORY_COPY_HOST_TO_DEVICE",2,"Agent 0","Agent 1",1441872,3357611223236,3357611235076
"MEMORY_COPY","MEMORY_COPY_DEVICE_TO_HOST",5,"Agent 1","Agent 0",1441982,3357614010197,3357614014517
"MEMORY_COPY","MEMORY_COPY_DEVICE_TO_HOST",5,"Agent 1","Agent 0",1441983,3357614018757,3357614083837
"MEMORY_COPY","MEMORY_COPY_HOST_TO_DEVICE",2,"Agent 0","Agent 1",1441994,3357614746500,3357614751860
"MEMORY_COPY","MEMORY_COPY_HOST_TO_DEVICE",2,"Agent 0","Agent 1",1441998,3357614764860,3357614770020
"MEMORY_COPY","MEMORY_COPY_HOST_TO_DEVICE",2,"Agent 0","Agent 1",1442014,3357621025965,3357621038845
"MEMORY_COPY","MEMORY_COPY_DEVICE_TO_HOST",5,"Agent 1","Agent 0",1442129,3357624433668,3357624438028
"MEMORY_COPY","MEMORY_COPY_DEVICE_TO_HOST",5,"Agent 1","Agent 0",1442130,3357624445788,3357624499068
"MEMORY_COPY","MEMORY_COPY_HOST_TO_DEVICE",2,"Agent 0","Agent 1",1442141,3357625090571,3357625095811
"MEMORY_COPY","MEMORY_COPY_HOST_TO_DEVICE",2,"Agent 0","Agent 1",1442145,3357625109681,3357625115081
"MEMORY_COPY","MEMORY_COPY_HOST_TO_DEVICE",2,"Agent 0","Agent 1",1442161,3357625217581,3357625228221
"MEMORY_COPY","MEMORY_COPY_DEVICE_TO_HOST",5,"Agent 1","Agent 0",1442169,3357627894072,3357627898352
"MEMORY_COPY","MEMORY_COPY_DEVICE_TO_HOST",5,"Agent 1","Agent 0",1442170,3357627902712,3357627957032
"MEMORY_COPY","MEMORY_COPY_HOST_TO_DEVICE",2,"Agent 0","Agent 1",1442181,3357628484304,3357628489784
"MEMORY_COPY","MEMORY_COPY_HOST_TO_DEVICE",2,"Agent 0","Agent 1",1442185,3357628502904,3357628508024
"MEMORY_COPY","MEMORY_COPY_HOST_TO_DEVICE",2,"Agent 0","Agent 1",1442201,3357628617395,3357628628515
"MEMORY_COPY","MEMORY_COPY_DEVICE_TO_HOST",5,"Agent 1","Agent 0",1442209,3357631335246,3357631339566
"MEMORY_COPY","MEMORY_COPY_DEVICE_TO_HOST",5,"Agent 1","Agent 0",1442210,3357631347366,3357631400686
"MEMORY_COPY","MEMORY_COPY_HOST_TO_DEVICE",2,"Agent 0","Agent 1",1442221,3357632069028,3357632078708
"MEMORY_COPY","MEMORY_COPY_HOST_TO_DEVICE",2,"Agent 0","Agent 1",1442236,3357632159199,3357632177679
"MEMORY_COPY","MEMORY_COPY_HOST_TO_DEVICE",2,"Agent 0","Agent 1",1442252,3357632276259,3357632315139
"MEMORY_COPY","MEMORY_COPY_DEVICE_TO_HOST",5,"Agent 1","Agent 0",1442260,3357740058292,3357740235653
"MEMORY_COPY","MEMORY_COPY_DEVICE_TO_HOST",5,"Agent 1","Agent 0",1442261,3357740245133,3357740252173
"MEMORY_COPY","MEMORY_COPY_HOST_TO_DEVICE",2,"Agent 0","Agent 1",1442267,3357740886066,3357740896026
"MEMORY_COPY","MEMORY_COPY_HOST_TO_DEVICE",2,"Agent 0","Agent 1",1442271,3357740914376,3357740924176
"MEMORY_COPY","MEMORY_COPY_HOST_TO_DEVICE",2,"Agent 0","Agent 1",1442287,3357741043636,3357741081516
"MEMORY_COPY","MEMORY_COPY_HOST_TO_DEVICE",2,"Agent 0","Agent 1",1442439,3357743893247,3357743898607
"MEMORY_COPY","MEMORY_COPY_HOST_TO_DEVICE",2,"Agent 0","Agent 1",1442443,3357743921008,3357743926288
"MEMORY_COPY","MEMORY_COPY_HOST_TO_DEVICE",2,"Agent 0","Agent 1",1442459,3357744035698,3357744047498
"MEMORY_COPY","MEMORY_COPY_DEVICE_TO_HOST",5,"Agent 1","Agent 0",1442569,3357746747879,3357746751959
"MEMORY_COPY","MEMORY_COPY_DEVICE_TO_HOST",5,"Agent 1","Agent 0",1442570,3357746757839,3357746811559
"MEMORY_COPY","MEMORY_COPY_HOST_TO_DEVICE",2,"Agent 0","Agent 1",1442581,3357747432451,3357747437772
"MEMORY_COPY","MEMORY_COPY_HOST_TO_DEVICE",2,"Agent 0","Agent 1",1442585,3357747475332,3357747480572
"MEMORY_COPY","MEMORY_COPY_HOST_TO_DEVICE",2,"Agent 0","Agent 1",1442601,3357747584952,3357747595832
"MEMORY_COPY","MEMORY_COPY_DEVICE_TO_HOST",5,"Agent 1","Agent 0",1442716,3357751023556,3357751027916
"MEMORY_COPY","MEMORY_COPY_DEVICE_TO_HOST",5,"Agent 1","Agent 0",1442717,3357751035676,3357751094596
"MEMORY_COPY","MEMORY_COPY_HOST_TO_DEVICE",2,"Agent 0","Agent 1",1442728,3357751623048,3357751628408
"MEMORY_COPY","MEMORY_COPY_HOST_TO_DEVICE",2,"Agent 0","Agent 1",1442732,3357751641218,3357751646618
"MEMORY_COPY","MEMORY_COPY_HOST_TO_DEVICE",2,"Agent 0","Agent 1",1442748,3357751753519,3357751764599
"MEMORY_COPY","MEMORY_COPY_DEVICE_TO_HOST",5,"Agent 1","Agent 0",1442756,3357754425379,3357754429619
"MEMORY_COPY","MEMORY_COPY_DEVICE_TO_HOST",5,"Agent 1","Agent 0",1442757,3357754434859,3357754488259
"MEMORY_COPY","MEMORY_COPY_HOST_TO_DEVICE",2,"Agent 0","Agent 1",1442768,3357754798421,3357754803701
"MEMORY_COPY","MEMORY_COPY_HOST_TO_DEVICE",2,"Agent 0","Agent 1",1442772,3357754816381,3357754821701
"MEMORY_COPY","MEMORY_COPY_HOST_TO_DEVICE",2,"Agent 0","Agent 1",1442788,3357754925481,3357754936121
"MEMORY_COPY","MEMORY_COPY_DEVICE_TO_HOST",5,"Agent 1","Agent 0",1442796,3357757599552,3357757603792
"MEMORY_COPY","MEMORY_COPY_DEVICE_TO_HOST",5,"Agent 1","Agent 0",1442797,3357757611512,3357757664792
"MEMORY_COPY","MEMORY_COPY_HOST_TO_DEVICE",2,"Agent 0","Agent 1",1442808,3357758308415,3357758318135
"MEMORY_COPY","MEMORY_COPY_HOST_TO_DEVICE",2,"Agent 0","Agent 1",1442823,3357758397445,3357758415405
"MEMORY_COPY","MEMORY_COPY_HOST_TO_DEVICE",2,"Agent 0","Agent 1",1442839,3357758514025,3357758552986
"MEMORY_COPY","MEMORY_COPY_DEVICE_TO_HOST",5,"Agent 1","Agent 0",1442847,3357865690530,3357865868011
"MEMORY_COPY","MEMORY_COPY_DEVICE_TO_HOST",5,"Agent 1","Agent 0",1442848,3357865877531,3357865884611
"MEMORY_COPY","MEMORY_COPY_HOST_TO_DEVICE",2,"Agent 0","Agent 1",1442854,3357866509933,3357866519813
"MEMORY_COPY","MEMORY_COPY_HOST_TO_DEVICE",2,"Agent 0","Agent 1",1442858,3357866537164,3357866546964
"MEMORY_COPY","MEMORY_COPY_HOST_TO_DEVICE",2,"Agent 0","Agent 1",1442874,3357866660264,3357866704544
"MEMORY_COPY","MEMORY_COPY_HOST_TO_DEVICE",2,"Agent 0","Agent 1",1443026,3357869475225,3357869480585
"MEMORY_COPY","MEMORY_COPY_HOST_TO_DEVICE",2,"Agent 0","Agent 1",1443030,3357869500655,3357869505655
"MEMORY_COPY","MEMORY_COPY_HOST_TO_DEVICE",2,"Agent 0","Agent 1",1443046,3357869609666,3357869620306
"MEMORY_COPY","MEMORY_COPY_DEVICE_TO_HOST",5,"Agent 1","Agent 0",1443156,3357872456257,3357872460257
"MEMORY_COPY","MEMORY_COPY_DEVICE_TO_HOST",5,"Agent 1","Agent 0",1443157,3357872464417,3357872526217
"MEMORY_COPY","MEMORY_COPY_HOST_TO_DEVICE",2,"Agent 0","Agent 1",1443168,3357873132020,3357873137220
"MEMORY_COPY","MEMORY_COPY_HOST_TO_DEVICE",2,"Agent 0","Agent 1",1443172,3357873150540,3357873155540
"MEMORY_COPY","MEMORY_COPY_HOST_TO_DEVICE",2,"Agent 0","Agent 1",1443188,3357873259520,3357873270400
"MEMORY_COPY","MEMORY_COPY_DEVICE_TO_HOST",5,"Agent 1","Agent 0",1443303,3357876590953,3357876595273
"MEMORY_COPY","MEMORY_COPY_DEVICE_TO_HOST",5,"Agent 1","Agent 0",1443304,3357876603073,3357876705074
"MEMORY_COPY","MEMORY_COPY_HOST_TO_DEVICE",2,"Agent 0","Agent 1",1443315,3357877276996,3357877282196
"MEMORY_COPY","MEMORY_COPY_HOST_TO_DEVICE",2,"Agent 0","Agent 1",1443319,3357877294706,3357877300106
"MEMORY_COPY","MEMORY_COPY_HOST_TO_DEVICE",2,"Agent 0","Agent 1",1443335,3357877407037,3357877417837
"MEMORY_COPY","MEMORY_COPY_DEVICE_TO_HOST",5,"Agent 1","Agent 0",1443343,3357880073287,3357880077727
"MEMORY_COPY","MEMORY_COPY_DEVICE_TO_HOST",5,"Agent 1","Agent 0",1443344,3357880082887,3357880136287
"MEMORY_COPY","MEMORY_COPY_HOST_TO_DEVICE",2,"Agent 0","Agent 1",1443355,3357880447899,3357880453179
"MEMORY_COPY","MEMORY_COPY_HOST_TO_DEVICE",2,"Agent 0","Agent 1",1443359,3357880465279,3357880470479
"MEMORY_COPY","MEMORY_COPY_HOST_TO_DEVICE",2,"Agent 0","Agent 1",1443375,3357880571079,3357880582839
"MEMORY_COPY","MEMORY_COPY_DEVICE_TO_HOST",5,"Agent 1","Agent 0",1443383,3357883274100,3357883278340
"MEMORY_COPY","MEMORY_COPY_DEVICE_TO_HOST",5,"Agent 1","Agent 0",1443384,3357883284340,3357883337740
"MEMORY_COPY","MEMORY_COPY_HOST_TO_DEVICE",2,"Agent 0","Agent 1",1443395,3357883996193,3357884006753
"MEMORY_COPY","MEMORY_COPY_HOST_TO_DEVICE",2,"Agent 0","Agent 1",1443410,3357884153773,3357884171973
"MEMORY_COPY","MEMORY_COPY_HOST_TO_DEVICE",2,"Agent 0","Agent 1",1443426,3357884270394,3357884309314
"MEMORY_COPY","MEMORY_COPY_DEVICE_TO_HOST",5,"Agent 1","Agent 0",1443434,3357991448164,3357991635445
"MEMORY_COPY","MEMORY_COPY_DEVICE_TO_HOST",5,"Agent 1","Agent 0",1443435,3357991684565,3357991691645
"MEMORY_COPY","MEMORY_COPY_HOST_TO_DEVICE",2,"Agent 0","Agent 1",1443441,3357992372848,3357992383008
"MEMORY_COPY","MEMORY_COPY_HOST_TO_DEVICE",2,"Agent 0","Agent 1",1443445,3357992404578,3357992414578
"MEMORY_COPY","MEMORY_COPY_HOST_TO_DEVICE",2,"Agent 0","Agent 1",1443461,3357992531748,3357992575748
"MEMORY_COPY","MEMORY_COPY_HOST_TO_DEVICE",2,"Agent 0","Agent 1",1443613,3357995342869,3357995348029
"MEMORY_COPY","MEMORY_COPY_HOST_TO_DEVICE",2,"Agent 0","Agent 1",1443617,3357995366770,3357995371890
"MEMORY_COPY","MEMORY_COPY_HOST_TO_DEVICE",2,"Agent 0","Agent 1",1443633,3357995473000,3357995483840
"MEMORY_COPY","MEMORY_COPY_DEVICE_TO_HOST",5,"Agent 1","Agent 0",1443743,3357998170711,3357998174791
"MEMORY_COPY","MEMORY_COPY_DEVICE_TO_HOST",5,"Agent 1","Agent 0",1443744,3357998179831,3357998242471
"MEMORY_COPY","MEMORY_COPY_HOST_TO_DEVICE",2,"Agent 0","Agent 1",1443755,3357998851453,3357998856693
"MEMORY_COPY","MEMORY_COPY_HOST_TO_DEVICE",2,"Agent 0","Agent 1",1443759,3357998907364,3357998912644
"MEMORY_COPY","MEMORY_COPY_HOST_TO_DEVICE",2,"Agent 0","Agent 1",1443775,3357999022054,3357999033614
"MEMORY_COPY","MEMORY_COPY_DEVICE_TO_HOST",5,"Agent 1","Agent 0",1443890,3358002268947,3358002273267
"MEMORY_COPY","MEMORY_COPY_DEVICE_TO_HOST",5,"Agent 1","Agent 0",1443891,3358002279347,3358002332547
"MEMORY_COPY","MEMORY_COPY_HOST_TO_DEVICE",2,"Agent 0","Agent 1",1443902,3358002665979,3358002671299
"MEMORY_COPY","MEMORY_COPY_HOST_TO_DEVICE",2,"Agent 0","Agent 1",1443906,3358002683749,3358002688869
"MEMORY_COPY","MEMORY_COPY_HOST_TO_DEVICE",2,"Agent 0","Agent 1",1443922,3358002790879,3358002801759
"MEMORY_COPY","MEMORY_COPY_DEVICE_TO_HOST",5,"Agent 1","Agent 0",1443930,3358005463320,3358005467720
"MEMORY_COPY","MEMORY_COPY_DEVICE_TO_HOST",5,"Agent 1","Agent 0",1443931,3358005472960,3358005526560
"MEMORY_COPY","MEMORY_COPY_HOST_TO_DEVICE",2,"Agent 0","Agent 1",1443942,3358005829761,3358005835241
"MEMORY_COPY","MEMORY_COPY_HOST_TO_DEVICE",2,"Agent 0","Agent 1",1443946,3358005852121,3358005857361
"MEMORY_COPY","MEMORY_COPY_HOST_TO_DEVICE",2,"Agent 0","Agent 1",1443962,3358005979782,3358005990422
"MEMORY_COPY","MEMORY_COPY_DEVICE_TO_HOST",5,"Agent 1","Agent 0",1443970,3358008674232,3358008678752
"MEMORY_COPY","MEMORY_COPY_DEVICE_TO_HOST",5,"Agent 1","Agent 0",1443971,3358008683072,3358008751633
"MEMORY_COPY","MEMORY_COPY_HOST_TO_DEVICE",2,"Agent 0","Agent 1",1443982,3358009428525,3358009438565
"MEMORY_COPY","MEMORY_COPY_HOST_TO_DEVICE",2,"Agent 0","Agent 1",1443997,3358009520516,3358009540796
"MEMORY_COPY","MEMORY_COPY_HOST_TO_DEVICE",2,"Agent 0","Agent 1",1444013,3358009646216,3358009688256
"MEMORY_COPY","MEMORY_COPY_DEVICE_TO_HOST",5,"Agent 1","Agent 0",1444021,3358117702973,3358117882093
"MEMORY_COPY","MEMORY_COPY_DEVICE_TO_HOST",5,"Agent 1","Agent 0",1444022,3358117892206,3358117899326
"MEMORY_COPY","MEMORY_COPY_HOST_TO_DEVICE",2,"Agent 0","Agent 1",1444028,3358118557950,3358118568110
"MEMORY_COPY","MEMORY_COPY_HOST_TO_DEVICE",2,"Agent 0","Agent 1",1444032,3358118586163,3358118596003
"MEMORY_COPY","MEMORY_COPY_HOST_TO_DEVICE",2,"Agent 0","Agent 1",1444048,3358118709338,3358118747138
"MEMORY_COPY","MEMORY_COPY_HOST_TO_DEVICE",2,"Agent 0","Agent 1",1444200,3358121507276,3358121512436
"MEMORY_COPY","MEMORY_COPY_HOST_TO_DEVICE",2,"Agent 0","Agent 1",1444204,3358121529758,3358121535038
"MEMORY_COPY","MEMORY_COPY_HOST_TO_DEVICE",2,"Agent 0","Agent 1",1444220,3358121639305,3358121649945
"MEMORY_COPY","MEMORY_COPY_DEVICE_TO_HOST",5,"Agent 1","Agent 0",1444330,3358124389532,3358124393732
"MEMORY_COPY","MEMORY_COPY_DEVICE_TO_HOST",5,"Agent 1","Agent 0",1444331,3358124398307,3358124476668
"MEMORY_COPY","MEMORY_COPY_HOST_TO_DEVICE",2,"Agent 0","Agent 1",1444342,3358125166583,3358125171783
"MEMORY_COPY","MEMORY_COPY_HOST_TO_DEVICE",2,"Agent 0","Agent 1",1444346,3358125185338,3358125190698
"MEMORY_COPY","MEMORY_COPY_HOST_TO_DEVICE",2,"Agent 0","Agent 1",1444362,3358125304765,3358125315725
"MEMORY_COPY","MEMORY_COPY_DEVICE_TO_HOST",5,"Agent 1","Agent 0",1444477,3358128769482,3358128773842
"MEMORY_COPY","MEMORY_COPY_DEVICE_TO_HOST",5,"Agent 1","Agent 0",1444478,3358128780776,3358128834336
"MEMORY_COPY","MEMORY_COPY_HOST_TO_DEVICE",2,"Agent 0","Agent 1",1444489,3358129183715,3358129189036
"MEMORY_COPY","MEMORY_COPY_HOST_TO_DEVICE",2,"Agent 0","Agent 1",1444493,3358129204686,3358129209966
"MEMORY_COPY","MEMORY_COPY_HOST_TO_DEVICE",2,"Agent 0","Agent 1",1444509,3358129311398,3358129322318
"MEMORY_COPY","MEMORY_COPY_DEVICE_TO_HOST",5,"Agent 1","Agent 0",1444517,3358131979789,3358131983989
"MEMORY_COPY","MEMORY_COPY_DEVICE_TO_HOST",5,"Agent 1","Agent 0",1444518,3358131991362,3358132048762
"MEMORY_COPY","MEMORY_COPY_HOST_TO_DEVICE",2,"Agent 0","Agent 1",1444529,3358132369258,3358132374658
"MEMORY_COPY","MEMORY_COPY_HOST_TO_DEVICE",2,"Agent 0","Agent 1",1444533,3358132387822,3358132392902
"MEMORY_COPY","MEMORY_COPY_HOST_TO_DEVICE",2,"Agent 0","Agent 1",1444549,3358132493954,3358132504594
"MEMORY_COPY","MEMORY_COPY_DEVICE_TO_HOST",5,"Agent 1","Agent 0",1444557,3358135190569,3358135194969
"MEMORY_COPY","MEMORY_COPY_DEVICE_TO_HOST",5,"Agent 1","Agent 0",1444558,3358135200870,3358135258791
"MEMORY_COPY","MEMORY_COPY_HOST_TO_DEVICE",2,"Agent 0","Agent 1",1444569,3358135926631,3358135936391
"MEMORY_COPY","MEMORY_COPY_HOST_TO_DEVICE",2,"Agent 0","Agent 1",1444584,3358136023059,3358136041179
"MEMORY_COPY","MEMORY_COPY_HOST_TO_DEVICE",2,"Agent 0","Agent 1",1444600,3358136140961,3358136179761
"MEMORY_COPY","MEMORY_COPY_DEVICE_TO_HOST",5,"Agent 1","Agent 0",1444608,3358243404708,3358243583748
"MEMORY_COPY","MEMORY_COPY_DEVICE_TO_HOST",5,"Agent 1","Agent 0",1444609,3358243593388,3358243600468
"MEMORY_COPY","MEMORY_COPY_HOST_TO_DEVICE",2,"Agent 0","Agent 1",1444615,3358244237501,3358244247701
"MEMORY_COPY","MEMORY_COPY_HOST_TO_DEVICE",2,"Agent 0","Agent 1",1444619,3358244307061,3358244317181
"MEMORY_COPY","MEMORY_COPY_HOST_TO_DEVICE",2,"Agent 0","Agent 1",1444635,3358244428712,3358244466832
"MEMORY_COPY","MEMORY_COPY_HOST_TO_DEVICE",2,"Agent 0","Agent 1",1444787,3358247233023,3358247238223
"MEMORY_COPY","MEMORY_COPY_HOST_TO_DEVICE",2,"Agent 0","Agent 1",1444791,3358247255603,3358247260683
"MEMORY_COPY","MEMORY_COPY_HOST_TO_DEVICE",2,"Agent 0","Agent 1",1444807,3358247501754,3358247512514
"MEMORY_COPY","MEMORY_COPY_DEVICE_TO_HOST",5,"Agent 1","Agent 0",1444917,3358250208554,3358250212674
"MEMORY_COPY","MEMORY_COPY_DEVICE_TO_HOST",5,"Agent 1","Agent 0",1444918,3358250220195,3358250273355
"MEMORY_COPY","MEMORY_COPY_HOST_TO_DEVICE",2,"Agent 0","Agent 1",1444929,3358250871147,3358250876427
"MEMORY_COPY","MEMORY_COPY_HOST_TO_DEVICE",2,"Agent 0","Agent 1",1444933,3358250889527,3358250894847
"MEMORY_COPY","MEMORY_COPY_HOST_TO_DEVICE",2,"Agent 0","Agent 1",1444949,3358250998208,3358251009368
"MEMORY_COPY","MEMORY_COPY_DEVICE_TO_HOST",5,"Agent 1","Agent 0",1445064,3358254289651,3358254294051
"MEMORY_COPY","MEMORY_COPY_DEVICE_TO_HOST",5,"Agent 1","Agent 0",1445065,3358254298411,3358254351772
"MEMORY_COPY","MEMORY_COPY_HOST_TO_DEVICE",2,"Agent 0","Agent 1",1445076,3358254684643,3358254689963
"MEMORY_COPY","MEMORY_COPY_HOST_TO_DEVICE",2,"Agent 0","Agent 1",1445080,3358254745643,3358254750883
"MEMORY_COPY","MEMORY_COPY_HOST_TO_DEVICE",2,"Agent 0","Agent 1",1445096,3358254851814,3358254862854
"MEMORY_COPY","MEMORY_COPY_DEVICE_TO_HOST",5,"Agent 1","Agent 0",1445104,3358257528924,3358257533284
"MEMORY_COPY","MEMORY_COPY_DEVICE_TO_HOST",5,"Agent 1","Agent 0",1445105,3358257541084,3358257618525
"MEMORY_COPY","MEMORY_COPY_HOST_TO_DEVICE",2,"Agent 0","Agent 1",1445116,3358258006066,3358258011346
"MEMORY_COPY","MEMORY_COPY_HOST_TO_DEVICE",2,"Agent 0","Agent 1",1445120,3358258026006,3358258031806
"MEMORY_COPY","MEMORY_COPY_HOST_TO_DEVICE",2,"Agent 0","Agent 1",1445136,3358258139137,3358258150537
"MEMORY_COPY","MEMORY_COPY_DEVICE_TO_HOST",5,"Agent 1","Agent 0",1445144,3358260812977,3358260817297
"MEMORY_COPY","MEMORY_COPY_DEVICE_TO_HOST",5,"Agent 1","Agent 0",1445145,3358260822537,3358260881058
"MEMORY_COPY","MEMORY_COPY_HOST_TO_DEVICE",2,"Agent 0","Agent 1",1445156,3358261533680,3358261543400
"MEMORY_COPY","MEMORY_COPY_HOST_TO_DEVICE",2,"Agent 0","Agent 1",1445171,3358261622781,3358261641581
"MEMORY_COPY","MEMORY_COPY_HOST_TO_DEVICE",2,"Agent 0","Agent 1",1445187,3358261740921,3358261779761
"MEMORY_COPY","MEMORY_COPY_DEVICE_TO_HOST",5,"Agent 1","Agent 0",1445195,3358368959093,3358369138853
"MEMORY_COPY","MEMORY_COPY_DEVICE_TO_HOST",5,"Agent 1","Agent 0",1445196,3358369149173,3358369156413
"MEMORY_COPY","MEMORY_COPY_HOST_TO_DEVICE",2,"Agent 0","Agent 1",1445202,3358369771686,3358369781806
"MEMORY_COPY","MEMORY_COPY_HOST_TO_DEVICE",2,"Agent 0","Agent 1",1445206,3358369797796,3358369807316
"MEMORY_COPY","MEMORY_COPY_HOST_TO_DEVICE",2,"Agent 0","Agent 1",1445222,3358369919426,3358369957267
"MEMORY_COPY","MEMORY_COPY_HOST_TO_DEVICE",2,"Agent 0","Agent 1",1445374,3358372765178,3358372770498
"MEMORY_COPY","MEMORY_COPY_HOST_TO_DEVICE",2,"Agent 0","Agent 1",1445378,3358372788598,3358372793678
"MEMORY_COPY","MEMORY_COPY_HOST_TO_DEVICE",2,"Agent 0","Agent 1",1445394,3358372898378,3358372909058
"MEMORY_COPY","MEMORY_COPY_DEVICE_TO_HOST",5,"Agent 1","Agent 0",1445504,3358375650429,3358375654629
"MEMORY_COPY","MEMORY_COPY_DEVICE_TO_HOST",5,"Agent 1","Agent 0",1445505,3358375662069,3358375715749
"MEMORY_COPY","MEMORY_COPY_HOST_TO_DEVICE",2,"Agent 0","Agent 1",1445516,3358376321282,3358376326682
"MEMORY_COPY","MEMORY_COPY_HOST_TO_DEVICE",2,"Agent 0","Agent 1",1445520,3358376339872,3358376344952
"MEMORY_COPY","MEMORY_COPY_HOST_TO_DEVICE",2,"Agent 0","Agent 1",1445536,3358376447922,3358376458682
"MEMORY_COPY","MEMORY_COPY_DEVICE_TO_HOST",5,"Agent 1","Agent 0",1445651,3358379734304,3358379738624
"MEMORY_COPY","MEMORY_COPY_DEVICE_TO_HOST",5,"Agent 1","Agent 0",1445652,3358379742984,3358379809185
"MEMORY_COPY","MEMORY_COPY_HOST_TO_DEVICE",2,"Agent 0","Agent 1",1445663,3358380142826,3358380148106
"MEMORY_COPY","MEMORY_COPY_HOST_TO_DEVICE",2,"Agent 0","Agent 1",1445667,3358380159986,3358380165266
"MEMORY_COPY","MEMORY_COPY_HOST_TO_DEVICE",2,"Agent 0","Agent 1",1445683,3358380276767,3358380288047
"MEMORY_COPY","MEMORY_COPY_DEVICE_TO_HOST",5,"Agent 1","Agent 0",1445691,3358382951387,3358382955627
"MEMORY_COPY","MEMORY_COPY_DEVICE_TO_HOST",5,"Agent 1","Agent 0",1445692,3358382976147,3358383034508
"MEMORY_COPY","MEMORY_COPY_HOST_TO_DEVICE",2,"Agent 0","Agent 1",1445703,3358383379489,3358383384729
"MEMORY_COPY","MEMORY_COPY_HOST_TO_DEVICE",2,"Agent 0","Agent 1",1445707,3358383396969,3358383402289
"MEMORY_COPY","MEMORY_COPY_HOST_TO_DEVICE",2,"Agent 0","Agent 1",1445723,3358383503539,3358383514179
"MEMORY_COPY","MEMORY_COPY_DEVICE_TO_HOST",5,"Agent 1","Agent 0",1445731,3358386174740,3358386179020
"MEMORY_COPY","MEMORY_COPY_DEVICE_TO_HOST",5,"Agent 1","Agent 0",1445732,3358386183380,3358386236660
"MEMORY_COPY","MEMORY_COPY_HOST_TO_DEVICE",2,"Agent 0","Agent 1",1445743,3358386869233,3358386879033
"MEMORY_COPY","MEMORY_COPY_HOST_TO_DEVICE",2,"Agent 0","Agent 1",1445758,3358386958443,3358386979443
"MEMORY_COPY","MEMORY_COPY_HOST_TO_DEVICE",2,"Agent 0","Agent 1",1445774,3358387084134,3358387124494
"MEMORY_COPY","MEMORY_COPY_DEVICE_TO_HOST",5,"Agent 1","Agent 0",1445782,3358494918218,3358495095539
"MEMORY_COPY","MEMORY_COPY_DEVICE_TO_HOST",5,"Agent 1","Agent 0",1445783,3358495105059,3358495112099
"MEMORY_COPY","MEMORY_COPY_HOST_TO_DEVICE",2,"Agent 0","Agent 1",1445789,3358495716632,3358495726632
"MEMORY_COPY","MEMORY_COPY_HOST_TO_DEVICE",2,"Agent 0","Agent 1",1445793,3358495743402,3358495753002
"MEMORY_COPY","MEMORY_COPY_HOST_TO_DEVICE",2,"Agent 0","Agent 1",1445809,3358495862562,3358495900842
"MEMORY_COPY","MEMORY_COPY_HOST_TO_DEVICE",2,"Agent 0","Agent 1",1445961,3358498641083,3358498646243
"MEMORY_COPY","MEMORY_COPY_HOST_TO_DEVICE",2,"Agent 0","Agent 1",1445965,3358498662583,3358498667783
"MEMORY_COPY","MEMORY_COPY_HOST_TO_DEVICE",2,"Agent 0","Agent 1",1445981,3358498772524,3358498783244
"MEMORY_COPY","MEMORY_COPY_DEVICE_TO_HOST",5,"Agent 1","Agent 0",1446091,3358501499404,3358501503364
"MEMORY_COPY","MEMORY_COPY_DEVICE_TO_HOST",5,"Agent 1","Agent 0",1446092,3358501510765,3358501564605
"MEMORY_COPY","MEMORY_COPY_HOST_TO_DEVICE",2,"Agent 0","Agent 1",1446103,3358502170117,3358502175317
"MEMORY_COPY","MEMORY_COPY_HOST_TO_DEVICE",2,"Agent 0","Agent 1",1446107,3358502188707,3358502193907
"MEMORY_COPY","MEMORY_COPY_HOST_TO_DEVICE",2,"Agent 0","Agent 1",1446123,3358502296968,3358502307648
"MEMORY_COPY","MEMORY_COPY_DEVICE_TO_HOST",5,"Agent 1","Agent 0",1446238,3358505792511,3358505796792
"MEMORY_COPY","MEMORY_COPY_DEVICE_TO_HOST",5,"Agent 1","Agent 0",1446239,3358505801992,3358505882632
"MEMORY_COPY","MEMORY_COPY_HOST_TO_DEVICE",2,"Agent 0","Agent 1",1446250,3358506414714,3358506419914
"MEMORY_COPY","MEMORY_COPY_HOST_TO_DEVICE",2,"Agent 0","Agent 1",1446254,3358506432374,3358506437734
"MEMORY_COPY","MEMORY_COPY_HOST_TO_DEVICE",2,"Agent 0","Agent 1",1446270,3358506540444,3358506551925
"MEMORY_COPY","MEMORY_COPY_DEVICE_TO_HOST",5,"Agent 1","Agent 0",1446278,3358509217825,3358509222145
"MEMORY_COPY","MEMORY_COPY_DEVICE_TO_HOST",5,"Agent 1","Agent 0",1446279,3358509229905,3358509283185
"MEMORY_COPY","MEMORY_COPY_HOST_TO_DEVICE",2,"Agent 0","Agent 1",1446290,3358509631627,3358509636907
"MEMORY_COPY","MEMORY_COPY_HOST_TO_DEVICE",2,"Agent 0","Agent 1",1446294,3358509650047,3358509655367
"MEMORY_COPY","MEMORY_COPY_HOST_TO_DEVICE",2,"Agent 0","Agent 1",1446310,3358509757417,3358509768337
"MEMORY_COPY","MEMORY_COPY_DEVICE_TO_HOST",5,"Agent 1","Agent 0",1446318,3358512454028,3358512458348
"MEMORY_COPY","MEMORY_COPY_DEVICE_TO_HOST",5,"Agent 1","Agent 0",1446319,3358512462668,3358512516468
"MEMORY_COPY","MEMORY_COPY_HOST_TO_DEVICE",2,"Agent 0","Agent 1",1446330,3358513186041,3358513195681
"MEMORY_COPY","MEMORY_COPY_HOST_TO_DEVICE",2,"Agent 0","Agent 1",1446345,3358513274051,3358513292051
"MEMORY_COPY","MEMORY_COPY_HOST_TO_DEVICE",2,"Agent 0","Agent 1",1446361,3358513391422,3358513430182
"MEMORY_COPY","MEMORY_COPY_DEVICE_TO_HOST",5,"Agent 1","Agent 0",1446369,3358620529867,3358620721428
"MEMORY_COPY","MEMORY_COPY_DEVICE_TO_HOST",5,"Agent 1","Agent 0",1446370,3358620732748,3358620739988
"MEMORY_COPY","MEMORY_COPY_HOST_TO_DEVICE",2,"Agent 0","Agent 1",1446376,3358621381380,3358621391500
"MEMORY_COPY","MEMORY_COPY_HOST_TO_DEVICE",2,"Agent 0","Agent 1",1446380,3358621410201,3358621419761
"MEMORY_COPY","MEMORY_COPY_HOST_TO_DEVICE",2,"Agent 0","Agent 1",1446396,3358621531511,3358621569111
"MEMORY_COPY","MEMORY_COPY_HOST_TO_DEVICE",2,"Agent 0","Agent 1",1446548,3358624316702,3358624321902
"MEMORY_COPY","MEMORY_COPY_HOST_TO_DEVICE",2,"Agent 0","Agent 1",1446552,3358624480693,3358624485893
"MEMORY_COPY","MEMORY_COPY_HOST_TO_DEVICE",2,"Agent 0","Agent 1",1446568,3358624586993,3358624597633
"MEMORY_COPY","MEMORY_COPY_DEVICE_TO_HOST",5,"Agent 1","Agent 0",1446678,3358627302014,3358627306134
"MEMORY_COPY","MEMORY_COPY_DEVICE_TO_HOST",5,"Agent 1","Agent 0",1446679,3358627310374,3358627363974
"MEMORY_COPY","MEMORY_COPY_HOST_TO_DEVICE",2,"Agent 0","Agent 1",1446690,3358627975817,3358627981017
"MEMORY_COPY","MEMORY_COPY_HOST_TO_DEVICE",2,"Agent 0","Agent 1",1446694,3358627994017,3358627999097
"MEMORY_COPY","MEMORY_COPY_HOST_TO_DEVICE",2,"Agent 0","Agent 1",1446710,3358628176257,3358628187137
"MEMORY_COPY","MEMORY_COPY_DEVICE_TO_HOST",5,"Agent 1","Agent 0",1446825,3358631487911,3358631492271
"MEMORY_COPY","MEMORY_COPY_DEVICE_TO_HOST",5,"Agent 1","Agent 0",1446826,3358631496631,3358631550831
"MEMORY_COPY","MEMORY_COPY_HOST_TO_DEVICE",2,"Agent 0","Agent 1",1446837,3358631899602,3358631904842
"MEMORY_COPY","MEMORY_COPY_HOST_TO_DEVICE",2,"Agent 0","Agent 1",1446841,3358631916982,3358631922222
"MEMORY_COPY","MEMORY_COPY_HOST_TO_DEVICE",2,"Agent 0","Agent 1",1446857,3358632029243,3358632040123
"MEMORY_COPY","MEMORY_COPY_DEVICE_TO_HOST",5,"Agent 1","Agent 0",1446865,3358634695123,3358634699403
"MEMORY_COPY","MEMORY_COPY_DEVICE_TO_HOST",5,"Agent 1","Agent 0",1446866,3358634702923,3358634756124
"MEMORY_COPY","MEMORY_COPY_HOST_TO_DEVICE",2,"Agent 0","Agent 1",1446877,3358635077225,3358635082585
"MEMORY_COPY","MEMORY_COPY_HOST_TO_DEVICE",2,"Agent 0","Agent 1",1446881,3358635097775,3358635102895
"MEMORY_COPY","MEMORY_COPY_HOST_TO_DEVICE",2,"Agent 0","Agent 1",1446897,3358635417756,3358635429236
"MEMORY_COPY","MEMORY_COPY_DEVICE_TO_HOST",5,"Agent 1","Agent 0",1446905,3358638156107,3358638160467
"MEMORY_COPY","MEMORY_COPY_DEVICE_TO_HOST",5,"Agent 1","Agent 0",1446906,3358638164787,3358638223987
"MEMORY_COPY","MEMORY_COPY_HOST_TO_DEVICE",2,"Agent 0","Agent 1",1446917,3358638857180,3358638867020
"MEMORY_COPY","MEMORY_COPY_HOST_TO_DEVICE",2,"Agent 0","Agent 1",1446932,3358638945260,3358638963420
"MEMORY_COPY","MEMORY_COPY_HOST_TO_DEVICE",2,"Agent 0","Agent 1",1446948,3358639061401,3358639100241
"MEMORY_COPY","MEMORY_COPY_DEVICE_TO_HOST",5,"Agent 1","Agent 0",1446956,3358746325885,3358746503205
"MEMORY_COPY","MEMORY_COPY_DEVICE_TO_HOST",5,"Agent 1","Agent 0",1446957,3358746513606,3358746520846
"MEMORY_COPY","MEMORY_COPY_HOST_TO_DEVICE",2,"Agent 0","Agent 1",1446963,3358747129668,3358747139748
"MEMORY_COPY","MEMORY_COPY_HOST_TO_DEVICE",2,"Agent 0","Agent 1",1446967,3358747157718,3358747167198
"MEMORY_COPY","MEMORY_COPY_HOST_TO_DEVICE",2,"Agent 0","Agent 1",1446983,3358747279109,3358747316989
"MEMORY_COPY","MEMORY_COPY_HOST_TO_DEVICE",2,"Agent 0","Agent 1",1447135,3358750075570,3358750080890
"MEMORY_COPY","MEMORY_COPY_HOST_TO_DEVICE",2,"Agent 0","Agent 1",1447139,3358750100240,3358750105480
"MEMORY_COPY","MEMORY_COPY_HOST_TO_DEVICE",2,"Agent 0","Agent 1",1447155,3358750207170,3358750218090
"MEMORY_COPY","MEMORY_COPY_DEVICE_TO_HOST",5,"Agent 1","Agent 0",1447265,3358752964421,3358752968701
"MEMORY_COPY","MEMORY_COPY_DEVICE_TO_HOST",5,"Agent 1","Agent 0",1447266,3358752973581,3358753032541
"MEMORY_COPY","MEMORY_COPY_HOST_TO_DEVICE",2,"Agent 0","Agent 1",1447277,3358753658454,3358753663814
"MEMORY_COPY","MEMORY_COPY_HOST_TO_DEVICE",2,"Agent 0","Agent 1",1447281,3358753676724,3358753681884
"MEMORY_COPY","MEMORY_COPY_HOST_TO_DEVICE",2,"Agent 0","Agent 1",1447297,3358753787934,3358753799454
"MEMORY_COPY","MEMORY_COPY_DEVICE_TO_HOST",5,"Agent 1","Agent 0",1447412,3358757118588,3358757122828
"MEMORY_COPY","MEMORY_COPY_DEVICE_TO_HOST",5,"Agent 1","Agent 0",1447413,3358757127188,3358757215188
"MEMORY_COPY","MEMORY_COPY_HOST_TO_DEVICE",2,"Agent 0","Agent 1",1447424,3358757745510,3358757750830
"MEMORY_COPY","MEMORY_COPY_HOST_TO_DEVICE",2,"Agent 0","Agent 1",1447428,3358757763320,3358757768640
"MEMORY_COPY","MEMORY_COPY_HOST_TO_DEVICE",2,"Agent 0","Agent 1",1447444,3358757874671,3358757885951
"MEMORY_COPY","MEMORY_COPY_DEVICE_TO_HOST",5,"Agent 1","Agent 0",1447452,3358760529911,3358760534151
"MEMORY_COPY","MEMORY_COPY_DEVICE_TO_HOST",5,"Agent 1","Agent 0",1447453,3358760538511,3358760591791
"MEMORY_COPY","MEMORY_COPY_HOST_TO_DEVICE",2,"Agent 0","Agent 1",1447464,3358760914533,3358760919813
"MEMORY_COPY","MEMORY_COPY_HOST_TO_DEVICE",2,"Agent 0","Agent 1",1447468,3358760932023,3358760937343
"MEMORY_COPY","MEMORY_COPY_HOST_TO_DEVICE",2,"Agent 0","Agent 1",1447484,3358761043223,3358761054063
"MEMORY_COPY","MEMORY_COPY_DEVICE_TO_HOST",5,"Agent 1","Agent 0",1447492,3358763714174,3358763718334
"MEMORY_COPY","MEMORY_COPY_DEVICE_TO_HOST",5,"Agent 1","Agent 0",1447493,3358763722654,3358763789894
"MEMORY_COPY","MEMORY_COPY_HOST_TO_DEVICE",2,"Agent 0","Agent 1",1447504,3358764442577,3358764452297
"MEMORY_COPY","MEMORY_COPY_HOST_TO_DEVICE",2,"Agent 0","Agent 1",1447519,3358764531797,3358764550277
"MEMORY_COPY","MEMORY_COPY_HOST_TO_DEVICE",2,"Agent 0","Agent 1",1447535,3358764649468,3358764689188
"MEMORY_COPY","MEMORY_COPY_DEVICE_TO_HOST",5,"Agent 1","Agent 0",1447543,3358871826441,3358872003682
"MEMORY_COPY","MEMORY_COPY_DEVICE_TO_HOST",5,"Agent 1","Agent 0",1447544,3358872014082,3358872021162
"MEMORY_COPY","MEMORY_COPY_HOST_TO_DEVICE",2,"Agent 0","Agent 1",1447550,3358872625264,3358872635265
"MEMORY_COPY","MEMORY_COPY_HOST_TO_DEVICE",2,"Agent 0","Agent 1",1447554,3358872652735,3358872662335
"MEMORY_COPY","MEMORY_COPY_HOST_TO_DEVICE",2,"Agent 0","Agent 1",1447570,3358872775615,3358872812975
"MEMORY_COPY","MEMORY_COPY_HOST_TO_DEVICE",2,"Agent 0","Agent 1",1447722,3358875554906,3358875560266
"MEMORY_COPY","MEMORY_COPY_HOST_TO_DEVICE",2,"Agent 0","Agent 1",1447726,3358875578706,3358875584026
"MEMORY_COPY","MEMORY_COPY_HOST_TO_DEVICE",2,"Agent 0","Agent 1",1447742,3358875689017,3358875699697
"MEMORY_COPY","MEMORY_COPY_DEVICE_TO_HOST",5,"Agent 1","Agent 0",1447852,3358878405327,3358878409487
"MEMORY_COPY","MEMORY_COPY_DEVICE_TO_HOST",5,"Agent 1","Agent 0",1447853,3358878416847,3358878470048
"MEMORY_COPY","MEMORY_COPY_HOST_TO_DEVICE",2,"Agent 0","Agent 1",1447864,3358879075990,3358879081150
"MEMORY_COPY","MEMORY_COPY_HOST_TO_DEVICE",2,"Agent 0","Agent 1",1447868,3358879095650,3358879100770
"MEMORY_COPY","MEMORY_COPY_HOST_TO_DEVICE",2,"Agent 0","Agent 1",1447884,3358879204681,3358879215401
"MEMORY_COPY","MEMORY_COPY_DEVICE_TO_HOST",5,"Agent 1","Agent 0",1447999,3358882587994,3358882592234
"MEMORY_COPY","MEMORY_COPY_DEVICE_TO_HOST",5,"Agent 1","Agent 0",1448000,3358882597474,3358882650834
"MEMORY_COPY","MEMORY_COPY_HOST_TO_DEVICE",2,"Agent 0","Agent 1",1448011,3358882980196,3358882985396
"MEMORY_COPY","MEMORY_COPY_HOST_TO_DEVICE",2,"Agent 0","Agent 1",1448015,3358882997596,3358883002876
"MEMORY_COPY","MEMORY_COPY_HOST_TO_DEVICE",2,"Agent 0","Agent 1",1448031,3358883106676,3358883117956
"MEMORY_COPY","MEMORY_COPY_DEVICE_TO_HOST",5,"Agent 1","Agent 0",1448039,3358885776877,3358885781117
"MEMORY_COPY","MEMORY_COPY_DEVICE_TO_HOST",5,"Agent 1","Agent 0",1448040,3358885788957,3358885872797
"MEMORY_COPY","MEMORY_COPY_HOST_TO_DEVICE",2,"Agent 0","Agent 1",1448051,3358886198528,3358886203728
"MEMORY_COPY","MEMORY_COPY_HOST_TO_DEVICE",2,"Agent 0","Agent 1",1448055,3358886216588,3358886221628
"MEMORY_COPY","MEMORY_COPY_HOST_TO_DEVICE",2,"Agent 0","Agent 1",1448071,3358886324879,3358886336119
"MEMORY_COPY","MEMORY_COPY_DEVICE_TO_HOST",5,"Agent 1","Agent 0",1448079,3358888975739,3358888980099
"MEMORY_COPY","MEMORY_COPY_DEVICE_TO_HOST",5,"Agent 1","Agent 0",1448080,3358888985299,3358889041980
"MEMORY_COPY","MEMORY_COPY_HOST_TO_DEVICE",2,"Agent 0","Agent 1",1448091,3358889664842,3358889674682
"MEMORY_COPY","MEMORY_COPY_HOST_TO_DEVICE",2,"Agent 0","Agent 1",1448106,3358889753592,3358889771713
"MEMORY_COPY","MEMORY_COPY_HOST_TO_DEVICE",2,"Agent 0","Agent 1",1448122,3358889871013,3358889909893
"MEMORY_COPY","MEMORY_COPY_DEVICE_TO_HOST",5,"Agent 1","Agent 0",1448130,3358996905050,3358997082971
"MEMORY_COPY","MEMORY_COPY_DEVICE_TO_HOST",5,"Agent 1","Agent 0",1448131,3358997089131,3358997096691
"MEMORY_COPY","MEMORY_COPY_HOST_TO_DEVICE",2,"Agent 0","Agent 1",1448137,3358997698953,3358997708833
"MEMORY_COPY","MEMORY_COPY_HOST_TO_DEVICE",2,"Agent 0","Agent 1",1448141,3358997725033,3358997734553
"MEMORY_COPY","MEMORY_COPY_HOST_TO_DEVICE",2,"Agent 0","Agent 1",1448157,3358997848664,3358997886304
"MEMORY_COPY","MEMORY_COPY_HOST_TO_DEVICE",2,"Agent 0","Agent 1",1448309,3359000629525,3359000634645
"MEMORY_COPY","MEMORY_COPY_HOST_TO_DEVICE",2,"Agent 0","Agent 1",1448313,3359000667205,3359000672525
"MEMORY_COPY","MEMORY_COPY_HOST_TO_DEVICE",2,"Agent 0","Agent 1",1448329,3359000776385,3359000787025
"MEMORY_COPY","MEMORY_COPY_DEVICE_TO_HOST",5,"Agent 1","Agent 0",1448439,3359003479086,3359003483366
"MEMORY_COPY","MEMORY_COPY_DEVICE_TO_HOST",5,"Agent 1","Agent 0",1448440,3359003491646,3359003556046
"MEMORY_COPY","MEMORY_COPY_HOST_TO_DEVICE",2,"Agent 0","Agent 1",1448451,3359004209169,3359004214489
"MEMORY_COPY","MEMORY_COPY_HOST_TO_DEVICE",2,"Agent 0","Agent 1",1448455,3359004228029,3359004233189
"MEMORY_COPY","MEMORY_COPY_HOST_TO_DEVICE",2,"Agent 0","Agent 1",1448471,3359004339059,3359004349779
"MEMORY_COPY","MEMORY_COPY_DEVICE_TO_HOST",5,"Agent 1","Agent 0",1448586,3359007693003,3359007697203
"MEMORY_COPY","MEMORY_COPY_DEVICE_TO_HOST",5,"Agent 1","Agent 0",1448587,3359007703283,3359007756563
"MEMORY_COPY","MEMORY_COPY_HOST_TO_DEVICE",2,"Agent 0","Agent 1",1448598,3359008285155,3359008290355
"MEMORY_COPY","MEMORY_COPY_HOST_TO_DEVICE",2,"Agent 0","Agent 1",1448602,3359008302915,3359008307995
"MEMORY_COPY","MEMORY_COPY_HOST_TO_DEVICE",2,"Agent 0","Agent 1",1448618,3359008409145,3359008419946
"MEMORY_COPY","MEMORY_COPY_DEVICE_TO_HOST",5,"Agent 1","Agent 0",1448626,3359011080556,3359011084916
"MEMORY_COPY","MEMORY_COPY_DEVICE_TO_HOST",5,"Agent 1","Agent 0",1448627,3359011091796,3359011145196
"MEMORY_COPY","MEMORY_COPY_HOST_TO_DEVICE",2,"Agent 0","Agent 1",1448638,3359011450398,3359011455638
"MEMORY_COPY","MEMORY_COPY_HOST_TO_DEVICE",2,"Agent 0","Agent 1",1448642,3359011467788,3359011473028
"MEMORY_COPY","MEMORY_COPY_HOST_TO_DEVICE",2,"Agent 0","Agent 1",1448658,3359011654888,3359011665768
"MEMORY_COPY","MEMORY_COPY_DEVICE_TO_HOST",5,"Agent 1","Agent 0",1448666,3359014320969,3359014325249
"MEMORY_COPY","MEMORY_COPY_DEVICE_TO_HOST",5,"Agent 1","Agent 0",1448667,3359014329609,3359014382889
"MEMORY_COPY","MEMORY_COPY_HOST_TO_DEVICE",2,"Agent 0","Agent 1",1448678,3359015002082,3359015011962
"MEMORY_COPY","MEMORY_COPY_HOST_TO_DEVICE",2,"Agent 0","Agent 1",1448693,3359015091862,3359015109782
"MEMORY_COPY","MEMORY_COPY_HOST_TO_DEVICE",2,"Agent 0","Agent 1",1448709,3359015209232,3359015247993
"MEMORY_COPY","MEMORY_COPY_DEVICE_TO_HOST",5,"Agent 1","Agent 0",1448717,3359122691966,3359122872486
"MEMORY_COPY","MEMORY_COPY_DEVICE_TO_HOST",5,"Agent 1","Agent 0",1448718,3359122882369,3359122889569
"MEMORY_COPY","MEMORY_COPY_HOST_TO_DEVICE",2,"Agent 0","Agent 1",1448724,3359123521663,3359123531783
"MEMORY_COPY","MEMORY_COPY_HOST_TO_DEVICE",2,"Agent 0","Agent 1",1448728,3359123549676,3359123559796
"MEMORY_COPY","MEMORY_COPY_HOST_TO_DEVICE",2,"Agent 0","Agent 1",1448744,3359123674089,3359123714849
"MEMORY_COPY","MEMORY_COPY_HOST_TO_DEVICE",2,"Agent 0","Agent 1",1448896,3359126480526,3359126485646
"MEMORY_COPY","MEMORY_COPY_HOST_TO_DEVICE",2,"Agent 0","Agent 1",1448900,3359126504131,3359126509411
"MEMORY_COPY","MEMORY_COPY_HOST_TO_DEVICE",2,"Agent 0","Agent 1",1448916,3359126617731,3359126631292
"MEMORY_COPY","MEMORY_COPY_DEVICE_TO_HOST",5,"Agent 1","Agent 0",1449026,3359129396046,3359129400166
"MEMORY_COPY","MEMORY_COPY_DEVICE_TO_HOST",5,"Agent 1","Agent 0",1449027,3359129404982,3359129466782
"MEMORY_COPY","MEMORY_COPY_HOST_TO_DEVICE",2,"Agent 0","Agent 1",1449038,3359130088998,3359130094438
"MEMORY_COPY","MEMORY_COPY_HOST_TO_DEVICE",2,"Agent 0","Agent 1",1449042,3359130109215,3359130114295
"MEMORY_COPY","MEMORY_COPY_HOST_TO_DEVICE",2,"Agent 0","Agent 1",1449058,3359130227199,3359130238119
"MEMORY_COPY","MEMORY_COPY_DEVICE_TO_HOST",5,"Agent 1","Agent 0",1449173,3359133606917,3359133612077
"MEMORY_COPY","MEMORY_COPY_DEVICE_TO_HOST",5,"Agent 1","Agent 0",1449174,3359133616178,3359133676419
"MEMORY_COPY","MEMORY_COPY_HOST_TO_DEVICE",2,"Agent 0","Agent 1",1449185,3359134014688,3359134019968
"MEMORY_COPY","MEMORY_COPY_HOST_TO_DEVICE",2,"Agent 0","Agent 1",1449189,3359134034025,3359134039345
"MEMORY_COPY","MEMORY_COPY_HOST_TO_DEVICE",2,"Agent 0","Agent 1",1449205,3359134143001,3359134154002
"MEMORY_COPY","MEMORY_COPY_DEVICE_TO_HOST",5,"Agent 1","Agent 0",1449213,3359136813858,3359136818178
"MEMORY_COPY","MEMORY_COPY_DEVICE_TO_HOST",5,"Agent 1","Agent 0",1449214,3359136822020,3359136883100
"MEMORY_COPY","MEMORY_COPY_HOST_TO_DEVICE",2,"Agent 0","Agent 1",1449225,3359137232220,3359137237460
"MEMORY_COPY","MEMORY_COPY_HOST_TO_DEVICE",2,"Agent 0","Agent 1",1449229,3359137249864,3359137255144
"MEMORY_COPY","MEMORY_COPY_HOST_TO_DEVICE",2,"Agent 0","Agent 1",1449245,3359137357589,3359137368909
"MEMORY_COPY","MEMORY_COPY_DEVICE_TO_HOST",5,"Agent 1","Agent 0",1449253,3359140038132,3359140042412
"MEMORY_COPY","MEMORY_COPY_DEVICE_TO_HOST",5,"Agent 1","Agent 0",1449254,3359140046683,3359140106443
"MEMORY_COPY","MEMORY_COPY_HOST_TO_DEVICE",2,"Agent 0","Agent 1",1449265,3359140751391,3359140761271
"MEMORY_COPY","MEMORY_COPY_HOST_TO_DEVICE",2,"Agent 0","Agent 1",1449280,3359140840017,3359140859817
"MEMORY_COPY","MEMORY_COPY_HOST_TO_DEVICE",2,"Agent 0","Agent 1",1449296,3359140962839,3359141003679
"MEMORY_COPY","MEMORY_COPY_DEVICE_TO_HOST",5,"Agent 1","Agent 0",1449304,3359248243710,3359248421911
"MEMORY_COPY","MEMORY_COPY_DEVICE_TO_HOST",5,"Agent 1","Agent 0",1449305,3359248432231,3359248439511
"MEMORY_COPY","MEMORY_COPY_HOST_TO_DEVICE",2,"Agent 0","Agent 1",1449311,3359249081214,3359249091374
"MEMORY_COPY","MEMORY_COPY_HOST_TO_DEVICE",2,"Agent 0","Agent 1",1449315,3359249110494,3359249120014
"MEMORY_COPY","MEMORY_COPY_HOST_TO_DEVICE",2,"Agent 0","Agent 1",1449331,3359249234004,3359249271884
"MEMORY_COPY","MEMORY_COPY_HOST_TO_DEVICE",2,"Agent 0","Agent 1",1449483,3359252130976,3359252136216
"MEMORY_COPY","MEMORY_COPY_HOST_TO_DEVICE",2,"Agent 0","Agent 1",1449487,3359252158586,3359252164266
"MEMORY_COPY","MEMORY_COPY_HOST_TO_DEVICE",2,"Agent 0","Agent 1",1449503,3359252278126,3359252289326
"MEMORY_COPY","MEMORY_COPY_DEVICE_TO_HOST",5,"Agent 1","Agent 0",1449613,3359254986537,3359254990657
"MEMORY_COPY","MEMORY_COPY_DEVICE_TO_HOST",5,"Agent 1","Agent 0",1449614,3359254994697,3359255054137
"MEMORY_COPY","MEMORY_COPY_HOST_TO_DEVICE",2,"Agent 0","Agent 1",1449625,3359255676880,3359255682200
"MEMORY_COPY","MEMORY_COPY_HOST_TO_DEVICE",2,"Agent 0","Agent 1",1449629,3359255694830,3359255700110
"MEMORY_COPY","MEMORY_COPY_HOST_TO_DEVICE",2,"Agent 0","Agent 1",1449645,3359255804000,3359255814960
"MEMORY_COPY","MEMORY_COPY_DEVICE_TO_HOST",5,"Agent 1","Agent 0",1449760,3359259270191,3359259274511
"MEMORY_COPY","MEMORY_COPY_DEVICE_TO_HOST",5,"Agent 1","Agent 0",1449761,3359259278871,3359259332152
"MEMORY_COPY","MEMORY_COPY_HOST_TO_DEVICE",2,"Agent 0","Agent 1",1449772,3359259670123,3359259675483
"MEMORY_COPY","MEMORY_COPY_HOST_TO_DEVICE",2,"Agent 0","Agent 1",1449776,3359259688073,3359259693393
"MEMORY_COPY","MEMORY_COPY_HOST_TO_DEVICE",2,"Agent 0","Agent 1",1449792,3359259795554,3359259806194
"MEMORY_COPY","MEMORY_COPY_DEVICE_TO_HOST",5,"Agent 1","Agent 0",1449800,3359262528114,3359262532234
"MEMORY_COPY","MEMORY_COPY_DEVICE_TO_HOST",5,"Agent 1","Agent 0",1449801,3359262535754,3359262589155
"MEMORY_COPY","MEMORY_COPY_HOST_TO_DEVICE",2,"Agent 0","Agent 1",1449812,3359262896146,3359262901386
"MEMORY_COPY","MEMORY_COPY_HOST_TO_DEVICE",2,"Agent 0","Agent 1",1449816,3359262913716,3359262918996
"MEMORY_COPY","MEMORY_COPY_HOST_TO_DEVICE",2,"Agent 0","Agent 1",1449832,3359263026066,3359263037346
"MEMORY_COPY","MEMORY_COPY_DEVICE_TO_HOST",5,"Agent 1","Agent 0",1449840,3359265702787,3359265707147
"MEMORY_COPY","MEMORY_COPY_DEVICE_TO_HOST",5,"Agent 1","Agent 0",1449841,3359265710667,3359265775507
"MEMORY_COPY","MEMORY_COPY_HOST_TO_DEVICE",2,"Agent 0","Agent 1",1449852,3359266443790,3359266453790
"MEMORY_COPY","MEMORY_COPY_HOST_TO_DEVICE",2,"Agent 0","Agent 1",1449867,3359266534780,3359266557580
"MEMORY_COPY","MEMORY_COPY_HOST_TO_DEVICE",2,"Agent 0","Agent 1",1449883,3359266656311,3359266695671
"MEMORY_COPY","MEMORY_COPY_DEVICE_TO_HOST",5,"Agent 1","Agent 0",1449891,3359373794355,3359373982436
"MEMORY_COPY","MEMORY_COPY_DEVICE_TO_HOST",5,"Agent 1","Agent 0",1449892,3359374028756,3359374036276
"MEMORY_COPY","MEMORY_COPY_HOST_TO_DEVICE",2,"Agent 0","Agent 1",1449898,3359374752939,3359374763139
"MEMORY_COPY","MEMORY_COPY_HOST_TO_DEVICE",2,"Agent 0","Agent 1",1449902,3359374780769,3359374791849
"MEMORY_COPY","MEMORY_COPY_HOST_TO_DEVICE",2,"Agent 0","Agent 1",1449918,3359374919170,3359374982610
"MEMORY_COPY","MEMORY_COPY_HOST_TO_DEVICE",2,"Agent 0","Agent 1",1450070,3359377818091,3359377823371
"MEMORY_COPY","MEMORY_COPY_HOST_TO_DEVICE",2,"Agent 0","Agent 1",1450074,3359377851411,3359377856851
"MEMORY_COPY","MEMORY_COPY_HOST_TO_DEVICE",2,"Agent 0","Agent 1",1450090,3359377986832,3359377998832
"MEMORY_COPY","MEMORY_COPY_DEVICE_TO_HOST",5,"Agent 1","Agent 0",1450200,3359380733063,3359380737263
"MEMORY_COPY","MEMORY_COPY_DEVICE_TO_HOST",5,"Agent 1","Agent 0",1450201,3359380741423,3359380794543
"MEMORY_COPY","MEMORY_COPY_HOST_TO_DEVICE",2,"Agent 0","Agent 1",1450212,3359381459936,3359381465176
"MEMORY_COPY","MEMORY_COPY_HOST_TO_DEVICE",2,"Agent 0","Agent 1",1450216,3359381479986,3359381484986
"MEMORY_COPY","MEMORY_COPY_HOST_TO_DEVICE",2,"Agent 0","Agent 1",1450232,3359381592866,3359381603586
"MEMORY_COPY","MEMORY_COPY_DEVICE_TO_HOST",5,"Agent 1","Agent 0",1450347,3359384942599,3359384946919
"MEMORY_COPY","MEMORY_COPY_DEVICE_TO_HOST",5,"Agent 1","Agent 0",1450348,3359384954640,3359385010360
"MEMORY_COPY","MEMORY_COPY_HOST_TO_DEVICE",2,"Agent 0","Agent 1",1450359,3359385350931,3359385356171
"MEMORY_COPY","MEMORY_COPY_HOST_TO_DEVICE",2,"Agent 0","Agent 1",1450363,3359385368411,3359385373571
"MEMORY_COPY","MEMORY_COPY_HOST_TO_DEVICE",2,"Agent 0","Agent 1",1450379,3359385477222,3359385488062
"MEMORY_COPY","MEMORY_COPY_DEVICE_TO_HOST",5,"Agent 1","Agent 0",1450387,3359388133202,3359388137402
"MEMORY_COPY","MEMORY_COPY_DEVICE_TO_HOST",5,"Agent 1","Agent 0",1450388,3359388141722,3359388195002
"MEMORY_COPY","MEMORY_COPY_HOST_TO_DEVICE",2,"Agent 0","Agent 1",1450399,3359388521234,3359388526474
"MEMORY_COPY","MEMORY_COPY_HOST_TO_DEVICE",2,"Agent 0","Agent 1",1450403,3359388618534,3359388623734
"MEMORY_COPY","MEMORY_COPY_HOST_TO_DEVICE",2,"Agent 0","Agent 1",1450419,3359388726465,3359388737105
"MEMORY_COPY","MEMORY_COPY_DEVICE_TO_HOST",5,"Agent 1","Agent 0",1450427,3359391418395,3359391422835
"MEMORY_COPY","MEMORY_COPY_DEVICE_TO_HOST",5,"Agent 1","Agent 0",1450428,3359391430595,3359391510956
"MEMORY_COPY","MEMORY_COPY_HOST_TO_DEVICE",2,"Agent 0","Agent 1",1450439,3359393553664,3359393563504
"MEMORY_COPY","MEMORY_COPY_HOST_TO_DEVICE",2,"Agent 0","Agent 1",1450454,3359393646514,3359393664474
"MEMORY_COPY","MEMORY_COPY_HOST_TO_DEVICE",2,"Agent 0","Agent 1",1450470,3359393762655,3359393801695
"MEMORY_COPY","MEMORY_COPY_DEVICE_TO_HOST",5,"Agent 1","Agent 0",1457784,3359503683714,3359503861235
"MEMORY_COPY","MEMORY_COPY_DEVICE_TO_HOST",5,"Agent 1","Agent 0",1457785,3359503872795,3359503879995
"MEMORY_COPY","MEMORY_COPY_HOST_TO_DEVICE",2,"Agent 0","Agent 1",1457791,3359504734578,3359504744658
"MEMORY_COPY","MEMORY_COPY_HOST_TO_DEVICE",2,"Agent 0","Agent 1",1457795,3359504765188,3359504774828
"MEMORY_COPY","MEMORY_COPY_HOST_TO_DEVICE",2,"Agent 0","Agent 1",1457811,3359504889029,3359504928709
"MEMORY_COPY","MEMORY_COPY_HOST_TO_DEVICE",2,"Agent 0","Agent 1",1457963,3359509274976,3359509280616
"MEMORY_COPY","MEMORY_COPY_HOST_TO_DEVICE",2,"Agent 0","Agent 1",1457978,3359509367847,3359509386967
"MEMORY_COPY","MEMORY_COPY_HOST_TO_DEVICE",2,"Agent 0","Agent 1",1457994,3359509486197,3359509497277
"MEMORY_COPY","MEMORY_COPY_DEVICE_TO_HOST",5,"Agent 1","Agent 0",1464204,3359578530345,3359578568425
"MEMORY_COPY","MEMORY_COPY_DEVICE_TO_HOST",5,"Agent 1","Agent 0",1464205,3359578578545,3359578582785
"MEMORY_COPY","MEMORY_COPY_HOST_TO_DEVICE",2,"Agent 0","Agent 1",1464211,3359579275158,3359579280518
"MEMORY_COPY","MEMORY_COPY_HOST_TO_DEVICE",2,"Agent 0","Agent 1",1464215,3359579299168,3359579304408
"MEMORY_COPY","MEMORY_COPY_HOST_TO_DEVICE",2,"Agent 0","Agent 1",1464231,3359579415679,3359579426519
