"Kind","Direction","Stream_Id","Source_Agent_Id","Destination_Agent_Id","Correlation_Id","Start_Timestamp","End_Timestamp"
"MEMORY_COPY","MEMORY_COPY_HOST_TO_DEVICE",1,"Agent 0","Agent 1",76,14541606104199,14541606110759
"MEMORY_COPY","MEMORY_COPY_HOST_TO_DEVICE",1,"Agent 0","Agent 1",79,14541607978090,14541609629621
"MEMORY_COPY","MEMORY_COPY_HOST_TO_DEVICE",1,"Agent 0","Agent 1",79,14541610225655,14541611913505
"MEMORY_COPY","MEMORY_COPY_HOST_TO_DEVICE",1,"Agent 0","Agent 1",79,14541612021006,14541613573856
"MEMORY_COPY","MEMORY_COPY_HOST_TO_DEVICE",1,"Agent 0","Agent 1",79,14541613577656,14541615070945
"MEMORY_COPY","MEMORY_COPY_HOST_TO_DEVICE",1,"Agent 0","Agent 1",79,14541615074745,14541616575435
"MEMORY_COPY","MEMORY_COPY_HOST_TO_DEVICE",1,"Agent 0","Agent 1",79,14541616579235,14541618090684
"MEMORY_COPY","MEMORY_COPY_HOST_TO_DEVICE",1,"Agent 0","Agent 1",79,14541618094524,14541619589974
"MEMORY_COPY","MEMORY_COPY_HOST_TO_DEVICE",1,"Agent 0","Agent 1",79,14541619593814,14541621131224
"MEMORY_COPY","MEMORY_COPY_HOST_TO_DEVICE",1,"Agent 0","Agent 1",79,14541621135024,14541622665313
"MEMORY_COPY","MEMORY_COPY_HOST_TO_DEVICE",1,"Agent 0","Agent 1",79,14541622669113,14541624244923
"MEMORY_COPY","MEMORY_COPY_HOST_TO_DEVICE",1,"Agent 0","Agent 1",79,14541624248763,14541625938814
"MEMORY_COPY","MEMORY_COPY_HOST_TO_DEVICE",1,"Agent 0","Agent 1",79,14541625942614,14541627533864
"MEMORY_COPY","MEMORY_COPY_HOST_TO_DEVICE",1,"Agent 0","Agent 1",79,14541627537664,14541629041994
"MEMORY_COPY","MEMORY_COPY_HOST_TO_DEVICE",1,"Agent 0","Agent 1",79,14541629045794,14541630517763
"MEMORY_COPY","MEMORY_COPY_HOST_TO_DEVICE",1,"Agent 0","Agent 1",79,14541630521563,14541631919892
"MEMORY_COPY","MEMORY_COPY_HOST_TO_DEVICE",1,"Agent 0","Agent 1",79,14541631923652,14541633332341
"MEMORY_COPY","MEMORY_COPY_HOST_TO_DEVICE",1,"Agent 0","Agent 1",79,14541633336141,14541633731783
"MEMORY_COPY","MEMORY_COPY_HOST_TO_DEVICE",1,"Agent 0","Agent 1",82,14541633780884,14541633786644
"MEMORY_COPY","MEMORY_COPY_HOST_TO_DEVICE",1,"Agent 0","Agent 1",85,14541633804584,14541633810064
"MEMORY_COPY","MEMORY_COPY_HOST_TO_DEVICE",1,"Agent 0","Agent 1",88,14541634420458,14541635305423
"MEMORY_COPY","MEMORY_COPY_HOST_TO_DEVICE",1,"Agent 0","Agent 1",91,14541635624005,14541636175809
"MEMORY_COPY","MEMORY_COPY_HOST_TO_DEVICE",1,"Agent 0","Agent 1",94,14541636211969,14541636225489
"MEMORY_COPY","MEMORY_COPY_HOST_TO_DEVICE",1,"Agent 0","Agent 1",103,14541636331530,14541636339010
"MEMORY_COPY","MEMORY_COPY_HOST_TO_DEVICE",1,"Agent 0","Agent 1",106,14541636358460,14541636367860
"MEMORY_COPY","MEMORY_COPY_HOST_TO_DEVICE",1,"Agent 0","Agent 1",112,14541637654508,14541638224432
"MEMORY_COPY","MEMORY_COPY_HOST_TO_DEVICE",1,"Agent 0","Agent 1",115,14541640339855,14541641868105
"MEMORY_COPY","MEMORY_COPY_HOST_TO_DEVICE",1,"Agent 0","Agent 1",115,14541641871905,14541641907105
"MEMORY_COPY","MEMORY_COPY_HOST_TO_DEVICE",1,"Agent 0","Agent 1",118,14541643411425,14541645026715
"MEMORY_COPY","MEMORY_COPY_HOST_TO_DEVICE",1,"Agent 0","Agent 1",118,14541645030435,14541645068635
"MEMORY_COPY","MEMORY_COPY_HOST_TO_DEVICE",1,"Agent 0","Agent 1",121,14541647475900,14541649039350
"MEMORY_COPY","MEMORY_COPY_HOST_TO_DEVICE",1,"Agent 0","Agent 1",121,14541649043070,14541649079391
"MEMORY_COPY","MEMORY_COPY_HOST_TO_DEVICE",1,"Agent 0","Agent 1",124,14541649109681,14541649115161
"MEMORY_COPY","MEMORY_COPY_HOST_TO_DEVICE",1,"Agent 0","Agent 1",127,14541649131301,14541649136941
"MEMORY_COPY","MEMORY_COPY_HOST_TO_DEVICE",1,"Agent 0","Agent 1",130,14541650937532,14541651789138
"MEMORY_COPY","MEMORY_COPY_HOST_TO_DEVICE",1,"Agent 0","Agent 1",133,14541652937025,14541653464628
"MEMORY_COPY","MEMORY_COPY_HOST_TO_DEVICE",1,"Agent 0","Agent 1",136,14541653507649,14541653520969
"MEMORY_COPY","MEMORY_COPY_HOST_TO_DEVICE",1,"Agent 0","Agent 1",145,14541653611809,14541653619169
"MEMORY_COPY","MEMORY_COPY_HOST_TO_DEVICE",1,"Agent 0","Agent 1",148,14541653639560,14541653646840
"MEMORY_COPY","MEMORY_COPY_HOST_TO_DEVICE",1,"Agent 0","Agent 1",154,14541654209703,14541654830107
"MEMORY_COPY","MEMORY_COPY_HOST_TO_DEVICE",1,"Agent 0","Agent 1",157,14541656825570,14541658217419
"MEMORY_COPY","MEMORY_COPY_HOST_TO_DEVICE",1,"Agent 0","Agent 1",157,14541658221099,14541658259499
"MEMORY_COPY","MEMORY_COPY_HOST_TO_DEVICE",1,"Agent 0","Agent 1",160,14541660408032,14541661919962
"MEMORY_COPY","MEMORY_COPY_HOST_TO_DEVICE",1,"Agent 0","Agent 1",160,14541661926362,14541661962722
"MEMORY_COPY","MEMORY_COPY_HOST_TO_DEVICE",1,"Agent 0","Agent 1",163,14541663130250,14541664703220
"MEMORY_COPY","MEMORY_COPY_HOST_TO_DEVICE",1,"Agent 0","Agent 1",163,14541664706980,14541664743220
"MEMORY_COPY","MEMORY_COPY_HOST_TO_DEVICE",1,"Agent 0","Agent 1",166,14541664769260,14541664774980
"MEMORY_COPY","MEMORY_COPY_HOST_TO_DEVICE",1,"Agent 0","Agent 1",169,14541664791330,14541664797090
"MEMORY_COPY","MEMORY_COPY_HOST_TO_DEVICE",1,"Agent 0","Agent 1",172,14541665854517,14541666715362
"MEMORY_COPY","MEMORY_COPY_HOST_TO_DEVICE",1,"Agent 0","Agent 1",175,14541667445117,14541668015241
"MEMORY_COPY","MEMORY_COPY_HOST_TO_DEVICE",1,"Agent 0","Agent 1",178,14541668055441,14541668069161
"MEMORY_COPY","MEMORY_COPY_HOST_TO_DEVICE",1,"Agent 0","Agent 1",187,14541668309242,14541668316882
"MEMORY_COPY","MEMORY_COPY_HOST_TO_DEVICE",1,"Agent 0","Agent 1",190,14541668367853,14541668375333
"MEMORY_COPY","MEMORY_COPY_HOST_TO_DEVICE",1,"Agent 0","Agent 1",196,14541669287806,14541669887289
"MEMORY_COPY","MEMORY_COPY_HOST_TO_DEVICE",1,"Agent 0","Agent 1",199,14541671512409,14541672963138
"MEMORY_COPY","MEMORY_COPY_HOST_TO_DEVICE",1,"Agent 0","Agent 1",199,14541672966858,14541673004818
"MEMORY_COPY","MEMORY_COPY_HOST_TO_DEVICE",1,"Agent 0","Agent 1",202,14541674417007,14541675839336
"MEMORY_COPY","MEMORY_COPY_HOST_TO_DEVICE",1,"Agent 0","Agent 1",202,14541675843096,14541675879656
"MEMORY_COPY","MEMORY_COPY_HOST_TO_DEVICE",1,"Agent 0","Agent 1",205,14541678140100,14541679656150
"MEMORY_COPY","MEMORY_COPY_HOST_TO_DEVICE",1,"Agent 0","Agent 1",205,14541679659910,14541679696750
"MEMORY_COPY","MEMORY_COPY_HOST_TO_DEVICE",1,"Agent 0","Agent 1",208,14541679718770,14541679724530
"MEMORY_COPY","MEMORY_COPY_HOST_TO_DEVICE",1,"Agent 0","Agent 1",211,14541679743451,14541679749331
"MEMORY_COPY","MEMORY_COPY_HOST_TO_DEVICE",1,"Agent 0","Agent 1",214,14541681380201,14541682568368
"MEMORY_COPY","MEMORY_COPY_HOST_TO_DEVICE",1,"Agent 0","Agent 1",217,14541682742999,14541682842800
"MEMORY_COPY","MEMORY_COPY_HOST_TO_DEVICE",1,"Agent 0","Agent 1",220,14541683028181,14541683148742
"MEMORY_COPY","MEMORY_COPY_HOST_TO_DEVICE",1,"Agent 0","Agent 1",223,14541684009357,14541684599801
"MEMORY_COPY","MEMORY_COPY_HOST_TO_DEVICE",1,"Agent 0","Agent 1",232,14541686631684,14541688224454
"MEMORY_COPY","MEMORY_COPY_HOST_TO_DEVICE",1,"Agent 0","Agent 1",232,14541688228254,14541688265294
"MEMORY_COPY","MEMORY_COPY_HOST_TO_DEVICE",1,"Agent 0","Agent 1",235,14541690293107,14541691708636
"MEMORY_COPY","MEMORY_COPY_HOST_TO_DEVICE",1,"Agent 0","Agent 1",235,14541691712356,14541691748836
"MEMORY_COPY","MEMORY_COPY_HOST_TO_DEVICE",1,"Agent 0","Agent 1",238,14541693175005,14541694652134
"MEMORY_COPY","MEMORY_COPY_HOST_TO_DEVICE",1,"Agent 0","Agent 1",238,14541694655935,14541694692935
"MEMORY_COPY","MEMORY_COPY_HOST_TO_DEVICE",1,"Agent 0","Agent 1",241,14541694716295,14541694722055
"MEMORY_COPY","MEMORY_COPY_HOST_TO_DEVICE",1,"Agent 0","Agent 1",244,14541694738615,14541694744575
"MEMORY_COPY","MEMORY_COPY_HOST_TO_DEVICE",1,"Agent 0","Agent 1",247,14541696172784,14541697051310
"MEMORY_COPY","MEMORY_COPY_HOST_TO_DEVICE",1,"Agent 0","Agent 1",250,14541697358882,14541697857685
"MEMORY_COPY","MEMORY_COPY_HOST_TO_DEVICE",1,"Agent 0","Agent 1",253,14541697892465,14541697906265
"MEMORY_COPY","MEMORY_COPY_HOST_TO_DEVICE",1,"Agent 0","Agent 1",262,14541697996696,14541698004456
"MEMORY_COPY","MEMORY_COPY_HOST_TO_DEVICE",1,"Agent 0","Agent 1",265,14541698023786,14541698031306
"MEMORY_COPY","MEMORY_COPY_HOST_TO_DEVICE",1,"Agent 0","Agent 1",271,14541698359088,14541698840571
"MEMORY_COPY","MEMORY_COPY_HOST_TO_DEVICE",1,"Agent 0","Agent 1",274,14541699799677,14541701280406
"MEMORY_COPY","MEMORY_COPY_HOST_TO_DEVICE",1,"Agent 0","Agent 1",274,14541701284126,14541701321767
"MEMORY_COPY","MEMORY_COPY_HOST_TO_DEVICE",1,"Agent 0","Agent 1",277,14541703347569,14541704903579
"MEMORY_COPY","MEMORY_COPY_HOST_TO_DEVICE",1,"Agent 0","Agent 1",277,14541704907459,14541704943939
"MEMORY_COPY","MEMORY_COPY_HOST_TO_DEVICE",1,"Agent 0","Agent 1",280,14541706087857,14541707466905
"MEMORY_COPY","MEMORY_COPY_HOST_TO_DEVICE",1,"Agent 0","Agent 1",280,14541707470705,14541707508145
"MEMORY_COPY","MEMORY_COPY_HOST_TO_DEVICE",1,"Agent 0","Agent 1",283,14541707541196,14541707546956
"MEMORY_COPY","MEMORY_COPY_HOST_TO_DEVICE",1,"Agent 0","Agent 1",286,14541707565096,14541707571016
"MEMORY_COPY","MEMORY_COPY_HOST_TO_DEVICE",1,"Agent 0","Agent 1",289,14541707922838,14541708633363
"MEMORY_COPY","MEMORY_COPY_HOST_TO_DEVICE",1,"Agent 0","Agent 1",292,14541708886644,14541709323407
"MEMORY_COPY","MEMORY_COPY_HOST_TO_DEVICE",1,"Agent 0","Agent 1",295,14541709361377,14541709375377
"MEMORY_COPY","MEMORY_COPY_HOST_TO_DEVICE",1,"Agent 0","Agent 1",304,14541709467558,14541709475318
"MEMORY_COPY","MEMORY_COPY_HOST_TO_DEVICE",1,"Agent 0","Agent 1",307,14541709496688,14541709504488
"MEMORY_COPY","MEMORY_COPY_HOST_TO_DEVICE",1,"Agent 0","Agent 1",313,14541709809050,14541710306253
"MEMORY_COPY","MEMORY_COPY_HOST_TO_DEVICE",1,"Agent 0","Agent 1",316,14541710957847,14541712172415
"MEMORY_COPY","MEMORY_COPY_HOST_TO_DEVICE",1,"Agent 0","Agent 1",316,14541712177095,14541712214455
"MEMORY_COPY","MEMORY_COPY_HOST_TO_DEVICE",1,"Agent 0","Agent 1",319,14541712625208,14541713823015
"MEMORY_COPY","MEMORY_COPY_HOST_TO_DEVICE",1,"Agent 0","Agent 1",319,14541713826855,14541713864056
"MEMORY_COPY","MEMORY_COPY_HOST_TO_DEVICE",1,"Agent 0","Agent 1",322,14541714516220,14541715805708
"MEMORY_COPY","MEMORY_COPY_HOST_TO_DEVICE",1,"Agent 0","Agent 1",322,14541715809388,14541715847828
"MEMORY_COPY","MEMORY_COPY_HOST_TO_DEVICE",1,"Agent 0","Agent 1",325,14541715880048,14541715885928
"MEMORY_COPY","MEMORY_COPY_HOST_TO_DEVICE",1,"Agent 0","Agent 1",328,14541715909048,14541715915168
"MEMORY_COPY","MEMORY_COPY_HOST_TO_DEVICE",1,"Agent 0","Agent 1",331,14541716307431,14541717019395
"MEMORY_COPY","MEMORY_COPY_HOST_TO_DEVICE",1,"Agent 0","Agent 1",334,14541717299757,14541717728440
"MEMORY_COPY","MEMORY_COPY_HOST_TO_DEVICE",1,"Agent 0","Agent 1",337,14541717764200,14541717778280
"MEMORY_COPY","MEMORY_COPY_HOST_TO_DEVICE",1,"Agent 0","Agent 1",346,14541717874621,14541717882301
"MEMORY_COPY","MEMORY_COPY_HOST_TO_DEVICE",1,"Agent 0","Agent 1",349,14541717903941,14541717911621
"MEMORY_COPY","MEMORY_COPY_HOST_TO_DEVICE",1,"Agent 0","Agent 1",355,14541718915707,14541719397150
"MEMORY_COPY","MEMORY_COPY_HOST_TO_DEVICE",1,"Agent 0","Agent 1",358,14541719845703,14541721067071
"MEMORY_COPY","MEMORY_COPY_HOST_TO_DEVICE",1,"Agent 0","Agent 1",358,14541721070911,14541721108471
"MEMORY_COPY","MEMORY_COPY_HOST_TO_DEVICE",1,"Agent 0","Agent 1",361,14541721756965,14541723073534
"MEMORY_COPY","MEMORY_COPY_HOST_TO_DEVICE",1,"Agent 0","Agent 1",361,14541723077254,14541723114774
"MEMORY_COPY","MEMORY_COPY_HOST_TO_DEVICE",1,"Agent 0","Agent 1",364,14541723767588,14541725234357
"MEMORY_COPY","MEMORY_COPY_HOST_TO_DEVICE",1,"Agent 0","Agent 1",364,14541725238077,14541725275557
"MEMORY_COPY","MEMORY_COPY_HOST_TO_DEVICE",1,"Agent 0","Agent 1",367,14541725297688,14541725303728
"MEMORY_COPY","MEMORY_COPY_HOST_TO_DEVICE",1,"Agent 0","Agent 1",370,14541725320368,14541725326128
"MEMORY_COPY","MEMORY_COPY_HOST_TO_DEVICE",1,"Agent 0","Agent 1",373,14541725756400,14541726711326
"MEMORY_COPY","MEMORY_COPY_HOST_TO_DEVICE",1,"Agent 0","Agent 1",376,14541726778967,14541726863447
"MEMORY_COPY","MEMORY_COPY_HOST_TO_DEVICE",1,"Agent 0","Agent 1",379,14541727036559,14541727140439
"MEMORY_COPY","MEMORY_COPY_HOST_TO_DEVICE",1,"Agent 0","Agent 1",382,14541727396951,14541727882074
"MEMORY_COPY","MEMORY_COPY_HOST_TO_DEVICE",1,"Agent 0","Agent 1",391,14541728627069,14541729970117
"MEMORY_COPY","MEMORY_COPY_HOST_TO_DEVICE",1,"Agent 0","Agent 1",391,14541729974797,14541730016277
"MEMORY_COPY","MEMORY_COPY_HOST_TO_DEVICE",1,"Agent 0","Agent 1",394,14541730474030,14541731794558
"MEMORY_COPY","MEMORY_COPY_HOST_TO_DEVICE",1,"Agent 0","Agent 1",394,14541731798599,14541731845919
"MEMORY_COPY","MEMORY_COPY_HOST_TO_DEVICE",1,"Agent 0","Agent 1",397,14541732518359,14541733803567
"MEMORY_COPY","MEMORY_COPY_HOST_TO_DEVICE",1,"Agent 0","Agent 1",397,14541733812047,14541733852367
"MEMORY_COPY","MEMORY_COPY_HOST_TO_DEVICE",1,"Agent 0","Agent 1",400,14541733880657,14541733886737
"MEMORY_COPY","MEMORY_COPY_HOST_TO_DEVICE",1,"Agent 0","Agent 1",403,14541733907737,14541733913657
"MEMORY_COPY","MEMORY_COPY_HOST_TO_DEVICE",1,"Agent 0","Agent 1",406,14541734300430,14541735065354
"MEMORY_COPY","MEMORY_COPY_HOST_TO_DEVICE",1,"Agent 0","Agent 1",409,14541735353356,14541735793159
"MEMORY_COPY","MEMORY_COPY_HOST_TO_DEVICE",1,"Agent 0","Agent 1",412,14541735833549,14541735848669
"MEMORY_COPY","MEMORY_COPY_HOST_TO_DEVICE",1,"Agent 0","Agent 1",421,14541735949890,14541735957690
"MEMORY_COPY","MEMORY_COPY_HOST_TO_DEVICE",1,"Agent 0","Agent 1",424,14541735980920,14541735989040
"MEMORY_COPY","MEMORY_COPY_HOST_TO_DEVICE",1,"Agent 0","Agent 1",430,14541736338893,14541736829096
"MEMORY_COPY","MEMORY_COPY_HOST_TO_DEVICE",1,"Agent 0","Agent 1",433,14541737502260,14541738833068
"MEMORY_COPY","MEMORY_COPY_HOST_TO_DEVICE",1,"Agent 0","Agent 1",433,14541738836908,14541738876069
"MEMORY_COPY","MEMORY_COPY_HOST_TO_DEVICE",1,"Agent 0","Agent 1",436,14541739527373,14541740753460
"MEMORY_COPY","MEMORY_COPY_HOST_TO_DEVICE",1,"Agent 0","Agent 1",436,14541740757221,14541740795101
"MEMORY_COPY","MEMORY_COPY_HOST_TO_DEVICE",1,"Agent 0","Agent 1",439,14541741446425,14541742692993
"MEMORY_COPY","MEMORY_COPY_HOST_TO_DEVICE",1,"Agent 0","Agent 1",439,14541742696793,14541742733833
"MEMORY_COPY","MEMORY_COPY_HOST_TO_DEVICE",1,"Agent 0","Agent 1",442,14541742755773,14541742761733
"MEMORY_COPY","MEMORY_COPY_HOST_TO_DEVICE",1,"Agent 0","Agent 1",445,14541742781123,14541742786963
"MEMORY_COPY","MEMORY_COPY_HOST_TO_DEVICE",1,"Agent 0","Agent 1",448,14541743103435,14541743813920
"MEMORY_COPY","MEMORY_COPY_HOST_TO_DEVICE",1,"Agent 0","Agent 1",451,14541744055841,14541744484404
"MEMORY_COPY","MEMORY_COPY_HOST_TO_DEVICE",1,"Agent 0","Agent 1",454,14541744518784,14541744532704
"MEMORY_COPY","MEMORY_COPY_HOST_TO_DEVICE",1,"Agent 0","Agent 1",463,14541744618815,14541744626455
"MEMORY_COPY","MEMORY_COPY_HOST_TO_DEVICE",1,"Agent 0","Agent 1",466,14541744644525,14541744652325
"MEMORY_COPY","MEMORY_COPY_HOST_TO_DEVICE",1,"Agent 0","Agent 1",472,14541744999387,14541745479750
"MEMORY_COPY","MEMORY_COPY_HOST_TO_DEVICE",1,"Agent 0","Agent 1",475,14541746131345,14541747323352
"MEMORY_COPY","MEMORY_COPY_HOST_TO_DEVICE",1,"Agent 0","Agent 1",475,14541747327112,14541747364952
"MEMORY_COPY","MEMORY_COPY_HOST_TO_DEVICE",1,"Agent 0","Agent 1",478,14541747766685,14541748991413
"MEMORY_COPY","MEMORY_COPY_HOST_TO_DEVICE",1,"Agent 0","Agent 1",478,14541748995253,14541749032813
"MEMORY_COPY","MEMORY_COPY_HOST_TO_DEVICE",1,"Agent 0","Agent 1",481,14541749685107,14541750891835
"MEMORY_COPY","MEMORY_COPY_HOST_TO_DEVICE",1,"Agent 0","Agent 1",481,14541750895595,14541750935475
"MEMORY_COPY","MEMORY_COPY_HOST_TO_DEVICE",1,"Agent 0","Agent 1",484,14541750956875,14541750962675
"MEMORY_COPY","MEMORY_COPY_HOST_TO_DEVICE",1,"Agent 0","Agent 1",487,14541750978075,14541750983955
"MEMORY_COPY","MEMORY_COPY_HOST_TO_DEVICE",1,"Agent 0","Agent 1",490,14541751356808,14541752069532
"MEMORY_COPY","MEMORY_COPY_HOST_TO_DEVICE",1,"Agent 0","Agent 1",493,14541752341834,14541752770237
"MEMORY_COPY","MEMORY_COPY_HOST_TO_DEVICE",1,"Agent 0","Agent 1",496,14541752805327,14541752819407
"MEMORY_COPY","MEMORY_COPY_HOST_TO_DEVICE",1,"Agent 0","Agent 1",505,14541752909077,14541752916558
"MEMORY_COPY","MEMORY_COPY_HOST_TO_DEVICE",1,"Agent 0","Agent 1",508,14541752934768,14541752942368
"MEMORY_COPY","MEMORY_COPY_HOST_TO_DEVICE",1,"Agent 0","Agent 1",514,14541753247810,14541753728093
"MEMORY_COPY","MEMORY_COPY_HOST_TO_DEVICE",1,"Agent 0","Agent 1",517,14541754379687,14541755570254
"MEMORY_COPY","MEMORY_COPY_HOST_TO_DEVICE",1,"Agent 0","Agent 1",517,14541755574134,14541755611055
"MEMORY_COPY","MEMORY_COPY_HOST_TO_DEVICE",1,"Agent 0","Agent 1",520,14541756066277,14541757255125
"MEMORY_COPY","MEMORY_COPY_HOST_TO_DEVICE",1,"Agent 0","Agent 1",520,14541757258925,14541757296285
"MEMORY_COPY","MEMORY_COPY_HOST_TO_DEVICE",1,"Agent 0","Agent 1",523,14541757748928,14541758948896
"MEMORY_COPY","MEMORY_COPY_HOST_TO_DEVICE",1,"Agent 0","Agent 1",523,14541758952696,14541758991016
"MEMORY_COPY","MEMORY_COPY_HOST_TO_DEVICE",1,"Agent 0","Agent 1",526,14541759016166,14541759022286
"MEMORY_COPY","MEMORY_COPY_HOST_TO_DEVICE",1,"Agent 0","Agent 1",529,14541759038316,14541759044356
"MEMORY_COPY","MEMORY_COPY_HOST_TO_DEVICE",1,"Agent 0","Agent 1",532,14541759414879,14541760369325
"MEMORY_COPY","MEMORY_COPY_HOST_TO_DEVICE",1,"Agent 0","Agent 1",535,14541760432485,14541760516766
"MEMORY_COPY","MEMORY_COPY_HOST_TO_DEVICE",1,"Agent 0","Agent 1",538,14541760693497,14541760796857
"MEMORY_COPY","MEMORY_COPY_HOST_TO_DEVICE",1,"Agent 0","Agent 1",541,14541761050509,14541761530592
"MEMORY_COPY","MEMORY_COPY_HOST_TO_DEVICE",1,"Agent 0","Agent 1",550,14541762036575,14541763262343
"MEMORY_COPY","MEMORY_COPY_HOST_TO_DEVICE",1,"Agent 0","Agent 1",550,14541763266103,14541763303783
"MEMORY_COPY","MEMORY_COPY_HOST_TO_DEVICE",1,"Agent 0","Agent 1",553,14541763959597,14541765164085
"MEMORY_COPY","MEMORY_COPY_HOST_TO_DEVICE",1,"Agent 0","Agent 1",553,14541765167845,14541765205805
"MEMORY_COPY","MEMORY_COPY_HOST_TO_DEVICE",1,"Agent 0","Agent 1",556,14541765618188,14541766833156
"MEMORY_COPY","MEMORY_COPY_HOST_TO_DEVICE",1,"Agent 0","Agent 1",556,14541766836836,14541766873996
"MEMORY_COPY","MEMORY_COPY_HOST_TO_DEVICE",1,"Agent 0","Agent 1",559,14541766894346,14541766899786
"MEMORY_COPY","MEMORY_COPY_HOST_TO_DEVICE",1,"Agent 0","Agent 1",562,14541766917376,14541766922936
"MEMORY_COPY","MEMORY_COPY_HOST_TO_DEVICE",1,"Agent 0","Agent 1",565,14541767287539,14541767997863
"MEMORY_COPY","MEMORY_COPY_HOST_TO_DEVICE",1,"Agent 0","Agent 1",568,14541768238375,14541768666817
"MEMORY_COPY","MEMORY_COPY_HOST_TO_DEVICE",1,"Agent 0","Agent 1",571,14541768704078,14541768717878
"MEMORY_COPY","MEMORY_COPY_HOST_TO_DEVICE",1,"Agent 0","Agent 1",580,14541768806368,14541768813608
"MEMORY_COPY","MEMORY_COPY_HOST_TO_DEVICE",1,"Agent 0","Agent 1",583,14541768832528,14541768839888
"MEMORY_COPY","MEMORY_COPY_HOST_TO_DEVICE",1,"Agent 0","Agent 1",589,14541769382222,14541770021346
"MEMORY_COPY","MEMORY_COPY_HOST_TO_DEVICE",1,"Agent 0","Agent 1",592,14541771034752,14541772479121
"MEMORY_COPY","MEMORY_COPY_HOST_TO_DEVICE",1,"Agent 0","Agent 1",592,14541772482841,14541772522122
"MEMORY_COPY","MEMORY_COPY_HOST_TO_DEVICE",1,"Agent 0","Agent 1",595,14541772926464,14541774150552
"MEMORY_COPY","MEMORY_COPY_HOST_TO_DEVICE",1,"Agent 0","Agent 1",595,14541774154192,14541774193232
"MEMORY_COPY","MEMORY_COPY_HOST_TO_DEVICE",1,"Agent 0","Agent 1",598,14541775507471,14541777087881
"MEMORY_COPY","MEMORY_COPY_HOST_TO_DEVICE",1,"Agent 0","Agent 1",598,14541777091561,14541777128161
"MEMORY_COPY","MEMORY_COPY_HOST_TO_DEVICE",1,"Agent 0","Agent 1",601,14541777149271,14541777154751
"MEMORY_COPY","MEMORY_COPY_HOST_TO_DEVICE",1,"Agent 0","Agent 1",604,14541777170221,14541777175901
"MEMORY_COPY","MEMORY_COPY_HOST_TO_DEVICE",1,"Agent 0","Agent 1",607,14541778247498,14541779099343
"MEMORY_COPY","MEMORY_COPY_HOST_TO_DEVICE",1,"Agent 0","Agent 1",610,14541779688547,14541780304591
"MEMORY_COPY","MEMORY_COPY_HOST_TO_DEVICE",1,"Agent 0","Agent 1",613,14541780353111,14541780367671
"MEMORY_COPY","MEMORY_COPY_HOST_TO_DEVICE",1,"Agent 0","Agent 1",622,14541780454942,14541780462422
"MEMORY_COPY","MEMORY_COPY_HOST_TO_DEVICE",1,"Agent 0","Agent 1",625,14541780481982,14541780489542
"MEMORY_COPY","MEMORY_COPY_HOST_TO_DEVICE",1,"Agent 0","Agent 1",631,14541781314397,14541782008722
"MEMORY_COPY","MEMORY_COPY_HOST_TO_DEVICE",1,"Agent 0","Agent 1",634,14541783432191,14541785073361
"MEMORY_COPY","MEMORY_COPY_HOST_TO_DEVICE",1,"Agent 0","Agent 1",634,14541785077121,14541785114481
"MEMORY_COPY","MEMORY_COPY_HOST_TO_DEVICE",1,"Agent 0","Agent 1",637,14541786619511,14541788200441
"MEMORY_COPY","MEMORY_COPY_HOST_TO_DEVICE",1,"Agent 0","Agent 1",637,14541788204081,14541788242121
"MEMORY_COPY","MEMORY_COPY_HOST_TO_DEVICE",1,"Agent 0","Agent 1",640,14541789836521,14541791323851
"MEMORY_COPY","MEMORY_COPY_HOST_TO_DEVICE",1,"Agent 0","Agent 1",640,14541791327651,14541791364211
"MEMORY_COPY","MEMORY_COPY_HOST_TO_DEVICE",1,"Agent 0","Agent 1",643,14541791414271,14541791419871
"MEMORY_COPY","MEMORY_COPY_HOST_TO_DEVICE",1,"Agent 0","Agent 1",646,14541791441932,14541791447652
"MEMORY_COPY","MEMORY_COPY_HOST_TO_DEVICE",1,"Agent 0","Agent 1",649,14541792537168,14541793366214
"MEMORY_COPY","MEMORY_COPY_HOST_TO_DEVICE",1,"Agent 0","Agent 1",652,14541794231809,14541794768333
"MEMORY_COPY","MEMORY_COPY_HOST_TO_DEVICE",1,"Agent 0","Agent 1",655,14541794817483,14541794831243
"MEMORY_COPY","MEMORY_COPY_HOST_TO_DEVICE",1,"Agent 0","Agent 1",664,14541794924104,14541794931544
"MEMORY_COPY","MEMORY_COPY_HOST_TO_DEVICE",1,"Agent 0","Agent 1",667,14541794953804,14541794961244
"MEMORY_COPY","MEMORY_COPY_HOST_TO_DEVICE",1,"Agent 0","Agent 1",673,14541795761155,14541796420159
"MEMORY_COPY","MEMORY_COPY_HOST_TO_DEVICE",1,"Agent 0","Agent 1",676,14541797984228,14541799528638
"MEMORY_COPY","MEMORY_COPY_HOST_TO_DEVICE",1,"Agent 0","Agent 1",676,14541799533278,14541799564438
"MEMORY_COPY","MEMORY_COPY_HOST_TO_DEVICE",1,"Agent 0","Agent 1",679,14541801509211,14541802961700
"MEMORY_COPY","MEMORY_COPY_HOST_TO_DEVICE",1,"Agent 0","Agent 1",679,14541802965460,14541802999660
"MEMORY_COPY","MEMORY_COPY_HOST_TO_DEVICE",1,"Agent 0","Agent 1",682,14541804555390,14541805914678
"MEMORY_COPY","MEMORY_COPY_HOST_TO_DEVICE",1,"Agent 0","Agent 1",682,14541805918478,14541805953759
"MEMORY_COPY","MEMORY_COPY_HOST_TO_DEVICE",1,"Agent 0","Agent 1",685,14541805979709,14541805985509
"MEMORY_COPY","MEMORY_COPY_HOST_TO_DEVICE",1,"Agent 0","Agent 1",688,14541806002209,14541806008009
"MEMORY_COPY","MEMORY_COPY_HOST_TO_DEVICE",1,"Agent 0","Agent 1",691,14541807568549,14541808714476
"MEMORY_COPY","MEMORY_COPY_HOST_TO_DEVICE",1,"Agent 0","Agent 1",694,14541808884067,14541808982148
"MEMORY_COPY","MEMORY_COPY_HOST_TO_DEVICE",1,"Agent 0","Agent 1",697,14541809151219,14541809283780
"MEMORY_COPY","MEMORY_COPY_HOST_TO_DEVICE",1,"Agent 0","Agent 1",700,14541810020244,14541810591288
"MEMORY_COPY","MEMORY_COPY_HOST_TO_DEVICE",1,"Agent 0","Agent 1",709,14541812513280,14541814018009
"MEMORY_COPY","MEMORY_COPY_HOST_TO_DEVICE",1,"Agent 0","Agent 1",709,14541814021609,14541814054530
"MEMORY_COPY","MEMORY_COPY_HOST_TO_DEVICE",1,"Agent 0","Agent 1",712,14541815903351,14541817610402
"MEMORY_COPY","MEMORY_COPY_HOST_TO_DEVICE",1,"Agent 0","Agent 1",712,14541817614122,14541817651802
"MEMORY_COPY","MEMORY_COPY_HOST_TO_DEVICE",1,"Agent 0","Agent 1",715,14541819073901,14541820530710
"MEMORY_COPY","MEMORY_COPY_HOST_TO_DEVICE",1,"Agent 0","Agent 1",715,14541820534350,14541820572871
"MEMORY_COPY","MEMORY_COPY_HOST_TO_DEVICE",1,"Agent 0","Agent 1",718,14541820603921,14541820609441
"MEMORY_COPY","MEMORY_COPY_HOST_TO_DEVICE",1,"Agent 0","Agent 1",721,14541820624961,14541820630641
"MEMORY_COPY","MEMORY_COPY_HOST_TO_DEVICE",1,"Agent 0","Agent 1",724,14541821891659,14541822815425
"MEMORY_COPY","MEMORY_COPY_HOST_TO_DEVICE",1,"Agent 0","Agent 1",727,14541823527429,14541824079593
"MEMORY_COPY","MEMORY_COPY_HOST_TO_DEVICE",1,"Agent 0","Agent 1",730,14541824115133,14541824128773
"MEMORY_COPY","MEMORY_COPY_HOST_TO_DEVICE",1,"Agent 0","Agent 1",739,14541824218044,14541824225324
"MEMORY_COPY","MEMORY_COPY_HOST_TO_DEVICE",1,"Agent 0","Agent 1",742,14541824246484,14541824254004
"MEMORY_COPY","MEMORY_COPY_HOST_TO_DEVICE",1,"Agent 0","Agent 1",748,14541824570766,14541825051089
"MEMORY_COPY","MEMORY_COPY_HOST_TO_DEVICE",1,"Agent 0","Agent 1",751,14541826542708,14541828011398
"MEMORY_COPY","MEMORY_COPY_HOST_TO_DEVICE",1,"Agent 0","Agent 1",751,14541828015118,14541828049158
"MEMORY_COPY","MEMORY_COPY_HOST_TO_DEVICE",1,"Agent 0","Agent 1",754,14541829445117,14541830929726
"MEMORY_COPY","MEMORY_COPY_HOST_TO_DEVICE",1,"Agent 0","Agent 1",754,14541830933446,14541830966326
"MEMORY_COPY","MEMORY_COPY_HOST_TO_DEVICE",1,"Agent 0","Agent 1",757,14541831939682,14541833577413
"MEMORY_COPY","MEMORY_COPY_HOST_TO_DEVICE",1,"Agent 0","Agent 1",757,14541833581253,14541833618613
"MEMORY_COPY","MEMORY_COPY_HOST_TO_DEVICE",1,"Agent 0","Agent 1",760,14541833648853,14541833654413
"MEMORY_COPY","MEMORY_COPY_HOST_TO_DEVICE",1,"Agent 0","Agent 1",763,14541833672333,14541833677973
"MEMORY_COPY","MEMORY_COPY_HOST_TO_DEVICE",1,"Agent 0","Agent 1",766,14541834087746,14541834809750
"MEMORY_COPY","MEMORY_COPY_HOST_TO_DEVICE",1,"Agent 0","Agent 1",769,14541835095312,14541835529435
"MEMORY_COPY","MEMORY_COPY_HOST_TO_DEVICE",1,"Agent 0","Agent 1",772,14541835584545,14541835600345
"MEMORY_COPY","MEMORY_COPY_HOST_TO_DEVICE",1,"Agent 0","Agent 1",781,14541835767106,14541835775026
"MEMORY_COPY","MEMORY_COPY_HOST_TO_DEVICE",1,"Agent 0","Agent 1",784,14541835799107,14541835807027
"MEMORY_COPY","MEMORY_COPY_HOST_TO_DEVICE",1,"Agent 0","Agent 1",790,14541836019148,14541836518711
"MEMORY_COPY","MEMORY_COPY_HOST_TO_DEVICE",1,"Agent 0","Agent 1",793,14541836961654,14541838195222
"MEMORY_COPY","MEMORY_COPY_HOST_TO_DEVICE",1,"Agent 0","Agent 1",793,14541838202542,14541838236902
"MEMORY_COPY","MEMORY_COPY_HOST_TO_DEVICE",1,"Agent 0","Agent 1",796,14541838641885,14541839870852
"MEMORY_COPY","MEMORY_COPY_HOST_TO_DEVICE",1,"Agent 0","Agent 1",796,14541839874612,14541839910933
"MEMORY_COPY","MEMORY_COPY_HOST_TO_DEVICE",1,"Agent 0","Agent 1",799,14541840606577,14541841816265
"MEMORY_COPY","MEMORY_COPY_HOST_TO_DEVICE",1,"Agent 0","Agent 1",799,14541841819985,14541841855265
"MEMORY_COPY","MEMORY_COPY_HOST_TO_DEVICE",1,"Agent 0","Agent 1",802,14541841884115,14541841889755
"MEMORY_COPY","MEMORY_COPY_HOST_TO_DEVICE",1,"Agent 0","Agent 1",805,14541841906175,14541841911935
"MEMORY_COPY","MEMORY_COPY_HOST_TO_DEVICE",1,"Agent 0","Agent 1",808,14541842389378,14541843104343
"MEMORY_COPY","MEMORY_COPY_HOST_TO_DEVICE",1,"Agent 0","Agent 1",811,14541843366134,14541843794257
"MEMORY_COPY","MEMORY_COPY_HOST_TO_DEVICE",1,"Agent 0","Agent 1",814,14541843829137,14541843842737
"MEMORY_COPY","MEMORY_COPY_HOST_TO_DEVICE",1,"Agent 0","Agent 1",823,14541843930378,14541843937618
"MEMORY_COPY","MEMORY_COPY_HOST_TO_DEVICE",1,"Agent 0","Agent 1",826,14541843956148,14541843963388
"MEMORY_COPY","MEMORY_COPY_HOST_TO_DEVICE",1,"Agent 0","Agent 1",832,14541844284650,14541844764733
"MEMORY_COPY","MEMORY_COPY_HOST_TO_DEVICE",1,"Agent 0","Agent 1",835,14541845412477,14541846633245
"MEMORY_COPY","MEMORY_COPY_HOST_TO_DEVICE",1,"Agent 0","Agent 1",835,14541846636845,14541846672325
"MEMORY_COPY","MEMORY_COPY_HOST_TO_DEVICE",1,"Agent 0","Agent 1",838,14541847324579,14541848547107
"MEMORY_COPY","MEMORY_COPY_HOST_TO_DEVICE",1,"Agent 0","Agent 1",838,14541848550747,14541848582987
"MEMORY_COPY","MEMORY_COPY_HOST_TO_DEVICE",1,"Agent 0","Agent 1",841,14541849295192,14541850525359
"MEMORY_COPY","MEMORY_COPY_HOST_TO_DEVICE",1,"Agent 0","Agent 1",841,14541850529879,14541850567400
"MEMORY_COPY","MEMORY_COPY_HOST_TO_DEVICE",1,"Agent 0","Agent 1",844,14541850602060,14541850607700
"MEMORY_COPY","MEMORY_COPY_HOST_TO_DEVICE",1,"Agent 0","Agent 1",847,14541850624480,14541850630160
"MEMORY_COPY","MEMORY_COPY_HOST_TO_DEVICE",1,"Agent 0","Agent 1",850,14541851420905,14541852803514
"MEMORY_COPY","MEMORY_COPY_HOST_TO_DEVICE",1,"Agent 0","Agent 1",853,14541852866544,14541852952585
"MEMORY_COPY","MEMORY_COPY_HOST_TO_DEVICE",1,"Agent 0","Agent 1",856,14541853051645,14541853188966
"MEMORY_COPY","MEMORY_COPY_HOST_TO_DEVICE",1,"Agent 0","Agent 1",859,14541853532348,14541854130512
"MEMORY_COPY","MEMORY_COPY_HOST_TO_DEVICE",1,"Agent 0","Agent 1",868,14541855457120,14541856955810
"MEMORY_COPY","MEMORY_COPY_HOST_TO_DEVICE",1,"Agent 0","Agent 1",868,14541856959570,14541856992210
"MEMORY_COPY","MEMORY_COPY_HOST_TO_DEVICE",1,"Agent 0","Agent 1",871,14541858590674,14541860198124
"MEMORY_COPY","MEMORY_COPY_HOST_TO_DEVICE",1,"Agent 0","Agent 1",871,14541860205404,14541860243924
"MEMORY_COPY","MEMORY_COPY_HOST_TO_DEVICE",1,"Agent 0","Agent 1",874,14541862075995,14541863602085
"MEMORY_COPY","MEMORY_COPY_HOST_TO_DEVICE",1,"Agent 0","Agent 1",874,14541863605765,14541863642845
"MEMORY_COPY","MEMORY_COPY_HOST_TO_DEVICE",1,"Agent 0","Agent 1",877,14541863681635,14541863687236
"MEMORY_COPY","MEMORY_COPY_HOST_TO_DEVICE",1,"Agent 0","Agent 1",880,14541863705106,14541863710786
"MEMORY_COPY","MEMORY_COPY_HOST_TO_DEVICE",1,"Agent 0","Agent 1",883,14541864309159,14541865246365
"MEMORY_COPY","MEMORY_COPY_HOST_TO_DEVICE",1,"Agent 0","Agent 1",886,14541865945420,14541866503023
"MEMORY_COPY","MEMORY_COPY_HOST_TO_DEVICE",1,"Agent 0","Agent 1",889,14541866540544,14541866554304
"MEMORY_COPY","MEMORY_COPY_HOST_TO_DEVICE",1,"Agent 0","Agent 1",898,14541866653354,14541866660994
"MEMORY_COPY","MEMORY_COPY_HOST_TO_DEVICE",1,"Agent 0","Agent 1",901,14541866683764,14541866691644
"MEMORY_COPY","MEMORY_COPY_HOST_TO_DEVICE",1,"Agent 0","Agent 1",907,14541867305598,14541867996363
"MEMORY_COPY","MEMORY_COPY_HOST_TO_DEVICE",1,"Agent 0","Agent 1",910,14541868802398,14541870320447
"MEMORY_COPY","MEMORY_COPY_HOST_TO_DEVICE",1,"Agent 0","Agent 1",910,14541870324207,14541870360648
"MEMORY_COPY","MEMORY_COPY_HOST_TO_DEVICE",1,"Agent 0","Agent 1",913,14541871161203,14541872764653
"MEMORY_COPY","MEMORY_COPY_HOST_TO_DEVICE",1,"Agent 0","Agent 1",913,14541872771973,14541872805613
"MEMORY_COPY","MEMORY_COPY_HOST_TO_DEVICE",1,"Agent 0","Agent 1",916,14541873599598,14541875143208
"MEMORY_COPY","MEMORY_COPY_HOST_TO_DEVICE",1,"Agent 0","Agent 1",916,14541875146848,14541875181408
"MEMORY_COPY","MEMORY_COPY_HOST_TO_DEVICE",1,"Agent 0","Agent 1",919,14541875206338,14541875211778
"MEMORY_COPY","MEMORY_COPY_HOST_TO_DEVICE",1,"Agent 0","Agent 1",922,14541875228358,14541875233918
"MEMORY_COPY","MEMORY_COPY_HOST_TO_DEVICE",1,"Agent 0","Agent 1",925,14541875857382,14541876641027
"MEMORY_COPY","MEMORY_COPY_HOST_TO_DEVICE",1,"Agent 0","Agent 1",928,14541877172801,14541877736044
"MEMORY_COPY","MEMORY_COPY_HOST_TO_DEVICE",1,"Agent 0","Agent 1",931,14541877786375,14541877800055
"MEMORY_COPY","MEMORY_COPY_HOST_TO_DEVICE",1,"Agent 0","Agent 1",940,14541877890255,14541877897775
"MEMORY_COPY","MEMORY_COPY_HOST_TO_DEVICE",1,"Agent 0","Agent 1",943,14541877917255,14541877924655
"MEMORY_COPY","MEMORY_COPY_HOST_TO_DEVICE",1,"Agent 0","Agent 1",949,14541878552429,14541879244594
"MEMORY_COPY","MEMORY_COPY_HOST_TO_DEVICE",1,"Agent 0","Agent 1",952,14541880474182,14541882024351
"MEMORY_COPY","MEMORY_COPY_HOST_TO_DEVICE",1,"Agent 0","Agent 1",952,14541882028951,14541882061512
"MEMORY_COPY","MEMORY_COPY_HOST_TO_DEVICE",1,"Agent 0","Agent 1",955,14541883205219,14541884725428
"MEMORY_COPY","MEMORY_COPY_HOST_TO_DEVICE",1,"Agent 0","Agent 1",955,14541884729228,14541884769069
"MEMORY_COPY","MEMORY_COPY_HOST_TO_DEVICE",1,"Agent 0","Agent 1",958,14541885673924,14541887268214
"MEMORY_COPY","MEMORY_COPY_HOST_TO_DEVICE",1,"Agent 0","Agent 1",958,14541887271934,14541887304695
"MEMORY_COPY","MEMORY_COPY_HOST_TO_DEVICE",1,"Agent 0","Agent 1",961,14541887326665,14541887332265
"MEMORY_COPY","MEMORY_COPY_HOST_TO_DEVICE",1,"Agent 0","Agent 1",964,14541887348545,14541887354305
"MEMORY_COPY","MEMORY_COPY_HOST_TO_DEVICE",1,"Agent 0","Agent 1",967,14541888172030,14541889049556
"MEMORY_COPY","MEMORY_COPY_HOST_TO_DEVICE",1,"Agent 0","Agent 1",970,14541889582599,14541890106282
"MEMORY_COPY","MEMORY_COPY_HOST_TO_DEVICE",1,"Agent 0","Agent 1",973,14541890146343,14541890159943
"MEMORY_COPY","MEMORY_COPY_HOST_TO_DEVICE",1,"Agent 0","Agent 1",982,14541890251333,14541890258653
"MEMORY_COPY","MEMORY_COPY_HOST_TO_DEVICE",1,"Agent 0","Agent 1",985,14541890277093,14541890284493
"MEMORY_COPY","MEMORY_COPY_HOST_TO_DEVICE",1,"Agent 0","Agent 1",991,14541890896567,14541891620332
"MEMORY_COPY","MEMORY_COPY_HOST_TO_DEVICE",1,"Agent 0","Agent 1",994,14541892885200,14541894457410
"MEMORY_COPY","MEMORY_COPY_HOST_TO_DEVICE",1,"Agent 0","Agent 1",994,14541894461210,14541894496570
"MEMORY_COPY","MEMORY_COPY_HOST_TO_DEVICE",1,"Agent 0","Agent 1",997,14541895646357,14541897282248
"MEMORY_COPY","MEMORY_COPY_HOST_TO_DEVICE",1,"Agent 0","Agent 1",997,14541897285968,14541897317368
"MEMORY_COPY","MEMORY_COPY_HOST_TO_DEVICE",1,"Agent 0","Agent 1",1000,14541898383405,14541900046695
"MEMORY_COPY","MEMORY_COPY_HOST_TO_DEVICE",1,"Agent 0","Agent 1",1000,14541900050415,14541900089415
"MEMORY_COPY","MEMORY_COPY_HOST_TO_DEVICE",1,"Agent 0","Agent 1",1003,14541900120056,14541900125936
"MEMORY_COPY","MEMORY_COPY_HOST_TO_DEVICE",1,"Agent 0","Agent 1",1006,14541900144266,14541900149986
"MEMORY_COPY","MEMORY_COPY_HOST_TO_DEVICE",1,"Agent 0","Agent 1",1009,14541901124892,14541902373900
"MEMORY_COPY","MEMORY_COPY_HOST_TO_DEVICE",1,"Agent 0","Agent 1",1012,14541902485201,14541902605521
"MEMORY_COPY","MEMORY_COPY_HOST_TO_DEVICE",1,"Agent 0","Agent 1",1015,14541902746542,14541902890223
"MEMORY_COPY","MEMORY_COPY_HOST_TO_DEVICE",1,"Agent 0","Agent 1",1018,14541903474717,14541904092561
"MEMORY_COPY","MEMORY_COPY_HOST_TO_DEVICE",1,"Agent 0","Agent 1",1027,14541905300398,14541906836528
"MEMORY_COPY","MEMORY_COPY_HOST_TO_DEVICE",1,"Agent 0","Agent 1",1027,14541906840248,14541906877608
"MEMORY_COPY","MEMORY_COPY_HOST_TO_DEVICE",1,"Agent 0","Agent 1",1030,14541907735624,14541909416754
"MEMORY_COPY","MEMORY_COPY_HOST_TO_DEVICE",1,"Agent 0","Agent 1",1030,14541909420394,14541909453795
"MEMORY_COPY","MEMORY_COPY_HOST_TO_DEVICE",1,"Agent 0","Agent 1",1033,14541910610692,14541912173382
"MEMORY_COPY","MEMORY_COPY_HOST_TO_DEVICE",1,"Agent 0","Agent 1",1033,14541912177222,14541912208542
"MEMORY_COPY","MEMORY_COPY_HOST_TO_DEVICE",1,"Agent 0","Agent 1",1036,14541912247232,14541912252952
"MEMORY_COPY","MEMORY_COPY_HOST_TO_DEVICE",1,"Agent 0","Agent 1",1039,14541912270032,14541912275872
"MEMORY_COPY","MEMORY_COPY_HOST_TO_DEVICE",1,"Agent 0","Agent 1",1042,14541912888436,14541913839642
"MEMORY_COPY","MEMORY_COPY_HOST_TO_DEVICE",1,"Agent 0","Agent 1",1045,14541914425766,14541914978049
"MEMORY_COPY","MEMORY_COPY_HOST_TO_DEVICE",1,"Agent 0","Agent 1",1048,14541915020910,14541915034750
"MEMORY_COPY","MEMORY_COPY_HOST_TO_DEVICE",1,"Agent 0","Agent 1",1057,14541915201671,14541915209231
"MEMORY_COPY","MEMORY_COPY_HOST_TO_DEVICE",1,"Agent 0","Agent 1",1060,14541915228461,14541915236061
"MEMORY_COPY","MEMORY_COPY_HOST_TO_DEVICE",1,"Agent 0","Agent 1",1066,14541915808245,14541916339488
"MEMORY_COPY","MEMORY_COPY_HOST_TO_DEVICE",1,"Agent 0","Agent 1",1069,14541917533166,14541919019895
"MEMORY_COPY","MEMORY_COPY_HOST_TO_DEVICE",1,"Agent 0","Agent 1",1069,14541919023615,14541919062335
"MEMORY_COPY","MEMORY_COPY_HOST_TO_DEVICE",1,"Agent 0","Agent 1",1072,14541920103642,14541921645212
"MEMORY_COPY","MEMORY_COPY_HOST_TO_DEVICE",1,"Agent 0","Agent 1",1072,14541921649892,14541921682812
"MEMORY_COPY","MEMORY_COPY_HOST_TO_DEVICE",1,"Agent 0","Agent 1",1075,14541922900042,14541924504932
"MEMORY_COPY","MEMORY_COPY_HOST_TO_DEVICE",1,"Agent 0","Agent 1",1075,14541924512252,14541924546852
"MEMORY_COPY","MEMORY_COPY_HOST_TO_DEVICE",1,"Agent 0","Agent 1",1078,14541924580322,14541924586082
"MEMORY_COPY","MEMORY_COPY_HOST_TO_DEVICE",1,"Agent 0","Agent 1",1081,14541924602242,14541924608122
"MEMORY_COPY","MEMORY_COPY_HOST_TO_DEVICE",1,"Agent 0","Agent 1",1084,14541925363027,14541926296753
"MEMORY_COPY","MEMORY_COPY_HOST_TO_DEVICE",1,"Agent 0","Agent 1",1087,14541926848716,14541927323119
"MEMORY_COPY","MEMORY_COPY_HOST_TO_DEVICE",1,"Agent 0","Agent 1",1090,14541927368130,14541927383650
"MEMORY_COPY","MEMORY_COPY_HOST_TO_DEVICE",1,"Agent 0","Agent 1",1099,14541927476830,14541927484510
"MEMORY_COPY","MEMORY_COPY_HOST_TO_DEVICE",1,"Agent 0","Agent 1",1102,14541927504280,14541927511920
"MEMORY_COPY","MEMORY_COPY_HOST_TO_DEVICE",1,"Agent 0","Agent 1",1108,14541928093214,14541928629298
"MEMORY_COPY","MEMORY_COPY_HOST_TO_DEVICE",1,"Agent 0","Agent 1",1111,14541929761065,14541931399115
"MEMORY_COPY","MEMORY_COPY_HOST_TO_DEVICE",1,"Agent 0","Agent 1",1111,14541931403875,14541931442515
"MEMORY_COPY","MEMORY_COPY_HOST_TO_DEVICE",1,"Agent 0","Agent 1",1114,14541932561312,14541934108722
"MEMORY_COPY","MEMORY_COPY_HOST_TO_DEVICE",1,"Agent 0","Agent 1",1114,14541934112562,14541934146682
"MEMORY_COPY","MEMORY_COPY_HOST_TO_DEVICE",1,"Agent 0","Agent 1",1117,14541935367270,14541937056321
"MEMORY_COPY","MEMORY_COPY_HOST_TO_DEVICE",1,"Agent 0","Agent 1",1117,14541937060241,14541937093241
"MEMORY_COPY","MEMORY_COPY_HOST_TO_DEVICE",1,"Agent 0","Agent 1",1120,14541937115731,14541937121651
"MEMORY_COPY","MEMORY_COPY_HOST_TO_DEVICE",1,"Agent 0","Agent 1",1123,14541937138311,14541937144351
"MEMORY_COPY","MEMORY_COPY_HOST_TO_DEVICE",1,"Agent 0","Agent 1",1126,14541937774665,14541938554910
"MEMORY_COPY","MEMORY_COPY_HOST_TO_DEVICE",1,"Agent 0","Agent 1",1129,14541938882952,14541939393196
"MEMORY_COPY","MEMORY_COPY_HOST_TO_DEVICE",1,"Agent 0","Agent 1",1132,14541939434096,14541939448296
"MEMORY_COPY","MEMORY_COPY_HOST_TO_DEVICE",1,"Agent 0","Agent 1",1141,14541939556907,14541939566627
"MEMORY_COPY","MEMORY_COPY_HOST_TO_DEVICE",1,"Agent 0","Agent 1",1144,14541939598697,14541939606417
"MEMORY_COPY","MEMORY_COPY_HOST_TO_DEVICE",1,"Agent 0","Agent 1",1150,14541940099830,14541940854395
"MEMORY_COPY","MEMORY_COPY_HOST_TO_DEVICE",1,"Agent 0","Agent 1",1153,14541941932282,14541943674053
"MEMORY_COPY","MEMORY_COPY_HOST_TO_DEVICE",1,"Agent 0","Agent 1",1153,14541943677933,14541943713213
"MEMORY_COPY","MEMORY_COPY_HOST_TO_DEVICE",1,"Agent 0","Agent 1",1156,14541944657859,14541946118668
"MEMORY_COPY","MEMORY_COPY_HOST_TO_DEVICE",1,"Agent 0","Agent 1",1156,14541946122508,14541946155708
"MEMORY_COPY","MEMORY_COPY_HOST_TO_DEVICE",1,"Agent 0","Agent 1",1159,14541947057064,14541948817155
"MEMORY_COPY","MEMORY_COPY_HOST_TO_DEVICE",1,"Agent 0","Agent 1",1159,14541948821915,14541948878635
"MEMORY_COPY","MEMORY_COPY_HOST_TO_DEVICE",1,"Agent 0","Agent 1",1162,14541948909996,14541948916036
"MEMORY_COPY","MEMORY_COPY_HOST_TO_DEVICE",1,"Agent 0","Agent 1",1165,14541948936426,14541948942506
"MEMORY_COPY","MEMORY_COPY_HOST_TO_DEVICE",1,"Agent 0","Agent 1",1168,14541949727501,14541951183510
"MEMORY_COPY","MEMORY_COPY_HOST_TO_DEVICE",1,"Agent 0","Agent 1",1171,14541951278731,14541951397691
"MEMORY_COPY","MEMORY_COPY_HOST_TO_DEVICE",1,"Agent 0","Agent 1",1174,14541951494762,14541951631763
"MEMORY_COPY","MEMORY_COPY_HOST_TO_DEVICE",1,"Agent 0","Agent 1",1177,14541951957225,14541952697950
"MEMORY_COPY","MEMORY_COPY_HOST_TO_DEVICE",1,"Agent 0","Agent 1",1186,14541953671326,14541955123615
"MEMORY_COPY","MEMORY_COPY_HOST_TO_DEVICE",1,"Agent 0","Agent 1",1186,14541955128615,14541955159815
"MEMORY_COPY","MEMORY_COPY_HOST_TO_DEVICE",1,"Agent 0","Agent 1",1189,14541956059381,14541957633351
"MEMORY_COPY","MEMORY_COPY_HOST_TO_DEVICE",1,"Agent 0","Agent 1",1189,14541957637271,14541957669951
"MEMORY_COPY","MEMORY_COPY_HOST_TO_DEVICE",1,"Agent 0","Agent 1",1192,14541958453226,14541959673554
"MEMORY_COPY","MEMORY_COPY_HOST_TO_DEVICE",1,"Agent 0","Agent 1",1192,14541959677314,14541959719034
"MEMORY_COPY","MEMORY_COPY_HOST_TO_DEVICE",1,"Agent 0","Agent 1",1195,14541959745044,14541959751044
"MEMORY_COPY","MEMORY_COPY_HOST_TO_DEVICE",1,"Agent 0","Agent 1",1198,14541959767244,14541959773244
"MEMORY_COPY","MEMORY_COPY_HOST_TO_DEVICE",1,"Agent 0","Agent 1",1201,14541960331538,14541961258344
"MEMORY_COPY","MEMORY_COPY_HOST_TO_DEVICE",1,"Agent 0","Agent 1",1204,14541961575996,14541962125999
"MEMORY_COPY","MEMORY_COPY_HOST_TO_DEVICE",1,"Agent 0","Agent 1",1207,14541962164879,14541962178919
"MEMORY_COPY","MEMORY_COPY_HOST_TO_DEVICE",1,"Agent 0","Agent 1",1216,14541962266610,14541962274450
"MEMORY_COPY","MEMORY_COPY_HOST_TO_DEVICE",1,"Agent 0","Agent 1",1219,14541962295410,14541962303210
"MEMORY_COPY","MEMORY_COPY_HOST_TO_DEVICE",1,"Agent 0","Agent 1",1225,14541962641112,14541963349197
"MEMORY_COPY","MEMORY_COPY_HOST_TO_DEVICE",1,"Agent 0","Agent 1",1228,14541964154992,14541966041004
"MEMORY_COPY","MEMORY_COPY_HOST_TO_DEVICE",1,"Agent 0","Agent 1",1228,14541966044884,14541966078164
"MEMORY_COPY","MEMORY_COPY_HOST_TO_DEVICE",1,"Agent 0","Agent 1",1231,14541966887049,14541968573100
"MEMORY_COPY","MEMORY_COPY_HOST_TO_DEVICE",1,"Agent 0","Agent 1",1231,14541968576820,14541968608620
"MEMORY_COPY","MEMORY_COPY_HOST_TO_DEVICE",1,"Agent 0","Agent 1",1234,14541969396375,14541971402308
"MEMORY_COPY","MEMORY_COPY_HOST_TO_DEVICE",1,"Agent 0","Agent 1",1234,14541971406908,14541971445188
"MEMORY_COPY","MEMORY_COPY_HOST_TO_DEVICE",1,"Agent 0","Agent 1",1237,14541971468148,14541971473548
"MEMORY_COPY","MEMORY_COPY_HOST_TO_DEVICE",1,"Agent 0","Agent 1",1240,14541971491298,14541971496818
"MEMORY_COPY","MEMORY_COPY_HOST_TO_DEVICE",1,"Agent 0","Agent 1",1243,14541971826610,14541972745416
"MEMORY_COPY","MEMORY_COPY_HOST_TO_DEVICE",1,"Agent 0","Agent 1",1246,14541972955387,14541973596472
"MEMORY_COPY","MEMORY_COPY_HOST_TO_DEVICE",1,"Agent 0","Agent 1",1249,14541973633982,14541973647302
"MEMORY_COPY","MEMORY_COPY_HOST_TO_DEVICE",1,"Agent 0","Agent 1",1258,14541973734362,14541973741762
"MEMORY_COPY","MEMORY_COPY_HOST_TO_DEVICE",1,"Agent 0","Agent 1",1261,14541973760333,14541973767653
"MEMORY_COPY","MEMORY_COPY_HOST_TO_DEVICE",1,"Agent 0","Agent 1",1267,14541974145515,14541974687998
"MEMORY_COPY","MEMORY_COPY_HOST_TO_DEVICE",1,"Agent 0","Agent 1",1270,14541975454243,14541976740211
"MEMORY_COPY","MEMORY_COPY_HOST_TO_DEVICE",1,"Agent 0","Agent 1",1270,14541976743891,14541976779772
"MEMORY_COPY","MEMORY_COPY_HOST_TO_DEVICE",1,"Agent 0","Agent 1",1273,14541977530546,14541978873275
"MEMORY_COPY","MEMORY_COPY_HOST_TO_DEVICE",1,"Agent 0","Agent 1",1273,14541978876955,14541978913995
"MEMORY_COPY","MEMORY_COPY_HOST_TO_DEVICE",1,"Agent 0","Agent 1",1276,14541979651900,14541980867827
"MEMORY_COPY","MEMORY_COPY_HOST_TO_DEVICE",1,"Agent 0","Agent 1",1276,14541980871628,14541980908588
"MEMORY_COPY","MEMORY_COPY_HOST_TO_DEVICE",1,"Agent 0","Agent 1",1279,14541980939788,14541980945348
"MEMORY_COPY","MEMORY_COPY_HOST_TO_DEVICE",1,"Agent 0","Agent 1",1282,14541980962398,14541980968118
"MEMORY_COPY","MEMORY_COPY_HOST_TO_DEVICE",1,"Agent 0","Agent 1",1285,14541981500641,14541982409007
"MEMORY_COPY","MEMORY_COPY_HOST_TO_DEVICE",1,"Agent 0","Agent 1",1288,14541982672749,14541983192112
"MEMORY_COPY","MEMORY_COPY_HOST_TO_DEVICE",1,"Agent 0","Agent 1",1291,14541983228152,14541983242032
"MEMORY_COPY","MEMORY_COPY_HOST_TO_DEVICE",1,"Agent 0","Agent 1",1300,14541983328403,14541983335643
"MEMORY_COPY","MEMORY_COPY_HOST_TO_DEVICE",1,"Agent 0","Agent 1",1303,14541983355303,14541983362663
"MEMORY_COPY","MEMORY_COPY_HOST_TO_DEVICE",1,"Agent 0","Agent 1",1309,14541983651585,14541984131348
"MEMORY_COPY","MEMORY_COPY_HOST_TO_DEVICE",1,"Agent 0","Agent 1",1312,14541984842173,14541986086980
"MEMORY_COPY","MEMORY_COPY_HOST_TO_DEVICE",1,"Agent 0","Agent 1",1312,14541986090900,14541986130301
"MEMORY_COPY","MEMORY_COPY_HOST_TO_DEVICE",1,"Agent 0","Agent 1",1315,14541986824736,14541988202264
"MEMORY_COPY","MEMORY_COPY_HOST_TO_DEVICE",1,"Agent 0","Agent 1",1315,14541988209504,14541988242624
"MEMORY_COPY","MEMORY_COPY_HOST_TO_DEVICE",1,"Agent 0","Agent 1",1318,14541989041549,14541990253436
"MEMORY_COPY","MEMORY_COPY_HOST_TO_DEVICE",1,"Agent 0","Agent 1",1318,14541990257076,14541990292357
"MEMORY_COPY","MEMORY_COPY_HOST_TO_DEVICE",1,"Agent 0","Agent 1",1321,14541990320847,14541990326487
"MEMORY_COPY","MEMORY_COPY_HOST_TO_DEVICE",1,"Agent 0","Agent 1",1324,14541990343067,14541990348787
"MEMORY_COPY","MEMORY_COPY_HOST_TO_DEVICE",1,"Agent 0","Agent 1",1327,14541990924281,14541991879007
"MEMORY_COPY","MEMORY_COPY_HOST_TO_DEVICE",1,"Agent 0","Agent 1",1330,14541991953057,14541992036938
"MEMORY_COPY","MEMORY_COPY_HOST_TO_DEVICE",1,"Agent 0","Agent 1",1333,14541992106568,14541992209609
"MEMORY_COPY","MEMORY_COPY_HOST_TO_DEVICE",1,"Agent 0","Agent 1",1336,14541992444950,14541992928833
"MEMORY_COPY","MEMORY_COPY_HOST_TO_DEVICE",1,"Agent 0","Agent 1",1345,14541993954640,14541995317128
"MEMORY_COPY","MEMORY_COPY_HOST_TO_DEVICE",1,"Agent 0","Agent 1",1345,14541995320848,14541995357769
"MEMORY_COPY","MEMORY_COPY_HOST_TO_DEVICE",1,"Agent 0","Agent 1",1348,14541996178554,14541997568363
"MEMORY_COPY","MEMORY_COPY_HOST_TO_DEVICE",1,"Agent 0","Agent 1",1348,14541997572163,14541997606963
"MEMORY_COPY","MEMORY_COPY_HOST_TO_DEVICE",1,"Agent 0","Agent 1",1351,14541998583219,14542000411191
"MEMORY_COPY","MEMORY_COPY_HOST_TO_DEVICE",1,"Agent 0","Agent 1",1351,14542000414951,14542000455391
"MEMORY_COPY","MEMORY_COPY_HOST_TO_DEVICE",1,"Agent 0","Agent 1",1354,14542000482931,14542000488491
"MEMORY_COPY","MEMORY_COPY_HOST_TO_DEVICE",1,"Agent 0","Agent 1",1357,14542000507521,14542000513281
"MEMORY_COPY","MEMORY_COPY_HOST_TO_DEVICE",1,"Agent 0","Agent 1",1360,14542001026525,14542001821370
"MEMORY_COPY","MEMORY_COPY_HOST_TO_DEVICE",1,"Agent 0","Agent 1",1363,14542002066401,14542002534444
"MEMORY_COPY","MEMORY_COPY_HOST_TO_DEVICE",1,"Agent 0","Agent 1",1366,14542002668715,14542002684315
"MEMORY_COPY","MEMORY_COPY_HOST_TO_DEVICE",1,"Agent 0","Agent 1",1375,14542002840066,14542002847426
"MEMORY_COPY","MEMORY_COPY_HOST_TO_DEVICE",1,"Agent 0","Agent 1",1378,14542002867066,14542002874586
"MEMORY_COPY","MEMORY_COPY_HOST_TO_DEVICE",1,"Agent 0","Agent 1",1384,14542003215158,14542003730482
"MEMORY_COPY","MEMORY_COPY_HOST_TO_DEVICE",1,"Agent 0","Agent 1",1387,14542004389766,14542005694934
"MEMORY_COPY","MEMORY_COPY_HOST_TO_DEVICE",1,"Agent 0","Agent 1",1387,14542005698694,14542005734694
"MEMORY_COPY","MEMORY_COPY_HOST_TO_DEVICE",1,"Agent 0","Agent 1",1390,14542006367388,14542007643476
"MEMORY_COPY","MEMORY_COPY_HOST_TO_DEVICE",1,"Agent 0","Agent 1",1390,14542007647316,14542007678837
"MEMORY_COPY","MEMORY_COPY_HOST_TO_DEVICE",1,"Agent 0","Agent 1",1393,14542008340241,14542009616249
"MEMORY_COPY","MEMORY_COPY_HOST_TO_DEVICE",1,"Agent 0","Agent 1",1393,14542009620049,14542009654529
"MEMORY_COPY","MEMORY_COPY_HOST_TO_DEVICE",1,"Agent 0","Agent 1",1396,14542009691569,14542009697209
"MEMORY_COPY","MEMORY_COPY_HOST_TO_DEVICE",1,"Agent 0","Agent 1",1399,14542009716150,14542009721870
"MEMORY_COPY","MEMORY_COPY_HOST_TO_DEVICE",1,"Agent 0","Agent 1",1402,14542010320753,14542011074358
"MEMORY_COPY","MEMORY_COPY_HOST_TO_DEVICE",1,"Agent 0","Agent 1",1405,14542011267219,14542011730142
"MEMORY_COPY","MEMORY_COPY_HOST_TO_DEVICE",1,"Agent 0","Agent 1",1408,14542011763402,14542011776803
"MEMORY_COPY","MEMORY_COPY_HOST_TO_DEVICE",1,"Agent 0","Agent 1",1417,14542011863663,14542011871303
"MEMORY_COPY","MEMORY_COPY_HOST_TO_DEVICE",1,"Agent 0","Agent 1",1420,14542011891843,14542011899323
"MEMORY_COPY","MEMORY_COPY_HOST_TO_DEVICE",1,"Agent 0","Agent 1",1426,14542012160415,14542012640378
"MEMORY_COPY","MEMORY_COPY_HOST_TO_DEVICE",1,"Agent 0","Agent 1",1429,14542013286072,14542014517920
"MEMORY_COPY","MEMORY_COPY_HOST_TO_DEVICE",1,"Agent 0","Agent 1",1429,14542014521640,14542014555200
"MEMORY_COPY","MEMORY_COPY_HOST_TO_DEVICE",1,"Agent 0","Agent 1",1432,14542015181324,14542016467012
"MEMORY_COPY","MEMORY_COPY_HOST_TO_DEVICE",1,"Agent 0","Agent 1",1432,14542016470852,14542016505852
"MEMORY_COPY","MEMORY_COPY_HOST_TO_DEVICE",1,"Agent 0","Agent 1",1435,14542017227297,14542018569905
"MEMORY_COPY","MEMORY_COPY_HOST_TO_DEVICE",1,"Agent 0","Agent 1",1435,14542018573626,14542018607226
"MEMORY_COPY","MEMORY_COPY_HOST_TO_DEVICE",1,"Agent 0","Agent 1",1438,14542018633526,14542018639246
"MEMORY_COPY","MEMORY_COPY_HOST_TO_DEVICE",1,"Agent 0","Agent 1",1441,14542018656066,14542018661946
"MEMORY_COPY","MEMORY_COPY_HOST_TO_DEVICE",1,"Agent 0","Agent 1",1444,14542019003818,14542019803903
"MEMORY_COPY","MEMORY_COPY_HOST_TO_DEVICE",1,"Agent 0","Agent 1",1447,14542020002955,14542020473718
"MEMORY_COPY","MEMORY_COPY_HOST_TO_DEVICE",1,"Agent 0","Agent 1",1450,14542020511648,14542020525368
"MEMORY_COPY","MEMORY_COPY_HOST_TO_DEVICE",1,"Agent 0","Agent 1",1459,14542020612028,14542020619468
"MEMORY_COPY","MEMORY_COPY_HOST_TO_DEVICE",1,"Agent 0","Agent 1",1462,14542020638579,14542020646099
"MEMORY_COPY","MEMORY_COPY_HOST_TO_DEVICE",1,"Agent 0","Agent 1",1468,14542021310443,14542021833606
"MEMORY_COPY","MEMORY_COPY_HOST_TO_DEVICE",1,"Agent 0","Agent 1",1471,14542022504120,14542023901369
"MEMORY_COPY","MEMORY_COPY_HOST_TO_DEVICE",1,"Agent 0","Agent 1",1471,14542023905249,14542023937289
"MEMORY_COPY","MEMORY_COPY_HOST_TO_DEVICE",1,"Agent 0","Agent 1",1474,14542024564893,14542025909542
"MEMORY_COPY","MEMORY_COPY_HOST_TO_DEVICE",1,"Agent 0","Agent 1",1474,14542025913382,14542025946542
"MEMORY_COPY","MEMORY_COPY_HOST_TO_DEVICE",1,"Agent 0","Agent 1",1477,14542026682437,14542027957445
"MEMORY_COPY","MEMORY_COPY_HOST_TO_DEVICE",1,"Agent 0","Agent 1",1477,14542027961205,14542027996165
"MEMORY_COPY","MEMORY_COPY_HOST_TO_DEVICE",1,"Agent 0","Agent 1",1480,14542028025375,14542028031255
"MEMORY_COPY","MEMORY_COPY_HOST_TO_DEVICE",1,"Agent 0","Agent 1",1483,14542028046975,14542028052815
"MEMORY_COPY","MEMORY_COPY_HOST_TO_DEVICE",1,"Agent 0","Agent 1",1486,14542028812010,14542029961738
"MEMORY_COPY","MEMORY_COPY_HOST_TO_DEVICE",1,"Agent 0","Agent 1",1489,14542030226689,14542030325450
"MEMORY_COPY","MEMORY_COPY_HOST_TO_DEVICE",1,"Agent 0","Agent 1",1492,14542030417950,14542030561271
"MEMORY_COPY","MEMORY_COPY_HOST_TO_DEVICE",1,"Agent 0","Agent 1",1495,14542031370776,14542032009540
"MEMORY_COPY","MEMORY_COPY_HOST_TO_DEVICE",1,"Agent 0","Agent 1",1504,14542032714895,14542034618027
"MEMORY_COPY","MEMORY_COPY_HOST_TO_DEVICE",1,"Agent 0","Agent 1",1504,14542034621907,14542034654787
"MEMORY_COPY","MEMORY_COPY_HOST_TO_DEVICE",1,"Agent 0","Agent 1",1507,14542035365222,14542036672630
"MEMORY_COPY","MEMORY_COPY_HOST_TO_DEVICE",1,"Agent 0","Agent 1",1507,14542036676470,14542036710990
"MEMORY_COPY","MEMORY_COPY_HOST_TO_DEVICE",1,"Agent 0","Agent 1",1510,14542037419795,14542038671883
"MEMORY_COPY","MEMORY_COPY_HOST_TO_DEVICE",1,"Agent 0","Agent 1",1510,14542038675763,14542038710883
"MEMORY_COPY","MEMORY_COPY_HOST_TO_DEVICE",1,"Agent 0","Agent 1",1513,14542038749913,14542038755713
"MEMORY_COPY","MEMORY_COPY_HOST_TO_DEVICE",1,"Agent 0","Agent 1",1516,14542038775293,14542038781253
"MEMORY_COPY","MEMORY_COPY_HOST_TO_DEVICE",1,"Agent 0","Agent 1",1519,14542039426857,14542040150942
"MEMORY_COPY","MEMORY_COPY_HOST_TO_DEVICE",1,"Agent 0","Agent 1",1522,14542040501364,14542041035288
"MEMORY_COPY","MEMORY_COPY_HOST_TO_DEVICE",1,"Agent 0","Agent 1",1525,14542041075188,14542041089348
"MEMORY_COPY","MEMORY_COPY_HOST_TO_DEVICE",1,"Agent 0","Agent 1",1534,14542041183618,14542041191699
"MEMORY_COPY","MEMORY_COPY_HOST_TO_DEVICE",1,"Agent 0","Agent 1",1537,14542041214309,14542041222469
"MEMORY_COPY","MEMORY_COPY_HOST_TO_DEVICE",1,"Agent 0","Agent 1",1543,14542041485870,14542042198995
"MEMORY_COPY","MEMORY_COPY_HOST_TO_DEVICE",1,"Agent 0","Agent 1",1546,14542042965380,14542044180747
"MEMORY_COPY","MEMORY_COPY_HOST_TO_DEVICE",1,"Agent 0","Agent 1",1546,14542044187227,14542044224908
"MEMORY_COPY","MEMORY_COPY_HOST_TO_DEVICE",1,"Agent 0","Agent 1",1549,14542044866042,14542046343331
"MEMORY_COPY","MEMORY_COPY_HOST_TO_DEVICE",1,"Agent 0","Agent 1",1549,14542046347171,14542046383451
"MEMORY_COPY","MEMORY_COPY_HOST_TO_DEVICE",1,"Agent 0","Agent 1",1552,14542047105466,14542048305793
"MEMORY_COPY","MEMORY_COPY_HOST_TO_DEVICE",1,"Agent 0","Agent 1",1552,14542048309714,14542048346434
"MEMORY_COPY","MEMORY_COPY_HOST_TO_DEVICE",1,"Agent 0","Agent 1",1555,14542048368294,14542048374134
"MEMORY_COPY","MEMORY_COPY_HOST_TO_DEVICE",1,"Agent 0","Agent 1",1558,14542048390514,14542048396514
"MEMORY_COPY","MEMORY_COPY_HOST_TO_DEVICE",1,"Agent 0","Agent 1",1561,14542048812427,14542049522991
"MEMORY_COPY","MEMORY_COPY_HOST_TO_DEVICE",1,"Agent 0","Agent 1",1564,14542049722602,14542050246246
"MEMORY_COPY","MEMORY_COPY_HOST_TO_DEVICE",1,"Agent 0","Agent 1",1567,14542050280366,14542050294846
"MEMORY_COPY","MEMORY_COPY_HOST_TO_DEVICE",1,"Agent 0","Agent 1",1576,14542050382387,14542050390147
"MEMORY_COPY","MEMORY_COPY_HOST_TO_DEVICE",1,"Agent 0","Agent 1",1579,14542050408207,14542050415887
"MEMORY_COPY","MEMORY_COPY_HOST_TO_DEVICE",1,"Agent 0","Agent 1",1585,14542050793750,14542051275633
"MEMORY_COPY","MEMORY_COPY_HOST_TO_DEVICE",1,"Agent 0","Agent 1",1588,14542051991557,14542053377086
"MEMORY_COPY","MEMORY_COPY_HOST_TO_DEVICE",1,"Agent 0","Agent 1",1588,14542053381046,14542053418646
"MEMORY_COPY","MEMORY_COPY_HOST_TO_DEVICE",1,"Agent 0","Agent 1",1591,14542054136111,14542055436559
"MEMORY_COPY","MEMORY_COPY_HOST_TO_DEVICE",1,"Agent 0","Agent 1",1591,14542055440279,14542055477719
"MEMORY_COPY","MEMORY_COPY_HOST_TO_DEVICE",1,"Agent 0","Agent 1",1594,14542056175103,14542057449952
"MEMORY_COPY","MEMORY_COPY_HOST_TO_DEVICE",1,"Agent 0","Agent 1",1594,14542057453832,14542057491352
"MEMORY_COPY","MEMORY_COPY_HOST_TO_DEVICE",1,"Agent 0","Agent 1",1597,14542057522522,14542057528402
"MEMORY_COPY","MEMORY_COPY_HOST_TO_DEVICE",1,"Agent 0","Agent 1",1600,14542057547352,14542057553192
"MEMORY_COPY","MEMORY_COPY_HOST_TO_DEVICE",1,"Agent 0","Agent 1",1603,14542057971095,14542058693059
"MEMORY_COPY","MEMORY_COPY_HOST_TO_DEVICE",1,"Agent 0","Agent 1",1606,14542058912521,14542059340843
"MEMORY_COPY","MEMORY_COPY_HOST_TO_DEVICE",1,"Agent 0","Agent 1",1609,14542059387954,14542059402074
"MEMORY_COPY","MEMORY_COPY_HOST_TO_DEVICE",1,"Agent 0","Agent 1",1618,14542059506705,14542059514185
"MEMORY_COPY","MEMORY_COPY_HOST_TO_DEVICE",1,"Agent 0","Agent 1",1621,14542059532535,14542059540295
"MEMORY_COPY","MEMORY_COPY_HOST_TO_DEVICE",1,"Agent 0","Agent 1",1627,14542059918447,14542060398810
"MEMORY_COPY","MEMORY_COPY_HOST_TO_DEVICE",1,"Agent 0","Agent 1",1630,14542061117995,14542062314042
"MEMORY_COPY","MEMORY_COPY_HOST_TO_DEVICE",1,"Agent 0","Agent 1",1630,14542062317762,14542062355363
"MEMORY_COPY","MEMORY_COPY_HOST_TO_DEVICE",1,"Agent 0","Agent 1",1633,14542063063507,14542064268955
"MEMORY_COPY","MEMORY_COPY_HOST_TO_DEVICE",1,"Agent 0","Agent 1",1633,14542064272835,14542064309955
"MEMORY_COPY","MEMORY_COPY_HOST_TO_DEVICE",1,"Agent 0","Agent 1",1636,14542064965399,14542066167607
"MEMORY_COPY","MEMORY_COPY_HOST_TO_DEVICE",1,"Agent 0","Agent 1",1636,14542066171407,14542066208727
"MEMORY_COPY","MEMORY_COPY_HOST_TO_DEVICE",1,"Agent 0","Agent 1",1639,14542066230247,14542066236567
"MEMORY_COPY","MEMORY_COPY_HOST_TO_DEVICE",1,"Agent 0","Agent 1",1642,14542066252727,14542066258847
"MEMORY_COPY","MEMORY_COPY_HOST_TO_DEVICE",1,"Agent 0","Agent 1",1645,14542066911421,14542067914028
"MEMORY_COPY","MEMORY_COPY_HOST_TO_DEVICE",1,"Agent 0","Agent 1",1648,14542067979508,14542068063909
"MEMORY_COPY","MEMORY_COPY_HOST_TO_DEVICE",1,"Agent 0","Agent 1",1651,14542068144019,14542068265940
"MEMORY_COPY","MEMORY_COPY_HOST_TO_DEVICE",1,"Agent 0","Agent 1",1654,14542068577492,14542069057495
"MEMORY_COPY","MEMORY_COPY_HOST_TO_DEVICE",1,"Agent 0","Agent 1",1663,14542069899340,14542071109148
"MEMORY_COPY","MEMORY_COPY_HOST_TO_DEVICE",1,"Agent 0","Agent 1",1663,14542071113028,14542071150148
"MEMORY_COPY","MEMORY_COPY_HOST_TO_DEVICE",1,"Agent 0","Agent 1",1666,14542071921063,14542073295512
"MEMORY_COPY","MEMORY_COPY_HOST_TO_DEVICE",1,"Agent 0","Agent 1",1666,14542073302192,14542073338592
"MEMORY_COPY","MEMORY_COPY_HOST_TO_DEVICE",1,"Agent 0","Agent 1",1669,14542074115167,14542075445575
"MEMORY_COPY","MEMORY_COPY_HOST_TO_DEVICE",1,"Agent 0","Agent 1",1669,14542075449255,14542075485896
"MEMORY_COPY","MEMORY_COPY_HOST_TO_DEVICE",1,"Agent 0","Agent 1",1672,14542075521546,14542075527026
"MEMORY_COPY","MEMORY_COPY_HOST_TO_DEVICE",1,"Agent 0","Agent 1",1675,14542075544196,14542075549836
"MEMORY_COPY","MEMORY_COPY_HOST_TO_DEVICE",1,"Agent 0","Agent 1",1678,14542076192120,14542076910165
"MEMORY_COPY","MEMORY_COPY_HOST_TO_DEVICE",1,"Agent 0","Agent 1",1681,14542077196776,14542077636659
"MEMORY_COPY","MEMORY_COPY_HOST_TO_DEVICE",1,"Agent 0","Agent 1",1684,14542077671539,14542077685659
"MEMORY_COPY","MEMORY_COPY_HOST_TO_DEVICE",1,"Agent 0","Agent 1",1693,14542077776080,14542077783360
"MEMORY_COPY","MEMORY_COPY_HOST_TO_DEVICE",1,"Agent 0","Agent 1",1696,14542077801870,14542077809190
"MEMORY_COPY","MEMORY_COPY_HOST_TO_DEVICE",1,"Agent 0","Agent 1",1702,14542078165992,14542078645996
"MEMORY_COPY","MEMORY_COPY_HOST_TO_DEVICE",1,"Agent 0","Agent 1",1705,14542079433221,14542080846789
"MEMORY_COPY","MEMORY_COPY_HOST_TO_DEVICE",1,"Agent 0","Agent 1",1705,14542080850509,14542080887270
"MEMORY_COPY","MEMORY_COPY_HOST_TO_DEVICE",1,"Agent 0","Agent 1",1708,14542081579764,14542082816252
"MEMORY_COPY","MEMORY_COPY_HOST_TO_DEVICE",1,"Agent 0","Agent 1",1708,14542082819852,14542082856972
"MEMORY_COPY","MEMORY_COPY_HOST_TO_DEVICE",1,"Agent 0","Agent 1",1711,14542083571827,14542084808434
"MEMORY_COPY","MEMORY_COPY_HOST_TO_DEVICE",1,"Agent 0","Agent 1",1711,14542084812155,14542084849395
"MEMORY_COPY","MEMORY_COPY_HOST_TO_DEVICE",1,"Agent 0","Agent 1",1714,14542084870595,14542084876115
"MEMORY_COPY","MEMORY_COPY_HOST_TO_DEVICE",1,"Agent 0","Agent 1",1717,14542084891375,14542084897055
"MEMORY_COPY","MEMORY_COPY_HOST_TO_DEVICE",1,"Agent 0","Agent 1",1720,14542085303278,14542086015282
"MEMORY_COPY","MEMORY_COPY_HOST_TO_DEVICE",1,"Agent 0","Agent 1",1723,14542086304954,14542086744557
"MEMORY_COPY","MEMORY_COPY_HOST_TO_DEVICE",1,"Agent 0","Agent 1",1726,14542086778147,14542086791707
"MEMORY_COPY","MEMORY_COPY_HOST_TO_DEVICE",1,"Agent 0","Agent 1",1735,14542086879438,14542086886918
"MEMORY_COPY","MEMORY_COPY_HOST_TO_DEVICE",1,"Agent 0","Agent 1",1738,14542086905218,14542086912578
"MEMORY_COPY","MEMORY_COPY_HOST_TO_DEVICE",1,"Agent 0","Agent 1",1744,14542087517172,14542088083255
"MEMORY_COPY","MEMORY_COPY_HOST_TO_DEVICE",1,"Agent 0","Agent 1",1747,14542089298173,14542090900663
"MEMORY_COPY","MEMORY_COPY_HOST_TO_DEVICE",1,"Agent 0","Agent 1",1747,14542090904343,14542090942343
"MEMORY_COPY","MEMORY_COPY_HOST_TO_DEVICE",1,"Agent 0","Agent 1",1750,14542092066790,14542093535360
"MEMORY_COPY","MEMORY_COPY_HOST_TO_DEVICE",1,"Agent 0","Agent 1",1750,14542093539240,14542093576160
"MEMORY_COPY","MEMORY_COPY_HOST_TO_DEVICE",1,"Agent 0","Agent 1",1753,14542094379785,14542095994155
"MEMORY_COPY","MEMORY_COPY_HOST_TO_DEVICE",1,"Agent 0","Agent 1",1753,14542095997875,14542096035155
"MEMORY_COPY","MEMORY_COPY_HOST_TO_DEVICE",1,"Agent 0","Agent 1",1756,14542096057606,14542096063166
"MEMORY_COPY","MEMORY_COPY_HOST_TO_DEVICE",1,"Agent 0","Agent 1",1759,14542096079266,14542096084906
"MEMORY_COPY","MEMORY_COPY_HOST_TO_DEVICE",1,"Agent 0","Agent 1",1762,14542097199503,14542098058268
"MEMORY_COPY","MEMORY_COPY_HOST_TO_DEVICE",1,"Agent 0","Agent 1",1765,14542098811533,14542099328496
"MEMORY_COPY","MEMORY_COPY_HOST_TO_DEVICE",1,"Agent 0","Agent 1",1768,14542099369077,14542099382677
"MEMORY_COPY","MEMORY_COPY_HOST_TO_DEVICE",1,"Agent 0","Agent 1",1777,14542099469447,14542099476767
"MEMORY_COPY","MEMORY_COPY_HOST_TO_DEVICE",1,"Agent 0","Agent 1",1780,14542099496477,14542099503837
"MEMORY_COPY","MEMORY_COPY_HOST_TO_DEVICE",1,"Agent 0","Agent 1",1786,14542100275292,14542100854016
"MEMORY_COPY","MEMORY_COPY_HOST_TO_DEVICE",1,"Agent 0","Agent 1",1789,14542102787638,14542104289008
"MEMORY_COPY","MEMORY_COPY_HOST_TO_DEVICE",1,"Agent 0","Agent 1",1789,14542104292728,14542104330448
"MEMORY_COPY","MEMORY_COPY_HOST_TO_DEVICE",1,"Agent 0","Agent 1",1792,14542105293004,14542106614452
"MEMORY_COPY","MEMORY_COPY_HOST_TO_DEVICE",1,"Agent 0","Agent 1",1792,14542106618052,14542106656453
"MEMORY_COPY","MEMORY_COPY_HOST_TO_DEVICE",1,"Agent 0","Agent 1",1795,14542108967237,14542110532087
"MEMORY_COPY","MEMORY_COPY_HOST_TO_DEVICE",1,"Agent 0","Agent 1",1795,14542110536727,14542110574487
"MEMORY_COPY","MEMORY_COPY_HOST_TO_DEVICE",1,"Agent 0","Agent 1",1798,14542110600828,14542110606668
"MEMORY_COPY","MEMORY_COPY_HOST_TO_DEVICE",1,"Agent 0","Agent 1",1801,14542110623008,14542110628728
"MEMORY_COPY","MEMORY_COPY_HOST_TO_DEVICE",1,"Agent 0","Agent 1",1804,14542112041457,14542113188344
"MEMORY_COPY","MEMORY_COPY_HOST_TO_DEVICE",1,"Agent 0","Agent 1",1807,14542113320045,14542113418405
"MEMORY_COPY","MEMORY_COPY_HOST_TO_DEVICE",1,"Agent 0","Agent 1",1810,14542113723038,14542113845758
"MEMORY_COPY","MEMORY_COPY_HOST_TO_DEVICE",1,"Agent 0","Agent 1",1813,14542114484052,14542115025175
"MEMORY_COPY","MEMORY_COPY_HOST_TO_DEVICE",1,"Agent 0","Agent 1",1822,14542116360423,14542117710632
"MEMORY_COPY","MEMORY_COPY_HOST_TO_DEVICE",1,"Agent 0","Agent 1",1822,14542117714432,14542117751192
"MEMORY_COPY","MEMORY_COPY_HOST_TO_DEVICE",1,"Agent 0","Agent 1",1825,14542118458277,14542120007246
"MEMORY_COPY","MEMORY_COPY_HOST_TO_DEVICE",1,"Agent 0","Agent 1",1825,14542120010966,14542120047927
"MEMORY_COPY","MEMORY_COPY_HOST_TO_DEVICE",1,"Agent 0","Agent 1",1828,14542121586566,14542122935615
"MEMORY_COPY","MEMORY_COPY_HOST_TO_DEVICE",1,"Agent 0","Agent 1",1828,14542122940255,14542122976255
"MEMORY_COPY","MEMORY_COPY_HOST_TO_DEVICE",1,"Agent 0","Agent 1",1831,14542123004585,14542123010185
"MEMORY_COPY","MEMORY_COPY_HOST_TO_DEVICE",1,"Agent 0","Agent 1",1834,14542123026606,14542123032446
"MEMORY_COPY","MEMORY_COPY_HOST_TO_DEVICE",1,"Agent 0","Agent 1",1837,14542124126423,14542124918308
"MEMORY_COPY","MEMORY_COPY_HOST_TO_DEVICE",1,"Agent 0","Agent 1",1840,14542125483661,14542125984944
"MEMORY_COPY","MEMORY_COPY_HOST_TO_DEVICE",1,"Agent 0","Agent 1",1843,14542126028695,14542126042455
"MEMORY_COPY","MEMORY_COPY_HOST_TO_DEVICE",1,"Agent 0","Agent 1",1852,14542126126325,14542126133725
"MEMORY_COPY","MEMORY_COPY_HOST_TO_DEVICE",1,"Agent 0","Agent 1",1855,14542126153495,14542126160895
"MEMORY_COPY","MEMORY_COPY_HOST_TO_DEVICE",1,"Agent 0","Agent 1",1861,14542126520308,14542127009231
"MEMORY_COPY","MEMORY_COPY_HOST_TO_DEVICE",1,"Agent 0","Agent 1",1864,14542127670415,14542128874503
"MEMORY_COPY","MEMORY_COPY_HOST_TO_DEVICE",1,"Agent 0","Agent 1",1864,14542128879103,14542128916063
"MEMORY_COPY","MEMORY_COPY_HOST_TO_DEVICE",1,"Agent 0","Agent 1",1867,14542129565007,14542130758655
"MEMORY_COPY","MEMORY_COPY_HOST_TO_DEVICE",1,"Agent 0","Agent 1",1867,14542130762455,14542130798855
"MEMORY_COPY","MEMORY_COPY_HOST_TO_DEVICE",1,"Agent 0","Agent 1",1870,14542131448709,14542132646636
"MEMORY_COPY","MEMORY_COPY_HOST_TO_DEVICE",1,"Agent 0","Agent 1",1870,14542132650516,14542132687037
"MEMORY_COPY","MEMORY_COPY_HOST_TO_DEVICE",1,"Agent 0","Agent 1",1873,14542132713647,14542132719287
"MEMORY_COPY","MEMORY_COPY_HOST_TO_DEVICE",1,"Agent 0","Agent 1",1876,14542132735537,14542132741377
"MEMORY_COPY","MEMORY_COPY_HOST_TO_DEVICE",1,"Agent 0","Agent 1",1879,14542133074919,14542133796324
"MEMORY_COPY","MEMORY_COPY_HOST_TO_DEVICE",1,"Agent 0","Agent 1",1882,14542134070095,14542134499698
"MEMORY_COPY","MEMORY_COPY_HOST_TO_DEVICE",1,"Agent 0","Agent 1",1885,14542134546978,14542134560619
"MEMORY_COPY","MEMORY_COPY_HOST_TO_DEVICE",1,"Agent 0","Agent 1",1894,14542134653359,14542134660959
"MEMORY_COPY","MEMORY_COPY_HOST_TO_DEVICE",1,"Agent 0","Agent 1",1897,14542134680239,14542134687759
"MEMORY_COPY","MEMORY_COPY_HOST_TO_DEVICE",1,"Agent 0","Agent 1",1903,14542135039132,14542135519575
"MEMORY_COPY","MEMORY_COPY_HOST_TO_DEVICE",1,"Agent 0","Agent 1",1906,14542136154229,14542137357796
"MEMORY_COPY","MEMORY_COPY_HOST_TO_DEVICE",1,"Agent 0","Agent 1",1906,14542137361636,14542137398837
"MEMORY_COPY","MEMORY_COPY_HOST_TO_DEVICE",1,"Agent 0","Agent 1",1909,14542138038161,14542139227168
"MEMORY_COPY","MEMORY_COPY_HOST_TO_DEVICE",1,"Agent 0","Agent 1",1909,14542139231008,14542139268008
"MEMORY_COPY","MEMORY_COPY_HOST_TO_DEVICE",1,"Agent 0","Agent 1",1912,14542139919552,14542141117960
"MEMORY_COPY","MEMORY_COPY_HOST_TO_DEVICE",1,"Agent 0","Agent 1",1912,14542141121680,14542141158760
"MEMORY_COPY","MEMORY_COPY_HOST_TO_DEVICE",1,"Agent 0","Agent 1",1915,14542141193031,14542141198831
"MEMORY_COPY","MEMORY_COPY_HOST_TO_DEVICE",1,"Agent 0","Agent 1",1918,14542141933275,14542141939235
"MEMORY_COPY","MEMORY_COPY_HOST_TO_DEVICE",1,"Agent 0","Agent 1",1921,14542142270167,14542142980452
"MEMORY_COPY","MEMORY_COPY_HOST_TO_DEVICE",1,"Agent 0","Agent 1",1924,14542143246874,14542143675756
"MEMORY_COPY","MEMORY_COPY_HOST_TO_DEVICE",1,"Agent 0","Agent 1",1927,14542143714177,14542143728137
"MEMORY_COPY","MEMORY_COPY_HOST_TO_DEVICE",1,"Agent 0","Agent 1",1936,14542143815147,14542143822667
"MEMORY_COPY","MEMORY_COPY_HOST_TO_DEVICE",1,"Agent 0","Agent 1",1939,14542143841247,14542143848967
"MEMORY_COPY","MEMORY_COPY_HOST_TO_DEVICE",1,"Agent 0","Agent 1",1945,14542144200730,14542144681053
"MEMORY_COPY","MEMORY_COPY_HOST_TO_DEVICE",1,"Agent 0","Agent 1",1948,14542145330787,14542146519514
"MEMORY_COPY","MEMORY_COPY_HOST_TO_DEVICE",1,"Agent 0","Agent 1",1948,14542146523274,14542146560195
"MEMORY_COPY","MEMORY_COPY_HOST_TO_DEVICE",1,"Agent 0","Agent 1",1951,14542147210809,14542148411376
"MEMORY_COPY","MEMORY_COPY_HOST_TO_DEVICE",1,"Agent 0","Agent 1",1951,14542148415136,14542148451936
"MEMORY_COPY","MEMORY_COPY_HOST_TO_DEVICE",1,"Agent 0","Agent 1",1954,14542149131811,14542150321898
"MEMORY_COPY","MEMORY_COPY_HOST_TO_DEVICE",1,"Agent 0","Agent 1",1954,14542150325578,14542150362619
"MEMORY_COPY","MEMORY_COPY_HOST_TO_DEVICE",1,"Agent 0","Agent 1",1957,14542150385949,14542150392109
"MEMORY_COPY","MEMORY_COPY_HOST_TO_DEVICE",1,"Agent 0","Agent 1",1960,14542150410349,14542150416269
"MEMORY_COPY","MEMORY_COPY_HOST_TO_DEVICE",1,"Agent 0","Agent 1",1963,14542150786161,14542151742047
"MEMORY_COPY","MEMORY_COPY_HOST_TO_DEVICE",1,"Agent 0","Agent 1",1966,14542151807938,14542151892138
"MEMORY_COPY","MEMORY_COPY_HOST_TO_DEVICE",1,"Agent 0","Agent 1",1969,14542151956739,14542152061139
"MEMORY_COPY","MEMORY_COPY_HOST_TO_DEVICE",1,"Agent 0","Agent 1",1972,14542152366981,14542152847344
"MEMORY_COPY","MEMORY_COPY_HOST_TO_DEVICE",1,"Agent 0","Agent 1",1981,14542153576089,14542154773296
"MEMORY_COPY","MEMORY_COPY_HOST_TO_DEVICE",1,"Agent 0","Agent 1",1981,14542154777017,14542154814577
"MEMORY_COPY","MEMORY_COPY_HOST_TO_DEVICE",1,"Agent 0","Agent 1",1984,14542155502411,14542156693859
"MEMORY_COPY","MEMORY_COPY_HOST_TO_DEVICE",1,"Agent 0","Agent 1",1984,14542156697699,14542156734379
"MEMORY_COPY","MEMORY_COPY_HOST_TO_DEVICE",1,"Agent 0","Agent 1",1987,14542157386653,14542158580141
"MEMORY_COPY","MEMORY_COPY_HOST_TO_DEVICE",1,"Agent 0","Agent 1",1987,14542158583861,14542158621221
"MEMORY_COPY","MEMORY_COPY_HOST_TO_DEVICE",1,"Agent 0","Agent 1",1990,14542158643611,14542158649491
"MEMORY_COPY","MEMORY_COPY_HOST_TO_DEVICE",1,"Agent 0","Agent 1",1993,14542158666131,14542158672171
"MEMORY_COPY","MEMORY_COPY_HOST_TO_DEVICE",1,"Agent 0","Agent 1",1996,14542159009113,14542159719478
"MEMORY_COPY","MEMORY_COPY_HOST_TO_DEVICE",1,"Agent 0","Agent 1",1999,14542160024750,14542160453192
"MEMORY_COPY","MEMORY_COPY_HOST_TO_DEVICE",1,"Agent 0","Agent 1",2002,14542160492343,14542160506503
"MEMORY_COPY","MEMORY_COPY_HOST_TO_DEVICE",1,"Agent 0","Agent 1",2011,14542160595423,14542160603183
"MEMORY_COPY","MEMORY_COPY_HOST_TO_DEVICE",1,"Agent 0","Agent 1",2014,14542160623424,14542160631304
"MEMORY_COPY","MEMORY_COPY_HOST_TO_DEVICE",1,"Agent 0","Agent 1",2020,14542160931585,14542161418789
"MEMORY_COPY","MEMORY_COPY_HOST_TO_DEVICE",1,"Agent 0","Agent 1",2023,14542162076493,14542163272460
"MEMORY_COPY","MEMORY_COPY_HOST_TO_DEVICE",1,"Agent 0","Agent 1",2023,14542163276140,14542163313741
"MEMORY_COPY","MEMORY_COPY_HOST_TO_DEVICE",1,"Agent 0","Agent 1",2026,14542163965865,14542165156192
"MEMORY_COPY","MEMORY_COPY_HOST_TO_DEVICE",1,"Agent 0","Agent 1",2026,14542165159952,14542165197512
"MEMORY_COPY","MEMORY_COPY_HOST_TO_DEVICE",1,"Agent 0","Agent 1",2029,14542165739386,14542166936593
"MEMORY_COPY","MEMORY_COPY_HOST_TO_DEVICE",1,"Agent 0","Agent 1",2029,14542166940273,14542166977594
"MEMORY_COPY","MEMORY_COPY_HOST_TO_DEVICE",1,"Agent 0","Agent 1",2032,14542166998804,14542167004724
"MEMORY_COPY","MEMORY_COPY_HOST_TO_DEVICE",1,"Agent 0","Agent 1",2035,14542167043184,14542167049184
"MEMORY_COPY","MEMORY_COPY_HOST_TO_DEVICE",1,"Agent 0","Agent 1",2038,14542167368896,14542168079341
"MEMORY_COPY","MEMORY_COPY_HOST_TO_DEVICE",1,"Agent 0","Agent 1",2041,14542168361182,14542168798225
"MEMORY_COPY","MEMORY_COPY_HOST_TO_DEVICE",1,"Agent 0","Agent 1",2044,14542168833415,14542168847296
"MEMORY_COPY","MEMORY_COPY_HOST_TO_DEVICE",1,"Agent 0","Agent 1",2053,14542168939816,14542168947656
"MEMORY_COPY","MEMORY_COPY_HOST_TO_DEVICE",1,"Agent 0","Agent 1",2056,14542168965846,14542168973566
"MEMORY_COPY","MEMORY_COPY_HOST_TO_DEVICE",1,"Agent 0","Agent 1",2062,14542169446029,14542169937392
"MEMORY_COPY","MEMORY_COPY_HOST_TO_DEVICE",1,"Agent 0","Agent 1",2065,14542170389075,14542171576923
"MEMORY_COPY","MEMORY_COPY_HOST_TO_DEVICE",1,"Agent 0","Agent 1",2065,14542171580643,14542171618483
"MEMORY_COPY","MEMORY_COPY_HOST_TO_DEVICE",1,"Agent 0","Agent 1",2068,14542172266937,14542173458745
"MEMORY_COPY","MEMORY_COPY_HOST_TO_DEVICE",1,"Agent 0","Agent 1",2068,14542173462625,14542173500625
"MEMORY_COPY","MEMORY_COPY_HOST_TO_DEVICE",1,"Agent 0","Agent 1",2071,14542173920938,14542175112465
"MEMORY_COPY","MEMORY_COPY_HOST_TO_DEVICE",1,"Agent 0","Agent 1",2071,14542175121865,14542175159426
"MEMORY_COPY","MEMORY_COPY_HOST_TO_DEVICE",1,"Agent 0","Agent 1",2074,14542175191076,14542175196996
"MEMORY_COPY","MEMORY_COPY_HOST_TO_DEVICE",1,"Agent 0","Agent 1",2077,14542175213806,14542175219886
"MEMORY_COPY","MEMORY_COPY_HOST_TO_DEVICE",1,"Agent 0","Agent 1",2080,14542175585678,14542176297563
"MEMORY_COPY","MEMORY_COPY_HOST_TO_DEVICE",1,"Agent 0","Agent 1",2083,14542176561861,14542176990303
"MEMORY_COPY","MEMORY_COPY_HOST_TO_DEVICE",1,"Agent 0","Agent 1",2086,14542177040233,14542177054313
"MEMORY_COPY","MEMORY_COPY_HOST_TO_DEVICE",1,"Agent 0","Agent 1",2095,14542177141063,14542177148823
"MEMORY_COPY","MEMORY_COPY_HOST_TO_DEVICE",1,"Agent 0","Agent 1",2098,14542177167134,14542177174934
"MEMORY_COPY","MEMORY_COPY_HOST_TO_DEVICE",1,"Agent 0","Agent 1",2104,14542177567246,14542178055929
"MEMORY_COPY","MEMORY_COPY_HOST_TO_DEVICE",1,"Agent 0","Agent 1",2107,14542178638153,14542179830320
"MEMORY_COPY","MEMORY_COPY_HOST_TO_DEVICE",1,"Agent 0","Agent 1",2107,14542179834121,14542179872121
"MEMORY_COPY","MEMORY_COPY_HOST_TO_DEVICE",1,"Agent 0","Agent 1",2110,14542180279343,14542181481551
"MEMORY_COPY","MEMORY_COPY_HOST_TO_DEVICE",1,"Agent 0","Agent 1",2110,14542181485311,14542181522511
"MEMORY_COPY","MEMORY_COPY_HOST_TO_DEVICE",1,"Agent 0","Agent 1",2113,14542181938894,14542183143061
"MEMORY_COPY","MEMORY_COPY_HOST_TO_DEVICE",1,"Agent 0","Agent 1",2113,14542183146782,14542183184342
"MEMORY_COPY","MEMORY_COPY_HOST_TO_DEVICE",1,"Agent 0","Agent 1",2116,14542183219382,14542183225462
"MEMORY_COPY","MEMORY_COPY_HOST_TO_DEVICE",1,"Agent 0","Agent 1",2119,14542183246962,14542183253042
"MEMORY_COPY","MEMORY_COPY_HOST_TO_DEVICE",1,"Agent 0","Agent 1",2122,14542183713275,14542184667841
"MEMORY_COPY","MEMORY_COPY_HOST_TO_DEVICE",1,"Agent 0","Agent 1",2125,14542184730822,14542184814942
"MEMORY_COPY","MEMORY_COPY_HOST_TO_DEVICE",1,"Agent 0","Agent 1",2128,14542184987883,14542185090844
"MEMORY_COPY","MEMORY_COPY_HOST_TO_DEVICE",1,"Agent 0","Agent 1",2131,14542185341495,14542185822098
"MEMORY_COPY","MEMORY_COPY_HOST_TO_DEVICE",1,"Agent 0","Agent 1",2140,14542186538383,14542187726911
"MEMORY_COPY","MEMORY_COPY_HOST_TO_DEVICE",1,"Agent 0","Agent 1",2140,14542187730591,14542187767711
"MEMORY_COPY","MEMORY_COPY_HOST_TO_DEVICE",1,"Agent 0","Agent 1",2143,14542188177443,14542189375371
"MEMORY_COPY","MEMORY_COPY_HOST_TO_DEVICE",1,"Agent 0","Agent 1",2143,14542189379011,14542189415771
"MEMORY_COPY","MEMORY_COPY_HOST_TO_DEVICE",1,"Agent 0","Agent 1",2146,14542189856134,14542191049102
"MEMORY_COPY","MEMORY_COPY_HOST_TO_DEVICE",1,"Agent 0","Agent 1",2146,14542191052742,14542191089702
"MEMORY_COPY","MEMORY_COPY_HOST_TO_DEVICE",1,"Agent 0","Agent 1",2149,14542191126982,14542191132502
"MEMORY_COPY","MEMORY_COPY_HOST_TO_DEVICE",1,"Agent 0","Agent 1",2152,14542191150072,14542191155712
"MEMORY_COPY","MEMORY_COPY_HOST_TO_DEVICE",1,"Agent 0","Agent 1",2155,14542191526425,14542192236869
"MEMORY_COPY","MEMORY_COPY_HOST_TO_DEVICE",1,"Agent 0","Agent 1",2158,14542192478171,14542192906653
"MEMORY_COPY","MEMORY_COPY_HOST_TO_DEVICE",1,"Agent 0","Agent 1",2161,14542192939714,14542192953274
"MEMORY_COPY","MEMORY_COPY_HOST_TO_DEVICE",1,"Agent 0","Agent 1",2170,14542193046564,14542193053804
"MEMORY_COPY","MEMORY_COPY_HOST_TO_DEVICE",1,"Agent 0","Agent 1",2173,14542193076234,14542193083514
"MEMORY_COPY","MEMORY_COPY_HOST_TO_DEVICE",1,"Agent 0","Agent 1",2179,14542193394716,14542193875880
"MEMORY_COPY","MEMORY_COPY_HOST_TO_DEVICE",1,"Agent 0","Agent 1",2182,14542194333132,14542195527060
"MEMORY_COPY","MEMORY_COPY_HOST_TO_DEVICE",1,"Agent 0","Agent 1",2182,14542195530660,14542195570500
"MEMORY_COPY","MEMORY_COPY_HOST_TO_DEVICE",1,"Agent 0","Agent 1",2185,14542196184374,14542197385342
"MEMORY_COPY","MEMORY_COPY_HOST_TO_DEVICE",1,"Agent 0","Agent 1",2185,14542197389022,14542197427982
"MEMORY_COPY","MEMORY_COPY_HOST_TO_DEVICE",1,"Agent 0","Agent 1",2188,14542198074116,14542199268564
"MEMORY_COPY","MEMORY_COPY_HOST_TO_DEVICE",1,"Agent 0","Agent 1",2188,14542199273124,14542199309444
"MEMORY_COPY","MEMORY_COPY_HOST_TO_DEVICE",1,"Agent 0","Agent 1",2191,14542199331054,14542199336534
"MEMORY_COPY","MEMORY_COPY_HOST_TO_DEVICE",1,"Agent 0","Agent 1",2194,14542199353824,14542199359424
"MEMORY_COPY","MEMORY_COPY_HOST_TO_DEVICE",1,"Agent 0","Agent 1",2197,14542199671556,14542200381921
"MEMORY_COPY","MEMORY_COPY_HOST_TO_DEVICE",1,"Agent 0","Agent 1",2200,14542200621192,14542201049595
"MEMORY_COPY","MEMORY_COPY_HOST_TO_DEVICE",1,"Agent 0","Agent 1",2203,14542201088415,14542201102575
"MEMORY_COPY","MEMORY_COPY_HOST_TO_DEVICE",1,"Agent 0","Agent 1",2212,14542201190506,14542201198106
"MEMORY_COPY","MEMORY_COPY_HOST_TO_DEVICE",1,"Agent 0","Agent 1",2215,14542201216516,14542201224116
"MEMORY_COPY","MEMORY_COPY_HOST_TO_DEVICE",1,"Agent 0","Agent 1",2221,14542201543918,14542202033001
"MEMORY_COPY","MEMORY_COPY_HOST_TO_DEVICE",1,"Agent 0","Agent 1",2224,14542202672185,14542203892073
"MEMORY_COPY","MEMORY_COPY_HOST_TO_DEVICE",1,"Agent 0","Agent 1",2224,14542203895713,14542203934033
"MEMORY_COPY","MEMORY_COPY_HOST_TO_DEVICE",1,"Agent 0","Agent 1",2227,14542204359246,14542205597974
"MEMORY_COPY","MEMORY_COPY_HOST_TO_DEVICE",1,"Agent 0","Agent 1",2227,14542205601654,14542205638934
"MEMORY_COPY","MEMORY_COPY_HOST_TO_DEVICE",1,"Agent 0","Agent 1",2230,14542206284758,14542207488206
"MEMORY_COPY","MEMORY_COPY_HOST_TO_DEVICE",1,"Agent 0","Agent 1",2230,14542207491926,14542207528726
"MEMORY_COPY","MEMORY_COPY_HOST_TO_DEVICE",1,"Agent 0","Agent 1",2233,14542207565656,14542207571256
"MEMORY_COPY","MEMORY_COPY_HOST_TO_DEVICE",1,"Agent 0","Agent 1",2236,14542207588916,14542207594596
"MEMORY_COPY","MEMORY_COPY_HOST_TO_DEVICE",1,"Agent 0","Agent 1",2239,14542208072770,14542208782694
"MEMORY_COPY","MEMORY_COPY_HOST_TO_DEVICE",1,"Agent 0","Agent 1",2242,14542209020596,14542209448958
"MEMORY_COPY","MEMORY_COPY_HOST_TO_DEVICE",1,"Agent 0","Agent 1",2245,14542209486658,14542209500459
"MEMORY_COPY","MEMORY_COPY_HOST_TO_DEVICE",1,"Agent 0","Agent 1",2254,14542209594159,14542209601639
"MEMORY_COPY","MEMORY_COPY_HOST_TO_DEVICE",1,"Agent 0","Agent 1",2257,14542209620729,14542209628129
"MEMORY_COPY","MEMORY_COPY_HOST_TO_DEVICE",1,"Agent 0","Agent 1",2263,14542209950011,14542210457575
"MEMORY_COPY","MEMORY_COPY_HOST_TO_DEVICE",1,"Agent 0","Agent 1",2266,14542211181579,14542212395827
"MEMORY_COPY","MEMORY_COPY_HOST_TO_DEVICE",1,"Agent 0","Agent 1",2266,14542212399587,14542212439907
"MEMORY_COPY","MEMORY_COPY_HOST_TO_DEVICE",1,"Agent 0","Agent 1",2269,14542212899220,14542214134788
"MEMORY_COPY","MEMORY_COPY_HOST_TO_DEVICE",1,"Agent 0","Agent 1",2269,14542214138388,14542214175788
"MEMORY_COPY","MEMORY_COPY_HOST_TO_DEVICE",1,"Agent 0","Agent 1",2272,14542214822462,14542216034190
"MEMORY_COPY","MEMORY_COPY_HOST_TO_DEVICE",1,"Agent 0","Agent 1",2272,14542216037750,14542216074670
"MEMORY_COPY","MEMORY_COPY_HOST_TO_DEVICE",1,"Agent 0","Agent 1",2275,14542216097270,14542216102950
"MEMORY_COPY","MEMORY_COPY_HOST_TO_DEVICE",1,"Agent 0","Agent 1",2278,14542216120291,14542216126091
"MEMORY_COPY","MEMORY_COPY_HOST_TO_DEVICE",1,"Agent 0","Agent 1",2281,14542216541093,14542217504739
"MEMORY_COPY","MEMORY_COPY_HOST_TO_DEVICE",1,"Agent 0","Agent 1",2284,14542217566830,14542217651030
"MEMORY_COPY","MEMORY_COPY_HOST_TO_DEVICE",1,"Agent 0","Agent 1",2287,14542217717921,14542217820281
"MEMORY_COPY","MEMORY_COPY_HOST_TO_DEVICE",1,"Agent 0","Agent 1",2290,14542218128503,14542218608386
"MEMORY_COPY","MEMORY_COPY_HOST_TO_DEVICE",1,"Agent 0","Agent 1",2299,14542219321731,14542220526738
"MEMORY_COPY","MEMORY_COPY_HOST_TO_DEVICE",1,"Agent 0","Agent 1",2299,14542220533179,14542220570459
"MEMORY_COPY","MEMORY_COPY_HOST_TO_DEVICE",1,"Agent 0","Agent 1",2302,14542220978671,14542222168599
"MEMORY_COPY","MEMORY_COPY_HOST_TO_DEVICE",1,"Agent 0","Agent 1",2302,14542222172359,14542222208559
"MEMORY_COPY","MEMORY_COPY_HOST_TO_DEVICE",1,"Agent 0","Agent 1",2305,14542222863273,14542224050641
"MEMORY_COPY","MEMORY_COPY_HOST_TO_DEVICE",1,"Agent 0","Agent 1",2305,14542224054281,14542224097361
"MEMORY_COPY","MEMORY_COPY_HOST_TO_DEVICE",1,"Agent 0","Agent 1",2308,14542224127221,14542224132821
"MEMORY_COPY","MEMORY_COPY_HOST_TO_DEVICE",1,"Agent 0","Agent 1",2311,14542224151921,14542224157681
"MEMORY_COPY","MEMORY_COPY_HOST_TO_DEVICE",1,"Agent 0","Agent 1",2314,14542224499504,14542225211108
"MEMORY_COPY","MEMORY_COPY_HOST_TO_DEVICE",1,"Agent 0","Agent 1",2317,14542225485030,14542225913953
"MEMORY_COPY","MEMORY_COPY_HOST_TO_DEVICE",1,"Agent 0","Agent 1",2320,14542225948393,14542225962153
"MEMORY_COPY","MEMORY_COPY_HOST_TO_DEVICE",1,"Agent 0","Agent 1",2329,14542226058124,14542226065484
"MEMORY_COPY","MEMORY_COPY_HOST_TO_DEVICE",1,"Agent 0","Agent 1",2332,14542226084864,14542226092384
"MEMORY_COPY","MEMORY_COPY_HOST_TO_DEVICE",1,"Agent 0","Agent 1",2338,14542226389666,14542226869949
"MEMORY_COPY","MEMORY_COPY_HOST_TO_DEVICE",1,"Agent 0","Agent 1",2341,14542227517133,14542228727180
"MEMORY_COPY","MEMORY_COPY_HOST_TO_DEVICE",1,"Agent 0","Agent 1",2341,14542228730860,14542228769541
"MEMORY_COPY","MEMORY_COPY_HOST_TO_DEVICE",1,"Agent 0","Agent 1",2344,14542229416375,14542230612022
"MEMORY_COPY","MEMORY_COPY_HOST_TO_DEVICE",1,"Agent 0","Agent 1",2344,14542230615782,14542230652223
"MEMORY_COPY","MEMORY_COPY_HOST_TO_DEVICE",1,"Agent 0","Agent 1",2347,14542231304007,14542232496174
"MEMORY_COPY","MEMORY_COPY_HOST_TO_DEVICE",1,"Agent 0","Agent 1",2347,14542232499854,14542232537655
"MEMORY_COPY","MEMORY_COPY_HOST_TO_DEVICE",1,"Agent 0","Agent 1",2350,14542232574015,14542232579535
"MEMORY_COPY","MEMORY_COPY_HOST_TO_DEVICE",1,"Agent 0","Agent 1",2353,14542232597255,14542232602975
"MEMORY_COPY","MEMORY_COPY_HOST_TO_DEVICE",1,"Agent 0","Agent 1",2356,14542232941907,14542233651992
"MEMORY_COPY","MEMORY_COPY_HOST_TO_DEVICE",1,"Agent 0","Agent 1",2359,14542233889833,14542234318076
"MEMORY_COPY","MEMORY_COPY_HOST_TO_DEVICE",1,"Agent 0","Agent 1",2362,14542234353706,14542234367186
"MEMORY_COPY","MEMORY_COPY_HOST_TO_DEVICE",1,"Agent 0","Agent 1",2371,14542234454697,14542234462257
"MEMORY_COPY","MEMORY_COPY_HOST_TO_DEVICE",1,"Agent 0","Agent 1",2374,14542234481037,14542234488437
"MEMORY_COPY","MEMORY_COPY_HOST_TO_DEVICE",1,"Agent 0","Agent 1",2380,14542234834409,14542235315412
"MEMORY_COPY","MEMORY_COPY_HOST_TO_DEVICE",1,"Agent 0","Agent 1",2383,14542235754335,14542236957463
"MEMORY_COPY","MEMORY_COPY_HOST_TO_DEVICE",1,"Agent 0","Agent 1",2383,14542236961063,14542236998503
"MEMORY_COPY","MEMORY_COPY_HOST_TO_DEVICE",1,"Agent 0","Agent 1",2386,14542237672667,14542238870195
"MEMORY_COPY","MEMORY_COPY_HOST_TO_DEVICE",1,"Agent 0","Agent 1",2386,14542238873955,14542238910275
"MEMORY_COPY","MEMORY_COPY_HOST_TO_DEVICE",1,"Agent 0","Agent 1",2389,14542239499595,14542240691602
"MEMORY_COPY","MEMORY_COPY_HOST_TO_DEVICE",1,"Agent 0","Agent 1",2389,14542240699162,14542240735442
"MEMORY_COPY","MEMORY_COPY_HOST_TO_DEVICE",1,"Agent 0","Agent 1",2392,14542240757912,14542240763432
"MEMORY_COPY","MEMORY_COPY_HOST_TO_DEVICE",1,"Agent 0","Agent 1",2395,14542240779192,14542240784792
"MEMORY_COPY","MEMORY_COPY_HOST_TO_DEVICE",1,"Agent 0","Agent 1",2398,14542241104634,14542241814879
"MEMORY_COPY","MEMORY_COPY_HOST_TO_DEVICE",1,"Agent 0","Agent 1",2401,14542242069790,14542242497913
"MEMORY_COPY","MEMORY_COPY_HOST_TO_DEVICE",1,"Agent 0","Agent 1",2404,14542242532563,14542242546283
"MEMORY_COPY","MEMORY_COPY_HOST_TO_DEVICE",1,"Agent 0","Agent 1",2413,14542242633304,14542242640584
"MEMORY_COPY","MEMORY_COPY_HOST_TO_DEVICE",1,"Agent 0","Agent 1",2416,14542242660584,14542242667904
"MEMORY_COPY","MEMORY_COPY_HOST_TO_DEVICE",1,"Agent 0","Agent 1",2422,14542242966836,14542243449639
"MEMORY_COPY","MEMORY_COPY_HOST_TO_DEVICE",1,"Agent 0","Agent 1",2425,14542244100493,14542245308141
"MEMORY_COPY","MEMORY_COPY_HOST_TO_DEVICE",1,"Agent 0","Agent 1",2425,14542245319621,14542245357501
"MEMORY_COPY","MEMORY_COPY_HOST_TO_DEVICE",1,"Agent 0","Agent 1",2428,14542245996735,14542247194823
"MEMORY_COPY","MEMORY_COPY_HOST_TO_DEVICE",1,"Agent 0","Agent 1",2428,14542247198463,14542247236503
"MEMORY_COPY","MEMORY_COPY_HOST_TO_DEVICE",1,"Agent 0","Agent 1",2431,14542247652236,14542248846723
"MEMORY_COPY","MEMORY_COPY_HOST_TO_DEVICE",1,"Agent 0","Agent 1",2431,14542248850323,14542248887243
"MEMORY_COPY","MEMORY_COPY_HOST_TO_DEVICE",1,"Agent 0","Agent 1",2434,14542248907684,14542248913284
"MEMORY_COPY","MEMORY_COPY_HOST_TO_DEVICE",1,"Agent 0","Agent 1",2437,14542248928394,14542248934034
"MEMORY_COPY","MEMORY_COPY_HOST_TO_DEVICE",1,"Agent 0","Agent 1",2440,14542249301986,14542250256592
"MEMORY_COPY","MEMORY_COPY_HOST_TO_DEVICE",1,"Agent 0","Agent 1",2443,14542250319712,14542250403753
"MEMORY_COPY","MEMORY_COPY_HOST_TO_DEVICE",1,"Agent 0","Agent 1",2446,14542250472213,14542250574774
"MEMORY_COPY","MEMORY_COPY_HOST_TO_DEVICE",1,"Agent 0","Agent 1",2449,14542250821936,14542251301779
"MEMORY_COPY","MEMORY_COPY_HOST_TO_DEVICE",1,"Agent 0","Agent 1",2458,14542252324685,14542253526693
"MEMORY_COPY","MEMORY_COPY_HOST_TO_DEVICE",1,"Agent 0","Agent 1",2458,14542253530373,14542253567253
"MEMORY_COPY","MEMORY_COPY_HOST_TO_DEVICE",1,"Agent 0","Agent 1",2461,14542254216227,14542255407955
"MEMORY_COPY","MEMORY_COPY_HOST_TO_DEVICE",1,"Agent 0","Agent 1",2461,14542255411595,14542255448435
"MEMORY_COPY","MEMORY_COPY_HOST_TO_DEVICE",1,"Agent 0","Agent 1",2464,14542256181240,14542257370247
"MEMORY_COPY","MEMORY_COPY_HOST_TO_DEVICE",1,"Agent 0","Agent 1",2464,14542257373967,14542257410847
"MEMORY_COPY","MEMORY_COPY_HOST_TO_DEVICE",1,"Agent 0","Agent 1",2467,14542257434497,14542257440058
"MEMORY_COPY","MEMORY_COPY_HOST_TO_DEVICE",1,"Agent 0","Agent 1",2470,14542257456378,14542257462138
"MEMORY_COPY","MEMORY_COPY_HOST_TO_DEVICE",1,"Agent 0","Agent 1",2473,14542257796020,14542258506144
"MEMORY_COPY","MEMORY_COPY_HOST_TO_DEVICE",1,"Agent 0","Agent 1",2476,14542258796206,14542259232649
"MEMORY_COPY","MEMORY_COPY_HOST_TO_DEVICE",1,"Agent 0","Agent 1",2479,14542259267919,14542259281679
"MEMORY_COPY","MEMORY_COPY_HOST_TO_DEVICE",1,"Agent 0","Agent 1",2488,14542259366720,14542259374200
"MEMORY_COPY","MEMORY_COPY_HOST_TO_DEVICE",1,"Agent 0","Agent 1",2491,14542259393360,14542259400800
"MEMORY_COPY","MEMORY_COPY_HOST_TO_DEVICE",1,"Agent 0","Agent 1",2497,14542259909413,14542260389376
"MEMORY_COPY","MEMORY_COPY_HOST_TO_DEVICE",1,"Agent 0","Agent 1",2500,14542261037320,14542262229088
"MEMORY_COPY","MEMORY_COPY_HOST_TO_DEVICE",1,"Agent 0","Agent 1",2500,14542262232848,14542262269928
"MEMORY_COPY","MEMORY_COPY_HOST_TO_DEVICE",1,"Agent 0","Agent 1",2503,14542262946082,14542264173290
"MEMORY_COPY","MEMORY_COPY_HOST_TO_DEVICE",1,"Agent 0","Agent 1",2503,14542264177090,14542264215570
"MEMORY_COPY","MEMORY_COPY_HOST_TO_DEVICE",1,"Agent 0","Agent 1",2506,14542264858805,14542266073492
"MEMORY_COPY","MEMORY_COPY_HOST_TO_DEVICE",1,"Agent 0","Agent 1",2506,14542266077212,14542266113852
"MEMORY_COPY","MEMORY_COPY_HOST_TO_DEVICE",1,"Agent 0","Agent 1",2509,14542266142603,14542266148123
"MEMORY_COPY","MEMORY_COPY_HOST_TO_DEVICE",1,"Agent 0","Agent 1",2512,14542266164553,14542266170193
"MEMORY_COPY","MEMORY_COPY_HOST_TO_DEVICE",1,"Agent 0","Agent 1",2515,14542266666536,14542267376580
"MEMORY_COPY","MEMORY_COPY_HOST_TO_DEVICE",1,"Agent 0","Agent 1",2518,14542267633072,14542268061275
"MEMORY_COPY","MEMORY_COPY_HOST_TO_DEVICE",1,"Agent 0","Agent 1",2521,14542268095635,14542268109155
"MEMORY_COPY","MEMORY_COPY_HOST_TO_DEVICE",1,"Agent 0","Agent 1",2530,14542268194976,14542268202496
"MEMORY_COPY","MEMORY_COPY_HOST_TO_DEVICE",1,"Agent 0","Agent 1",2533,14542268221976,14542268229496
"MEMORY_COPY","MEMORY_COPY_HOST_TO_DEVICE",1,"Agent 0","Agent 1",2539,14542268536938,14542269018741
"MEMORY_COPY","MEMORY_COPY_HOST_TO_DEVICE",1,"Agent 0","Agent 1",2542,14542269439644,14542270640771
"MEMORY_COPY","MEMORY_COPY_HOST_TO_DEVICE",1,"Agent 0","Agent 1",2542,14542270644491,14542270681771
"MEMORY_COPY","MEMORY_COPY_HOST_TO_DEVICE",1,"Agent 0","Agent 1",2545,14542271092054,14542272281262
"MEMORY_COPY","MEMORY_COPY_HOST_TO_DEVICE",1,"Agent 0","Agent 1",2545,14542272284862,14542272322062
"MEMORY_COPY","MEMORY_COPY_HOST_TO_DEVICE",1,"Agent 0","Agent 1",2548,14542272777885,14542273973492
"MEMORY_COPY","MEMORY_COPY_HOST_TO_DEVICE",1,"Agent 0","Agent 1",2548,14542273977092,14542274014532
"MEMORY_COPY","MEMORY_COPY_HOST_TO_DEVICE",1,"Agent 0","Agent 1",2551,14542274049753,14542274055393
"MEMORY_COPY","MEMORY_COPY_HOST_TO_DEVICE",1,"Agent 0","Agent 1",2554,14542274071783,14542274077543
"MEMORY_COPY","MEMORY_COPY_HOST_TO_DEVICE",1,"Agent 0","Agent 1",2557,14542274398515,14542275109359
"MEMORY_COPY","MEMORY_COPY_HOST_TO_DEVICE",1,"Agent 0","Agent 1",2560,14542275386091,14542275814374
"MEMORY_COPY","MEMORY_COPY_HOST_TO_DEVICE",1,"Agent 0","Agent 1",2563,14542275849164,14542275863004
"MEMORY_COPY","MEMORY_COPY_HOST_TO_DEVICE",1,"Agent 0","Agent 1",2572,14542275948725,14542275956045
"MEMORY_COPY","MEMORY_COPY_HOST_TO_DEVICE",1,"Agent 0","Agent 1",2575,14542275974275,14542275981675
"MEMORY_COPY","MEMORY_COPY_HOST_TO_DEVICE",1,"Agent 0","Agent 1",2581,14542276310907,14542276791030
"MEMORY_COPY","MEMORY_COPY_HOST_TO_DEVICE",1,"Agent 0","Agent 1",2584,14542277437554,14542278625642
"MEMORY_COPY","MEMORY_COPY_HOST_TO_DEVICE",1,"Agent 0","Agent 1",2584,14542278629362,14542278667762
"MEMORY_COPY","MEMORY_COPY_HOST_TO_DEVICE",1,"Agent 0","Agent 1",2587,14542279093155,14542280294842
"MEMORY_COPY","MEMORY_COPY_HOST_TO_DEVICE",1,"Agent 0","Agent 1",2587,14542280298642,14542280335843
"MEMORY_COPY","MEMORY_COPY_HOST_TO_DEVICE",1,"Agent 0","Agent 1",2590,14542281184118,14542282374285
"MEMORY_COPY","MEMORY_COPY_HOST_TO_DEVICE",1,"Agent 0","Agent 1",2590,14542282378005,14542282415126
"MEMORY_COPY","MEMORY_COPY_HOST_TO_DEVICE",1,"Agent 0","Agent 1",2593,14542282442686,14542282448406
"MEMORY_COPY","MEMORY_COPY_HOST_TO_DEVICE",1,"Agent 0","Agent 1",2596,14542282464676,14542282470396
"MEMORY_COPY","MEMORY_COPY_HOST_TO_DEVICE",1,"Agent 0","Agent 1",2599,14542282848368,14542283802934
"MEMORY_COPY","MEMORY_COPY_HOST_TO_DEVICE",1,"Agent 0","Agent 1",2602,14542283868525,14542283953285
"MEMORY_COPY","MEMORY_COPY_HOST_TO_DEVICE",1,"Agent 0","Agent 1",2605,14542284138467,14542284241707
"MEMORY_COPY","MEMORY_COPY_HOST_TO_DEVICE",1,"Agent 0","Agent 1",2608,14542284524309,14542285004232
"MEMORY_COPY","MEMORY_COPY_HOST_TO_DEVICE",1,"Agent 0","Agent 1",2617,14542285727037,14542286943404
"MEMORY_COPY","MEMORY_COPY_HOST_TO_DEVICE",1,"Agent 0","Agent 1",2617,14542286947084,14542286985285
"MEMORY_COPY","MEMORY_COPY_HOST_TO_DEVICE",1,"Agent 0","Agent 1",2620,14542287623349,14542288841436
"MEMORY_COPY","MEMORY_COPY_HOST_TO_DEVICE",1,"Agent 0","Agent 1",2620,14542288852476,14542288891437
"MEMORY_COPY","MEMORY_COPY_HOST_TO_DEVICE",1,"Agent 0","Agent 1",2623,14542289320699,14542290513347
"MEMORY_COPY","MEMORY_COPY_HOST_TO_DEVICE",1,"Agent 0","Agent 1",2623,14542290517107,14542290554867
"MEMORY_COPY","MEMORY_COPY_HOST_TO_DEVICE",1,"Agent 0","Agent 1",2654,14542597857836,14542597865396
"MEMORY_COPY","MEMORY_COPY_HOST_TO_DEVICE",1,"Agent 0","Agent 1",2669,14542597981131,14542597999891
"MEMORY_COPY","MEMORY_COPY_DEVICE_TO_HOST",4,"Agent 1","Agent 0",9723,14542735591066,14542735637946
"MEMORY_COPY","MEMORY_COPY_HOST_TO_DEVICE",1,"Agent 0","Agent 1",9740,14542738683055,14542738689335
"MEMORY_COPY","MEMORY_COPY_HOST_TO_DEVICE",1,"Agent 0","Agent 1",9755,14542738768366,14542738786846
"MEMORY_COPY","MEMORY_COPY_DEVICE_TO_HOST",4,"Agent 1","Agent 0",16802,14542821875483,14542821917764
"MEMORY_COPY","MEMORY_COPY_HOST_TO_DEVICE",1,"Agent 0","Agent 1",16813,14544274153130,14544274706573
"MEMORY_COPY","MEMORY_COPY_HOST_TO_DEVICE",1,"Agent 0","Agent 1",16828,14544274834833,14544274852753
"MEMORY_COPY","MEMORY_COPY_HOST_TO_DEVICE",1,"Agent 0","Agent 1",16844,14544274956004,14544274985164
"MEMORY_COPY","MEMORY_COPY_HOST_TO_DEVICE",1,"Agent 0","Agent 1",24705,14545221254149,14545221720112
"MEMORY_COPY","MEMORY_COPY_HOST_TO_DEVICE",1,"Agent 0","Agent 1",24720,14545221826448,14545221841888
"MEMORY_COPY","MEMORY_COPY_HOST_TO_DEVICE",1,"Agent 0","Agent 1",24736,14545221937008,14545221984608
"MEMORY_COPY","MEMORY_COPY_HOST_TO_DEVICE",1,"Agent 0","Agent 1",32281,14546122808206,14546123305929
"MEMORY_COPY","MEMORY_COPY_HOST_TO_DEVICE",1,"Agent 0","Agent 1",32296,14546123409930,14546123426290
"MEMORY_COPY","MEMORY_COPY_HOST_TO_DEVICE",1,"Agent 0","Agent 1",32312,14546123523670,14546123596671
"MEMORY_COPY","MEMORY_COPY_HOST_TO_DEVICE",1,"Agent 0","Agent 1",39857,14547035390322,14547035846325
"MEMORY_COPY","MEMORY_COPY_HOST_TO_DEVICE",1,"Agent 0","Agent 1",39872,14547035947736,14547035963856
"MEMORY_COPY","MEMORY_COPY_HOST_TO_DEVICE",1,"Agent 0","Agent 1",39888,14547036366928,14547036458729
"MEMORY_COPY","MEMORY_COPY_HOST_TO_DEVICE",1,"Agent 0","Agent 1",47433,14547956987207,14547957447850
"MEMORY_COPY","MEMORY_COPY_HOST_TO_DEVICE",1,"Agent 0","Agent 1",47448,14547957801492,14547957816772
"MEMORY_COPY","MEMORY_COPY_HOST_TO_DEVICE",1,"Agent 0","Agent 1",47464,14547957914783,14547958029024
"MEMORY_COPY","MEMORY_COPY_HOST_TO_DEVICE",1,"Agent 0","Agent 1",55009,14548887964912,14548888467075
"MEMORY_COPY","MEMORY_COPY_HOST_TO_DEVICE",1,"Agent 0","Agent 1",55024,14548888574926,14548888591606
"MEMORY_COPY","MEMORY_COPY_HOST_TO_DEVICE",1,"Agent 0","Agent 1",55040,14548888707486,14548888844727
"MEMORY_COPY","MEMORY_COPY_HOST_TO_DEVICE",1,"Agent 0","Agent 1",62585,14549829098507,14549829575151
"MEMORY_COPY","MEMORY_COPY_HOST_TO_DEVICE",1,"Agent 0","Agent 1",62600,14549829683411,14549829699411
"MEMORY_COPY","MEMORY_COPY_HOST_TO_DEVICE",1,"Agent 0","Agent 1",62616,14549829797142,14549829956703
"MEMORY_COPY","MEMORY_COPY_HOST_TO_DEVICE",1,"Agent 0","Agent 1",70161,14550780320116,14550780775319
"MEMORY_COPY","MEMORY_COPY_HOST_TO_DEVICE",1,"Agent 0","Agent 1",70176,14550780884659,14550780900259
"MEMORY_COPY","MEMORY_COPY_HOST_TO_DEVICE",1,"Agent 0","Agent 1",70192,14550780998070,14550781172951
"MEMORY_COPY","MEMORY_COPY_HOST_TO_DEVICE",1,"Agent 0","Agent 1",77737,14551742906166,14551743363890
"MEMORY_COPY","MEMORY_COPY_HOST_TO_DEVICE",1,"Agent 0","Agent 1",77752,14551743473860,14551743489780
"MEMORY_COPY","MEMORY_COPY_HOST_TO_DEVICE",1,"Agent 0","Agent 1",77768,14551743586481,14551743794202
"MEMORY_COPY","MEMORY_COPY_HOST_TO_DEVICE",1,"Agent 0","Agent 1",85313,14552715849724,14552716286567
"MEMORY_COPY","MEMORY_COPY_HOST_TO_DEVICE",1,"Agent 0","Agent 1",85328,14552716391377,14552716406737
"MEMORY_COPY","MEMORY_COPY_HOST_TO_DEVICE",1,"Agent 0","Agent 1",85344,14552716504448,14552716719730
"MEMORY_COPY","MEMORY_COPY_HOST_TO_DEVICE",1,"Agent 0","Agent 1",92889,14553698285771,14553698746334
"MEMORY_COPY","MEMORY_COPY_HOST_TO_DEVICE",1,"Agent 0","Agent 1",92904,14553698919165,14553698935445
"MEMORY_COPY","MEMORY_COPY_HOST_TO_DEVICE",1,"Agent 0","Agent 1",92920,14553699046156,14553699285958
"MEMORY_COPY","MEMORY_COPY_HOST_TO_DEVICE",1,"Agent 0","Agent 1",100465,14554692901941,14554693357064
"MEMORY_COPY","MEMORY_COPY_HOST_TO_DEVICE",1,"Agent 0","Agent 1",100480,14554693463264,14554693478624
"MEMORY_COPY","MEMORY_COPY_HOST_TO_DEVICE",1,"Agent 0","Agent 1",100496,14554693847277,14554694124519
"MEMORY_COPY","MEMORY_COPY_HOST_TO_DEVICE",1,"Agent 0","Agent 1",108041,14555698422811,14555698854174
"MEMORY_COPY","MEMORY_COPY_HOST_TO_DEVICE",1,"Agent 0","Agent 1",108056,14555698998105,14555699016505
"MEMORY_COPY","MEMORY_COPY_HOST_TO_DEVICE",1,"Agent 0","Agent 1",108072,14555699118326,14555699401288
"MEMORY_COPY","MEMORY_COPY_HOST_TO_DEVICE",1,"Agent 0","Agent 1",115617,14556712468124,14556712929608
"MEMORY_COPY","MEMORY_COPY_HOST_TO_DEVICE",1,"Agent 0","Agent 1",115632,14556713036828,14556713053749
"MEMORY_COPY","MEMORY_COPY_HOST_TO_DEVICE",1,"Agent 0","Agent 1",115648,14556713169149,14556713489392
"MEMORY_COPY","MEMORY_COPY_HOST_TO_DEVICE",1,"Agent 0","Agent 1",123193,14557738189974,14557738698777
"MEMORY_COPY","MEMORY_COPY_HOST_TO_DEVICE",1,"Agent 0","Agent 1",123208,14557739314702,14557739330782
"MEMORY_COPY","MEMORY_COPY_HOST_TO_DEVICE",1,"Agent 0","Agent 1",123224,14557739448542,14557739782065
"MEMORY_COPY","MEMORY_COPY_HOST_TO_DEVICE",1,"Agent 0","Agent 1",130769,14558774018103,14558774469706
"MEMORY_COPY","MEMORY_COPY_HOST_TO_DEVICE",1,"Agent 0","Agent 1",130784,14558774576757,14558774592957
"MEMORY_COPY","MEMORY_COPY_HOST_TO_DEVICE",1,"Agent 0","Agent 1",130800,14558774691957,14558775046440
"MEMORY_COPY","MEMORY_COPY_HOST_TO_DEVICE",1,"Agent 0","Agent 1",138345,14559818757995,14559819208718
"MEMORY_COPY","MEMORY_COPY_HOST_TO_DEVICE",1,"Agent 0","Agent 1",138360,14559819314619,14559819330259
"MEMORY_COPY","MEMORY_COPY_HOST_TO_DEVICE",1,"Agent 0","Agent 1",138376,14559819427420,14559819791502
"MEMORY_COPY","MEMORY_COPY_HOST_TO_DEVICE",1,"Agent 0","Agent 1",145921,14560874372638,14560874870321
"MEMORY_COPY","MEMORY_COPY_HOST_TO_DEVICE",1,"Agent 0","Agent 1",145936,14560874973442,14560874990682
"MEMORY_COPY","MEMORY_COPY_HOST_TO_DEVICE",1,"Agent 0","Agent 1",145952,14560875614456,14560876030819
"MEMORY_COPY","MEMORY_COPY_HOST_TO_DEVICE",1,"Agent 0","Agent 1",153497,14561941398966,14561941835169
"MEMORY_COPY","MEMORY_COPY_HOST_TO_DEVICE",1,"Agent 0","Agent 1",153512,14561941939050,14561941954410
"MEMORY_COPY","MEMORY_COPY_HOST_TO_DEVICE",1,"Agent 0","Agent 1",153528,14561942052231,14561942459713
"MEMORY_COPY","MEMORY_COPY_HOST_TO_DEVICE",1,"Agent 0","Agent 1",161073,14563017898912,14563018367635
"MEMORY_COPY","MEMORY_COPY_HOST_TO_DEVICE",1,"Agent 0","Agent 1",161088,14563018478506,14563018494546
"MEMORY_COPY","MEMORY_COPY_HOST_TO_DEVICE",1,"Agent 0","Agent 1",161104,14563018594467,14563019061030
"MEMORY_COPY","MEMORY_COPY_HOST_TO_DEVICE",1,"Agent 0","Agent 1",168649,14564105410318,14564105843361
"MEMORY_COPY","MEMORY_COPY_HOST_TO_DEVICE",1,"Agent 0","Agent 1",168664,14564105952822,14564105968222
"MEMORY_COPY","MEMORY_COPY_HOST_TO_DEVICE",1,"Agent 0","Agent 1",168680,14564106070203,14564106516206
"MEMORY_COPY","MEMORY_COPY_HOST_TO_DEVICE",1,"Agent 0","Agent 1",176225,14565203692608,14565204124532
"MEMORY_COPY","MEMORY_COPY_HOST_TO_DEVICE",1,"Agent 0","Agent 1",176240,14565204231841,14565204247642
"MEMORY_COPY","MEMORY_COPY_HOST_TO_DEVICE",1,"Agent 0","Agent 1",176256,14565204345803,14565204818727
"MEMORY_COPY","MEMORY_COPY_HOST_TO_DEVICE",1,"Agent 0","Agent 1",183801,14566310700101,14566311225064
"MEMORY_COPY","MEMORY_COPY_HOST_TO_DEVICE",1,"Agent 0","Agent 1",183816,14566311656529,14566311672809
"MEMORY_COPY","MEMORY_COPY_HOST_TO_DEVICE",1,"Agent 0","Agent 1",183832,14566311789171,14566312345815
"MEMORY_COPY","MEMORY_COPY_HOST_TO_DEVICE",1,"Agent 0","Agent 1",191377,14567428831830,14567429289034
"MEMORY_COPY","MEMORY_COPY_HOST_TO_DEVICE",1,"Agent 0","Agent 1",191392,14567429392899,14567429408219
"MEMORY_COPY","MEMORY_COPY_HOST_TO_DEVICE",1,"Agent 0","Agent 1",191408,14567429512475,14567430032119
"MEMORY_COPY","MEMORY_COPY_HOST_TO_DEVICE",1,"Agent 0","Agent 1",198953,14568557868268,14568558320152
"MEMORY_COPY","MEMORY_COPY_HOST_TO_DEVICE",1,"Agent 0","Agent 1",198968,14568558428791,14568558445152
"MEMORY_COPY","MEMORY_COPY_HOST_TO_DEVICE",1,"Agent 0","Agent 1",198984,14568558545083,14568559080887
"MEMORY_COPY","MEMORY_COPY_HOST_TO_DEVICE",1,"Agent 0","Agent 1",206529,14569695815448,14569696277812
"MEMORY_COPY","MEMORY_COPY_HOST_TO_DEVICE",1,"Agent 0","Agent 1",206544,14569696400043,14569696416003
"MEMORY_COPY","MEMORY_COPY_HOST_TO_DEVICE",1,"Agent 0","Agent 1",206560,14569696514953,14569697101758
"MEMORY_COPY","MEMORY_COPY_HOST_TO_DEVICE",1,"Agent 0","Agent 1",214105,14570846597099,14570847122663
"MEMORY_COPY","MEMORY_COPY_HOST_TO_DEVICE",1,"Agent 0","Agent 1",214120,14570847232104,14570847249704
"MEMORY_COPY","MEMORY_COPY_HOST_TO_DEVICE",1,"Agent 0","Agent 1",214136,14570847351245,14570847975049
"MEMORY_COPY","MEMORY_COPY_HOST_TO_DEVICE",1,"Agent 0","Agent 1",221681,14572007185856,14572007642939
"MEMORY_COPY","MEMORY_COPY_HOST_TO_DEVICE",1,"Agent 0","Agent 1",221696,14572007750510,14572007767470
"MEMORY_COPY","MEMORY_COPY_HOST_TO_DEVICE",1,"Agent 0","Agent 1",221712,14572008157833,14572008759358
"MEMORY_COPY","MEMORY_COPY_HOST_TO_DEVICE",1,"Agent 0","Agent 1",229257,14573180050253,14573180541297
"MEMORY_COPY","MEMORY_COPY_HOST_TO_DEVICE",1,"Agent 0","Agent 1",229272,14573180688038,14573180705278
"MEMORY_COPY","MEMORY_COPY_HOST_TO_DEVICE",1,"Agent 0","Agent 1",229288,14573180809419,14573181491824
"MEMORY_COPY","MEMORY_COPY_HOST_TO_DEVICE",1,"Agent 0","Agent 1",236833,14574361756570,14574362211053
"MEMORY_COPY","MEMORY_COPY_HOST_TO_DEVICE",1,"Agent 0","Agent 1",236848,14574362314814,14574362330334
"MEMORY_COPY","MEMORY_COPY_HOST_TO_DEVICE",1,"Agent 0","Agent 1",236864,14574362742127,14574363382692
"MEMORY_COPY","MEMORY_COPY_HOST_TO_DEVICE",1,"Agent 0","Agent 1",244409,14575555212747,14575555693831
"MEMORY_COPY","MEMORY_COPY_HOST_TO_DEVICE",1,"Agent 0","Agent 1",244424,14575555803252,14575555818572
"MEMORY_COPY","MEMORY_COPY_HOST_TO_DEVICE",1,"Agent 0","Agent 1",244440,14575555919872,14575556588878
"MEMORY_COPY","MEMORY_COPY_HOST_TO_DEVICE",1,"Agent 0","Agent 1",251985,14576758631351,14576759091474
"MEMORY_COPY","MEMORY_COPY_HOST_TO_DEVICE",1,"Agent 0","Agent 1",252000,14576759198645,14576759214685
"MEMORY_COPY","MEMORY_COPY_HOST_TO_DEVICE",1,"Agent 0","Agent 1",252016,14576759736979,14576760425505
"MEMORY_COPY","MEMORY_COPY_HOST_TO_DEVICE",1,"Agent 0","Agent 1",259561,14577974574678,14577975032041
"MEMORY_COPY","MEMORY_COPY_HOST_TO_DEVICE",1,"Agent 0","Agent 1",259576,14577975139872,14577975155512
"MEMORY_COPY","MEMORY_COPY_HOST_TO_DEVICE",1,"Agent 0","Agent 1",259592,14577975255783,14577975959149
"MEMORY_COPY","MEMORY_COPY_HOST_TO_DEVICE",1,"Agent 0","Agent 1",267137,14579198185601,14579198619524
"MEMORY_COPY","MEMORY_COPY_HOST_TO_DEVICE",1,"Agent 0","Agent 1",267152,14579198724885,14579198740485
"MEMORY_COPY","MEMORY_COPY_HOST_TO_DEVICE",1,"Agent 0","Agent 1",267168,14579198839086,14579199568811
"MEMORY_COPY","MEMORY_COPY_HOST_TO_DEVICE",1,"Agent 0","Agent 1",274713,14580431569244,14580432041527
"MEMORY_COPY","MEMORY_COPY_HOST_TO_DEVICE",1,"Agent 0","Agent 1",274728,14580432150608,14580432166208
"MEMORY_COPY","MEMORY_COPY_HOST_TO_DEVICE",1,"Agent 0","Agent 1",274744,14580432266842,14580433015448
"MEMORY_COPY","MEMORY_COPY_HOST_TO_DEVICE",1,"Agent 0","Agent 1",282289,14581685111016,14581685542060
"MEMORY_COPY","MEMORY_COPY_HOST_TO_DEVICE",1,"Agent 0","Agent 1",282304,14581685649240,14581685665400
"MEMORY_COPY","MEMORY_COPY_HOST_TO_DEVICE",1,"Agent 0","Agent 1",282320,14581685778761,14581686685208
"MEMORY_COPY","MEMORY_COPY_HOST_TO_DEVICE",1,"Agent 0","Agent 1",289865,14582944911926,14582945368489
"MEMORY_COPY","MEMORY_COPY_HOST_TO_DEVICE",1,"Agent 0","Agent 1",289880,14582945475900,14582945491700
"MEMORY_COPY","MEMORY_COPY_HOST_TO_DEVICE",1,"Agent 0","Agent 1",289896,14582945955874,14582946764480
"MEMORY_COPY","MEMORY_COPY_HOST_TO_DEVICE",1,"Agent 0","Agent 1",297441,14584212704630,14584213251994
"MEMORY_COPY","MEMORY_COPY_HOST_TO_DEVICE",1,"Agent 0","Agent 1",297456,14584213362575,14584213380175
"MEMORY_COPY","MEMORY_COPY_HOST_TO_DEVICE",1,"Agent 0","Agent 1",297472,14584213806568,14584214794176
"MEMORY_COPY","MEMORY_COPY_HOST_TO_DEVICE",1,"Agent 0","Agent 1",305017,14585492196473,14585492662277
"MEMORY_COPY","MEMORY_COPY_HOST_TO_DEVICE",1,"Agent 0","Agent 1",305032,14585493102140,14585493117741
"MEMORY_COPY","MEMORY_COPY_HOST_TO_DEVICE",1,"Agent 0","Agent 1",305048,14585493232481,14585494067208
"MEMORY_COPY","MEMORY_COPY_HOST_TO_DEVICE",1,"Agent 0","Agent 1",312593,14586779756704,14586780247868
"MEMORY_COPY","MEMORY_COPY_HOST_TO_DEVICE",1,"Agent 0","Agent 1",312608,14586780363225,14586780378865
"MEMORY_COPY","MEMORY_COPY_HOST_TO_DEVICE",1,"Agent 0","Agent 1",312624,14586780480680,14586781333966
"MEMORY_COPY","MEMORY_COPY_HOST_TO_DEVICE",1,"Agent 0","Agent 1",320169,14588083364554,14588084178321
"MEMORY_COPY","MEMORY_COPY_HOST_TO_DEVICE",1,"Agent 0","Agent 1",320184,14588084303832,14588084323192
"MEMORY_COPY","MEMORY_COPY_HOST_TO_DEVICE",1,"Agent 0","Agent 1",320200,14588084496793,14588085532762
"MEMORY_COPY","MEMORY_COPY_HOST_TO_DEVICE",1,"Agent 0","Agent 1",327745,14589393342007,14589393773530
"MEMORY_COPY","MEMORY_COPY_HOST_TO_DEVICE",1,"Agent 0","Agent 1",327760,14589393892961,14589393908761
"MEMORY_COPY","MEMORY_COPY_HOST_TO_DEVICE",1,"Agent 0","Agent 1",327776,14589394011632,14589394944200
"MEMORY_COPY","MEMORY_COPY_HOST_TO_DEVICE",1,"Agent 0","Agent 1",335321,14590711668042,14590712148326
"MEMORY_COPY","MEMORY_COPY_HOST_TO_DEVICE",1,"Agent 0","Agent 1",335336,14590712256727,14590712272127
"MEMORY_COPY","MEMORY_COPY_HOST_TO_DEVICE",1,"Agent 0","Agent 1",335352,14590712669700,14590713589308
"MEMORY_COPY","MEMORY_COPY_HOST_TO_DEVICE",1,"Agent 0","Agent 1",342897,14592040626046,14592041116890
"MEMORY_COPY","MEMORY_COPY_HOST_TO_DEVICE",1,"Agent 0","Agent 1",342912,14592041225011,14592041242011
"MEMORY_COPY","MEMORY_COPY_HOST_TO_DEVICE",1,"Agent 0","Agent 1",342928,14592041347132,14592042386820
"MEMORY_COPY","MEMORY_COPY_HOST_TO_DEVICE",1,"Agent 0","Agent 1",350473,14593394590175,14593395028298
"MEMORY_COPY","MEMORY_COPY_HOST_TO_DEVICE",1,"Agent 0","Agent 1",350488,14593395137289,14593395153369
"MEMORY_COPY","MEMORY_COPY_HOST_TO_DEVICE",1,"Agent 0","Agent 1",350504,14593395253050,14593396265938
"MEMORY_COPY","MEMORY_COPY_HOST_TO_DEVICE",1,"Agent 0","Agent 1",358049,14594745439957,14594745904121
"MEMORY_COPY","MEMORY_COPY_HOST_TO_DEVICE",1,"Agent 0","Agent 1",358064,14594746552106,14594746567546
"MEMORY_COPY","MEMORY_COPY_HOST_TO_DEVICE",1,"Agent 0","Agent 1",358080,14594746671317,14594747693645
"MEMORY_COPY","MEMORY_COPY_HOST_TO_DEVICE",1,"Agent 0","Agent 1",365625,14596106647471,14596107104154
"MEMORY_COPY","MEMORY_COPY_HOST_TO_DEVICE",1,"Agent 0","Agent 1",365640,14596107533068,14596107548548
"MEMORY_COPY","MEMORY_COPY_HOST_TO_DEVICE",1,"Agent 0","Agent 1",365656,14596107646319,14596108658847
"MEMORY_COPY","MEMORY_COPY_HOST_TO_DEVICE",1,"Agent 0","Agent 1",373201,14597477490624,14597477940628
"MEMORY_COPY","MEMORY_COPY_HOST_TO_DEVICE",1,"Agent 0","Agent 1",373216,14597478048768,14597478064649
"MEMORY_COPY","MEMORY_COPY_HOST_TO_DEVICE",1,"Agent 0","Agent 1",373232,14597478165009,14597479193778
"MEMORY_COPY","MEMORY_COPY_HOST_TO_DEVICE",1,"Agent 0","Agent 1",380777,14598867442455,14598867937659
"MEMORY_COPY","MEMORY_COPY_HOST_TO_DEVICE",1,"Agent 0","Agent 1",380792,14598868108941,14598868125341
"MEMORY_COPY","MEMORY_COPY_HOST_TO_DEVICE",1,"Agent 0","Agent 1",380808,14598868603405,14598869685774
"MEMORY_COPY","MEMORY_COPY_HOST_TO_DEVICE",1,"Agent 0","Agent 1",388353,14600257308376,14600257763140
"MEMORY_COPY","MEMORY_COPY_HOST_TO_DEVICE",1,"Agent 0","Agent 1",388368,14600257866271,14600257881711
"MEMORY_COPY","MEMORY_COPY_HOST_TO_DEVICE",1,"Agent 0","Agent 1",388384,14600257982312,14600259071601
"MEMORY_COPY","MEMORY_COPY_HOST_TO_DEVICE",1,"Agent 0","Agent 1",395929,14601661562066,14601662011990
"MEMORY_COPY","MEMORY_COPY_HOST_TO_DEVICE",1,"Agent 0","Agent 1",395944,14601662122491,14601662137851
"MEMORY_COPY","MEMORY_COPY_HOST_TO_DEVICE",1,"Agent 0","Agent 1",395960,14601662258432,14601663353721
"MEMORY_COPY","MEMORY_COPY_HOST_TO_DEVICE",1,"Agent 0","Agent 1",403505,14603073065514,14603073524438
"MEMORY_COPY","MEMORY_COPY_HOST_TO_DEVICE",1,"Agent 0","Agent 1",403520,14603073631789,14603073648989
"MEMORY_COPY","MEMORY_COPY_HOST_TO_DEVICE",1,"Agent 0","Agent 1",403536,14603074071142,14603075266352
"MEMORY_COPY","MEMORY_COPY_HOST_TO_DEVICE",1,"Agent 0","Agent 1",411081,14604512862827,14604513333231
"MEMORY_COPY","MEMORY_COPY_HOST_TO_DEVICE",1,"Agent 0","Agent 1",411096,14604513445452,14604513460772
"MEMORY_COPY","MEMORY_COPY_HOST_TO_DEVICE",1,"Agent 0","Agent 1",411112,14604513561173,14604514705103
"MEMORY_COPY","MEMORY_COPY_HOST_TO_DEVICE",1,"Agent 0","Agent 1",418657,14605947516325,14605947984168
"MEMORY_COPY","MEMORY_COPY_HOST_TO_DEVICE",1,"Agent 0","Agent 1",418672,14605948107909,14605948123310
"MEMORY_COPY","MEMORY_COPY_HOST_TO_DEVICE",1,"Agent 0","Agent 1",418688,14605948224480,14605949417490
"MEMORY_COPY","MEMORY_COPY_HOST_TO_DEVICE",1,"Agent 0","Agent 1",426233,14607391725780,14607392177504
"MEMORY_COPY","MEMORY_COPY_HOST_TO_DEVICE",1,"Agent 0","Agent 1",426248,14607392315655,14607392331055
"MEMORY_COPY","MEMORY_COPY_HOST_TO_DEVICE",1,"Agent 0","Agent 1",426264,14607392445106,14607393713396
"MEMORY_COPY","MEMORY_COPY_HOST_TO_DEVICE",1,"Agent 0","Agent 1",433809,14608848249723,14608848684366
"MEMORY_COPY","MEMORY_COPY_HOST_TO_DEVICE",1,"Agent 0","Agent 1",433824,14608848792967,14608848808528
"MEMORY_COPY","MEMORY_COPY_HOST_TO_DEVICE",1,"Agent 0","Agent 1",433840,14608849060570,14608850260500
"MEMORY_COPY","MEMORY_COPY_HOST_TO_DEVICE",1,"Agent 0","Agent 1",441385,14610318314525,14610318770569
"MEMORY_COPY","MEMORY_COPY_HOST_TO_DEVICE",1,"Agent 0","Agent 1",441400,14610318884010,14610318899930
"MEMORY_COPY","MEMORY_COPY_HOST_TO_DEVICE",1,"Agent 0","Agent 1",441416,14610319032421,14610320446313
"MEMORY_COPY","MEMORY_COPY_HOST_TO_DEVICE",1,"Agent 0","Agent 1",448961,14611792062394,14611792497078
"MEMORY_COPY","MEMORY_COPY_HOST_TO_DEVICE",1,"Agent 0","Agent 1",448976,14611792621649,14611792637889
"MEMORY_COPY","MEMORY_COPY_HOST_TO_DEVICE",1,"Agent 0","Agent 1",448992,14611792736890,14611794018901
"MEMORY_COPY","MEMORY_COPY_HOST_TO_DEVICE",1,"Agent 0","Agent 1",456537,14613276222331,14613276683215
"MEMORY_COPY","MEMORY_COPY_HOST_TO_DEVICE",1,"Agent 0","Agent 1",456552,14613276790006,14613276805686
"MEMORY_COPY","MEMORY_COPY_HOST_TO_DEVICE",1,"Agent 0","Agent 1",456568,14613276905377,14613278226148
"MEMORY_COPY","MEMORY_COPY_HOST_TO_DEVICE",1,"Agent 0","Agent 1",464113,14614771761352,14614772219516
"MEMORY_COPY","MEMORY_COPY_HOST_TO_DEVICE",1,"Agent 0","Agent 1",464128,14614772327177,14614772343577
"MEMORY_COPY","MEMORY_COPY_HOST_TO_DEVICE",1,"Agent 0","Agent 1",464144,14614772758351,14614774078922
"MEMORY_COPY","MEMORY_COPY_HOST_TO_DEVICE",1,"Agent 0","Agent 1",471689,14616284657742,14616285113466
"MEMORY_COPY","MEMORY_COPY_HOST_TO_DEVICE",1,"Agent 0","Agent 1",471704,14616285239037,14616285254438
"MEMORY_COPY","MEMORY_COPY_HOST_TO_DEVICE",1,"Agent 0","Agent 1",471720,14616285355248,14616286681380
"MEMORY_COPY","MEMORY_COPY_HOST_TO_DEVICE",1,"Agent 0","Agent 1",479265,14617802396888,14617802849371
"MEMORY_COPY","MEMORY_COPY_HOST_TO_DEVICE",1,"Agent 0","Agent 1",479280,14617802959462,14617802974903
"MEMORY_COPY","MEMORY_COPY_HOST_TO_DEVICE",1,"Agent 0","Agent 1",479296,14617803077303,14617804510476
"MEMORY_COPY","MEMORY_COPY_HOST_TO_DEVICE",1,"Agent 0","Agent 1",486841,14619329753450,14619330206853
"MEMORY_COPY","MEMORY_COPY_HOST_TO_DEVICE",1,"Agent 0","Agent 1",486856,14619330864229,14619330879629
"MEMORY_COPY","MEMORY_COPY_HOST_TO_DEVICE",1,"Agent 0","Agent 1",486872,14619330979125,14619332328177
"MEMORY_COPY","MEMORY_COPY_HOST_TO_DEVICE",1,"Agent 0","Agent 1",494417,14620867992953,14620868469957
"MEMORY_COPY","MEMORY_COPY_HOST_TO_DEVICE",1,"Agent 0","Agent 1",494432,14620868578178,14620868595818
"MEMORY_COPY","MEMORY_COPY_HOST_TO_DEVICE",1,"Agent 0","Agent 1",494448,14620868699249,14620870072981
"MEMORY_COPY","MEMORY_COPY_HOST_TO_DEVICE",1,"Agent 0","Agent 1",501993,14622431627122,14622432120966
"MEMORY_COPY","MEMORY_COPY_HOST_TO_DEVICE",1,"Agent 0","Agent 1",502008,14622432262146,14622432277746
"MEMORY_COPY","MEMORY_COPY_HOST_TO_DEVICE",1,"Agent 0","Agent 1",502024,14622432380567,14622433782979
"MEMORY_COPY","MEMORY_COPY_HOST_TO_DEVICE",1,"Agent 0","Agent 1",509569,14623988330139,14623988906104
"MEMORY_COPY","MEMORY_COPY_HOST_TO_DEVICE",1,"Agent 0","Agent 1",509584,14623989020963,14623989037443
"MEMORY_COPY","MEMORY_COPY_HOST_TO_DEVICE",1,"Agent 0","Agent 1",509600,14623989140231,14623990700165
"MEMORY_COPY","MEMORY_COPY_HOST_TO_DEVICE",1,"Agent 0","Agent 1",517145,14625556544739,14625557081183
"MEMORY_COPY","MEMORY_COPY_HOST_TO_DEVICE",1,"Agent 0","Agent 1",517160,14625557188422,14625557204663
"MEMORY_COPY","MEMORY_COPY_HOST_TO_DEVICE",1,"Agent 0","Agent 1",517176,14625557304745,14625558848279
"MEMORY_COPY","MEMORY_COPY_HOST_TO_DEVICE",1,"Agent 0","Agent 1",524721,14627135488434,14627135965398
"MEMORY_COPY","MEMORY_COPY_HOST_TO_DEVICE",1,"Agent 0","Agent 1",524736,14627136081689,14627136098609
"MEMORY_COPY","MEMORY_COPY_HOST_TO_DEVICE",1,"Agent 0","Agent 1",524752,14627136214230,14627137746403
"MEMORY_COPY","MEMORY_COPY_HOST_TO_DEVICE",1,"Agent 0","Agent 1",532297,14628738220844,14628738675928
"MEMORY_COPY","MEMORY_COPY_HOST_TO_DEVICE",1,"Agent 0","Agent 1",532312,14628738784899,14628738801259
"MEMORY_COPY","MEMORY_COPY_HOST_TO_DEVICE",1,"Agent 0","Agent 1",532328,14628739330123,14628740823216
"MEMORY_COPY","MEMORY_COPY_HOST_TO_DEVICE",1,"Agent 0","Agent 1",539873,14630352694234,14630353148598
"MEMORY_COPY","MEMORY_COPY_HOST_TO_DEVICE",1,"Agent 0","Agent 1",539888,14630353256309,14630353272269
"MEMORY_COPY","MEMORY_COPY_HOST_TO_DEVICE",1,"Agent 0","Agent 1",539904,14630353371380,14630354923594
"MEMORY_COPY","MEMORY_COPY_HOST_TO_DEVICE",1,"Agent 0","Agent 1",547449,14631972179667,14631972631631
"MEMORY_COPY","MEMORY_COPY_HOST_TO_DEVICE",1,"Agent 0","Agent 1",547464,14631973087825,14631973103465
"MEMORY_COPY","MEMORY_COPY_HOST_TO_DEVICE",1,"Agent 0","Agent 1",547480,14631973217656,14631975022752
"MEMORY_COPY","MEMORY_COPY_HOST_TO_DEVICE",1,"Agent 0","Agent 1",555025,14633598991340,14633599443664
"MEMORY_COPY","MEMORY_COPY_HOST_TO_DEVICE",1,"Agent 0","Agent 1",555040,14633599551465,14633599568065
"MEMORY_COPY","MEMORY_COPY_HOST_TO_DEVICE",1,"Agent 0","Agent 1",555056,14633599670256,14633601260630
"MEMORY_COPY","MEMORY_COPY_HOST_TO_DEVICE",1,"Agent 0","Agent 1",562601,14635252262321,14635252728245
"MEMORY_COPY","MEMORY_COPY_HOST_TO_DEVICE",1,"Agent 0","Agent 1",562616,14635252860816,14635252877136
"MEMORY_COPY","MEMORY_COPY_HOST_TO_DEVICE",1,"Agent 0","Agent 1",562632,14635253298010,14635255011185
"MEMORY_COPY","MEMORY_COPY_HOST_TO_DEVICE",1,"Agent 0","Agent 1",570177,14636894992663,14636895477827
"MEMORY_COPY","MEMORY_COPY_HOST_TO_DEVICE",1,"Agent 0","Agent 1",570192,14636895606258,14636895623058
"MEMORY_COPY","MEMORY_COPY_HOST_TO_DEVICE",1,"Agent 0","Agent 1",570208,14636895726049,14636897437264
"MEMORY_COPY","MEMORY_COPY_HOST_TO_DEVICE",1,"Agent 0","Agent 1",577753,14638550309586,14638550788751
"MEMORY_COPY","MEMORY_COPY_HOST_TO_DEVICE",1,"Agent 0","Agent 1",577768,14638550898882,14638550917242
"MEMORY_COPY","MEMORY_COPY_HOST_TO_DEVICE",1,"Agent 0","Agent 1",577784,14638551343826,14638553036641
"MEMORY_COPY","MEMORY_COPY_HOST_TO_DEVICE",1,"Agent 0","Agent 1",585329,14640213946125,14640214439890
"MEMORY_COPY","MEMORY_COPY_HOST_TO_DEVICE",1,"Agent 0","Agent 1",585344,14640214548691,14640214564051
"MEMORY_COPY","MEMORY_COPY_HOST_TO_DEVICE",1,"Agent 0","Agent 1",585360,14640214664752,14640216293966
"MEMORY_COPY","MEMORY_COPY_HOST_TO_DEVICE",1,"Agent 0","Agent 1",592905,14641897336164,14641897809008
"MEMORY_COPY","MEMORY_COPY_HOST_TO_DEVICE",1,"Agent 0","Agent 1",592920,14641897916829,14641897932830
"MEMORY_COPY","MEMORY_COPY_HOST_TO_DEVICE",1,"Agent 0","Agent 1",592936,14641898034380,14641899733915
"MEMORY_COPY","MEMORY_COPY_HOST_TO_DEVICE",1,"Agent 0","Agent 1",600481,14643579692261,14643580147465
"MEMORY_COPY","MEMORY_COPY_HOST_TO_DEVICE",1,"Agent 0","Agent 1",600496,14643580252786,14643580268066
"MEMORY_COPY","MEMORY_COPY_HOST_TO_DEVICE",1,"Agent 0","Agent 1",600512,14643580372877,14643582094532
"MEMORY_COPY","MEMORY_COPY_HOST_TO_DEVICE",1,"Agent 0","Agent 1",608057,14645275009299,14645275461343
"MEMORY_COPY","MEMORY_COPY_HOST_TO_DEVICE",1,"Agent 0","Agent 1",608072,14645275893877,14645275909557
"MEMORY_COPY","MEMORY_COPY_HOST_TO_DEVICE",1,"Agent 0","Agent 1",608088,14645276014178,14645277710073
"MEMORY_COPY","MEMORY_COPY_HOST_TO_DEVICE",1,"Agent 0","Agent 1",615633,14646979770802,14646980225246
"MEMORY_COPY","MEMORY_COPY_HOST_TO_DEVICE",1,"Agent 0","Agent 1",615648,14646980330637,14646980345997
"MEMORY_COPY","MEMORY_COPY_HOST_TO_DEVICE",1,"Agent 0","Agent 1",615664,14646981011403,14646982719378
"MEMORY_COPY","MEMORY_COPY_HOST_TO_DEVICE",1,"Agent 0","Agent 1",623209,14648706447018,14648707003703
"MEMORY_COPY","MEMORY_COPY_HOST_TO_DEVICE",1,"Agent 0","Agent 1",623224,14648707118154,14648707135794
"MEMORY_COPY","MEMORY_COPY_HOST_TO_DEVICE",1,"Agent 0","Agent 1",623240,14648707755680,14648709743938
"MEMORY_COPY","MEMORY_COPY_HOST_TO_DEVICE",1,"Agent 0","Agent 1",630785,14650432830058,14650433352143
"MEMORY_COPY","MEMORY_COPY_HOST_TO_DEVICE",1,"Agent 0","Agent 1",630800,14650433461970,14650433478970
"MEMORY_COPY","MEMORY_COPY_HOST_TO_DEVICE",1,"Agent 0","Agent 1",630816,14650433578515,14650435471412
"MEMORY_COPY","MEMORY_COPY_HOST_TO_DEVICE",1,"Agent 0","Agent 1",638361,14652170242027,14652170708071
"MEMORY_COPY","MEMORY_COPY_HOST_TO_DEVICE",1,"Agent 0","Agent 1",638376,14652170830472,14652170846592
"MEMORY_COPY","MEMORY_COPY_HOST_TO_DEVICE",1,"Agent 0","Agent 1",638392,14652170950203,14652172888500
"MEMORY_COPY","MEMORY_COPY_HOST_TO_DEVICE",1,"Agent 0","Agent 1",645937,14653917004195,14653917594641
"MEMORY_COPY","MEMORY_COPY_HOST_TO_DEVICE",1,"Agent 0","Agent 1",645952,14653917720082,14653917739322
"MEMORY_COPY","MEMORY_COPY_HOST_TO_DEVICE",1,"Agent 0","Agent 1",645968,14653918255367,14653920332985
"MEMORY_COPY","MEMORY_COPY_HOST_TO_DEVICE",1,"Agent 0","Agent 1",653513,14655693252308,14655693703673
"MEMORY_COPY","MEMORY_COPY_HOST_TO_DEVICE",1,"Agent 0","Agent 1",653528,14655693814944,14655693830304
"MEMORY_COPY","MEMORY_COPY_HOST_TO_DEVICE",1,"Agent 0","Agent 1",653544,14655693930015,14655695740271
"MEMORY_COPY","MEMORY_COPY_HOST_TO_DEVICE",1,"Agent 0","Agent 1",661089,14657461084211,14657461552135
"MEMORY_COPY","MEMORY_COPY_HOST_TO_DEVICE",1,"Agent 0","Agent 1",661104,14657461731766,14657461747567
"MEMORY_COPY","MEMORY_COPY_HOST_TO_DEVICE",1,"Agent 0","Agent 1",661120,14657461852998,14657463771095
"MEMORY_COPY","MEMORY_COPY_HOST_TO_DEVICE",1,"Agent 0","Agent 1",668665,14659240854583,14659241457068
"MEMORY_COPY","MEMORY_COPY_HOST_TO_DEVICE",1,"Agent 0","Agent 1",668680,14659242081454,14659242097854
"MEMORY_COPY","MEMORY_COPY_HOST_TO_DEVICE",1,"Agent 0","Agent 1",668696,14659242209645,14659244306224
"MEMORY_COPY","MEMORY_COPY_HOST_TO_DEVICE",1,"Agent 0","Agent 1",676241,14661029725805,14661030192410
"MEMORY_COPY","MEMORY_COPY_HOST_TO_DEVICE",1,"Agent 0","Agent 1",676256,14661030303881,14661030320921
"MEMORY_COPY","MEMORY_COPY_HOST_TO_DEVICE",1,"Agent 0","Agent 1",676272,14661030420682,14661032432460
"MEMORY_COPY","MEMORY_COPY_HOST_TO_DEVICE",1,"Agent 0","Agent 1",683817,14662850013553,14662850478477
"MEMORY_COPY","MEMORY_COPY_HOST_TO_DEVICE",1,"Agent 0","Agent 1",683832,14662850586578,14662850602538
"MEMORY_COPY","MEMORY_COPY_HOST_TO_DEVICE",1,"Agent 0","Agent 1",683848,14662850702039,14662852700817
"MEMORY_COPY","MEMORY_COPY_HOST_TO_DEVICE",1,"Agent 0","Agent 1",691393,14664666144800,14664666602004
"MEMORY_COPY","MEMORY_COPY_HOST_TO_DEVICE",1,"Agent 0","Agent 1",691408,14664666723385,14664666739425
"MEMORY_COPY","MEMORY_COPY_HOST_TO_DEVICE",1,"Agent 0","Agent 1",691424,14664666839366,14664668887305
"MEMORY_COPY","MEMORY_COPY_HOST_TO_DEVICE",1,"Agent 0","Agent 1",698969,14666490099128,14666490545252
"MEMORY_COPY","MEMORY_COPY_HOST_TO_DEVICE",1,"Agent 0","Agent 1",698984,14666490651743,14666490667143
"MEMORY_COPY","MEMORY_COPY_HOST_TO_DEVICE",1,"Agent 0","Agent 1",699000,14666490768004,14666492702822
"MEMORY_COPY","MEMORY_COPY_HOST_TO_DEVICE",1,"Agent 0","Agent 1",706545,14668322663252,14668323167176
"MEMORY_COPY","MEMORY_COPY_HOST_TO_DEVICE",1,"Agent 0","Agent 1",706560,14668323275737,14668323291777
"MEMORY_COPY","MEMORY_COPY_HOST_TO_DEVICE",1,"Agent 0","Agent 1",706576,14668323709531,14668325667589
"MEMORY_COPY","MEMORY_COPY_HOST_TO_DEVICE",1,"Agent 0","Agent 1",714121,14670174390749,14670174871913
"MEMORY_COPY","MEMORY_COPY_HOST_TO_DEVICE",1,"Agent 0","Agent 1",714136,14670174980324,14670174997764
"MEMORY_COPY","MEMORY_COPY_HOST_TO_DEVICE",1,"Agent 0","Agent 1",714152,14670175104795,14670177376256
"MEMORY_COPY","MEMORY_COPY_HOST_TO_DEVICE",1,"Agent 0","Agent 1",721697,14672025863489,14672026337014
"MEMORY_COPY","MEMORY_COPY_HOST_TO_DEVICE",1,"Agent 0","Agent 1",721712,14672026584926,14672026600966
"MEMORY_COPY","MEMORY_COPY_HOST_TO_DEVICE",1,"Agent 0","Agent 1",721728,14672026700657,14672028836756
"MEMORY_COPY","MEMORY_COPY_HOST_TO_DEVICE",1,"Agent 0","Agent 1",729273,14673890584700,14673891019384
"MEMORY_COPY","MEMORY_COPY_HOST_TO_DEVICE",1,"Agent 0","Agent 1",729288,14673891124625,14673891140025
"MEMORY_COPY","MEMORY_COPY_HOST_TO_DEVICE",1,"Agent 0","Agent 1",729304,14673891308666,14673893354765
"MEMORY_COPY","MEMORY_COPY_HOST_TO_DEVICE",1,"Agent 0","Agent 1",736849,14675765864699,14675766304943
"MEMORY_COPY","MEMORY_COPY_HOST_TO_DEVICE",1,"Agent 0","Agent 1",736864,14675766411463,14675766427024
"MEMORY_COPY","MEMORY_COPY_HOST_TO_DEVICE",1,"Agent 0","Agent 1",736880,14675766526145,14675768598403
"MEMORY_COPY","MEMORY_COPY_HOST_TO_DEVICE",1,"Agent 0","Agent 1",744425,14677662278135,14677662784739
"MEMORY_COPY","MEMORY_COPY_HOST_TO_DEVICE",1,"Agent 0","Agent 1",744440,14677662893510,14677662910150
"MEMORY_COPY","MEMORY_COPY_HOST_TO_DEVICE",1,"Agent 0","Agent 1",744456,14677663581587,14677665809927
"MEMORY_COPY","MEMORY_COPY_HOST_TO_DEVICE",1,"Agent 0","Agent 1",752001,14679558066830,14679558503194
"MEMORY_COPY","MEMORY_COPY_HOST_TO_DEVICE",1,"Agent 0","Agent 1",752016,14679558608885,14679558624245
"MEMORY_COPY","MEMORY_COPY_HOST_TO_DEVICE",1,"Agent 0","Agent 1",752032,14679558723936,14679560836035
"MEMORY_COPY","MEMORY_COPY_HOST_TO_DEVICE",1,"Agent 0","Agent 1",759577,14681463481338,14681463933182
"MEMORY_COPY","MEMORY_COPY_HOST_TO_DEVICE",1,"Agent 0","Agent 1",759592,14681464039073,14681464054393
"MEMORY_COPY","MEMORY_COPY_HOST_TO_DEVICE",1,"Agent 0","Agent 1",759608,14681464157174,14681466349234
"MEMORY_COPY","MEMORY_COPY_HOST_TO_DEVICE",1,"Agent 0","Agent 1",767153,14683380720671,14683381175195
"MEMORY_COPY","MEMORY_COPY_HOST_TO_DEVICE",1,"Agent 0","Agent 1",767168,14683381282116,14683381298276
"MEMORY_COPY","MEMORY_COPY_HOST_TO_DEVICE",1,"Agent 0","Agent 1",767184,14683381732370,14683384113712
"MEMORY_COPY","MEMORY_COPY_HOST_TO_DEVICE",1,"Agent 0","Agent 1",774729,14685322646974,14685323115859
"MEMORY_COPY","MEMORY_COPY_HOST_TO_DEVICE",1,"Agent 0","Agent 1",774744,14685323223890,14685323239330
"MEMORY_COPY","MEMORY_COPY_HOST_TO_DEVICE",1,"Agent 0","Agent 1",774760,14685323663934,14685325872994
"MEMORY_COPY","MEMORY_COPY_HOST_TO_DEVICE",1,"Agent 0","Agent 1",782305,14687261787028,14687262293112
"MEMORY_COPY","MEMORY_COPY_HOST_TO_DEVICE",1,"Agent 0","Agent 1",782320,14687262404204,14687262422604
"MEMORY_COPY","MEMORY_COPY_HOST_TO_DEVICE",1,"Agent 0","Agent 1",782336,14687262526004,14687264944826
"MEMORY_COPY","MEMORY_COPY_HOST_TO_DEVICE",1,"Agent 0","Agent 1",789881,14689209719807,14689210174491
"MEMORY_COPY","MEMORY_COPY_HOST_TO_DEVICE",1,"Agent 0","Agent 1",789896,14689210616615,14689210631975
"MEMORY_COPY","MEMORY_COPY_HOST_TO_DEVICE",1,"Agent 0","Agent 1",789912,14689210747966,14689212935626
"MEMORY_COPY","MEMORY_COPY_HOST_TO_DEVICE",1,"Agent 0","Agent 1",797457,14691166968572,14691167422576
"MEMORY_COPY","MEMORY_COPY_HOST_TO_DEVICE",1,"Agent 0","Agent 1",797472,14691167528587,14691167544147
"MEMORY_COPY","MEMORY_COPY_HOST_TO_DEVICE",1,"Agent 0","Agent 1",797488,14691167644678,14691169878378
"MEMORY_COPY","MEMORY_COPY_HOST_TO_DEVICE",1,"Agent 0","Agent 1",805033,14693146367250,14693146825694
"MEMORY_COPY","MEMORY_COPY_HOST_TO_DEVICE",1,"Agent 0","Agent 1",805048,14693146936095,14693146952695
"MEMORY_COPY","MEMORY_COPY_HOST_TO_DEVICE",1,"Agent 0","Agent 1",805064,14693147375619,14693149633840
"MEMORY_COPY","MEMORY_COPY_HOST_TO_DEVICE",1,"Agent 0","Agent 1",812609,14695125662116,14695126095800
"MEMORY_COPY","MEMORY_COPY_HOST_TO_DEVICE",1,"Agent 0","Agent 1",812624,14695126213511,14695126228911
"MEMORY_COPY","MEMORY_COPY_HOST_TO_DEVICE",1,"Agent 0","Agent 1",812640,14695126331182,14695128613243
"MEMORY_COPY","MEMORY_COPY_HOST_TO_DEVICE",1,"Agent 0","Agent 1",820185,14697124920889,14697125371853
"MEMORY_COPY","MEMORY_COPY_HOST_TO_DEVICE",1,"Agent 0","Agent 1",820200,14697125478394,14697125493754
"MEMORY_COPY","MEMORY_COPY_HOST_TO_DEVICE",1,"Agent 0","Agent 1",820216,14697125595095,14697127868596
"MEMORY_COPY","MEMORY_COPY_HOST_TO_DEVICE",1,"Agent 0","Agent 1",827761,14699127814201,14699128275565
"MEMORY_COPY","MEMORY_COPY_HOST_TO_DEVICE",1,"Agent 0","Agent 1",827776,14699128382936,14699128398336
"MEMORY_COPY","MEMORY_COPY_HOST_TO_DEVICE",1,"Agent 0","Agent 1",827792,14699128500517,14699130803338
"MEMORY_COPY","MEMORY_COPY_HOST_TO_DEVICE",1,"Agent 0","Agent 1",835337,14701151388237,14701151859922
"MEMORY_COPY","MEMORY_COPY_HOST_TO_DEVICE",1,"Agent 0","Agent 1",835352,14701151969953,14701151985753
"MEMORY_COPY","MEMORY_COPY_HOST_TO_DEVICE",1,"Agent 0","Agent 1",835368,14701152431057,14701154795999
"MEMORY_COPY","MEMORY_COPY_HOST_TO_DEVICE",1,"Agent 0","Agent 1",842913,14703181533595,14703181964839
"MEMORY_COPY","MEMORY_COPY_HOST_TO_DEVICE",1,"Agent 0","Agent 1",842928,14703182070210,14703182085650
"MEMORY_COPY","MEMORY_COPY_HOST_TO_DEVICE",1,"Agent 0","Agent 1",842944,14703182184141,14703184525402
"MEMORY_COPY","MEMORY_COPY_HOST_TO_DEVICE",1,"Agent 0","Agent 1",850489,14705223116090,14705223554774
"MEMORY_COPY","MEMORY_COPY_HOST_TO_DEVICE",1,"Agent 0","Agent 1",850504,14705223841696,14705223857497
"MEMORY_COPY","MEMORY_COPY_HOST_TO_DEVICE",1,"Agent 0","Agent 1",850520,14705223959488,14705226357550
"MEMORY_COPY","MEMORY_COPY_HOST_TO_DEVICE",1,"Agent 0","Agent 1",858065,14707270907136,14707271358140
"MEMORY_COPY","MEMORY_COPY_HOST_TO_DEVICE",1,"Agent 0","Agent 1",858080,14707271465003,14707271480643
"MEMORY_COPY","MEMORY_COPY_HOST_TO_DEVICE",1,"Agent 0","Agent 1",858096,14707271579811,14707273964873
"MEMORY_COPY","MEMORY_COPY_HOST_TO_DEVICE",1,"Agent 0","Agent 1",865641,14709352403009,14709352858294
"MEMORY_COPY","MEMORY_COPY_HOST_TO_DEVICE",1,"Agent 0","Agent 1",865656,14709352967385,14709352983065
"MEMORY_COPY","MEMORY_COPY_HOST_TO_DEVICE",1,"Agent 0","Agent 1",865672,14709353406319,14709356082743
"MEMORY_COPY","MEMORY_COPY_HOST_TO_DEVICE",1,"Agent 0","Agent 1",873217,14711413562173,14711413993417
"MEMORY_COPY","MEMORY_COPY_HOST_TO_DEVICE",1,"Agent 0","Agent 1",873232,14711414104758,14711414120079
"MEMORY_COPY","MEMORY_COPY_HOST_TO_DEVICE",1,"Agent 0","Agent 1",873248,14711414219610,14711416664512
"MEMORY_COPY","MEMORY_COPY_HOST_TO_DEVICE",1,"Agent 0","Agent 1",880793,14713486482692,14713486986897
"MEMORY_COPY","MEMORY_COPY_HOST_TO_DEVICE",1,"Agent 0","Agent 1",880808,14713487099138,14713487115098
"MEMORY_COPY","MEMORY_COPY_HOST_TO_DEVICE",1,"Agent 0","Agent 1",880824,14713487218459,14713489803443
"MEMORY_COPY","MEMORY_COPY_HOST_TO_DEVICE",1,"Agent 0","Agent 1",888369,14715567642390,14715568093314
"MEMORY_COPY","MEMORY_COPY_HOST_TO_DEVICE",1,"Agent 0","Agent 1",888384,14715568200725,14715568216965
"MEMORY_COPY","MEMORY_COPY_HOST_TO_DEVICE",1,"Agent 0","Agent 1",888400,14715568649099,14715571124962
"MEMORY_COPY","MEMORY_COPY_HOST_TO_DEVICE",1,"Agent 0","Agent 1",895945,14717670359928,14717670841732
"MEMORY_COPY","MEMORY_COPY_HOST_TO_DEVICE",1,"Agent 0","Agent 1",895960,14717670948823,14717670964703
"MEMORY_COPY","MEMORY_COPY_HOST_TO_DEVICE",1,"Agent 0","Agent 1",895976,14717671074814,14717673619558
"MEMORY_COPY","MEMORY_COPY_HOST_TO_DEVICE",1,"Agent 0","Agent 1",903521,14719773668596,14719774121601
"MEMORY_COPY","MEMORY_COPY_HOST_TO_DEVICE",1,"Agent 0","Agent 1",903536,14719774228492,14719774244332
"MEMORY_COPY","MEMORY_COPY_HOST_TO_DEVICE",1,"Agent 0","Agent 1",903552,14719774657216,14719777186359
"MEMORY_COPY","MEMORY_COPY_HOST_TO_DEVICE",1,"Agent 0","Agent 1",911097,14721897838754,14721898298079
"MEMORY_COPY","MEMORY_COPY_HOST_TO_DEVICE",1,"Agent 0","Agent 1",911112,14721898724003,14721898739803
"MEMORY_COPY","MEMORY_COPY_HOST_TO_DEVICE",1,"Agent 0","Agent 1",911128,14721898873774,14721901483438
"MEMORY_COPY","MEMORY_COPY_HOST_TO_DEVICE",1,"Agent 0","Agent 1",918673,14724045668528,14724046172333
"MEMORY_COPY","MEMORY_COPY_HOST_TO_DEVICE",1,"Agent 0","Agent 1",918688,14724046278594,14724046294394
"MEMORY_COPY","MEMORY_COPY_HOST_TO_DEVICE",1,"Agent 0","Agent 1",918704,14724046715798,14724049354102
"MEMORY_COPY","MEMORY_COPY_HOST_TO_DEVICE",1,"Agent 0","Agent 1",926249,14726205907980,14726206357184
"MEMORY_COPY","MEMORY_COPY_HOST_TO_DEVICE",1,"Agent 0","Agent 1",926264,14726206466885,14726206482285
"MEMORY_COPY","MEMORY_COPY_HOST_TO_DEVICE",1,"Agent 0","Agent 1",926280,14726206899079,14726209475263
"MEMORY_COPY","MEMORY_COPY_HOST_TO_DEVICE",1,"Agent 0","Agent 1",933825,14728359189604,14728359620408
"MEMORY_COPY","MEMORY_COPY_HOST_TO_DEVICE",1,"Agent 0","Agent 1",933840,14728359742479,14728359758000
"MEMORY_COPY","MEMORY_COPY_HOST_TO_DEVICE",1,"Agent 0","Agent 1",933856,14728359856581,14728362578846
"MEMORY_COPY","MEMORY_COPY_HOST_TO_DEVICE",1,"Agent 0","Agent 1",941401,14730520242420,14730520692384
"MEMORY_COPY","MEMORY_COPY_HOST_TO_DEVICE",1,"Agent 0","Agent 1",941416,14730520797235,14730520813195
"MEMORY_COPY","MEMORY_COPY_HOST_TO_DEVICE",1,"Agent 0","Agent 1",941432,14730520913196,14730523543781
"MEMORY_COPY","MEMORY_COPY_HOST_TO_DEVICE",1,"Agent 0","Agent 1",948977,14732696630889,14732696637969
"MEMORY_COPY","MEMORY_COPY_HOST_TO_DEVICE",1,"Agent 0","Agent 1",948992,14732696794990,14732696811591
"MEMORY_COPY","MEMORY_COPY_HOST_TO_DEVICE",1,"Agent 0","Agent 1",949008,14732697230215,14732697250575
"MEMORY_COPY","MEMORY_COPY_DEVICE_TO_HOST",1,"Agent 1","Agent 0",955736,14732783432179,14732783440219
"MEMORY_COPY","MEMORY_COPY_DEVICE_TO_HOST",1,"Agent 1","Agent 0",955739,14732783481649,14732783489569
"MEMORY_COPY","MEMORY_COPY_DEVICE_TO_HOST",1,"Agent 1","Agent 0",955742,14732783521790,14732783529710
"MEMORY_COPY","MEMORY_COPY_DEVICE_TO_HOST",1,"Agent 1","Agent 0",955745,14732783558380,14732783566340
"MEMORY_COPY","MEMORY_COPY_DEVICE_TO_HOST",1,"Agent 1","Agent 0",955748,14732783596030,14732783604270
"MEMORY_COPY","MEMORY_COPY_DEVICE_TO_HOST",1,"Agent 1","Agent 0",955751,14732783634391,14732783642551
"MEMORY_COPY","MEMORY_COPY_DEVICE_TO_HOST",1,"Agent 1","Agent 0",955754,14732783671321,14732783679561
"MEMORY_COPY","MEMORY_COPY_DEVICE_TO_HOST",1,"Agent 1","Agent 0",955757,14732783708941,14732783716861
"MEMORY_COPY","MEMORY_COPY_DEVICE_TO_HOST",1,"Agent 1","Agent 0",955760,14732783750162,14732783758122
"MEMORY_COPY","MEMORY_COPY_DEVICE_TO_HOST",1,"Agent 1","Agent 0",955763,14732783786212,14732783794132
"MEMORY_COPY","MEMORY_COPY_DEVICE_TO_HOST",1,"Agent 1","Agent 0",955766,14732783822102,14732783830422
"MEMORY_COPY","MEMORY_COPY_DEVICE_TO_HOST",1,"Agent 1","Agent 0",955769,14732783864793,14732783873873
"MEMORY_COPY","MEMORY_COPY_DEVICE_TO_HOST",1,"Agent 1","Agent 0",955772,14732783903293,14732783911653
"MEMORY_COPY","MEMORY_COPY_DEVICE_TO_HOST",1,"Agent 1","Agent 0",955775,14732783939483,14732783947644
"MEMORY_COPY","MEMORY_COPY_DEVICE_TO_HOST",1,"Agent 1","Agent 0",955778,14732783979694,14732783988134
"MEMORY_COPY","MEMORY_COPY_DEVICE_TO_HOST",1,"Agent 1","Agent 0",955781,14732784022434,14732784030634
"MEMORY_COPY","MEMORY_COPY_DEVICE_TO_HOST",1,"Agent 1","Agent 0",955784,14732784058265,14732784066385
"MEMORY_COPY","MEMORY_COPY_DEVICE_TO_HOST",1,"Agent 1","Agent 0",955787,14732784099535,14732784107575
"MEMORY_COPY","MEMORY_COPY_DEVICE_TO_HOST",1,"Agent 1","Agent 0",955790,14732784139575,14732784147655
"MEMORY_COPY","MEMORY_COPY_DEVICE_TO_HOST",1,"Agent 1","Agent 0",955793,14732784179696,14732784187816
"MEMORY_COPY","MEMORY_COPY_DEVICE_TO_HOST",1,"Agent 1","Agent 0",955796,14732784237296,14732784245416
"MEMORY_COPY","MEMORY_COPY_DEVICE_TO_HOST",1,"Agent 1","Agent 0",955799,14732784406198,14732784414238
"MEMORY_COPY","MEMORY_COPY_DEVICE_TO_HOST",1,"Agent 1","Agent 0",955802,14732784440618,14732784448738
"MEMORY_COPY","MEMORY_COPY_DEVICE_TO_HOST",1,"Agent 1","Agent 0",955805,14732784480839,14732784488799
"MEMORY_COPY","MEMORY_COPY_DEVICE_TO_HOST",1,"Agent 1","Agent 0",955808,14732784517349,14732784525589
"MEMORY_COPY","MEMORY_COPY_DEVICE_TO_HOST",1,"Agent 1","Agent 0",955811,14732784554659,14732784562819
"MEMORY_COPY","MEMORY_COPY_DEVICE_TO_HOST",1,"Agent 1","Agent 0",955814,14732784593870,14732784601870
"MEMORY_COPY","MEMORY_COPY_DEVICE_TO_HOST",1,"Agent 1","Agent 0",955817,14732784628120,14732784636080
"MEMORY_COPY","MEMORY_COPY_DEVICE_TO_HOST",1,"Agent 1","Agent 0",955820,14732784666740,14732784674900
"MEMORY_COPY","MEMORY_COPY_DEVICE_TO_HOST",1,"Agent 1","Agent 0",955823,14732784706611,14732784714531
"MEMORY_COPY","MEMORY_COPY_DEVICE_TO_HOST",1,"Agent 1","Agent 0",955826,14732784741891,14732784750171
"MEMORY_COPY","MEMORY_COPY_DEVICE_TO_HOST",1,"Agent 1","Agent 0",955829,14732784778821,14732784786781
"MEMORY_COPY","MEMORY_COPY_DEVICE_TO_HOST",1,"Agent 1","Agent 0",955832,14732784817782,14732784826062
"MEMORY_COPY","MEMORY_COPY_DEVICE_TO_HOST",1,"Agent 1","Agent 0",955835,14732784854062,14732784862142
"MEMORY_COPY","MEMORY_COPY_DEVICE_TO_HOST",1,"Agent 1","Agent 0",955838,14732784891432,14732784899512
"MEMORY_COPY","MEMORY_COPY_DEVICE_TO_HOST",1,"Agent 1","Agent 0",955841,14732784931523,14732784940123
"MEMORY_COPY","MEMORY_COPY_DEVICE_TO_HOST",1,"Agent 1","Agent 0",955844,14732784968943,14732784976903
"MEMORY_COPY","MEMORY_COPY_DEVICE_TO_HOST",1,"Agent 1","Agent 0",955847,14732785008443,14732785016683
"MEMORY_COPY","MEMORY_COPY_DEVICE_TO_HOST",1,"Agent 1","Agent 0",955850,14732785052284,14732785060364
"MEMORY_COPY","MEMORY_COPY_DEVICE_TO_HOST",1,"Agent 1","Agent 0",955853,14732785232855,14732785240936
"MEMORY_COPY","MEMORY_COPY_DEVICE_TO_HOST",1,"Agent 1","Agent 0",955856,14732785268396,14732785276276
"MEMORY_COPY","MEMORY_COPY_DEVICE_TO_HOST",1,"Agent 1","Agent 0",955859,14732785306676,14732785314916
"MEMORY_COPY","MEMORY_COPY_DEVICE_TO_HOST",1,"Agent 1","Agent 0",955862,14732785349197,14732785361517
"MEMORY_COPY","MEMORY_COPY_DEVICE_TO_HOST",1,"Agent 1","Agent 0",955865,14732785399967,14732785411487
"MEMORY_COPY","MEMORY_COPY_DEVICE_TO_HOST",1,"Agent 1","Agent 0",955868,14732785449918,14732785457798
"MEMORY_COPY","MEMORY_COPY_DEVICE_TO_HOST",1,"Agent 1","Agent 0",955871,14732785496478,14732785504758
"MEMORY_COPY","MEMORY_COPY_DEVICE_TO_HOST",1,"Agent 1","Agent 0",955874,14732785540538,14732785550778
"MEMORY_COPY","MEMORY_COPY_DEVICE_TO_HOST",1,"Agent 1","Agent 0",955877,14732785585759,14732785595199
"MEMORY_COPY","MEMORY_COPY_DEVICE_TO_HOST",1,"Agent 1","Agent 0",955880,14732785991373,14732786200534
"MEMORY_COPY","MEMORY_COPY_DEVICE_TO_HOST",1,"Agent 1","Agent 0",955883,14732786503777,14732786625458
"MEMORY_COPY","MEMORY_COPY_DEVICE_TO_HOST",1,"Agent 1","Agent 0",955886,14732786923091,14732787041012
"MEMORY_COPY","MEMORY_COPY_DEVICE_TO_HOST",1,"Agent 1","Agent 0",955889,14732787324355,14732787440356
"MEMORY_COPY","MEMORY_COPY_DEVICE_TO_HOST",1,"Agent 1","Agent 0",955892,14732787732469,14732787873590
"MEMORY_COPY","MEMORY_COPY_DEVICE_TO_HOST",1,"Agent 1","Agent 0",955895,14732788165753,14732788280594
"MEMORY_COPY","MEMORY_COPY_DEVICE_TO_HOST",1,"Agent 1","Agent 0",955898,14732788571657,14732788693578
"MEMORY_COPY","MEMORY_COPY_DEVICE_TO_HOST",1,"Agent 1","Agent 0",955901,14732788913570,14732789041971
"MEMORY_COPY","MEMORY_COPY_DEVICE_TO_HOST",1,"Agent 1","Agent 0",955904,14732789284663,14732789428145
"MEMORY_COPY","MEMORY_COPY_DEVICE_TO_HOST",1,"Agent 1","Agent 0",955907,14732789636816,14732789755058
"MEMORY_COPY","MEMORY_COPY_DEVICE_TO_HOST",1,"Agent 1","Agent 0",955910,14732789982090,14732790115691
"MEMORY_COPY","MEMORY_COPY_DEVICE_TO_HOST",1,"Agent 1","Agent 0",955913,14732790332493,14732790456134
"MEMORY_COPY","MEMORY_COPY_DEVICE_TO_HOST",1,"Agent 1","Agent 0",955916,14732790685486,14732790814167
"MEMORY_COPY","MEMORY_COPY_DEVICE_TO_HOST",1,"Agent 1","Agent 0",955919,14732791037889,14732791154171
"MEMORY_COPY","MEMORY_COPY_DEVICE_TO_HOST",1,"Agent 1","Agent 0",955922,14732791385593,14732791513274
"MEMORY_COPY","MEMORY_COPY_DEVICE_TO_HOST",1,"Agent 1","Agent 0",955925,14732791731826,14732791856947
"MEMORY_COPY","MEMORY_COPY_DEVICE_TO_HOST",1,"Agent 1","Agent 0",955928,14732792088289,14732792210610
"MEMORY_COPY","MEMORY_COPY_DEVICE_TO_HOST",1,"Agent 1","Agent 0",955931,14732792431222,14732792580984
"MEMORY_COPY","MEMORY_COPY_DEVICE_TO_HOST",1,"Agent 1","Agent 0",955934,14732792818716,14732792961277
"MEMORY_COPY","MEMORY_COPY_DEVICE_TO_HOST",1,"Agent 1","Agent 0",955937,14732793183789,14732793299791
"MEMORY_COPY","MEMORY_COPY_DEVICE_TO_HOST",1,"Agent 1","Agent 0",955940,14732793511972,14732793634094
"MEMORY_COPY","MEMORY_COPY_DEVICE_TO_HOST",1,"Agent 1","Agent 0",955943,14732793854546,14732793985347
"MEMORY_COPY","MEMORY_COPY_DEVICE_TO_HOST",1,"Agent 1","Agent 0",955946,14732794217909,14732794341030
"MEMORY_COPY","MEMORY_COPY_DEVICE_TO_HOST",1,"Agent 1","Agent 0",955949,14732794562612,14732794686893
"MEMORY_COPY","MEMORY_COPY_DEVICE_TO_HOST",1,"Agent 1","Agent 0",955952,14732794903705,14732795024427
"MEMORY_COPY","MEMORY_COPY_DEVICE_TO_HOST",1,"Agent 1","Agent 0",955955,14732795244959,14732795360920
"MEMORY_COPY","MEMORY_COPY_DEVICE_TO_HOST",1,"Agent 1","Agent 0",955958,14732795593152,14732795710393
"MEMORY_COPY","MEMORY_COPY_DEVICE_TO_HOST",1,"Agent 1","Agent 0",955961,14732795923925,14732796041726
"MEMORY_COPY","MEMORY_COPY_DEVICE_TO_HOST",1,"Agent 1","Agent 0",955964,14732796208038,14732796355359
"MEMORY_COPY","MEMORY_COPY_DEVICE_TO_HOST",1,"Agent 1","Agent 0",955967,14732796516120,14732796641282
"MEMORY_COPY","MEMORY_COPY_DEVICE_TO_HOST",1,"Agent 1","Agent 0",955970,14732796807403,14732796947004
"MEMORY_COPY","MEMORY_COPY_DEVICE_TO_HOST",1,"Agent 1","Agent 0",955973,14732797121026,14732797247587
"MEMORY_COPY","MEMORY_COPY_DEVICE_TO_HOST",1,"Agent 1","Agent 0",955976,14732797416999,14732797539880
"MEMORY_COPY","MEMORY_COPY_DEVICE_TO_HOST",1,"Agent 1","Agent 0",955979,14732797704521,14732797873883
"MEMORY_COPY","MEMORY_COPY_DEVICE_TO_HOST",1,"Agent 1","Agent 0",955982,14732798052375,14732798203736
"MEMORY_COPY","MEMORY_COPY_DEVICE_TO_HOST",1,"Agent 1","Agent 0",955985,14732798362958,14732798533479
"MEMORY_COPY","MEMORY_COPY_DEVICE_TO_HOST",1,"Agent 1","Agent 0",955988,14732798711681,14732798850962
"MEMORY_COPY","MEMORY_COPY_DEVICE_TO_HOST",1,"Agent 1","Agent 0",955991,14732799021174,14732799142975
"MEMORY_COPY","MEMORY_COPY_DEVICE_TO_HOST",1,"Agent 1","Agent 0",955994,14732799322947,14732799473468
"MEMORY_COPY","MEMORY_COPY_DEVICE_TO_HOST",1,"Agent 1","Agent 0",955997,14732799638039,14732799961042
"MEMORY_COPY","MEMORY_COPY_DEVICE_TO_HOST",1,"Agent 1","Agent 0",956000,14732800139204,14732800259485
"MEMORY_COPY","MEMORY_COPY_DEVICE_TO_HOST",1,"Agent 1","Agent 0",956003,14732800429227,14732800547268
"MEMORY_COPY","MEMORY_COPY_DEVICE_TO_HOST",1,"Agent 1","Agent 0",956006,14732800737230,14732800853431
"MEMORY_COPY","MEMORY_COPY_DEVICE_TO_HOST",1,"Agent 1","Agent 0",956009,14732801021292,14732801177294
"MEMORY_COPY","MEMORY_COPY_DEVICE_TO_HOST",1,"Agent 1","Agent 0",956012,14732801355185,14732801520707
"MEMORY_COPY","MEMORY_COPY_DEVICE_TO_HOST",1,"Agent 1","Agent 0",956015,14732801687238,14732801804600
"MEMORY_COPY","MEMORY_COPY_DEVICE_TO_HOST",1,"Agent 1","Agent 0",956018,14732801954931,14732802072732
"MEMORY_COPY","MEMORY_COPY_DEVICE_TO_HOST",1,"Agent 1","Agent 0",956021,14732802199443,14732802330484
"MEMORY_COPY","MEMORY_COPY_HOST_TO_DEVICE",1,"Agent 0","Agent 1",956026,14732812972284,14732813871292
"MEMORY_COPY","MEMORY_COPY_HOST_TO_DEVICE",1,"Agent 0","Agent 1",956041,14732814048153,14732814101554
"MEMORY_COPY","MEMORY_COPY_HOST_TO_DEVICE",1,"Agent 0","Agent 1",956057,14732814237165,14732818093921
"MEMORY_COPY","MEMORY_COPY_DEVICE_TO_HOST",1,"Agent 1","Agent 0",963601,14735011080972,14735011089292
"MEMORY_COPY","MEMORY_COPY_DEVICE_TO_HOST",1,"Agent 1","Agent 0",963604,14735011130652,14735011138772
"MEMORY_COPY","MEMORY_COPY_DEVICE_TO_HOST",1,"Agent 1","Agent 0",963607,14735011171213,14735011179373
"MEMORY_COPY","MEMORY_COPY_DEVICE_TO_HOST",1,"Agent 1","Agent 0",963610,14735011211573,14735011219573
"MEMORY_COPY","MEMORY_COPY_DEVICE_TO_HOST",1,"Agent 1","Agent 0",963613,14735011252793,14735011260953
"MEMORY_COPY","MEMORY_COPY_DEVICE_TO_HOST",1,"Agent 1","Agent 0",963616,14735011294394,14735011302474
"MEMORY_COPY","MEMORY_COPY_DEVICE_TO_HOST",1,"Agent 1","Agent 0",963619,14735011328384,14735011336504
"MEMORY_COPY","MEMORY_COPY_DEVICE_TO_HOST",1,"Agent 1","Agent 0",963622,14735011394705,14735011402825
"MEMORY_COPY","MEMORY_COPY_DEVICE_TO_HOST",1,"Agent 1","Agent 0",963625,14735011433765,14735011442285
"MEMORY_COPY","MEMORY_COPY_DEVICE_TO_HOST",1,"Agent 1","Agent 0",963628,14735011469925,14735011477845
"MEMORY_COPY","MEMORY_COPY_DEVICE_TO_HOST",1,"Agent 1","Agent 0",963631,14735011506036,14735011514116
"MEMORY_COPY","MEMORY_COPY_DEVICE_TO_HOST",1,"Agent 1","Agent 0",963634,14735011546956,14735011555196
"MEMORY_COPY","MEMORY_COPY_DEVICE_TO_HOST",1,"Agent 1","Agent 0",963637,14735011581676,14735011589677
"MEMORY_COPY","MEMORY_COPY_DEVICE_TO_HOST",1,"Agent 1","Agent 0",963640,14735011616457,14735011624377
"MEMORY_COPY","MEMORY_COPY_DEVICE_TO_HOST",1,"Agent 1","Agent 0",963643,14735011654497,14735011662417
"MEMORY_COPY","MEMORY_COPY_DEVICE_TO_HOST",1,"Agent 1","Agent 0",963646,14735011690007,14735011698008
"MEMORY_COPY","MEMORY_COPY_DEVICE_TO_HOST",1,"Agent 1","Agent 0",963649,14735011726438,14735011734318
"MEMORY_COPY","MEMORY_COPY_DEVICE_TO_HOST",1,"Agent 1","Agent 0",963652,14735011767118,14735011775478
"MEMORY_COPY","MEMORY_COPY_DEVICE_TO_HOST",1,"Agent 1","Agent 0",963655,14735011807149,14735011815269
"MEMORY_COPY","MEMORY_COPY_DEVICE_TO_HOST",1,"Agent 1","Agent 0",963658,14735011848109,14735011856389
"MEMORY_COPY","MEMORY_COPY_DEVICE_TO_HOST",1,"Agent 1","Agent 0",963661,14735011892349,14735011901629
"MEMORY_COPY","MEMORY_COPY_DEVICE_TO_HOST",1,"Agent 1","Agent 0",963664,14735011932110,14735011940270
"MEMORY_COPY","MEMORY_COPY_DEVICE_TO_HOST",1,"Agent 1","Agent 0",963667,14735011974740,14735011982820
"MEMORY_COPY","MEMORY_COPY_DEVICE_TO_HOST",1,"Agent 1","Agent 0",963670,14735012023171,14735012031051
"MEMORY_COPY","MEMORY_COPY_DEVICE_TO_HOST",1,"Agent 1","Agent 0",963673,14735012060661,14735012070061
"MEMORY_COPY","MEMORY_COPY_DEVICE_TO_HOST",1,"Agent 1","Agent 0",963676,14735012097091,14735012105251
"MEMORY_COPY","MEMORY_COPY_DEVICE_TO_HOST",1,"Agent 1","Agent 0",963679,14735012138712,14735012151112
"MEMORY_COPY","MEMORY_COPY_DEVICE_TO_HOST",1,"Agent 1","Agent 0",963682,14735012196002,14735012205602
"MEMORY_COPY","MEMORY_COPY_DEVICE_TO_HOST",1,"Agent 1","Agent 0",963685,14735012241833,14735012249793
"MEMORY_COPY","MEMORY_COPY_DEVICE_TO_HOST",1,"Agent 1","Agent 0",963688,14735012284853,14735012292933
"MEMORY_COPY","MEMORY_COPY_DEVICE_TO_HOST",1,"Agent 1","Agent 0",963691,14735012323663,14735012331743
"MEMORY_COPY","MEMORY_COPY_DEVICE_TO_HOST",1,"Agent 1","Agent 0",963694,14735012358424,14735012366624
"MEMORY_COPY","MEMORY_COPY_DEVICE_TO_HOST",1,"Agent 1","Agent 0",963697,14735012396644,14735012404524
"MEMORY_COPY","MEMORY_COPY_DEVICE_TO_HOST",1,"Agent 1","Agent 0",963700,14735012431964,14735012440084
"MEMORY_COPY","MEMORY_COPY_DEVICE_TO_HOST",1,"Agent 1","Agent 0",963703,14735012466135,14735012474295
"MEMORY_COPY","MEMORY_COPY_DEVICE_TO_HOST",1,"Agent 1","Agent 0",963706,14735012504015,14735012512935
"MEMORY_COPY","MEMORY_COPY_DEVICE_TO_HOST",1,"Agent 1","Agent 0",963709,14735012539415,14735012547615
"MEMORY_COPY","MEMORY_COPY_DEVICE_TO_HOST",1,"Agent 1","Agent 0",963712,14735012572856,14735012580776
"MEMORY_COPY","MEMORY_COPY_DEVICE_TO_HOST",1,"Agent 1","Agent 0",963715,14735012644136,14735012652256
"MEMORY_COPY","MEMORY_COPY_DEVICE_TO_HOST",1,"Agent 1","Agent 0",963718,14735012679807,14735012687847
"MEMORY_COPY","MEMORY_COPY_DEVICE_TO_HOST",1,"Agent 1","Agent 0",963721,14735012713997,14735012721997
"MEMORY_COPY","MEMORY_COPY_DEVICE_TO_HOST",1,"Agent 1","Agent 0",963724,14735012753837,14735012761837
"MEMORY_COPY","MEMORY_COPY_DEVICE_TO_HOST",1,"Agent 1","Agent 0",963727,14735012791738,14735012799698
"MEMORY_COPY","MEMORY_COPY_DEVICE_TO_HOST",1,"Agent 1","Agent 0",963730,14735012829948,14735012838108
"MEMORY_COPY","MEMORY_COPY_DEVICE_TO_HOST",1,"Agent 1","Agent 0",963733,14735012870488,14735012878449
"MEMORY_COPY","MEMORY_COPY_DEVICE_TO_HOST",1,"Agent 1","Agent 0",963736,14735012903959,14735012911959
"MEMORY_COPY","MEMORY_COPY_DEVICE_TO_HOST",1,"Agent 1","Agent 0",963739,14735012937489,14735012945689
"MEMORY_COPY","MEMORY_COPY_DEVICE_TO_HOST",1,"Agent 1","Agent 0",963742,14735012975869,14735012983829
"MEMORY_COPY","MEMORY_COPY_DEVICE_TO_HOST",1,"Agent 1","Agent 0",963745,14735013176231,14735013302192
"MEMORY_COPY","MEMORY_COPY_DEVICE_TO_HOST",1,"Agent 1","Agent 0",963748,14735013442274,14735013622835
"MEMORY_COPY","MEMORY_COPY_DEVICE_TO_HOST",1,"Agent 1","Agent 0",963751,14735013746667,14735013884388
"MEMORY_COPY","MEMORY_COPY_DEVICE_TO_HOST",1,"Agent 1","Agent 0",963754,14735014002909,14735014117470
"MEMORY_COPY","MEMORY_COPY_DEVICE_TO_HOST",1,"Agent 1","Agent 0",963757,14735014228961,14735014343322
"MEMORY_COPY","MEMORY_COPY_DEVICE_TO_HOST",1,"Agent 1","Agent 0",963760,14735014440313,14735014556794
"MEMORY_COPY","MEMORY_COPY_DEVICE_TO_HOST",1,"Agent 1","Agent 0",963763,14735014629255,14735014744296
"MEMORY_COPY","MEMORY_COPY_DEVICE_TO_HOST",1,"Agent 1","Agent 0",963766,14735014843407,14735014959688
"MEMORY_COPY","MEMORY_COPY_DEVICE_TO_HOST",1,"Agent 1","Agent 0",963769,14735015042869,14735015160110
"MEMORY_COPY","MEMORY_COPY_DEVICE_TO_HOST",1,"Agent 1","Agent 0",963772,14735015255621,14735015370702
"MEMORY_COPY","MEMORY_COPY_DEVICE_TO_HOST",1,"Agent 1","Agent 0",963775,14735015441882,14735015558283
"MEMORY_COPY","MEMORY_COPY_DEVICE_TO_HOST",1,"Agent 1","Agent 0",963778,14735015648794,14735015763795
"MEMORY_COPY","MEMORY_COPY_DEVICE_TO_HOST",1,"Agent 1","Agent 0",963781,14735015825856,14735015943337
"MEMORY_COPY","MEMORY_COPY_DEVICE_TO_HOST",1,"Agent 1","Agent 0",963784,14735016040228,14735016154309
"MEMORY_COPY","MEMORY_COPY_DEVICE_TO_HOST",1,"Agent 1","Agent 0",963787,14735016236630,14735016350911
"MEMORY_COPY","MEMORY_COPY_DEVICE_TO_HOST",1,"Agent 1","Agent 0",963790,14735016437312,14735016571033
"MEMORY_COPY","MEMORY_COPY_DEVICE_TO_HOST",1,"Agent 1","Agent 0",963793,14735016643144,14735016772265
"MEMORY_COPY","MEMORY_COPY_DEVICE_TO_HOST",1,"Agent 1","Agent 0",963796,14735016862546,14735016988587
"MEMORY_COPY","MEMORY_COPY_DEVICE_TO_HOST",1,"Agent 1","Agent 0",963799,14735017065527,14735017180249
"MEMORY_COPY","MEMORY_COPY_DEVICE_TO_HOST",1,"Agent 1","Agent 0",963802,14735017262499,14735017377060
"MEMORY_COPY","MEMORY_COPY_DEVICE_TO_HOST",1,"Agent 1","Agent 0",963805,14735017445391,14735017559712
"MEMORY_COPY","MEMORY_COPY_DEVICE_TO_HOST",1,"Agent 1","Agent 0",963808,14735017625193,14735017739714
"MEMORY_COPY","MEMORY_COPY_DEVICE_TO_HOST",1,"Agent 1","Agent 0",963811,14735017805504,14735017919665
"MEMORY_COPY","MEMORY_COPY_DEVICE_TO_HOST",1,"Agent 1","Agent 0",963814,14735017985546,14735018099947
"MEMORY_COPY","MEMORY_COPY_DEVICE_TO_HOST",1,"Agent 1","Agent 0",963817,14735018163758,14735018278079
"MEMORY_COPY","MEMORY_COPY_DEVICE_TO_HOST",1,"Agent 1","Agent 0",963820,14735018350949,14735018465150
"MEMORY_COPY","MEMORY_COPY_DEVICE_TO_HOST",1,"Agent 1","Agent 0",963823,14735018530011,14735018683093
"MEMORY_COPY","MEMORY_COPY_DEVICE_TO_HOST",1,"Agent 1","Agent 0",963826,14735018747443,14735018896764
"MEMORY_COPY","MEMORY_COPY_DEVICE_TO_HOST",1,"Agent 1","Agent 0",963829,14735018961575,14735019110536
"MEMORY_COPY","MEMORY_COPY_DEVICE_TO_HOST",1,"Agent 1","Agent 0",963832,14735019182317,14735019458800
"MEMORY_COPY","MEMORY_COPY_DEVICE_TO_HOST",1,"Agent 1","Agent 0",963835,14735019522410,14735019636651
"MEMORY_COPY","MEMORY_COPY_DEVICE_TO_HOST",1,"Agent 1","Agent 0",963838,14735019700172,14735019814653
"MEMORY_COPY","MEMORY_COPY_DEVICE_TO_HOST",1,"Agent 1","Agent 0",963841,14735019880104,14735019994585
"MEMORY_COPY","MEMORY_COPY_DEVICE_TO_HOST",1,"Agent 1","Agent 0",963844,14735020077945,14735020192507
"MEMORY_COPY","MEMORY_COPY_DEVICE_TO_HOST",1,"Agent 1","Agent 0",963847,14735020255897,14735020400818
"MEMORY_COPY","MEMORY_COPY_DEVICE_TO_HOST",1,"Agent 1","Agent 0",963850,14735020482879,14735020600160
"MEMORY_COPY","MEMORY_COPY_DEVICE_TO_HOST",1,"Agent 1","Agent 0",963853,14735020660531,14735020774812
"MEMORY_COPY","MEMORY_COPY_DEVICE_TO_HOST",1,"Agent 1","Agent 0",963856,14735020937353,14735021052235
"MEMORY_COPY","MEMORY_COPY_DEVICE_TO_HOST",1,"Agent 1","Agent 0",963859,14735021119905,14735021234186
"MEMORY_COPY","MEMORY_COPY_DEVICE_TO_HOST",1,"Agent 1","Agent 0",963862,14735021316467,14735021434468
"MEMORY_COPY","MEMORY_COPY_DEVICE_TO_HOST",1,"Agent 1","Agent 0",963865,14735021496659,14735021616700
"MEMORY_COPY","MEMORY_COPY_DEVICE_TO_HOST",1,"Agent 1","Agent 0",963868,14735021778441,14735021893322
"MEMORY_COPY","MEMORY_COPY_DEVICE_TO_HOST",1,"Agent 1","Agent 0",963871,14735021959323,14735022073524
"MEMORY_COPY","MEMORY_COPY_DEVICE_TO_HOST",1,"Agent 1","Agent 0",963874,14735022137075,14735022251676
"MEMORY_COPY","MEMORY_COPY_DEVICE_TO_HOST",1,"Agent 1","Agent 0",963877,14735022305626,14735022419947
"MEMORY_COPY","MEMORY_COPY_DEVICE_TO_HOST",1,"Agent 1","Agent 0",963880,14735022576989,14735022691710
"MEMORY_COPY","MEMORY_COPY_DEVICE_TO_HOST",1,"Agent 1","Agent 0",963883,14735022756540,14735022870781
"MEMORY_COPY","MEMORY_COPY_DEVICE_TO_HOST",1,"Agent 1","Agent 0",963886,14735022952942,14735023067823
"MEMORY_COPY","MEMORY_COPY_HOST_TO_DEVICE",1,"Agent 0","Agent 1",963891,14735024870060,14735024879780
"MEMORY_COPY","MEMORY_COPY_HOST_TO_DEVICE",1,"Agent 0","Agent 1",963906,14735025168953,14735025188873
"MEMORY_COPY","MEMORY_COPY_HOST_TO_DEVICE",1,"Agent 0","Agent 1",963922,14735025286504,14735025319424
"MEMORY_COPY","MEMORY_COPY_DEVICE_TO_HOST",4,"Agent 1","Agent 0",970660,14735115069051,14735115111211
"MEMORY_COPY","MEMORY_COPY_HOST_TO_DEVICE",1,"Agent 0","Agent 1",970671,14735118573133,14735118578374
"MEMORY_COPY","MEMORY_COPY_HOST_TO_DEVICE",1,"Agent 0","Agent 1",970686,14735118675534,14735118693935
"MEMORY_COPY","MEMORY_COPY_HOST_TO_DEVICE",1,"Agent 0","Agent 1",970702,14735118797386,14735118808506
"MEMORY_COPY","MEMORY_COPY_DEVICE_TO_HOST",4,"Agent 1","Agent 0",976336,14735187538248,14735187580289
"MEMORY_COPY","MEMORY_COPY_HOST_TO_DEVICE",1,"Agent 0","Agent 1",976347,14735188633077,14735188638397
"MEMORY_COPY","MEMORY_COPY_HOST_TO_DEVICE",1,"Agent 0","Agent 1",976362,14735188754233,14735188772713
"MEMORY_COPY","MEMORY_COPY_HOST_TO_DEVICE",1,"Agent 0","Agent 1",976378,14735188883394,14735188894474
"MEMORY_COPY","MEMORY_COPY_DEVICE_TO_HOST",4,"Agent 1","Agent 0",982020,14735283293795,14735283348036
"MEMORY_COPY","MEMORY_COPY_HOST_TO_DEVICE",1,"Agent 0","Agent 1",982031,14735284195054,14735284201014
"MEMORY_COPY","MEMORY_COPY_HOST_TO_DEVICE",1,"Agent 0","Agent 1",982046,14735284299015,14735284317295
"MEMORY_COPY","MEMORY_COPY_HOST_TO_DEVICE",1,"Agent 0","Agent 1",982062,14735284414786,14735284426066
"MEMORY_COPY","MEMORY_COPY_DEVICE_TO_HOST",4,"Agent 1","Agent 0",982070,14735350260131,14735350307611
"MEMORY_COPY","MEMORY_COPY_HOST_TO_DEVICE",1,"Agent 0","Agent 1",982081,14735351015958,14735351021158
"MEMORY_COPY","MEMORY_COPY_HOST_TO_DEVICE",1,"Agent 0","Agent 1",982096,14735351110189,14735351128709
"MEMORY_COPY","MEMORY_COPY_HOST_TO_DEVICE",1,"Agent 0","Agent 1",982112,14735351359541,14735351370381
"MEMORY_COPY","MEMORY_COPY_DEVICE_TO_HOST",4,"Agent 1","Agent 0",982120,14735417143162,14735417187482
"MEMORY_COPY","MEMORY_COPY_HOST_TO_DEVICE",1,"Agent 0","Agent 1",982131,14735417879139,14735417884579
"MEMORY_COPY","MEMORY_COPY_HOST_TO_DEVICE",1,"Agent 0","Agent 1",982146,14735417968649,14735417986930
"MEMORY_COPY","MEMORY_COPY_HOST_TO_DEVICE",1,"Agent 0","Agent 1",982162,14735418083671,14735418094831
"MEMORY_COPY","MEMORY_COPY_DEVICE_TO_HOST",4,"Agent 1","Agent 0",982170,14735483873471,14735483918431
"MEMORY_COPY","MEMORY_COPY_HOST_TO_DEVICE",1,"Agent 0","Agent 1",982181,14735484592548,14735484597788
"MEMORY_COPY","MEMORY_COPY_HOST_TO_DEVICE",1,"Agent 0","Agent 1",982196,14735484684768,14735484703049
"MEMORY_COPY","MEMORY_COPY_HOST_TO_DEVICE",1,"Agent 0","Agent 1",982212,14735484800449,14735484811330
"MEMORY_COPY","MEMORY_COPY_DEVICE_TO_HOST",4,"Agent 1","Agent 0",982220,14735550508322,14735550558763
"MEMORY_COPY","MEMORY_COPY_HOST_TO_DEVICE",1,"Agent 0","Agent 1",982231,14735551327750,14735551333110
"MEMORY_COPY","MEMORY_COPY_HOST_TO_DEVICE",1,"Agent 0","Agent 1",982246,14735551422361,14735551440641
"MEMORY_COPY","MEMORY_COPY_HOST_TO_DEVICE",1,"Agent 0","Agent 1",982262,14735551538142,14735551548942
"MEMORY_COPY","MEMORY_COPY_DEVICE_TO_HOST",4,"Agent 1","Agent 0",982270,14735617291330,14735617337810
"MEMORY_COPY","MEMORY_COPY_HOST_TO_DEVICE",1,"Agent 0","Agent 1",982281,14735618034587,14735618039827
"MEMORY_COPY","MEMORY_COPY_HOST_TO_DEVICE",1,"Agent 0","Agent 1",982296,14735618128337,14735618146618
"MEMORY_COPY","MEMORY_COPY_HOST_TO_DEVICE",1,"Agent 0","Agent 1",982312,14735618247429,14735618258469
"MEMORY_COPY","MEMORY_COPY_DEVICE_TO_HOST",4,"Agent 1","Agent 0",982320,14735683983064,14735684033624
"MEMORY_COPY","MEMORY_COPY_HOST_TO_DEVICE",1,"Agent 0","Agent 1",982331,14735684749891,14735684755091
"MEMORY_COPY","MEMORY_COPY_HOST_TO_DEVICE",1,"Agent 0","Agent 1",982346,14735684840512,14735684858672
"MEMORY_COPY","MEMORY_COPY_HOST_TO_DEVICE",1,"Agent 0","Agent 1",982362,14735685007473,14735685018433
"MEMORY_COPY","MEMORY_COPY_DEVICE_TO_HOST",4,"Agent 1","Agent 0",982370,14735750737122,14735750785242
"MEMORY_COPY","MEMORY_COPY_HOST_TO_DEVICE",1,"Agent 0","Agent 1",982381,14735751456639,14735751462079
"MEMORY_COPY","MEMORY_COPY_HOST_TO_DEVICE",1,"Agent 0","Agent 1",982396,14735751551890,14735751570370
"MEMORY_COPY","MEMORY_COPY_HOST_TO_DEVICE",1,"Agent 0","Agent 1",982412,14735751666271,14735751677351
"MEMORY_COPY","MEMORY_COPY_DEVICE_TO_HOST",4,"Agent 1","Agent 0",982420,14735817419946,14735817471667
"MEMORY_COPY","MEMORY_COPY_HOST_TO_DEVICE",1,"Agent 0","Agent 1",982431,14735818262554,14735818267794
"MEMORY_COPY","MEMORY_COPY_HOST_TO_DEVICE",1,"Agent 0","Agent 1",982446,14735818349805,14735818368325
"MEMORY_COPY","MEMORY_COPY_HOST_TO_DEVICE",1,"Agent 0","Agent 1",982462,14735818533287,14735818544127
"MEMORY_COPY","MEMORY_COPY_DEVICE_TO_HOST",4,"Agent 1","Agent 0",982470,14735884258536,14735884309537
"MEMORY_COPY","MEMORY_COPY_HOST_TO_DEVICE",1,"Agent 0","Agent 1",982481,14735885056534,14735885061854
"MEMORY_COPY","MEMORY_COPY_HOST_TO_DEVICE",1,"Agent 0","Agent 1",982496,14735885162965,14735885181405
"MEMORY_COPY","MEMORY_COPY_HOST_TO_DEVICE",1,"Agent 0","Agent 1",982512,14735885280996,14735885292076
"MEMORY_COPY","MEMORY_COPY_DEVICE_TO_HOST",4,"Agent 1","Agent 0",982520,14735950857467,14735950901548
"MEMORY_COPY","MEMORY_COPY_HOST_TO_DEVICE",1,"Agent 0","Agent 1",982531,14735951567824,14735951573544
"MEMORY_COPY","MEMORY_COPY_HOST_TO_DEVICE",1,"Agent 0","Agent 1",982546,14735951655275,14735951673795
"MEMORY_COPY","MEMORY_COPY_HOST_TO_DEVICE",1,"Agent 0","Agent 1",982562,14735951784506,14735951795706
"MEMORY_COPY","MEMORY_COPY_DEVICE_TO_HOST",4,"Agent 1","Agent 0",982570,14736017404189,14736017451029
"MEMORY_COPY","MEMORY_COPY_HOST_TO_DEVICE",1,"Agent 0","Agent 1",982581,14736018167366,14736018172566
"MEMORY_COPY","MEMORY_COPY_HOST_TO_DEVICE",1,"Agent 0","Agent 1",982596,14736018294497,14736018312497
"MEMORY_COPY","MEMORY_COPY_HOST_TO_DEVICE",1,"Agent 0","Agent 1",982612,14736018408708,14736018419708
"MEMORY_COPY","MEMORY_COPY_DEVICE_TO_HOST",4,"Agent 1","Agent 0",982620,14736084033112,14736084081793
"MEMORY_COPY","MEMORY_COPY_HOST_TO_DEVICE",1,"Agent 0","Agent 1",982631,14736084769999,14736084775559
"MEMORY_COPY","MEMORY_COPY_HOST_TO_DEVICE",1,"Agent 0","Agent 1",982646,14736084902111,14736084920271
"MEMORY_COPY","MEMORY_COPY_HOST_TO_DEVICE",1,"Agent 0","Agent 1",982662,14736085026372,14736085037492
"MEMORY_COPY","MEMORY_COPY_DEVICE_TO_HOST",4,"Agent 1","Agent 0",982670,14736150650042,14736150697962
"MEMORY_COPY","MEMORY_COPY_HOST_TO_DEVICE",1,"Agent 0","Agent 1",982681,14736151416099,14736151421259
"MEMORY_COPY","MEMORY_COPY_HOST_TO_DEVICE",1,"Agent 0","Agent 1",982696,14736151508190,14736151526710
"MEMORY_COPY","MEMORY_COPY_HOST_TO_DEVICE",1,"Agent 0","Agent 1",982712,14736151623661,14736151634701
"MEMORY_COPY","MEMORY_COPY_DEVICE_TO_HOST",4,"Agent 1","Agent 0",982720,14736217292633,14736217338913
"MEMORY_COPY","MEMORY_COPY_HOST_TO_DEVICE",1,"Agent 0","Agent 1",982731,14736218044060,14736218049300
"MEMORY_COPY","MEMORY_COPY_HOST_TO_DEVICE",1,"Agent 0","Agent 1",982746,14736218204321,14736218222761
"MEMORY_COPY","MEMORY_COPY_HOST_TO_DEVICE",1,"Agent 0","Agent 1",982762,14736218344032,14736218355072
"MEMORY_COPY","MEMORY_COPY_DEVICE_TO_HOST",4,"Agent 1","Agent 0",982770,14736283961367,14736284014808
"MEMORY_COPY","MEMORY_COPY_HOST_TO_DEVICE",1,"Agent 0","Agent 1",982781,14736284737634,14736284742954
"MEMORY_COPY","MEMORY_COPY_HOST_TO_DEVICE",1,"Agent 0","Agent 1",982796,14736284893486,14736284911766
"MEMORY_COPY","MEMORY_COPY_HOST_TO_DEVICE",1,"Agent 0","Agent 1",982812,14736285085928,14736285096968
"MEMORY_COPY","MEMORY_COPY_DEVICE_TO_HOST",4,"Agent 1","Agent 0",982820,14736350728563,14736350786603
"MEMORY_COPY","MEMORY_COPY_HOST_TO_DEVICE",1,"Agent 0","Agent 1",982831,14736351508420,14736351513900
"MEMORY_COPY","MEMORY_COPY_HOST_TO_DEVICE",1,"Agent 0","Agent 1",982846,14736351600301,14736351618421
"MEMORY_COPY","MEMORY_COPY_HOST_TO_DEVICE",1,"Agent 0","Agent 1",982862,14736351714922,14736351725842
"MEMORY_COPY","MEMORY_COPY_DEVICE_TO_HOST",4,"Agent 1","Agent 0",982870,14736417394618,14736417444658
"MEMORY_COPY","MEMORY_COPY_HOST_TO_DEVICE",1,"Agent 0","Agent 1",982881,14736418188605,14736418193765
"MEMORY_COPY","MEMORY_COPY_HOST_TO_DEVICE",1,"Agent 0","Agent 1",982896,14736418277646,14736418295966
"MEMORY_COPY","MEMORY_COPY_HOST_TO_DEVICE",1,"Agent 0","Agent 1",982912,14736418392907,14736418403987
"MEMORY_COPY","MEMORY_COPY_DEVICE_TO_HOST",4,"Agent 1","Agent 0",982920,14736484006636,14736484055357
"MEMORY_COPY","MEMORY_COPY_HOST_TO_DEVICE",1,"Agent 0","Agent 1",982931,14736484787123,14736484792323
"MEMORY_COPY","MEMORY_COPY_HOST_TO_DEVICE",1,"Agent 0","Agent 1",982946,14736484879204,14736484897484
"MEMORY_COPY","MEMORY_COPY_HOST_TO_DEVICE",1,"Agent 0","Agent 1",982962,14736484993155,14736485004475
"MEMORY_COPY","MEMORY_COPY_DEVICE_TO_HOST",4,"Agent 1","Agent 0",982970,14736550670651,14736550715492
"MEMORY_COPY","MEMORY_COPY_HOST_TO_DEVICE",1,"Agent 0","Agent 1",982981,14736551437328,14736551442888
"MEMORY_COPY","MEMORY_COPY_HOST_TO_DEVICE",1,"Agent 0","Agent 1",982996,14736551530999,14736551549519
"MEMORY_COPY","MEMORY_COPY_HOST_TO_DEVICE",1,"Agent 0","Agent 1",983012,14736551643720,14736551654760
"MEMORY_COPY","MEMORY_COPY_DEVICE_TO_HOST",4,"Agent 1","Agent 0",983020,14736617288274,14736617338754
"MEMORY_COPY","MEMORY_COPY_HOST_TO_DEVICE",1,"Agent 0","Agent 1",983031,14736618043721,14736618049081
"MEMORY_COPY","MEMORY_COPY_HOST_TO_DEVICE",1,"Agent 0","Agent 1",983046,14736618136362,14736618154522
"MEMORY_COPY","MEMORY_COPY_HOST_TO_DEVICE",1,"Agent 0","Agent 1",983062,14736618251873,14736618262793
"MEMORY_COPY","MEMORY_COPY_DEVICE_TO_HOST",4,"Agent 1","Agent 0",983070,14736683917012,14736683961692
"MEMORY_COPY","MEMORY_COPY_HOST_TO_DEVICE",1,"Agent 0","Agent 1",983081,14736684658189,14736684663469
"MEMORY_COPY","MEMORY_COPY_HOST_TO_DEVICE",1,"Agent 0","Agent 1",983096,14736684746879,14736684765400
"MEMORY_COPY","MEMORY_COPY_HOST_TO_DEVICE",1,"Agent 0","Agent 1",983112,14736684862470,14736684873511
"MEMORY_COPY","MEMORY_COPY_DEVICE_TO_HOST",4,"Agent 1","Agent 0",983120,14736750471886,14736750522607
"MEMORY_COPY","MEMORY_COPY_HOST_TO_DEVICE",1,"Agent 0","Agent 1",983131,14736751201409,14736751206689
"MEMORY_COPY","MEMORY_COPY_HOST_TO_DEVICE",1,"Agent 0","Agent 1",983146,14736751287437,14736751305917
"MEMORY_COPY","MEMORY_COPY_HOST_TO_DEVICE",1,"Agent 0","Agent 1",983162,14736757340903,14736757349743
"MEMORY_COPY","MEMORY_COPY_DEVICE_TO_HOST",4,"Agent 1","Agent 0",983170,14736823435175,14736823485936
"MEMORY_COPY","MEMORY_COPY_HOST_TO_DEVICE",1,"Agent 0","Agent 1",983181,14736824290573,14736824295813
"MEMORY_COPY","MEMORY_COPY_HOST_TO_DEVICE",1,"Agent 0","Agent 1",983196,14736824384894,14736824402974
"MEMORY_COPY","MEMORY_COPY_HOST_TO_DEVICE",1,"Agent 0","Agent 1",983212,14736824500125,14736824510965
"MEMORY_COPY","MEMORY_COPY_DEVICE_TO_HOST",4,"Agent 1","Agent 0",983220,14736890196388,14736890246388
"MEMORY_COPY","MEMORY_COPY_HOST_TO_DEVICE",1,"Agent 0","Agent 1",983231,14736890987975,14736890993295
"MEMORY_COPY","MEMORY_COPY_HOST_TO_DEVICE",1,"Agent 0","Agent 1",983246,14736891084146,14736891102426
"MEMORY_COPY","MEMORY_COPY_HOST_TO_DEVICE",1,"Agent 0","Agent 1",983262,14736891198567,14736891209847
"MEMORY_COPY","MEMORY_COPY_DEVICE_TO_HOST",4,"Agent 1","Agent 0",983270,14736956902792,14736956946672
"MEMORY_COPY","MEMORY_COPY_HOST_TO_DEVICE",1,"Agent 0","Agent 1",983281,14736957605358,14736957610638
"MEMORY_COPY","MEMORY_COPY_HOST_TO_DEVICE",1,"Agent 0","Agent 1",983296,14736957706249,14736957724769
"MEMORY_COPY","MEMORY_COPY_HOST_TO_DEVICE",1,"Agent 0","Agent 1",983312,14736957821400,14736957832240
"MEMORY_COPY","MEMORY_COPY_DEVICE_TO_HOST",4,"Agent 1","Agent 0",983320,14737023525247,14737023573247
"MEMORY_COPY","MEMORY_COPY_HOST_TO_DEVICE",1,"Agent 0","Agent 1",983331,14737024345715,14737024350875
"MEMORY_COPY","MEMORY_COPY_HOST_TO_DEVICE",1,"Agent 0","Agent 1",983346,14737024434365,14737024452566
"MEMORY_COPY","MEMORY_COPY_HOST_TO_DEVICE",1,"Agent 0","Agent 1",983362,14737024549356,14737024560197
"MEMORY_COPY","MEMORY_COPY_DEVICE_TO_HOST",4,"Agent 1","Agent 0",983370,14737090562889,14737090613770
"MEMORY_COPY","MEMORY_COPY_HOST_TO_DEVICE",1,"Agent 0","Agent 1",983381,14737091486938,14737091492738
"MEMORY_COPY","MEMORY_COPY_HOST_TO_DEVICE",1,"Agent 0","Agent 1",983396,14737091578499,14737091597219
"MEMORY_COPY","MEMORY_COPY_HOST_TO_DEVICE",1,"Agent 0","Agent 1",983412,14737091693780,14737091705060
"MEMORY_COPY","MEMORY_COPY_DEVICE_TO_HOST",4,"Agent 1","Agent 0",983420,14737158429949,14737158478110
"MEMORY_COPY","MEMORY_COPY_HOST_TO_DEVICE",1,"Agent 0","Agent 1",983431,14737159225377,14737159230617
"MEMORY_COPY","MEMORY_COPY_HOST_TO_DEVICE",1,"Agent 0","Agent 1",983446,14737159318708,14737159337268
"MEMORY_COPY","MEMORY_COPY_HOST_TO_DEVICE",1,"Agent 0","Agent 1",983462,14737159513570,14737159524290
"MEMORY_COPY","MEMORY_COPY_DEVICE_TO_HOST",4,"Agent 1","Agent 0",983470,14737225874236,14737225920636
"MEMORY_COPY","MEMORY_COPY_HOST_TO_DEVICE",1,"Agent 0","Agent 1",983481,14737226681563,14737226686923
"MEMORY_COPY","MEMORY_COPY_HOST_TO_DEVICE",1,"Agent 0","Agent 1",983496,14737226774884,14737226793204
"MEMORY_COPY","MEMORY_COPY_HOST_TO_DEVICE",1,"Agent 0","Agent 1",983512,14737226959416,14737226970496
"MEMORY_COPY","MEMORY_COPY_DEVICE_TO_HOST",4,"Agent 1","Agent 0",983520,14737292913001,14737292961682
"MEMORY_COPY","MEMORY_COPY_HOST_TO_DEVICE",1,"Agent 0","Agent 1",983531,14737293718859,14737293724219
"MEMORY_COPY","MEMORY_COPY_HOST_TO_DEVICE",1,"Agent 0","Agent 1",983546,14737293812340,14737293830820
"MEMORY_COPY","MEMORY_COPY_HOST_TO_DEVICE",1,"Agent 0","Agent 1",983562,14737293927761,14737293938841
"MEMORY_COPY","MEMORY_COPY_DEVICE_TO_HOST",4,"Agent 1","Agent 0",983570,14737359560708,14737359610748
"MEMORY_COPY","MEMORY_COPY_HOST_TO_DEVICE",1,"Agent 0","Agent 1",983581,14737360344155,14737360349395
"MEMORY_COPY","MEMORY_COPY_HOST_TO_DEVICE",1,"Agent 0","Agent 1",983596,14737360434546,14737360452826
"MEMORY_COPY","MEMORY_COPY_HOST_TO_DEVICE",1,"Agent 0","Agent 1",983612,14737360559347,14737360570227
"MEMORY_COPY","MEMORY_COPY_DEVICE_TO_HOST",4,"Agent 1","Agent 0",983620,14737426204890,14737426254810
"MEMORY_COPY","MEMORY_COPY_HOST_TO_DEVICE",1,"Agent 0","Agent 1",983631,14737426945916,14737426951317
"MEMORY_COPY","MEMORY_COPY_HOST_TO_DEVICE",1,"Agent 0","Agent 1",983646,14737427039947,14737427058067
"MEMORY_COPY","MEMORY_COPY_HOST_TO_DEVICE",1,"Agent 0","Agent 1",983662,14737427154638,14737427165438
"MEMORY_COPY","MEMORY_COPY_DEVICE_TO_HOST",4,"Agent 1","Agent 0",983670,14737492906584,14737492951985
"MEMORY_COPY","MEMORY_COPY_HOST_TO_DEVICE",1,"Agent 0","Agent 1",983681,14737493644471,14737493649911
"MEMORY_COPY","MEMORY_COPY_HOST_TO_DEVICE",1,"Agent 0","Agent 1",983696,14737493736172,14737493754612
"MEMORY_COPY","MEMORY_COPY_HOST_TO_DEVICE",1,"Agent 0","Agent 1",983712,14737493850143,14737493860943
"MEMORY_COPY","MEMORY_COPY_DEVICE_TO_HOST",4,"Agent 1","Agent 0",983720,14737559507913,14737559566514
"MEMORY_COPY","MEMORY_COPY_HOST_TO_DEVICE",1,"Agent 0","Agent 1",983731,14737560337181,14737560342501
"MEMORY_COPY","MEMORY_COPY_HOST_TO_DEVICE",1,"Agent 0","Agent 1",983746,14737560431682,14737560450402
"MEMORY_COPY","MEMORY_COPY_HOST_TO_DEVICE",1,"Agent 0","Agent 1",983762,14737560548283,14737560559123
"MEMORY_COPY","MEMORY_COPY_DEVICE_TO_HOST",4,"Agent 1","Agent 0",983770,14737626209465,14737626259345
"MEMORY_COPY","MEMORY_COPY_HOST_TO_DEVICE",1,"Agent 0","Agent 1",983781,14737627053443,14737627058643
"MEMORY_COPY","MEMORY_COPY_HOST_TO_DEVICE",1,"Agent 0","Agent 1",983796,14737627143374,14737627161814
"MEMORY_COPY","MEMORY_COPY_HOST_TO_DEVICE",1,"Agent 0","Agent 1",983812,14737627255075,14737627266115
"MEMORY_COPY","MEMORY_COPY_DEVICE_TO_HOST",4,"Agent 1","Agent 0",983820,14737692957316,14737693018037
"MEMORY_COPY","MEMORY_COPY_HOST_TO_DEVICE",1,"Agent 0","Agent 1",983831,14737693712463,14737693717983
"MEMORY_COPY","MEMORY_COPY_HOST_TO_DEVICE",1,"Agent 0","Agent 1",983846,14737693802564,14737693821004
"MEMORY_COPY","MEMORY_COPY_HOST_TO_DEVICE",1,"Agent 0","Agent 1",983862,14737693985646,14737693996686
"MEMORY_COPY","MEMORY_COPY_DEVICE_TO_HOST",4,"Agent 1","Agent 0",983870,14737759677946,14737759726226
"MEMORY_COPY","MEMORY_COPY_HOST_TO_DEVICE",1,"Agent 0","Agent 1",983881,14737760424442,14737760429763
"MEMORY_COPY","MEMORY_COPY_HOST_TO_DEVICE",1,"Agent 0","Agent 1",983896,14737760516023,14737760534344
"MEMORY_COPY","MEMORY_COPY_HOST_TO_DEVICE",1,"Agent 0","Agent 1",983912,14737760629744,14737760640784
"MEMORY_COPY","MEMORY_COPY_DEVICE_TO_HOST",4,"Agent 1","Agent 0",983920,14737826292474,14737826349195
"MEMORY_COPY","MEMORY_COPY_HOST_TO_DEVICE",1,"Agent 0","Agent 1",983931,14737827107592,14737827112912
"MEMORY_COPY","MEMORY_COPY_HOST_TO_DEVICE",1,"Agent 0","Agent 1",983946,14737827203393,14737827222153
"MEMORY_COPY","MEMORY_COPY_HOST_TO_DEVICE",1,"Agent 0","Agent 1",983962,14737827324244,14737827335524
"MEMORY_COPY","MEMORY_COPY_DEVICE_TO_HOST",4,"Agent 1","Agent 0",983970,14737892977837,14737893025358
"MEMORY_COPY","MEMORY_COPY_HOST_TO_DEVICE",1,"Agent 0","Agent 1",983981,14737893745575,14737893750975
"MEMORY_COPY","MEMORY_COPY_HOST_TO_DEVICE",1,"Agent 0","Agent 1",983996,14737893838865,14737893856986
"MEMORY_COPY","MEMORY_COPY_HOST_TO_DEVICE",1,"Agent 0","Agent 1",984012,14737893953086,14737893963927
"MEMORY_COPY","MEMORY_COPY_DEVICE_TO_HOST",4,"Agent 1","Agent 0",984020,14737959669008,14737959720968
"MEMORY_COPY","MEMORY_COPY_HOST_TO_DEVICE",1,"Agent 0","Agent 1",984031,14737960516126,14737960521446
"MEMORY_COPY","MEMORY_COPY_HOST_TO_DEVICE",1,"Agent 0","Agent 1",984046,14737960605317,14737960623637
"MEMORY_COPY","MEMORY_COPY_HOST_TO_DEVICE",1,"Agent 0","Agent 1",984062,14737960720268,14737960730988
"MEMORY_COPY","MEMORY_COPY_DEVICE_TO_HOST",4,"Agent 1","Agent 0",984070,14738026394550,14738026446710
"MEMORY_COPY","MEMORY_COPY_HOST_TO_DEVICE",1,"Agent 0","Agent 1",984081,14738027198677,14738027203997
"MEMORY_COPY","MEMORY_COPY_HOST_TO_DEVICE",1,"Agent 0","Agent 1",984096,14738027299468,14738027317788
"MEMORY_COPY","MEMORY_COPY_HOST_TO_DEVICE",1,"Agent 0","Agent 1",984112,14738027414769,14738027425849
"MEMORY_COPY","MEMORY_COPY_DEVICE_TO_HOST",4,"Agent 1","Agent 0",984120,14738093064629,14738093111709
"MEMORY_COPY","MEMORY_COPY_HOST_TO_DEVICE",1,"Agent 0","Agent 1",984131,14738093894106,14738093899666
"MEMORY_COPY","MEMORY_COPY_HOST_TO_DEVICE",1,"Agent 0","Agent 1",984146,14738093986227,14738094005707
"MEMORY_COPY","MEMORY_COPY_HOST_TO_DEVICE",1,"Agent 0","Agent 1",984162,14738094103778,14738094114618
"MEMORY_COPY","MEMORY_COPY_DEVICE_TO_HOST",4,"Agent 1","Agent 0",984170,14738159830232,14738159879993
"MEMORY_COPY","MEMORY_COPY_HOST_TO_DEVICE",1,"Agent 0","Agent 1",984181,14738160610910,14738160616190
"MEMORY_COPY","MEMORY_COPY_HOST_TO_DEVICE",1,"Agent 0","Agent 1",984196,14738160706930,14738160725891
"MEMORY_COPY","MEMORY_COPY_HOST_TO_DEVICE",1,"Agent 0","Agent 1",984212,14738160895072,14738160905592
"MEMORY_COPY","MEMORY_COPY_DEVICE_TO_HOST",4,"Agent 1","Agent 0",984220,14738226532942,14738226582542
"MEMORY_COPY","MEMORY_COPY_HOST_TO_DEVICE",1,"Agent 0","Agent 1",984231,14738227375990,14738227381470
"MEMORY_COPY","MEMORY_COPY_HOST_TO_DEVICE",1,"Agent 0","Agent 1",984246,14738227465861,14738227484421
"MEMORY_COPY","MEMORY_COPY_HOST_TO_DEVICE",1,"Agent 0","Agent 1",984262,14738227590082,14738227601322
"MEMORY_COPY","MEMORY_COPY_DEVICE_TO_HOST",4,"Agent 1","Agent 0",984270,14738293252229,14738293301909
"MEMORY_COPY","MEMORY_COPY_HOST_TO_DEVICE",1,"Agent 0","Agent 1",984281,14738293989276,14738293994596
"MEMORY_COPY","MEMORY_COPY_HOST_TO_DEVICE",1,"Agent 0","Agent 1",984296,14738294084007,14738294102247
"MEMORY_COPY","MEMORY_COPY_HOST_TO_DEVICE",1,"Agent 0","Agent 1",984312,14738294198388,14738294209148
"MEMORY_COPY","MEMORY_COPY_DEVICE_TO_HOST",4,"Agent 1","Agent 0",984320,14738359811590,14738359857231
"MEMORY_COPY","MEMORY_COPY_HOST_TO_DEVICE",1,"Agent 0","Agent 1",984331,14738360577307,14738360582667
"MEMORY_COPY","MEMORY_COPY_HOST_TO_DEVICE",1,"Agent 0","Agent 1",984346,14738360666398,14738360684478
"MEMORY_COPY","MEMORY_COPY_HOST_TO_DEVICE",1,"Agent 0","Agent 1",984362,14738360779769,14738360790849
"MEMORY_COPY","MEMORY_COPY_DEVICE_TO_HOST",4,"Agent 1","Agent 0",984370,14738426400063,14738426444144
"MEMORY_COPY","MEMORY_COPY_HOST_TO_DEVICE",1,"Agent 0","Agent 1",984381,14738427148750,14738427154070
"MEMORY_COPY","MEMORY_COPY_HOST_TO_DEVICE",1,"Agent 0","Agent 1",984396,14738427240641,14738427259041
"MEMORY_COPY","MEMORY_COPY_HOST_TO_DEVICE",1,"Agent 0","Agent 1",984412,14738427364932,14738427375692
"MEMORY_COPY","MEMORY_COPY_DEVICE_TO_HOST",4,"Agent 1","Agent 0",984420,14738492969357,14738493013958
"MEMORY_COPY","MEMORY_COPY_HOST_TO_DEVICE",1,"Agent 0","Agent 1",984431,14738493677024,14738493682264
"MEMORY_COPY","MEMORY_COPY_HOST_TO_DEVICE",1,"Agent 0","Agent 1",984446,14738493764605,14738493783125
"MEMORY_COPY","MEMORY_COPY_HOST_TO_DEVICE",1,"Agent 0","Agent 1",984462,14738493879036,14738493890116
"MEMORY_COPY","MEMORY_COPY_DEVICE_TO_HOST",4,"Agent 1","Agent 0",984470,14738559532355,14738559582756
"MEMORY_COPY","MEMORY_COPY_HOST_TO_DEVICE",1,"Agent 0","Agent 1",984481,14738560385233,14738560390473
"MEMORY_COPY","MEMORY_COPY_HOST_TO_DEVICE",1,"Agent 0","Agent 1",984496,14738560476594,14738560494994
"MEMORY_COPY","MEMORY_COPY_HOST_TO_DEVICE",1,"Agent 0","Agent 1",984512,14738560591115,14738560602155
"MEMORY_COPY","MEMORY_COPY_DEVICE_TO_HOST",4,"Agent 1","Agent 0",984520,14738626186712,14738626241473
"MEMORY_COPY","MEMORY_COPY_HOST_TO_DEVICE",1,"Agent 0","Agent 1",984531,14738626957279,14738626962560
"MEMORY_COPY","MEMORY_COPY_HOST_TO_DEVICE",1,"Agent 0","Agent 1",984546,14738627084141,14738627102661
"MEMORY_COPY","MEMORY_COPY_HOST_TO_DEVICE",1,"Agent 0","Agent 1",984562,14738627267042,14738627278002
"MEMORY_COPY","MEMORY_COPY_DEVICE_TO_HOST",4,"Agent 1","Agent 0",984570,14738692838096,14738692882536
"MEMORY_COPY","MEMORY_COPY_HOST_TO_DEVICE",1,"Agent 0","Agent 1",984581,14738693605433,14738693610833
"MEMORY_COPY","MEMORY_COPY_HOST_TO_DEVICE",1,"Agent 0","Agent 1",984596,14738693696964,14738693715524
"MEMORY_COPY","MEMORY_COPY_HOST_TO_DEVICE",1,"Agent 0","Agent 1",984612,14738693808395,14738693819355
"MEMORY_COPY","MEMORY_COPY_DEVICE_TO_HOST",4,"Agent 1","Agent 0",984620,14738760802043,14738760961484
"MEMORY_COPY","MEMORY_COPY_HOST_TO_DEVICE",1,"Agent 0","Agent 1",984631,14738761704711,14738761709991
"MEMORY_COPY","MEMORY_COPY_HOST_TO_DEVICE",1,"Agent 0","Agent 1",984646,14738761798722,14738761817242
"MEMORY_COPY","MEMORY_COPY_HOST_TO_DEVICE",1,"Agent 0","Agent 1",984662,14738761913793,14738761924633
"MEMORY_COPY","MEMORY_COPY_DEVICE_TO_HOST",4,"Agent 1","Agent 0",984670,14738828202372,14738828252452
"MEMORY_COPY","MEMORY_COPY_HOST_TO_DEVICE",1,"Agent 0","Agent 1",984681,14738829094780,14738829100340
"MEMORY_COPY","MEMORY_COPY_HOST_TO_DEVICE",1,"Agent 0","Agent 1",984696,14738829186991,14738829205271
"MEMORY_COPY","MEMORY_COPY_HOST_TO_DEVICE",1,"Agent 0","Agent 1",984712,14738829299592,14738829311072
"MEMORY_COPY","MEMORY_COPY_DEVICE_TO_HOST",4,"Agent 1","Agent 0",984720,14738895069006,14738895117807
"MEMORY_COPY","MEMORY_COPY_HOST_TO_DEVICE",1,"Agent 0","Agent 1",984731,14738895868174,14738895873534
"MEMORY_COPY","MEMORY_COPY_HOST_TO_DEVICE",1,"Agent 0","Agent 1",984746,14738895960185,14738895978505
"MEMORY_COPY","MEMORY_COPY_HOST_TO_DEVICE",1,"Agent 0","Agent 1",984762,14738896076236,14738896087076
"MEMORY_COPY","MEMORY_COPY_DEVICE_TO_HOST",4,"Agent 1","Agent 0",984770,14738961763761,14738961815562
"MEMORY_COPY","MEMORY_COPY_HOST_TO_DEVICE",1,"Agent 0","Agent 1",984781,14738962516448,14738962521608
"MEMORY_COPY","MEMORY_COPY_HOST_TO_DEVICE",1,"Agent 0","Agent 1",984796,14738962606369,14738962624689
"MEMORY_COPY","MEMORY_COPY_HOST_TO_DEVICE",1,"Agent 0","Agent 1",984812,14738962720890,14738962731730
"MEMORY_COPY","MEMORY_COPY_DEVICE_TO_HOST",4,"Agent 1","Agent 0",984820,14739028403755,14739028448275
"MEMORY_COPY","MEMORY_COPY_HOST_TO_DEVICE",1,"Agent 0","Agent 1",984831,14739029121751,14739029127072
"MEMORY_COPY","MEMORY_COPY_HOST_TO_DEVICE",1,"Agent 0","Agent 1",984846,14739029210612,14739029229012
"MEMORY_COPY","MEMORY_COPY_HOST_TO_DEVICE",1,"Agent 0","Agent 1",984862,14739029324883,14739029335923
"MEMORY_COPY","MEMORY_COPY_DEVICE_TO_HOST",4,"Agent 1","Agent 0",984870,14739095068202,14739095116202
"MEMORY_COPY","MEMORY_COPY_HOST_TO_DEVICE",1,"Agent 0","Agent 1",984881,14739095832079,14739095837559
"MEMORY_COPY","MEMORY_COPY_HOST_TO_DEVICE",1,"Agent 0","Agent 1",984896,14739095935630,14739095954150
"MEMORY_COPY","MEMORY_COPY_HOST_TO_DEVICE",1,"Agent 0","Agent 1",984912,14739096141362,14739096152402
"MEMORY_COPY","MEMORY_COPY_DEVICE_TO_HOST",4,"Agent 1","Agent 0",984920,14739162493645,14739162563166
"MEMORY_COPY","MEMORY_COPY_HOST_TO_DEVICE",1,"Agent 0","Agent 1",984931,14739163444644,14739163449964
"MEMORY_COPY","MEMORY_COPY_HOST_TO_DEVICE",1,"Agent 0","Agent 1",984946,14739163549045,14739163569325
"MEMORY_COPY","MEMORY_COPY_HOST_TO_DEVICE",1,"Agent 0","Agent 1",984962,14739163691966,14739163704407
"MEMORY_COPY","MEMORY_COPY_DEVICE_TO_HOST",4,"Agent 1","Agent 0",984970,14739231095336,14739231154016
"MEMORY_COPY","MEMORY_COPY_HOST_TO_DEVICE",1,"Agent 0","Agent 1",984981,14739232174716,14739232179916
"MEMORY_COPY","MEMORY_COPY_HOST_TO_DEVICE",1,"Agent 0","Agent 1",984996,14739232267607,14739232285887
"MEMORY_COPY","MEMORY_COPY_HOST_TO_DEVICE",1,"Agent 0","Agent 1",985012,14739232379368,14739232390248
"MEMORY_COPY","MEMORY_COPY_DEVICE_TO_HOST",4,"Agent 1","Agent 0",985020,14739299115408,14739299165049
"MEMORY_COPY","MEMORY_COPY_HOST_TO_DEVICE",1,"Agent 0","Agent 1",985031,14739299923926,14739299929326
"MEMORY_COPY","MEMORY_COPY_HOST_TO_DEVICE",1,"Agent 0","Agent 1",985046,14739300017847,14739300036287
"MEMORY_COPY","MEMORY_COPY_HOST_TO_DEVICE",1,"Agent 0","Agent 1",985062,14739300143378,14739300154258
"MEMORY_COPY","MEMORY_COPY_DEVICE_TO_HOST",4,"Agent 1","Agent 0",985070,14739365867238,14739365918198
"MEMORY_COPY","MEMORY_COPY_HOST_TO_DEVICE",1,"Agent 0","Agent 1",985081,14739366653575,14739366659135
"MEMORY_COPY","MEMORY_COPY_HOST_TO_DEVICE",1,"Agent 0","Agent 1",985096,14739366745126,14739366763526
"MEMORY_COPY","MEMORY_COPY_HOST_TO_DEVICE",1,"Agent 0","Agent 1",985112,14739366859457,14739366870537
"MEMORY_COPY","MEMORY_COPY_DEVICE_TO_HOST",4,"Agent 1","Agent 0",985120,14739432646644,14739432696564
"MEMORY_COPY","MEMORY_COPY_HOST_TO_DEVICE",1,"Agent 0","Agent 1",985131,14739433501132,14739433506532
"MEMORY_COPY","MEMORY_COPY_HOST_TO_DEVICE",1,"Agent 0","Agent 1",985146,14739433591782,14739433610503
"MEMORY_COPY","MEMORY_COPY_HOST_TO_DEVICE",1,"Agent 0","Agent 1",985162,14739433706233,14739433716994
"MEMORY_COPY","MEMORY_COPY_DEVICE_TO_HOST",4,"Agent 1","Agent 0",985170,14739499349458,14739499399458
"MEMORY_COPY","MEMORY_COPY_HOST_TO_DEVICE",1,"Agent 0","Agent 1",985181,14739500125645,14739500130765
"MEMORY_COPY","MEMORY_COPY_HOST_TO_DEVICE",1,"Agent 0","Agent 1",985196,14739500214806,14739500233326
"MEMORY_COPY","MEMORY_COPY_HOST_TO_DEVICE",1,"Agent 0","Agent 1",985212,14739500340237,14739500351037
"MEMORY_COPY","MEMORY_COPY_DEVICE_TO_HOST",4,"Agent 1","Agent 0",985220,14739565949837,14739565994797
"MEMORY_COPY","MEMORY_COPY_HOST_TO_DEVICE",1,"Agent 0","Agent 1",985231,14739566776344,14739566781544
"MEMORY_COPY","MEMORY_COPY_HOST_TO_DEVICE",1,"Agent 0","Agent 1",985246,14739566870465,14739566889305
"MEMORY_COPY","MEMORY_COPY_HOST_TO_DEVICE",1,"Agent 0","Agent 1",985262,14739567061677,14739567072437
"MEMORY_COPY","MEMORY_COPY_DEVICE_TO_HOST",4,"Agent 1","Agent 0",985270,14739632765844,14739632817045
"MEMORY_COPY","MEMORY_COPY_HOST_TO_DEVICE",1,"Agent 0","Agent 1",985281,14739633570012,14739633575252
"MEMORY_COPY","MEMORY_COPY_HOST_TO_DEVICE",1,"Agent 0","Agent 1",985296,14739633664413,14739633682933
"MEMORY_COPY","MEMORY_COPY_HOST_TO_DEVICE",1,"Agent 0","Agent 1",985312,14739633792854,14739633804054
"MEMORY_COPY","MEMORY_COPY_DEVICE_TO_HOST",4,"Agent 1","Agent 0",985320,14739699554567,14739699601727
"MEMORY_COPY","MEMORY_COPY_HOST_TO_DEVICE",1,"Agent 0","Agent 1",985331,14739700381785,14739700387105
"MEMORY_COPY","MEMORY_COPY_HOST_TO_DEVICE",1,"Agent 0","Agent 1",985346,14739700477495,14739700496256
"MEMORY_COPY","MEMORY_COPY_HOST_TO_DEVICE",1,"Agent 0","Agent 1",985362,14739700598907,14739700609867
"MEMORY_COPY","MEMORY_COPY_DEVICE_TO_HOST",4,"Agent 1","Agent 0",985370,14739766326172,14739766374653
"MEMORY_COPY","MEMORY_COPY_HOST_TO_DEVICE",1,"Agent 0","Agent 1",985381,14739767149950,14739767155270
"MEMORY_COPY","MEMORY_COPY_HOST_TO_DEVICE",1,"Agent 0","Agent 1",985396,14739767252041,14739767270441
"MEMORY_COPY","MEMORY_COPY_HOST_TO_DEVICE",1,"Agent 0","Agent 1",985412,14739767365982,14739767377022
"MEMORY_COPY","MEMORY_COPY_DEVICE_TO_HOST",4,"Agent 1","Agent 0",985420,14739833047681,14739833099642
"MEMORY_COPY","MEMORY_COPY_HOST_TO_DEVICE",1,"Agent 0","Agent 1",985431,14739834039700,14739834045020
"MEMORY_COPY","MEMORY_COPY_HOST_TO_DEVICE",1,"Agent 0","Agent 1",985446,14739834140781,14739834159542
"MEMORY_COPY","MEMORY_COPY_HOST_TO_DEVICE",1,"Agent 0","Agent 1",985462,14739834262542,14739834273623
"MEMORY_COPY","MEMORY_COPY_DEVICE_TO_HOST",4,"Agent 1","Agent 0",985470,14739899922807,14739899969487
"MEMORY_COPY","MEMORY_COPY_HOST_TO_DEVICE",1,"Agent 0","Agent 1",985481,14739900675714,14739900680994
"MEMORY_COPY","MEMORY_COPY_HOST_TO_DEVICE",1,"Agent 0","Agent 1",985496,14739900769495,14739900787975
"MEMORY_COPY","MEMORY_COPY_HOST_TO_DEVICE",1,"Agent 0","Agent 1",985512,14739900884296,14739900895136
"MEMORY_COPY","MEMORY_COPY_DEVICE_TO_HOST",4,"Agent 1","Agent 0",985520,14739966525589,14739966570869
"MEMORY_COPY","MEMORY_COPY_HOST_TO_DEVICE",1,"Agent 0","Agent 1",985531,14739967255406,14739967260886
"MEMORY_COPY","MEMORY_COPY_HOST_TO_DEVICE",1,"Agent 0","Agent 1",985546,14739967345046,14739967363527
"MEMORY_COPY","MEMORY_COPY_HOST_TO_DEVICE",1,"Agent 0","Agent 1",985562,14739967460057,14739967471138
"MEMORY_COPY","MEMORY_COPY_DEVICE_TO_HOST",4,"Agent 1","Agent 0",985570,14740033148728,14740033200128
"MEMORY_COPY","MEMORY_COPY_HOST_TO_DEVICE",1,"Agent 0","Agent 1",985581,14740034013766,14740034019206
"MEMORY_COPY","MEMORY_COPY_HOST_TO_DEVICE",1,"Agent 0","Agent 1",985596,14740034110017,14740034128297
"MEMORY_COPY","MEMORY_COPY_HOST_TO_DEVICE",1,"Agent 0","Agent 1",985612,14740034293768,14740034304809
"MEMORY_COPY","MEMORY_COPY_DEVICE_TO_HOST",4,"Agent 1","Agent 0",985620,14740100083643,14740100131444
"MEMORY_COPY","MEMORY_COPY_HOST_TO_DEVICE",1,"Agent 0","Agent 1",985631,14740100925201,14740100930761
"MEMORY_COPY","MEMORY_COPY_HOST_TO_DEVICE",1,"Agent 0","Agent 1",985646,14740101018442,14740101036922
"MEMORY_COPY","MEMORY_COPY_HOST_TO_DEVICE",1,"Agent 0","Agent 1",985662,14740101133213,14740101144013
"MEMORY_COPY","MEMORY_COPY_DEVICE_TO_HOST",4,"Agent 1","Agent 0",985670,14740166818246,14740166863727
"MEMORY_COPY","MEMORY_COPY_HOST_TO_DEVICE",1,"Agent 0","Agent 1",985681,14740167562873,14740167568153
"MEMORY_COPY","MEMORY_COPY_HOST_TO_DEVICE",1,"Agent 0","Agent 1",985696,14740167664594,14740167683074
"MEMORY_COPY","MEMORY_COPY_HOST_TO_DEVICE",1,"Agent 0","Agent 1",985712,14740167777175,14740167788215
"MEMORY_COPY","MEMORY_COPY_DEVICE_TO_HOST",4,"Agent 1","Agent 0",985720,14740233422369,14740233467850
"MEMORY_COPY","MEMORY_COPY_HOST_TO_DEVICE",1,"Agent 0","Agent 1",985731,14740234148586,14740234153946
"MEMORY_COPY","MEMORY_COPY_HOST_TO_DEVICE",1,"Agent 0","Agent 1",985746,14740234278707,14740234297028
"MEMORY_COPY","MEMORY_COPY_HOST_TO_DEVICE",1,"Agent 0","Agent 1",985762,14740234392708,14740234403829
"MEMORY_COPY","MEMORY_COPY_DEVICE_TO_HOST",4,"Agent 1","Agent 0",985770,14740299986732,14740300032213
"MEMORY_COPY","MEMORY_COPY_HOST_TO_DEVICE",1,"Agent 0","Agent 1",985781,14740300721749,14740300726989
"MEMORY_COPY","MEMORY_COPY_HOST_TO_DEVICE",1,"Agent 0","Agent 1",985796,14740300816430,14740300834910
"MEMORY_COPY","MEMORY_COPY_HOST_TO_DEVICE",1,"Agent 0","Agent 1",985812,14740300931411,14740300942411
"MEMORY_COPY","MEMORY_COPY_DEVICE_TO_HOST",4,"Agent 1","Agent 0",985820,14740366578368,14740366628168
"MEMORY_COPY","MEMORY_COPY_HOST_TO_DEVICE",1,"Agent 0","Agent 1",985831,14740367509607,14740367515047
"MEMORY_COPY","MEMORY_COPY_HOST_TO_DEVICE",1,"Agent 0","Agent 1",985846,14740367602777,14740367620978
"MEMORY_COPY","MEMORY_COPY_HOST_TO_DEVICE",1,"Agent 0","Agent 1",985862,14740367731049,14740367741929
"MEMORY_COPY","MEMORY_COPY_DEVICE_TO_HOST",4,"Agent 1","Agent 0",985870,14740433412545,14740433462785
"MEMORY_COPY","MEMORY_COPY_HOST_TO_DEVICE",1,"Agent 0","Agent 1",985881,14740434282053,14740434287253
"MEMORY_COPY","MEMORY_COPY_HOST_TO_DEVICE",1,"Agent 0","Agent 1",985896,14740434372804,14740434391124
"MEMORY_COPY","MEMORY_COPY_HOST_TO_DEVICE",1,"Agent 0","Agent 1",985912,14740434487515,14740434498395
"MEMORY_COPY","MEMORY_COPY_DEVICE_TO_HOST",4,"Agent 1","Agent 0",985920,14740500166791,14740500211591
"MEMORY_COPY","MEMORY_COPY_HOST_TO_DEVICE",1,"Agent 0","Agent 1",985931,14740500890037,14740500895518
"MEMORY_COPY","MEMORY_COPY_HOST_TO_DEVICE",1,"Agent 0","Agent 1",985946,14740500981318,14740500999478
"MEMORY_COPY","MEMORY_COPY_HOST_TO_DEVICE",1,"Agent 0","Agent 1",985962,14740501169530,14740501180530
"MEMORY_COPY","MEMORY_COPY_DEVICE_TO_HOST",4,"Agent 1","Agent 0",985970,14740566843034,14740566888954
"MEMORY_COPY","MEMORY_COPY_HOST_TO_DEVICE",1,"Agent 0","Agent 1",985981,14740567608651,14740567614051
"MEMORY_COPY","MEMORY_COPY_HOST_TO_DEVICE",1,"Agent 0","Agent 1",985996,14740567700102,14740567718422
"MEMORY_COPY","MEMORY_COPY_HOST_TO_DEVICE",1,"Agent 0","Agent 1",986012,14740567824613,14740567835413
"MEMORY_COPY","MEMORY_COPY_DEVICE_TO_HOST",4,"Agent 1","Agent 0",986020,14740633475313,14740633524714
"MEMORY_COPY","MEMORY_COPY_HOST_TO_DEVICE",1,"Agent 0","Agent 1",986031,14740634336071,14740634341311
"MEMORY_COPY","MEMORY_COPY_HOST_TO_DEVICE",1,"Agent 0","Agent 1",986046,14740634426482,14740634445002
"MEMORY_COPY","MEMORY_COPY_HOST_TO_DEVICE",1,"Agent 0","Agent 1",986062,14740634541693,14740634552813
"MEMORY_COPY","MEMORY_COPY_DEVICE_TO_HOST",4,"Agent 1","Agent 0",986070,14740700273759,14740700322359
"MEMORY_COPY","MEMORY_COPY_HOST_TO_DEVICE",1,"Agent 0","Agent 1",986081,14740701128777,14740701133977
"MEMORY_COPY","MEMORY_COPY_HOST_TO_DEVICE",1,"Agent 0","Agent 1",986096,14740701219258,14740701237578
"MEMORY_COPY","MEMORY_COPY_HOST_TO_DEVICE",1,"Agent 0","Agent 1",986112,14740701340829,14740701351749
"MEMORY_COPY","MEMORY_COPY_DEVICE_TO_HOST",4,"Agent 1","Agent 0",986120,14740766952281,14740767007121
"MEMORY_COPY","MEMORY_COPY_HOST_TO_DEVICE",1,"Agent 0","Agent 1",986131,14740767716768,14740767722128
"MEMORY_COPY","MEMORY_COPY_HOST_TO_DEVICE",1,"Agent 0","Agent 1",986146,14740767806509,14740767824829
"MEMORY_COPY","MEMORY_COPY_HOST_TO_DEVICE",1,"Agent 0","Agent 1",986162,14740767921860,14740767932820
"MEMORY_COPY","MEMORY_COPY_DEVICE_TO_HOST",4,"Agent 1","Agent 0",986170,14740833556836,14740833617236
"MEMORY_COPY","MEMORY_COPY_HOST_TO_DEVICE",1,"Agent 0","Agent 1",986181,14740834402643,14740834407964
"MEMORY_COPY","MEMORY_COPY_HOST_TO_DEVICE",1,"Agent 0","Agent 1",986196,14740834493994,14740834512194
"MEMORY_COPY","MEMORY_COPY_HOST_TO_DEVICE",1,"Agent 0","Agent 1",986212,14740834632506,14740834643746
"MEMORY_COPY","MEMORY_COPY_DEVICE_TO_HOST",4,"Agent 1","Agent 0",986220,14740900276790,14740900323150
"MEMORY_COPY","MEMORY_COPY_HOST_TO_DEVICE",1,"Agent 0","Agent 1",986231,14740901066397,14740901071597
"MEMORY_COPY","MEMORY_COPY_HOST_TO_DEVICE",1,"Agent 0","Agent 1",986246,14740901158108,14740901176548
"MEMORY_COPY","MEMORY_COPY_HOST_TO_DEVICE",1,"Agent 0","Agent 1",986262,14740901273759,14740901284679
"MEMORY_COPY","MEMORY_COPY_DEVICE_TO_HOST",4,"Agent 1","Agent 0",986270,14740966860029,14740966910069
"MEMORY_COPY","MEMORY_COPY_HOST_TO_DEVICE",1,"Agent 0","Agent 1",986281,14740967700697,14740967705977
"MEMORY_COPY","MEMORY_COPY_HOST_TO_DEVICE",1,"Agent 0","Agent 1",986296,14740967788288,14740967806728
"MEMORY_COPY","MEMORY_COPY_HOST_TO_DEVICE",1,"Agent 0","Agent 1",986312,14740967994389,14740968005870
"MEMORY_COPY","MEMORY_COPY_DEVICE_TO_HOST",4,"Agent 1","Agent 0",986320,14741033557726,14741033606007
"MEMORY_COPY","MEMORY_COPY_HOST_TO_DEVICE",1,"Agent 0","Agent 1",986331,14741034339454,14741034344734
"MEMORY_COPY","MEMORY_COPY_HOST_TO_DEVICE",1,"Agent 0","Agent 1",986346,14741034430744,14741034448825
"MEMORY_COPY","MEMORY_COPY_HOST_TO_DEVICE",1,"Agent 0","Agent 1",986362,14741034544935,14741034555776
"MEMORY_COPY","MEMORY_COPY_DEVICE_TO_HOST",4,"Agent 1","Agent 0",986370,14741100140310,14741100186750
"MEMORY_COPY","MEMORY_COPY_HOST_TO_DEVICE",1,"Agent 0","Agent 1",986381,14741100908477,14741100914037
"MEMORY_COPY","MEMORY_COPY_HOST_TO_DEVICE",1,"Agent 0","Agent 1",986396,14741101001738,14741101020218
"MEMORY_COPY","MEMORY_COPY_HOST_TO_DEVICE",1,"Agent 0","Agent 1",986412,14741101130309,14741101141349
"MEMORY_COPY","MEMORY_COPY_DEVICE_TO_HOST",4,"Agent 1","Agent 0",986420,14741166712664,14741166758744
"MEMORY_COPY","MEMORY_COPY_HOST_TO_DEVICE",1,"Agent 0","Agent 1",986431,14741167432430,14741167437630
"MEMORY_COPY","MEMORY_COPY_HOST_TO_DEVICE",1,"Agent 0","Agent 1",986446,14741167522381,14741167540421
"MEMORY_COPY","MEMORY_COPY_HOST_TO_DEVICE",1,"Agent 0","Agent 1",986462,14741167637282,14741167648362
"MEMORY_COPY","MEMORY_COPY_DEVICE_TO_HOST",4,"Agent 1","Agent 0",986470,14741233266487,14741233316448
"MEMORY_COPY","MEMORY_COPY_HOST_TO_DEVICE",1,"Agent 0","Agent 1",986481,14741234078865,14741234084185
"MEMORY_COPY","MEMORY_COPY_HOST_TO_DEVICE",1,"Agent 0","Agent 1",986496,14741234177166,14741234195686
"MEMORY_COPY","MEMORY_COPY_HOST_TO_DEVICE",1,"Agent 0","Agent 1",986512,14741234291987,14741234302987
"MEMORY_COPY","MEMORY_COPY_DEVICE_TO_HOST",4,"Agent 1","Agent 0",986520,14741299893547,14741299944108
"MEMORY_COPY","MEMORY_COPY_HOST_TO_DEVICE",1,"Agent 0","Agent 1",986531,14741300617164,14741300622484
"MEMORY_COPY","MEMORY_COPY_HOST_TO_DEVICE",1,"Agent 0","Agent 1",986546,14741300708725,14741300727005
"MEMORY_COPY","MEMORY_COPY_HOST_TO_DEVICE",1,"Agent 0","Agent 1",986562,14741300824306,14741300835306
"MEMORY_COPY","MEMORY_COPY_DEVICE_TO_HOST",4,"Agent 1","Agent 0",986570,14741366434785,14741366491145
"MEMORY_COPY","MEMORY_COPY_HOST_TO_DEVICE",1,"Agent 0","Agent 1",986581,14741367206032,14741367211272
"MEMORY_COPY","MEMORY_COPY_HOST_TO_DEVICE",1,"Agent 0","Agent 1",986596,14741367296843,14741367315123
"MEMORY_COPY","MEMORY_COPY_HOST_TO_DEVICE",1,"Agent 0","Agent 1",986612,14741367411924,14741367422724
"MEMORY_COPY","MEMORY_COPY_DEVICE_TO_HOST",4,"Agent 1","Agent 0",986620,14741433109181,14741433154141
"MEMORY_COPY","MEMORY_COPY_HOST_TO_DEVICE",1,"Agent 0","Agent 1",986631,14741433843868,14741433849068
"MEMORY_COPY","MEMORY_COPY_HOST_TO_DEVICE",1,"Agent 0","Agent 1",986646,14741433935399,14741433953679
"MEMORY_COPY","MEMORY_COPY_HOST_TO_DEVICE",1,"Agent 0","Agent 1",986662,14741434151241,14741434162041
"MEMORY_COPY","MEMORY_COPY_DEVICE_TO_HOST",4,"Agent 1","Agent 0",986670,14741499832855,14741499879176
